[0.126s] DEBUG:colcon:Command line arguments: ['/usr/bin/colcon', 'build']
[0.126s] DEBUG:colcon:Parsed command line arguments: Namespace(log_base=None, log_level=None, verb_name='build', build_base='build', install_base='install', merge_install=False, symlink_install=False, test_result_base=None, continue_on_error=False, executor='parallel', parallel_workers=12, event_handlers=None, ignore_user_meta=False, metas=['./colcon.meta'], base_paths=['.'], packages_ignore=None, packages_ignore_regex=None, paths=None, packages_up_to=None, packages_up_to_regex=None, packages_above=None, packages_above_and_dependencies=None, packages_above_depth=None, packages_select_by_dep=None, packages_skip_by_dep=None, packages_skip_up_to=None, packages_select_build_failed=False, packages_skip_build_finished=False, packages_select_test_failures=False, packages_skip_test_passed=False, packages_select=None, packages_skip=None, packages_select_regex=None, packages_skip_regex=None, packages_start=None, packages_end=None, allow_overriding=[], cmake_args=None, cmake_target=None, cmake_target_skip_unavailable=False, cmake_clean_cache=False, cmake_clean_first=False, cmake_force_configure=False, ament_cmake_args=None, catkin_cmake_args=None, catkin_skip_building_tests=False, mixin_files=None, mixin=None, verb_parser=<colcon_mixin.mixin.mixin_argument.MixinArgumentDecorator object at 0x744809fa2210>, verb_extension=<colcon_core.verb.build.BuildVerb object at 0x744809fa1eb0>, main=<bound method BuildVerb.main of <colcon_core.verb.build.BuildVerb object at 0x744809fa1eb0>>, mixin_verb=('build',))
[0.174s] Level 1:colcon.colcon_core.package_discovery:discover_packages(colcon_meta) check parameters
[0.174s] Level 1:colcon.colcon_core.package_discovery:discover_packages(recursive) check parameters
[0.174s] Level 1:colcon.colcon_core.package_discovery:discover_packages(ignore) check parameters
[0.174s] Level 1:colcon.colcon_core.package_discovery:discover_packages(path) check parameters
[0.174s] Level 1:colcon.colcon_core.package_discovery:discover_packages(colcon_meta) discover
[0.174s] Level 1:colcon.colcon_core.package_discovery:discover_packages(recursive) discover
[0.174s] INFO:colcon.colcon_core.package_discovery:Crawling recursively for packages in '/home/student36/RoboticsDesignProject/Git-repos/LeoRover-Team7/elephant_arm_ws'
[0.174s] Level 1:colcon.colcon_core.package_identification:_identify(.) by extensions ['ignore', 'ignore_ament_install']
[0.175s] Level 1:colcon.colcon_core.package_identification:_identify(.) by extension 'ignore'
[0.175s] Level 1:colcon.colcon_core.package_identification:_identify(.) by extension 'ignore_ament_install'
[0.175s] Level 1:colcon.colcon_core.package_identification:_identify(.) by extensions ['colcon_pkg']
[0.175s] Level 1:colcon.colcon_core.package_identification:_identify(.) by extension 'colcon_pkg'
[0.175s] Level 1:colcon.colcon_core.package_identification:_identify(.) by extensions ['colcon_meta']
[0.175s] Level 1:colcon.colcon_core.package_identification:_identify(.) by extension 'colcon_meta'
[0.175s] Level 1:colcon.colcon_core.package_identification:_identify(.) by extensions ['ros']
[0.175s] Level 1:colcon.colcon_core.package_identification:_identify(.) by extension 'ros'
[0.209s] Level 1:colcon.colcon_core.package_identification:_identify(.) by extensions ['cmake', 'python']
[0.209s] Level 1:colcon.colcon_core.package_identification:_identify(.) by extension 'cmake'
[0.209s] Level 1:colcon.colcon_core.package_identification:_identify(.) by extension 'python'
[0.209s] Level 1:colcon.colcon_core.package_identification:_identify(.) by extensions ['python_setup_py']
[0.209s] Level 1:colcon.colcon_core.package_identification:_identify(.) by extension 'python_setup_py'
[0.209s] Level 1:colcon.colcon_core.package_identification:_identify(build) by extensions ['ignore', 'ignore_ament_install']
[0.209s] Level 1:colcon.colcon_core.package_identification:_identify(build) by extension 'ignore'
[0.209s] Level 1:colcon.colcon_core.package_identification:_identify(build) ignored
[0.209s] Level 1:colcon.colcon_core.package_identification:_identify(install) by extensions ['ignore', 'ignore_ament_install']
[0.210s] Level 1:colcon.colcon_core.package_identification:_identify(install) by extension 'ignore'
[0.210s] Level 1:colcon.colcon_core.package_identification:_identify(install) ignored
[0.210s] Level 1:colcon.colcon_core.package_identification:_identify(log) by extensions ['ignore', 'ignore_ament_install']
[0.210s] Level 1:colcon.colcon_core.package_identification:_identify(log) by extension 'ignore'
[0.210s] Level 1:colcon.colcon_core.package_identification:_identify(log) ignored
[0.210s] Level 1:colcon.colcon_core.package_identification:_identify(src) by extensions ['ignore', 'ignore_ament_install']
[0.210s] Level 1:colcon.colcon_core.package_identification:_identify(src) by extension 'ignore'
[0.210s] Level 1:colcon.colcon_core.package_identification:_identify(src) by extension 'ignore_ament_install'
[0.210s] Level 1:colcon.colcon_core.package_identification:_identify(src) by extensions ['colcon_pkg']
[0.210s] Level 1:colcon.colcon_core.package_identification:_identify(src) by extension 'colcon_pkg'
[0.210s] Level 1:colcon.colcon_core.package_identification:_identify(src) by extensions ['colcon_meta']
[0.210s] Level 1:colcon.colcon_core.package_identification:_identify(src) by extension 'colcon_meta'
[0.210s] Level 1:colcon.colcon_core.package_identification:_identify(src) by extensions ['ros']
[0.210s] Level 1:colcon.colcon_core.package_identification:_identify(src) by extension 'ros'
[0.210s] Level 1:colcon.colcon_core.package_identification:_identify(src) by extensions ['cmake', 'python']
[0.210s] Level 1:colcon.colcon_core.package_identification:_identify(src) by extension 'cmake'
[0.210s] Level 1:colcon.colcon_core.package_identification:_identify(src) by extension 'python'
[0.210s] Level 1:colcon.colcon_core.package_identification:_identify(src) by extensions ['python_setup_py']
[0.210s] Level 1:colcon.colcon_core.package_identification:_identify(src) by extension 'python_setup_py'
[0.210s] Level 1:colcon.colcon_core.package_identification:_identify(src/build) by extensions ['ignore', 'ignore_ament_install']
[0.210s] Level 1:colcon.colcon_core.package_identification:_identify(src/build) by extension 'ignore'
[0.210s] Level 1:colcon.colcon_core.package_identification:_identify(src/build) ignored
[0.210s] Level 1:colcon.colcon_core.package_identification:_identify(src/hello_moveit) by extensions ['ignore', 'ignore_ament_install']
[0.210s] Level 1:colcon.colcon_core.package_identification:_identify(src/hello_moveit) by extension 'ignore'
[0.210s] Level 1:colcon.colcon_core.package_identification:_identify(src/hello_moveit) by extension 'ignore_ament_install'
[0.211s] Level 1:colcon.colcon_core.package_identification:_identify(src/hello_moveit) by extensions ['colcon_pkg']
[0.211s] Level 1:colcon.colcon_core.package_identification:_identify(src/hello_moveit) by extension 'colcon_pkg'
[0.211s] Level 1:colcon.colcon_core.package_identification:_identify(src/hello_moveit) by extensions ['colcon_meta']
[0.211s] Level 1:colcon.colcon_core.package_identification:_identify(src/hello_moveit) by extension 'colcon_meta'
[0.211s] Level 1:colcon.colcon_core.package_identification:_identify(src/hello_moveit) by extensions ['ros']
[0.211s] Level 1:colcon.colcon_core.package_identification:_identify(src/hello_moveit) by extension 'ros'
[0.214s] DEBUG:colcon.colcon_core.package_identification:Package 'src/hello_moveit' with type 'ros.ament_cmake' and name 'hello_moveit'
[0.214s] Level 1:colcon.colcon_core.package_identification:_identify(src/install) by extensions ['ignore', 'ignore_ament_install']
[0.214s] Level 1:colcon.colcon_core.package_identification:_identify(src/install) by extension 'ignore'
[0.214s] Level 1:colcon.colcon_core.package_identification:_identify(src/install) ignored
[0.214s] Level 1:colcon.colcon_core.package_identification:_identify(src/log) by extensions ['ignore', 'ignore_ament_install']
[0.214s] Level 1:colcon.colcon_core.package_identification:_identify(src/log) by extension 'ignore'
[0.214s] Level 1:colcon.colcon_core.package_identification:_identify(src/log) ignored
[0.215s] Level 1:colcon.colcon_core.package_identification:_identify(src/moveit_task_constructor) by extensions ['ignore', 'ignore_ament_install']
[0.215s] Level 1:colcon.colcon_core.package_identification:_identify(src/moveit_task_constructor) by extension 'ignore'
[0.215s] Level 1:colcon.colcon_core.package_identification:_identify(src/moveit_task_constructor) by extension 'ignore_ament_install'
[0.215s] Level 1:colcon.colcon_core.package_identification:_identify(src/moveit_task_constructor) by extensions ['colcon_pkg']
[0.215s] Level 1:colcon.colcon_core.package_identification:_identify(src/moveit_task_constructor) by extension 'colcon_pkg'
[0.215s] Level 1:colcon.colcon_core.package_identification:_identify(src/moveit_task_constructor) by extensions ['colcon_meta']
[0.215s] Level 1:colcon.colcon_core.package_identification:_identify(src/moveit_task_constructor) by extension 'colcon_meta'
[0.215s] Level 1:colcon.colcon_core.package_identification:_identify(src/moveit_task_constructor) by extensions ['ros']
[0.215s] Level 1:colcon.colcon_core.package_identification:_identify(src/moveit_task_constructor) by extension 'ros'
[0.215s] Level 1:colcon.colcon_core.package_identification:_identify(src/moveit_task_constructor) by extensions ['cmake', 'python']
[0.215s] Level 1:colcon.colcon_core.package_identification:_identify(src/moveit_task_constructor) by extension 'cmake'
[0.215s] Level 1:colcon.colcon_core.package_identification:_identify(src/moveit_task_constructor) by extension 'python'
[0.215s] Level 1:colcon.colcon_core.package_identification:_identify(src/moveit_task_constructor) by extensions ['python_setup_py']
[0.215s] Level 1:colcon.colcon_core.package_identification:_identify(src/moveit_task_constructor) by extension 'python_setup_py'
[0.215s] Level 1:colcon.colcon_core.package_identification:_identify(src/moveit_task_constructor/capabilities) by extensions ['ignore', 'ignore_ament_install']
[0.215s] Level 1:colcon.colcon_core.package_identification:_identify(src/moveit_task_constructor/capabilities) by extension 'ignore'
[0.215s] Level 1:colcon.colcon_core.package_identification:_identify(src/moveit_task_constructor/capabilities) by extension 'ignore_ament_install'
[0.215s] Level 1:colcon.colcon_core.package_identification:_identify(src/moveit_task_constructor/capabilities) by extensions ['colcon_pkg']
[0.215s] Level 1:colcon.colcon_core.package_identification:_identify(src/moveit_task_constructor/capabilities) by extension 'colcon_pkg'
[0.215s] Level 1:colcon.colcon_core.package_identification:_identify(src/moveit_task_constructor/capabilities) by extensions ['colcon_meta']
[0.215s] Level 1:colcon.colcon_core.package_identification:_identify(src/moveit_task_constructor/capabilities) by extension 'colcon_meta'
[0.216s] Level 1:colcon.colcon_core.package_identification:_identify(src/moveit_task_constructor/capabilities) by extensions ['ros']
[0.216s] Level 1:colcon.colcon_core.package_identification:_identify(src/moveit_task_constructor/capabilities) by extension 'ros'
[0.217s] DEBUG:colcon.colcon_core.package_identification:Package 'src/moveit_task_constructor/capabilities' with type 'ros.ament_cmake' and name 'moveit_task_constructor_capabilities'
[0.217s] Level 1:colcon.colcon_core.package_identification:_identify(src/moveit_task_constructor/core) by extensions ['ignore', 'ignore_ament_install']
[0.217s] Level 1:colcon.colcon_core.package_identification:_identify(src/moveit_task_constructor/core) by extension 'ignore'
[0.217s] Level 1:colcon.colcon_core.package_identification:_identify(src/moveit_task_constructor/core) by extension 'ignore_ament_install'
[0.217s] Level 1:colcon.colcon_core.package_identification:_identify(src/moveit_task_constructor/core) by extensions ['colcon_pkg']
[0.217s] Level 1:colcon.colcon_core.package_identification:_identify(src/moveit_task_constructor/core) by extension 'colcon_pkg'
[0.217s] Level 1:colcon.colcon_core.package_identification:_identify(src/moveit_task_constructor/core) by extensions ['colcon_meta']
[0.217s] Level 1:colcon.colcon_core.package_identification:_identify(src/moveit_task_constructor/core) by extension 'colcon_meta'
[0.217s] Level 1:colcon.colcon_core.package_identification:_identify(src/moveit_task_constructor/core) by extensions ['ros']
[0.217s] Level 1:colcon.colcon_core.package_identification:_identify(src/moveit_task_constructor/core) by extension 'ros'
[0.218s] DEBUG:colcon.colcon_core.package_identification:Package 'src/moveit_task_constructor/core' with type 'ros.ament_cmake' and name 'moveit_task_constructor_core'
[0.219s] Level 1:colcon.colcon_core.package_identification:_identify(src/moveit_task_constructor/demo) by extensions ['ignore', 'ignore_ament_install']
[0.219s] Level 1:colcon.colcon_core.package_identification:_identify(src/moveit_task_constructor/demo) by extension 'ignore'
[0.219s] Level 1:colcon.colcon_core.package_identification:_identify(src/moveit_task_constructor/demo) by extension 'ignore_ament_install'
[0.219s] Level 1:colcon.colcon_core.package_identification:_identify(src/moveit_task_constructor/demo) by extensions ['colcon_pkg']
[0.219s] Level 1:colcon.colcon_core.package_identification:_identify(src/moveit_task_constructor/demo) by extension 'colcon_pkg'
[0.219s] Level 1:colcon.colcon_core.package_identification:_identify(src/moveit_task_constructor/demo) by extensions ['colcon_meta']
[0.219s] Level 1:colcon.colcon_core.package_identification:_identify(src/moveit_task_constructor/demo) by extension 'colcon_meta'
[0.219s] Level 1:colcon.colcon_core.package_identification:_identify(src/moveit_task_constructor/demo) by extensions ['ros']
[0.219s] Level 1:colcon.colcon_core.package_identification:_identify(src/moveit_task_constructor/demo) by extension 'ros'
[0.220s] DEBUG:colcon.colcon_core.package_identification:Package 'src/moveit_task_constructor/demo' with type 'ros.ament_cmake' and name 'moveit_task_constructor_demo'
[0.220s] Level 1:colcon.colcon_core.package_identification:_identify(src/moveit_task_constructor/msgs) by extensions ['ignore', 'ignore_ament_install']
[0.220s] Level 1:colcon.colcon_core.package_identification:_identify(src/moveit_task_constructor/msgs) by extension 'ignore'
[0.220s] Level 1:colcon.colcon_core.package_identification:_identify(src/moveit_task_constructor/msgs) by extension 'ignore_ament_install'
[0.220s] Level 1:colcon.colcon_core.package_identification:_identify(src/moveit_task_constructor/msgs) by extensions ['colcon_pkg']
[0.220s] Level 1:colcon.colcon_core.package_identification:_identify(src/moveit_task_constructor/msgs) by extension 'colcon_pkg'
[0.220s] Level 1:colcon.colcon_core.package_identification:_identify(src/moveit_task_constructor/msgs) by extensions ['colcon_meta']
[0.220s] Level 1:colcon.colcon_core.package_identification:_identify(src/moveit_task_constructor/msgs) by extension 'colcon_meta'
[0.220s] Level 1:colcon.colcon_core.package_identification:_identify(src/moveit_task_constructor/msgs) by extensions ['ros']
[0.220s] Level 1:colcon.colcon_core.package_identification:_identify(src/moveit_task_constructor/msgs) by extension 'ros'
[0.221s] DEBUG:colcon.colcon_core.package_identification:Package 'src/moveit_task_constructor/msgs' with type 'ros.ament_cmake' and name 'moveit_task_constructor_msgs'
[0.221s] Level 1:colcon.colcon_core.package_identification:_identify(src/moveit_task_constructor/rviz_marker_tools) by extensions ['ignore', 'ignore_ament_install']
[0.221s] Level 1:colcon.colcon_core.package_identification:_identify(src/moveit_task_constructor/rviz_marker_tools) by extension 'ignore'
[0.221s] Level 1:colcon.colcon_core.package_identification:_identify(src/moveit_task_constructor/rviz_marker_tools) by extension 'ignore_ament_install'
[0.221s] Level 1:colcon.colcon_core.package_identification:_identify(src/moveit_task_constructor/rviz_marker_tools) by extensions ['colcon_pkg']
[0.221s] Level 1:colcon.colcon_core.package_identification:_identify(src/moveit_task_constructor/rviz_marker_tools) by extension 'colcon_pkg'
[0.221s] Level 1:colcon.colcon_core.package_identification:_identify(src/moveit_task_constructor/rviz_marker_tools) by extensions ['colcon_meta']
[0.221s] Level 1:colcon.colcon_core.package_identification:_identify(src/moveit_task_constructor/rviz_marker_tools) by extension 'colcon_meta'
[0.221s] Level 1:colcon.colcon_core.package_identification:_identify(src/moveit_task_constructor/rviz_marker_tools) by extensions ['ros']
[0.221s] Level 1:colcon.colcon_core.package_identification:_identify(src/moveit_task_constructor/rviz_marker_tools) by extension 'ros'
[0.222s] DEBUG:colcon.colcon_core.package_identification:Package 'src/moveit_task_constructor/rviz_marker_tools' with type 'ros.ament_cmake' and name 'rviz_marker_tools'
[0.222s] Level 1:colcon.colcon_core.package_identification:_identify(src/moveit_task_constructor/visualization) by extensions ['ignore', 'ignore_ament_install']
[0.222s] Level 1:colcon.colcon_core.package_identification:_identify(src/moveit_task_constructor/visualization) by extension 'ignore'
[0.222s] Level 1:colcon.colcon_core.package_identification:_identify(src/moveit_task_constructor/visualization) by extension 'ignore_ament_install'
[0.222s] Level 1:colcon.colcon_core.package_identification:_identify(src/moveit_task_constructor/visualization) by extensions ['colcon_pkg']
[0.222s] Level 1:colcon.colcon_core.package_identification:_identify(src/moveit_task_constructor/visualization) by extension 'colcon_pkg'
[0.222s] Level 1:colcon.colcon_core.package_identification:_identify(src/moveit_task_constructor/visualization) by extensions ['colcon_meta']
[0.222s] Level 1:colcon.colcon_core.package_identification:_identify(src/moveit_task_constructor/visualization) by extension 'colcon_meta'
[0.222s] Level 1:colcon.colcon_core.package_identification:_identify(src/moveit_task_constructor/visualization) by extensions ['ros']
[0.222s] Level 1:colcon.colcon_core.package_identification:_identify(src/moveit_task_constructor/visualization) by extension 'ros'
[0.223s] DEBUG:colcon.colcon_core.package_identification:Package 'src/moveit_task_constructor/visualization' with type 'ros.ament_cmake' and name 'moveit_task_constructor_visualization'
[0.223s] Level 1:colcon.colcon_core.package_identification:_identify(src/mtc_tutorial) by extensions ['ignore', 'ignore_ament_install']
[0.223s] Level 1:colcon.colcon_core.package_identification:_identify(src/mtc_tutorial) by extension 'ignore'
[0.223s] Level 1:colcon.colcon_core.package_identification:_identify(src/mtc_tutorial) by extension 'ignore_ament_install'
[0.223s] Level 1:colcon.colcon_core.package_identification:_identify(src/mtc_tutorial) by extensions ['colcon_pkg']
[0.223s] Level 1:colcon.colcon_core.package_identification:_identify(src/mtc_tutorial) by extension 'colcon_pkg'
[0.223s] Level 1:colcon.colcon_core.package_identification:_identify(src/mtc_tutorial) by extensions ['colcon_meta']
[0.223s] Level 1:colcon.colcon_core.package_identification:_identify(src/mtc_tutorial) by extension 'colcon_meta'
[0.223s] Level 1:colcon.colcon_core.package_identification:_identify(src/mtc_tutorial) by extensions ['ros']
[0.223s] Level 1:colcon.colcon_core.package_identification:_identify(src/mtc_tutorial) by extension 'ros'
[0.224s] DEBUG:colcon.colcon_core.package_identification:Package 'src/mtc_tutorial' with type 'ros.ament_cmake' and name 'mtc_tutorial'
[0.224s] Level 1:colcon.colcon_core.package_identification:_identify(src/mycobot_ros2) by extensions ['ignore', 'ignore_ament_install']
[0.224s] Level 1:colcon.colcon_core.package_identification:_identify(src/mycobot_ros2) by extension 'ignore'
[0.224s] Level 1:colcon.colcon_core.package_identification:_identify(src/mycobot_ros2) by extension 'ignore_ament_install'
[0.224s] Level 1:colcon.colcon_core.package_identification:_identify(src/mycobot_ros2) by extensions ['colcon_pkg']
[0.224s] Level 1:colcon.colcon_core.package_identification:_identify(src/mycobot_ros2) by extension 'colcon_pkg'
[0.224s] Level 1:colcon.colcon_core.package_identification:_identify(src/mycobot_ros2) by extensions ['colcon_meta']
[0.224s] Level 1:colcon.colcon_core.package_identification:_identify(src/mycobot_ros2) by extension 'colcon_meta'
[0.224s] Level 1:colcon.colcon_core.package_identification:_identify(src/mycobot_ros2) by extensions ['ros']
[0.224s] Level 1:colcon.colcon_core.package_identification:_identify(src/mycobot_ros2) by extension 'ros'
[0.224s] Level 1:colcon.colcon_core.package_identification:_identify(src/mycobot_ros2) by extensions ['cmake', 'python']
[0.224s] Level 1:colcon.colcon_core.package_identification:_identify(src/mycobot_ros2) by extension 'cmake'
[0.224s] Level 1:colcon.colcon_core.package_identification:_identify(src/mycobot_ros2) by extension 'python'
[0.224s] Level 1:colcon.colcon_core.package_identification:_identify(src/mycobot_ros2) by extensions ['python_setup_py']
[0.224s] Level 1:colcon.colcon_core.package_identification:_identify(src/mycobot_ros2) by extension 'python_setup_py'
[0.224s] Level 1:colcon.colcon_core.package_identification:_identify(src/mycobot_ros2/mycobot_bringup) by extensions ['ignore', 'ignore_ament_install']
[0.224s] Level 1:colcon.colcon_core.package_identification:_identify(src/mycobot_ros2/mycobot_bringup) by extension 'ignore'
[0.224s] Level 1:colcon.colcon_core.package_identification:_identify(src/mycobot_ros2/mycobot_bringup) by extension 'ignore_ament_install'
[0.224s] Level 1:colcon.colcon_core.package_identification:_identify(src/mycobot_ros2/mycobot_bringup) by extensions ['colcon_pkg']
[0.224s] Level 1:colcon.colcon_core.package_identification:_identify(src/mycobot_ros2/mycobot_bringup) by extension 'colcon_pkg'
[0.224s] Level 1:colcon.colcon_core.package_identification:_identify(src/mycobot_ros2/mycobot_bringup) by extensions ['colcon_meta']
[0.224s] Level 1:colcon.colcon_core.package_identification:_identify(src/mycobot_ros2/mycobot_bringup) by extension 'colcon_meta'
[0.224s] Level 1:colcon.colcon_core.package_identification:_identify(src/mycobot_ros2/mycobot_bringup) by extensions ['ros']
[0.224s] Level 1:colcon.colcon_core.package_identification:_identify(src/mycobot_ros2/mycobot_bringup) by extension 'ros'
[0.225s] DEBUG:colcon.colcon_core.package_identification:Package 'src/mycobot_ros2/mycobot_bringup' with type 'ros.ament_cmake' and name 'mycobot_bringup'
[0.225s] Level 1:colcon.colcon_core.package_identification:_identify(src/mycobot_ros2/mycobot_description) by extensions ['ignore', 'ignore_ament_install']
[0.225s] Level 1:colcon.colcon_core.package_identification:_identify(src/mycobot_ros2/mycobot_description) by extension 'ignore'
[0.225s] Level 1:colcon.colcon_core.package_identification:_identify(src/mycobot_ros2/mycobot_description) by extension 'ignore_ament_install'
[0.225s] Level 1:colcon.colcon_core.package_identification:_identify(src/mycobot_ros2/mycobot_description) by extensions ['colcon_pkg']
[0.225s] Level 1:colcon.colcon_core.package_identification:_identify(src/mycobot_ros2/mycobot_description) by extension 'colcon_pkg'
[0.225s] Level 1:colcon.colcon_core.package_identification:_identify(src/mycobot_ros2/mycobot_description) by extensions ['colcon_meta']
[0.225s] Level 1:colcon.colcon_core.package_identification:_identify(src/mycobot_ros2/mycobot_description) by extension 'colcon_meta'
[0.225s] Level 1:colcon.colcon_core.package_identification:_identify(src/mycobot_ros2/mycobot_description) by extensions ['ros']
[0.225s] Level 1:colcon.colcon_core.package_identification:_identify(src/mycobot_ros2/mycobot_description) by extension 'ros'
[0.225s] DEBUG:colcon.colcon_core.package_identification:Package 'src/mycobot_ros2/mycobot_description' with type 'ros.ament_cmake' and name 'mycobot_description'
[0.226s] Level 1:colcon.colcon_core.package_identification:_identify(src/mycobot_ros2/mycobot_gazebo) by extensions ['ignore', 'ignore_ament_install']
[0.226s] Level 1:colcon.colcon_core.package_identification:_identify(src/mycobot_ros2/mycobot_gazebo) by extension 'ignore'
[0.226s] Level 1:colcon.colcon_core.package_identification:_identify(src/mycobot_ros2/mycobot_gazebo) by extension 'ignore_ament_install'
[0.226s] Level 1:colcon.colcon_core.package_identification:_identify(src/mycobot_ros2/mycobot_gazebo) by extensions ['colcon_pkg']
[0.226s] Level 1:colcon.colcon_core.package_identification:_identify(src/mycobot_ros2/mycobot_gazebo) by extension 'colcon_pkg'
[0.226s] Level 1:colcon.colcon_core.package_identification:_identify(src/mycobot_ros2/mycobot_gazebo) by extensions ['colcon_meta']
[0.226s] Level 1:colcon.colcon_core.package_identification:_identify(src/mycobot_ros2/mycobot_gazebo) by extension 'colcon_meta'
[0.226s] Level 1:colcon.colcon_core.package_identification:_identify(src/mycobot_ros2/mycobot_gazebo) by extensions ['ros']
[0.226s] Level 1:colcon.colcon_core.package_identification:_identify(src/mycobot_ros2/mycobot_gazebo) by extension 'ros'
[0.227s] DEBUG:colcon.colcon_core.package_identification:Package 'src/mycobot_ros2/mycobot_gazebo' with type 'ros.ament_cmake' and name 'mycobot_gazebo'
[0.227s] Level 1:colcon.colcon_core.package_identification:_identify(src/mycobot_ros2/mycobot_moveit_config) by extensions ['ignore', 'ignore_ament_install']
[0.227s] Level 1:colcon.colcon_core.package_identification:_identify(src/mycobot_ros2/mycobot_moveit_config) by extension 'ignore'
[0.227s] Level 1:colcon.colcon_core.package_identification:_identify(src/mycobot_ros2/mycobot_moveit_config) by extension 'ignore_ament_install'
[0.227s] Level 1:colcon.colcon_core.package_identification:_identify(src/mycobot_ros2/mycobot_moveit_config) by extensions ['colcon_pkg']
[0.227s] Level 1:colcon.colcon_core.package_identification:_identify(src/mycobot_ros2/mycobot_moveit_config) by extension 'colcon_pkg'
[0.227s] Level 1:colcon.colcon_core.package_identification:_identify(src/mycobot_ros2/mycobot_moveit_config) by extensions ['colcon_meta']
[0.227s] Level 1:colcon.colcon_core.package_identification:_identify(src/mycobot_ros2/mycobot_moveit_config) by extension 'colcon_meta'
[0.227s] Level 1:colcon.colcon_core.package_identification:_identify(src/mycobot_ros2/mycobot_moveit_config) by extensions ['ros']
[0.227s] Level 1:colcon.colcon_core.package_identification:_identify(src/mycobot_ros2/mycobot_moveit_config) by extension 'ros'
[0.228s] DEBUG:colcon.colcon_core.package_identification:Package 'src/mycobot_ros2/mycobot_moveit_config' with type 'ros.ament_cmake' and name 'mycobot_moveit_config'
[0.228s] Level 1:colcon.colcon_core.package_identification:_identify(src/mycobot_ros2/mycobot_ros2) by extensions ['ignore', 'ignore_ament_install']
[0.228s] Level 1:colcon.colcon_core.package_identification:_identify(src/mycobot_ros2/mycobot_ros2) by extension 'ignore'
[0.228s] Level 1:colcon.colcon_core.package_identification:_identify(src/mycobot_ros2/mycobot_ros2) by extension 'ignore_ament_install'
[0.229s] Level 1:colcon.colcon_core.package_identification:_identify(src/mycobot_ros2/mycobot_ros2) by extensions ['colcon_pkg']
[0.229s] Level 1:colcon.colcon_core.package_identification:_identify(src/mycobot_ros2/mycobot_ros2) by extension 'colcon_pkg'
[0.229s] Level 1:colcon.colcon_core.package_identification:_identify(src/mycobot_ros2/mycobot_ros2) by extensions ['colcon_meta']
[0.229s] Level 1:colcon.colcon_core.package_identification:_identify(src/mycobot_ros2/mycobot_ros2) by extension 'colcon_meta'
[0.229s] Level 1:colcon.colcon_core.package_identification:_identify(src/mycobot_ros2/mycobot_ros2) by extensions ['ros']
[0.229s] Level 1:colcon.colcon_core.package_identification:_identify(src/mycobot_ros2/mycobot_ros2) by extension 'ros'
[0.229s] DEBUG:colcon.colcon_core.package_identification:Package 'src/mycobot_ros2/mycobot_ros2' with type 'ros.ament_cmake' and name 'mycobot_ros2'
[0.229s] Level 1:colcon.colcon_core.package_discovery:discover_packages(recursive) using defaults
[0.229s] Level 1:colcon.colcon_core.package_discovery:discover_packages(ignore) discover
[0.229s] Level 1:colcon.colcon_core.package_discovery:discover_packages(ignore) using defaults
[0.229s] Level 1:colcon.colcon_core.package_discovery:discover_packages(path) discover
[0.229s] Level 1:colcon.colcon_core.package_discovery:discover_packages(path) using defaults
[0.251s] Level 1:colcon.colcon_core.package_discovery:discover_packages(prefix_path) check parameters
[0.251s] Level 1:colcon.colcon_core.package_discovery:discover_packages(prefix_path) discover
[0.255s] DEBUG:colcon.colcon_installed_package_information.package_discovery:Found 13 installed packages in /home/student36/RoboticsDesignProject/Git-repos/LeoRover-Team7/elephant_arm_ws/install
[0.256s] DEBUG:colcon.colcon_installed_package_information.package_discovery:Found 14 installed packages in /home/student36/ros2_tutorial_workspace/install
[0.258s] DEBUG:colcon.colcon_installed_package_information.package_discovery:Found 76 installed packages in /home/student36/ws_moveit/install
[0.258s] DEBUG:colcon.colcon_installed_package_information.package_discovery:Found 1 installed packages in /home/student36/rplidar_ws/install
[0.259s] DEBUG:colcon.colcon_installed_package_information.package_discovery:Found 2 installed packages in /home/student36/elephant_arm_ws/install
[0.260s] DEBUG:colcon.colcon_installed_package_information.package_discovery:Found 460 installed packages in /opt/ros/jazzy
[0.262s] Level 1:colcon.colcon_core.package_discovery:discover_packages(prefix_path) using defaults
[0.338s] WARNING:colcon.colcon_core.package_selection:Some selected packages are already built in one or more underlay workspaces:
	'mycobot_description' is in: /home/student36/RoboticsDesignProject/Git-repos/LeoRover-Team7/elephant_arm_ws/install/mycobot_description, /home/student36/ws_moveit/install/mycobot_description, /home/student36/elephant_arm_ws/install/mycobot_description
	'moveit_task_constructor_core' is in: /home/student36/RoboticsDesignProject/Git-repos/LeoRover-Team7/elephant_arm_ws/install/moveit_task_constructor_core, /home/student36/ws_moveit/install/moveit_task_constructor_core
If a package in a merged underlay workspace is overridden and it installs headers, then all packages in the overlay must sort their include directories by workspace order. Failure to do so may result in build failures or undefined behavior at run time.
If the overridden package is used by another package in any underlay, then the overriding package in the overlay must be API and ABI compatible or undefined behavior at run time may occur.

If you understand the risks and want to override a package anyways, add the following to the command line:
	--allow-overriding moveit_task_constructor_core mycobot_description

This may be promoted to an error in a future release of colcon-override-check.
[0.342s] Level 5:colcon.colcon_core.verb:set package 'hello_moveit' build argument 'cmake_args' from command line to 'None'
[0.342s] Level 5:colcon.colcon_core.verb:set package 'hello_moveit' build argument 'cmake_target' from command line to 'None'
[0.342s] Level 5:colcon.colcon_core.verb:set package 'hello_moveit' build argument 'cmake_target_skip_unavailable' from command line to 'False'
[0.342s] Level 5:colcon.colcon_core.verb:set package 'hello_moveit' build argument 'cmake_clean_cache' from command line to 'False'
[0.342s] Level 5:colcon.colcon_core.verb:set package 'hello_moveit' build argument 'cmake_clean_first' from command line to 'False'
[0.342s] Level 5:colcon.colcon_core.verb:set package 'hello_moveit' build argument 'cmake_force_configure' from command line to 'False'
[0.342s] Level 5:colcon.colcon_core.verb:set package 'hello_moveit' build argument 'ament_cmake_args' from command line to 'None'
[0.342s] Level 5:colcon.colcon_core.verb:set package 'hello_moveit' build argument 'catkin_cmake_args' from command line to 'None'
[0.342s] Level 5:colcon.colcon_core.verb:set package 'hello_moveit' build argument 'catkin_skip_building_tests' from command line to 'False'
[0.342s] DEBUG:colcon.colcon_core.verb:Building package 'hello_moveit' with the following arguments: {'ament_cmake_args': None, 'build_base': '/home/student36/RoboticsDesignProject/Git-repos/LeoRover-Team7/elephant_arm_ws/build/hello_moveit', 'catkin_cmake_args': None, 'catkin_skip_building_tests': False, 'cmake_args': None, 'cmake_clean_cache': False, 'cmake_clean_first': False, 'cmake_force_configure': False, 'cmake_target': None, 'cmake_target_skip_unavailable': False, 'install_base': '/home/student36/RoboticsDesignProject/Git-repos/LeoRover-Team7/elephant_arm_ws/install/hello_moveit', 'merge_install': False, 'path': '/home/student36/RoboticsDesignProject/Git-repos/LeoRover-Team7/elephant_arm_ws/src/hello_moveit', 'symlink_install': False, 'test_result_base': None}
[0.343s] Level 5:colcon.colcon_core.verb:set package 'moveit_task_constructor_msgs' build argument 'cmake_args' from command line to 'None'
[0.343s] Level 5:colcon.colcon_core.verb:set package 'moveit_task_constructor_msgs' build argument 'cmake_target' from command line to 'None'
[0.343s] Level 5:colcon.colcon_core.verb:set package 'moveit_task_constructor_msgs' build argument 'cmake_target_skip_unavailable' from command line to 'False'
[0.343s] Level 5:colcon.colcon_core.verb:set package 'moveit_task_constructor_msgs' build argument 'cmake_clean_cache' from command line to 'False'
[0.343s] Level 5:colcon.colcon_core.verb:set package 'moveit_task_constructor_msgs' build argument 'cmake_clean_first' from command line to 'False'
[0.343s] Level 5:colcon.colcon_core.verb:set package 'moveit_task_constructor_msgs' build argument 'cmake_force_configure' from command line to 'False'
[0.343s] Level 5:colcon.colcon_core.verb:set package 'moveit_task_constructor_msgs' build argument 'ament_cmake_args' from command line to 'None'
[0.343s] Level 5:colcon.colcon_core.verb:set package 'moveit_task_constructor_msgs' build argument 'catkin_cmake_args' from command line to 'None'
[0.343s] Level 5:colcon.colcon_core.verb:set package 'moveit_task_constructor_msgs' build argument 'catkin_skip_building_tests' from command line to 'False'
[0.343s] DEBUG:colcon.colcon_core.verb:Building package 'moveit_task_constructor_msgs' with the following arguments: {'ament_cmake_args': None, 'build_base': '/home/student36/RoboticsDesignProject/Git-repos/LeoRover-Team7/elephant_arm_ws/build/moveit_task_constructor_msgs', 'catkin_cmake_args': None, 'catkin_skip_building_tests': False, 'cmake_args': None, 'cmake_clean_cache': False, 'cmake_clean_first': False, 'cmake_force_configure': False, 'cmake_target': None, 'cmake_target_skip_unavailable': False, 'install_base': '/home/student36/RoboticsDesignProject/Git-repos/LeoRover-Team7/elephant_arm_ws/install/moveit_task_constructor_msgs', 'merge_install': False, 'path': '/home/student36/RoboticsDesignProject/Git-repos/LeoRover-Team7/elephant_arm_ws/src/moveit_task_constructor/msgs', 'symlink_install': False, 'test_result_base': None}
[0.344s] Level 5:colcon.colcon_core.verb:set package 'mycobot_bringup' build argument 'cmake_args' from command line to 'None'
[0.344s] Level 5:colcon.colcon_core.verb:set package 'mycobot_bringup' build argument 'cmake_target' from command line to 'None'
[0.344s] Level 5:colcon.colcon_core.verb:set package 'mycobot_bringup' build argument 'cmake_target_skip_unavailable' from command line to 'False'
[0.344s] Level 5:colcon.colcon_core.verb:set package 'mycobot_bringup' build argument 'cmake_clean_cache' from command line to 'False'
[0.344s] Level 5:colcon.colcon_core.verb:set package 'mycobot_bringup' build argument 'cmake_clean_first' from command line to 'False'
[0.344s] Level 5:colcon.colcon_core.verb:set package 'mycobot_bringup' build argument 'cmake_force_configure' from command line to 'False'
[0.344s] Level 5:colcon.colcon_core.verb:set package 'mycobot_bringup' build argument 'ament_cmake_args' from command line to 'None'
[0.344s] Level 5:colcon.colcon_core.verb:set package 'mycobot_bringup' build argument 'catkin_cmake_args' from command line to 'None'
[0.344s] Level 5:colcon.colcon_core.verb:set package 'mycobot_bringup' build argument 'catkin_skip_building_tests' from command line to 'False'
[0.344s] DEBUG:colcon.colcon_core.verb:Building package 'mycobot_bringup' with the following arguments: {'ament_cmake_args': None, 'build_base': '/home/student36/RoboticsDesignProject/Git-repos/LeoRover-Team7/elephant_arm_ws/build/mycobot_bringup', 'catkin_cmake_args': None, 'catkin_skip_building_tests': False, 'cmake_args': None, 'cmake_clean_cache': False, 'cmake_clean_first': False, 'cmake_force_configure': False, 'cmake_target': None, 'cmake_target_skip_unavailable': False, 'install_base': '/home/student36/RoboticsDesignProject/Git-repos/LeoRover-Team7/elephant_arm_ws/install/mycobot_bringup', 'merge_install': False, 'path': '/home/student36/RoboticsDesignProject/Git-repos/LeoRover-Team7/elephant_arm_ws/src/mycobot_ros2/mycobot_bringup', 'symlink_install': False, 'test_result_base': None}
[0.344s] Level 5:colcon.colcon_core.verb:set package 'mycobot_description' build argument 'cmake_args' from command line to 'None'
[0.344s] Level 5:colcon.colcon_core.verb:set package 'mycobot_description' build argument 'cmake_target' from command line to 'None'
[0.344s] Level 5:colcon.colcon_core.verb:set package 'mycobot_description' build argument 'cmake_target_skip_unavailable' from command line to 'False'
[0.344s] Level 5:colcon.colcon_core.verb:set package 'mycobot_description' build argument 'cmake_clean_cache' from command line to 'False'
[0.344s] Level 5:colcon.colcon_core.verb:set package 'mycobot_description' build argument 'cmake_clean_first' from command line to 'False'
[0.344s] Level 5:colcon.colcon_core.verb:set package 'mycobot_description' build argument 'cmake_force_configure' from command line to 'False'
[0.344s] Level 5:colcon.colcon_core.verb:set package 'mycobot_description' build argument 'ament_cmake_args' from command line to 'None'
[0.344s] Level 5:colcon.colcon_core.verb:set package 'mycobot_description' build argument 'catkin_cmake_args' from command line to 'None'
[0.344s] Level 5:colcon.colcon_core.verb:set package 'mycobot_description' build argument 'catkin_skip_building_tests' from command line to 'False'
[0.344s] DEBUG:colcon.colcon_core.verb:Building package 'mycobot_description' with the following arguments: {'ament_cmake_args': None, 'build_base': '/home/student36/RoboticsDesignProject/Git-repos/LeoRover-Team7/elephant_arm_ws/build/mycobot_description', 'catkin_cmake_args': None, 'catkin_skip_building_tests': False, 'cmake_args': None, 'cmake_clean_cache': False, 'cmake_clean_first': False, 'cmake_force_configure': False, 'cmake_target': None, 'cmake_target_skip_unavailable': False, 'install_base': '/home/student36/RoboticsDesignProject/Git-repos/LeoRover-Team7/elephant_arm_ws/install/mycobot_description', 'merge_install': False, 'path': '/home/student36/RoboticsDesignProject/Git-repos/LeoRover-Team7/elephant_arm_ws/src/mycobot_ros2/mycobot_description', 'symlink_install': False, 'test_result_base': None}
[0.344s] Level 5:colcon.colcon_core.verb:set package 'mycobot_gazebo' build argument 'cmake_args' from command line to 'None'
[0.344s] Level 5:colcon.colcon_core.verb:set package 'mycobot_gazebo' build argument 'cmake_target' from command line to 'None'
[0.344s] Level 5:colcon.colcon_core.verb:set package 'mycobot_gazebo' build argument 'cmake_target_skip_unavailable' from command line to 'False'
[0.344s] Level 5:colcon.colcon_core.verb:set package 'mycobot_gazebo' build argument 'cmake_clean_cache' from command line to 'False'
[0.344s] Level 5:colcon.colcon_core.verb:set package 'mycobot_gazebo' build argument 'cmake_clean_first' from command line to 'False'
[0.344s] Level 5:colcon.colcon_core.verb:set package 'mycobot_gazebo' build argument 'cmake_force_configure' from command line to 'False'
[0.344s] Level 5:colcon.colcon_core.verb:set package 'mycobot_gazebo' build argument 'ament_cmake_args' from command line to 'None'
[0.344s] Level 5:colcon.colcon_core.verb:set package 'mycobot_gazebo' build argument 'catkin_cmake_args' from command line to 'None'
[0.344s] Level 5:colcon.colcon_core.verb:set package 'mycobot_gazebo' build argument 'catkin_skip_building_tests' from command line to 'False'
[0.344s] DEBUG:colcon.colcon_core.verb:Building package 'mycobot_gazebo' with the following arguments: {'ament_cmake_args': None, 'build_base': '/home/student36/RoboticsDesignProject/Git-repos/LeoRover-Team7/elephant_arm_ws/build/mycobot_gazebo', 'catkin_cmake_args': None, 'catkin_skip_building_tests': False, 'cmake_args': None, 'cmake_clean_cache': False, 'cmake_clean_first': False, 'cmake_force_configure': False, 'cmake_target': None, 'cmake_target_skip_unavailable': False, 'install_base': '/home/student36/RoboticsDesignProject/Git-repos/LeoRover-Team7/elephant_arm_ws/install/mycobot_gazebo', 'merge_install': False, 'path': '/home/student36/RoboticsDesignProject/Git-repos/LeoRover-Team7/elephant_arm_ws/src/mycobot_ros2/mycobot_gazebo', 'symlink_install': False, 'test_result_base': None}
[0.345s] Level 5:colcon.colcon_core.verb:set package 'mycobot_moveit_config' build argument 'cmake_args' from command line to 'None'
[0.345s] Level 5:colcon.colcon_core.verb:set package 'mycobot_moveit_config' build argument 'cmake_target' from command line to 'None'
[0.345s] Level 5:colcon.colcon_core.verb:set package 'mycobot_moveit_config' build argument 'cmake_target_skip_unavailable' from command line to 'False'
[0.345s] Level 5:colcon.colcon_core.verb:set package 'mycobot_moveit_config' build argument 'cmake_clean_cache' from command line to 'False'
[0.345s] Level 5:colcon.colcon_core.verb:set package 'mycobot_moveit_config' build argument 'cmake_clean_first' from command line to 'False'
[0.345s] Level 5:colcon.colcon_core.verb:set package 'mycobot_moveit_config' build argument 'cmake_force_configure' from command line to 'False'
[0.345s] Level 5:colcon.colcon_core.verb:set package 'mycobot_moveit_config' build argument 'ament_cmake_args' from command line to 'None'
[0.345s] Level 5:colcon.colcon_core.verb:set package 'mycobot_moveit_config' build argument 'catkin_cmake_args' from command line to 'None'
[0.345s] Level 5:colcon.colcon_core.verb:set package 'mycobot_moveit_config' build argument 'catkin_skip_building_tests' from command line to 'False'
[0.345s] DEBUG:colcon.colcon_core.verb:Building package 'mycobot_moveit_config' with the following arguments: {'ament_cmake_args': None, 'build_base': '/home/student36/RoboticsDesignProject/Git-repos/LeoRover-Team7/elephant_arm_ws/build/mycobot_moveit_config', 'catkin_cmake_args': None, 'catkin_skip_building_tests': False, 'cmake_args': None, 'cmake_clean_cache': False, 'cmake_clean_first': False, 'cmake_force_configure': False, 'cmake_target': None, 'cmake_target_skip_unavailable': False, 'install_base': '/home/student36/RoboticsDesignProject/Git-repos/LeoRover-Team7/elephant_arm_ws/install/mycobot_moveit_config', 'merge_install': False, 'path': '/home/student36/RoboticsDesignProject/Git-repos/LeoRover-Team7/elephant_arm_ws/src/mycobot_ros2/mycobot_moveit_config', 'symlink_install': False, 'test_result_base': None}
[0.345s] Level 5:colcon.colcon_core.verb:set package 'rviz_marker_tools' build argument 'cmake_args' from command line to 'None'
[0.345s] Level 5:colcon.colcon_core.verb:set package 'rviz_marker_tools' build argument 'cmake_target' from command line to 'None'
[0.345s] Level 5:colcon.colcon_core.verb:set package 'rviz_marker_tools' build argument 'cmake_target_skip_unavailable' from command line to 'False'
[0.345s] Level 5:colcon.colcon_core.verb:set package 'rviz_marker_tools' build argument 'cmake_clean_cache' from command line to 'False'
[0.345s] Level 5:colcon.colcon_core.verb:set package 'rviz_marker_tools' build argument 'cmake_clean_first' from command line to 'False'
[0.345s] Level 5:colcon.colcon_core.verb:set package 'rviz_marker_tools' build argument 'cmake_force_configure' from command line to 'False'
[0.345s] Level 5:colcon.colcon_core.verb:set package 'rviz_marker_tools' build argument 'ament_cmake_args' from command line to 'None'
[0.345s] Level 5:colcon.colcon_core.verb:set package 'rviz_marker_tools' build argument 'catkin_cmake_args' from command line to 'None'
[0.345s] Level 5:colcon.colcon_core.verb:set package 'rviz_marker_tools' build argument 'catkin_skip_building_tests' from command line to 'False'
[0.345s] DEBUG:colcon.colcon_core.verb:Building package 'rviz_marker_tools' with the following arguments: {'ament_cmake_args': None, 'build_base': '/home/student36/RoboticsDesignProject/Git-repos/LeoRover-Team7/elephant_arm_ws/build/rviz_marker_tools', 'catkin_cmake_args': None, 'catkin_skip_building_tests': False, 'cmake_args': None, 'cmake_clean_cache': False, 'cmake_clean_first': False, 'cmake_force_configure': False, 'cmake_target': None, 'cmake_target_skip_unavailable': False, 'install_base': '/home/student36/RoboticsDesignProject/Git-repos/LeoRover-Team7/elephant_arm_ws/install/rviz_marker_tools', 'merge_install': False, 'path': '/home/student36/RoboticsDesignProject/Git-repos/LeoRover-Team7/elephant_arm_ws/src/moveit_task_constructor/rviz_marker_tools', 'symlink_install': False, 'test_result_base': None}
[0.345s] Level 5:colcon.colcon_core.verb:set package 'moveit_task_constructor_core' build argument 'cmake_args' from command line to 'None'
[0.345s] Level 5:colcon.colcon_core.verb:set package 'moveit_task_constructor_core' build argument 'cmake_target' from command line to 'None'
[0.345s] Level 5:colcon.colcon_core.verb:set package 'moveit_task_constructor_core' build argument 'cmake_target_skip_unavailable' from command line to 'False'
[0.345s] Level 5:colcon.colcon_core.verb:set package 'moveit_task_constructor_core' build argument 'cmake_clean_cache' from command line to 'False'
[0.345s] Level 5:colcon.colcon_core.verb:set package 'moveit_task_constructor_core' build argument 'cmake_clean_first' from command line to 'False'
[0.345s] Level 5:colcon.colcon_core.verb:set package 'moveit_task_constructor_core' build argument 'cmake_force_configure' from command line to 'False'
[0.345s] Level 5:colcon.colcon_core.verb:set package 'moveit_task_constructor_core' build argument 'ament_cmake_args' from command line to 'None'
[0.345s] Level 5:colcon.colcon_core.verb:set package 'moveit_task_constructor_core' build argument 'catkin_cmake_args' from command line to 'None'
[0.345s] Level 5:colcon.colcon_core.verb:set package 'moveit_task_constructor_core' build argument 'catkin_skip_building_tests' from command line to 'False'
[0.345s] DEBUG:colcon.colcon_core.verb:Building package 'moveit_task_constructor_core' with the following arguments: {'ament_cmake_args': None, 'build_base': '/home/student36/RoboticsDesignProject/Git-repos/LeoRover-Team7/elephant_arm_ws/build/moveit_task_constructor_core', 'catkin_cmake_args': None, 'catkin_skip_building_tests': False, 'cmake_args': None, 'cmake_clean_cache': False, 'cmake_clean_first': False, 'cmake_force_configure': False, 'cmake_target': None, 'cmake_target_skip_unavailable': False, 'install_base': '/home/student36/RoboticsDesignProject/Git-repos/LeoRover-Team7/elephant_arm_ws/install/moveit_task_constructor_core', 'merge_install': False, 'path': '/home/student36/RoboticsDesignProject/Git-repos/LeoRover-Team7/elephant_arm_ws/src/moveit_task_constructor/core', 'symlink_install': False, 'test_result_base': None}
[0.346s] Level 5:colcon.colcon_core.verb:set package 'mycobot_ros2' build argument 'cmake_args' from command line to 'None'
[0.346s] Level 5:colcon.colcon_core.verb:set package 'mycobot_ros2' build argument 'cmake_target' from command line to 'None'
[0.346s] Level 5:colcon.colcon_core.verb:set package 'mycobot_ros2' build argument 'cmake_target_skip_unavailable' from command line to 'False'
[0.346s] Level 5:colcon.colcon_core.verb:set package 'mycobot_ros2' build argument 'cmake_clean_cache' from command line to 'False'
[0.346s] Level 5:colcon.colcon_core.verb:set package 'mycobot_ros2' build argument 'cmake_clean_first' from command line to 'False'
[0.346s] Level 5:colcon.colcon_core.verb:set package 'mycobot_ros2' build argument 'cmake_force_configure' from command line to 'False'
[0.346s] Level 5:colcon.colcon_core.verb:set package 'mycobot_ros2' build argument 'ament_cmake_args' from command line to 'None'
[0.346s] Level 5:colcon.colcon_core.verb:set package 'mycobot_ros2' build argument 'catkin_cmake_args' from command line to 'None'
[0.346s] Level 5:colcon.colcon_core.verb:set package 'mycobot_ros2' build argument 'catkin_skip_building_tests' from command line to 'False'
[0.346s] DEBUG:colcon.colcon_core.verb:Building package 'mycobot_ros2' with the following arguments: {'ament_cmake_args': None, 'build_base': '/home/student36/RoboticsDesignProject/Git-repos/LeoRover-Team7/elephant_arm_ws/build/mycobot_ros2', 'catkin_cmake_args': None, 'catkin_skip_building_tests': False, 'cmake_args': None, 'cmake_clean_cache': False, 'cmake_clean_first': False, 'cmake_force_configure': False, 'cmake_target': None, 'cmake_target_skip_unavailable': False, 'install_base': '/home/student36/RoboticsDesignProject/Git-repos/LeoRover-Team7/elephant_arm_ws/install/mycobot_ros2', 'merge_install': False, 'path': '/home/student36/RoboticsDesignProject/Git-repos/LeoRover-Team7/elephant_arm_ws/src/mycobot_ros2/mycobot_ros2', 'symlink_install': False, 'test_result_base': None}
[0.346s] Level 5:colcon.colcon_core.verb:set package 'moveit_task_constructor_capabilities' build argument 'cmake_args' from command line to 'None'
[0.346s] Level 5:colcon.colcon_core.verb:set package 'moveit_task_constructor_capabilities' build argument 'cmake_target' from command line to 'None'
[0.346s] Level 5:colcon.colcon_core.verb:set package 'moveit_task_constructor_capabilities' build argument 'cmake_target_skip_unavailable' from command line to 'False'
[0.346s] Level 5:colcon.colcon_core.verb:set package 'moveit_task_constructor_capabilities' build argument 'cmake_clean_cache' from command line to 'False'
[0.346s] Level 5:colcon.colcon_core.verb:set package 'moveit_task_constructor_capabilities' build argument 'cmake_clean_first' from command line to 'False'
[0.346s] Level 5:colcon.colcon_core.verb:set package 'moveit_task_constructor_capabilities' build argument 'cmake_force_configure' from command line to 'False'
[0.346s] Level 5:colcon.colcon_core.verb:set package 'moveit_task_constructor_capabilities' build argument 'ament_cmake_args' from command line to 'None'
[0.346s] Level 5:colcon.colcon_core.verb:set package 'moveit_task_constructor_capabilities' build argument 'catkin_cmake_args' from command line to 'None'
[0.346s] Level 5:colcon.colcon_core.verb:set package 'moveit_task_constructor_capabilities' build argument 'catkin_skip_building_tests' from command line to 'False'
[0.346s] DEBUG:colcon.colcon_core.verb:Building package 'moveit_task_constructor_capabilities' with the following arguments: {'ament_cmake_args': None, 'build_base': '/home/student36/RoboticsDesignProject/Git-repos/LeoRover-Team7/elephant_arm_ws/build/moveit_task_constructor_capabilities', 'catkin_cmake_args': None, 'catkin_skip_building_tests': False, 'cmake_args': None, 'cmake_clean_cache': False, 'cmake_clean_first': False, 'cmake_force_configure': False, 'cmake_target': None, 'cmake_target_skip_unavailable': False, 'install_base': '/home/student36/RoboticsDesignProject/Git-repos/LeoRover-Team7/elephant_arm_ws/install/moveit_task_constructor_capabilities', 'merge_install': False, 'path': '/home/student36/RoboticsDesignProject/Git-repos/LeoRover-Team7/elephant_arm_ws/src/moveit_task_constructor/capabilities', 'symlink_install': False, 'test_result_base': None}
[0.346s] Level 5:colcon.colcon_core.verb:set package 'moveit_task_constructor_visualization' build argument 'cmake_args' from command line to 'None'
[0.346s] Level 5:colcon.colcon_core.verb:set package 'moveit_task_constructor_visualization' build argument 'cmake_target' from command line to 'None'
[0.346s] Level 5:colcon.colcon_core.verb:set package 'moveit_task_constructor_visualization' build argument 'cmake_target_skip_unavailable' from command line to 'False'
[0.346s] Level 5:colcon.colcon_core.verb:set package 'moveit_task_constructor_visualization' build argument 'cmake_clean_cache' from command line to 'False'
[0.346s] Level 5:colcon.colcon_core.verb:set package 'moveit_task_constructor_visualization' build argument 'cmake_clean_first' from command line to 'False'
[0.346s] Level 5:colcon.colcon_core.verb:set package 'moveit_task_constructor_visualization' build argument 'cmake_force_configure' from command line to 'False'
[0.346s] Level 5:colcon.colcon_core.verb:set package 'moveit_task_constructor_visualization' build argument 'ament_cmake_args' from command line to 'None'
[0.346s] Level 5:colcon.colcon_core.verb:set package 'moveit_task_constructor_visualization' build argument 'catkin_cmake_args' from command line to 'None'
[0.346s] Level 5:colcon.colcon_core.verb:set package 'moveit_task_constructor_visualization' build argument 'catkin_skip_building_tests' from command line to 'False'
[0.346s] DEBUG:colcon.colcon_core.verb:Building package 'moveit_task_constructor_visualization' with the following arguments: {'ament_cmake_args': None, 'build_base': '/home/student36/RoboticsDesignProject/Git-repos/LeoRover-Team7/elephant_arm_ws/build/moveit_task_constructor_visualization', 'catkin_cmake_args': None, 'catkin_skip_building_tests': False, 'cmake_args': None, 'cmake_clean_cache': False, 'cmake_clean_first': False, 'cmake_force_configure': False, 'cmake_target': None, 'cmake_target_skip_unavailable': False, 'install_base': '/home/student36/RoboticsDesignProject/Git-repos/LeoRover-Team7/elephant_arm_ws/install/moveit_task_constructor_visualization', 'merge_install': False, 'path': '/home/student36/RoboticsDesignProject/Git-repos/LeoRover-Team7/elephant_arm_ws/src/moveit_task_constructor/visualization', 'symlink_install': False, 'test_result_base': None}
[0.347s] Level 5:colcon.colcon_core.verb:set package 'mtc_tutorial' build argument 'cmake_args' from command line to 'None'
[0.347s] Level 5:colcon.colcon_core.verb:set package 'mtc_tutorial' build argument 'cmake_target' from command line to 'None'
[0.347s] Level 5:colcon.colcon_core.verb:set package 'mtc_tutorial' build argument 'cmake_target_skip_unavailable' from command line to 'False'
[0.347s] Level 5:colcon.colcon_core.verb:set package 'mtc_tutorial' build argument 'cmake_clean_cache' from command line to 'False'
[0.347s] Level 5:colcon.colcon_core.verb:set package 'mtc_tutorial' build argument 'cmake_clean_first' from command line to 'False'
[0.347s] Level 5:colcon.colcon_core.verb:set package 'mtc_tutorial' build argument 'cmake_force_configure' from command line to 'False'
[0.347s] Level 5:colcon.colcon_core.verb:set package 'mtc_tutorial' build argument 'ament_cmake_args' from command line to 'None'
[0.347s] Level 5:colcon.colcon_core.verb:set package 'mtc_tutorial' build argument 'catkin_cmake_args' from command line to 'None'
[0.347s] Level 5:colcon.colcon_core.verb:set package 'mtc_tutorial' build argument 'catkin_skip_building_tests' from command line to 'False'
[0.347s] DEBUG:colcon.colcon_core.verb:Building package 'mtc_tutorial' with the following arguments: {'ament_cmake_args': None, 'build_base': '/home/student36/RoboticsDesignProject/Git-repos/LeoRover-Team7/elephant_arm_ws/build/mtc_tutorial', 'catkin_cmake_args': None, 'catkin_skip_building_tests': False, 'cmake_args': None, 'cmake_clean_cache': False, 'cmake_clean_first': False, 'cmake_force_configure': False, 'cmake_target': None, 'cmake_target_skip_unavailable': False, 'install_base': '/home/student36/RoboticsDesignProject/Git-repos/LeoRover-Team7/elephant_arm_ws/install/mtc_tutorial', 'merge_install': False, 'path': '/home/student36/RoboticsDesignProject/Git-repos/LeoRover-Team7/elephant_arm_ws/src/mtc_tutorial', 'symlink_install': False, 'test_result_base': None}
[0.347s] Level 5:colcon.colcon_core.verb:set package 'moveit_task_constructor_demo' build argument 'cmake_args' from command line to 'None'
[0.347s] Level 5:colcon.colcon_core.verb:set package 'moveit_task_constructor_demo' build argument 'cmake_target' from command line to 'None'
[0.347s] Level 5:colcon.colcon_core.verb:set package 'moveit_task_constructor_demo' build argument 'cmake_target_skip_unavailable' from command line to 'False'
[0.347s] Level 5:colcon.colcon_core.verb:set package 'moveit_task_constructor_demo' build argument 'cmake_clean_cache' from command line to 'False'
[0.347s] Level 5:colcon.colcon_core.verb:set package 'moveit_task_constructor_demo' build argument 'cmake_clean_first' from command line to 'False'
[0.347s] Level 5:colcon.colcon_core.verb:set package 'moveit_task_constructor_demo' build argument 'cmake_force_configure' from command line to 'False'
[0.347s] Level 5:colcon.colcon_core.verb:set package 'moveit_task_constructor_demo' build argument 'ament_cmake_args' from command line to 'None'
[0.347s] Level 5:colcon.colcon_core.verb:set package 'moveit_task_constructor_demo' build argument 'catkin_cmake_args' from command line to 'None'
[0.347s] Level 5:colcon.colcon_core.verb:set package 'moveit_task_constructor_demo' build argument 'catkin_skip_building_tests' from command line to 'False'
[0.347s] DEBUG:colcon.colcon_core.verb:Building package 'moveit_task_constructor_demo' with the following arguments: {'ament_cmake_args': None, 'build_base': '/home/student36/RoboticsDesignProject/Git-repos/LeoRover-Team7/elephant_arm_ws/build/moveit_task_constructor_demo', 'catkin_cmake_args': None, 'catkin_skip_building_tests': False, 'cmake_args': None, 'cmake_clean_cache': False, 'cmake_clean_first': False, 'cmake_force_configure': False, 'cmake_target': None, 'cmake_target_skip_unavailable': False, 'install_base': '/home/student36/RoboticsDesignProject/Git-repos/LeoRover-Team7/elephant_arm_ws/install/moveit_task_constructor_demo', 'merge_install': False, 'path': '/home/student36/RoboticsDesignProject/Git-repos/LeoRover-Team7/elephant_arm_ws/src/moveit_task_constructor/demo', 'symlink_install': False, 'test_result_base': None}
[0.347s] INFO:colcon.colcon_core.executor:Executing jobs using 'parallel' executor
[0.348s] DEBUG:colcon.colcon_parallel_executor.executor.parallel:run_until_complete
[0.349s] INFO:colcon.colcon_ros.task.ament_cmake.build:Building ROS package in '/home/student36/RoboticsDesignProject/Git-repos/LeoRover-Team7/elephant_arm_ws/src/moveit_task_constructor/msgs' with build type 'ament_cmake'
[0.349s] INFO:colcon.colcon_cmake.task.cmake.build:Building CMake package in '/home/student36/RoboticsDesignProject/Git-repos/LeoRover-Team7/elephant_arm_ws/src/moveit_task_constructor/msgs'
[0.352s] INFO:colcon.colcon_core.plugin_system:Skipping extension 'colcon_core.shell.bat': Not used on non-Windows systems
[0.352s] INFO:colcon.colcon_core.shell:Skip shell extension 'powershell' for command environment: Not usable outside of PowerShell
[0.353s] DEBUG:colcon.colcon_core.shell:Skip shell extension 'dsv' for command environment
[0.363s] INFO:colcon.colcon_ros.task.ament_cmake.build:Building ROS package in '/home/student36/RoboticsDesignProject/Git-repos/LeoRover-Team7/elephant_arm_ws/src/moveit_task_constructor/rviz_marker_tools' with build type 'ament_cmake'
[0.364s] INFO:colcon.colcon_cmake.task.cmake.build:Building CMake package in '/home/student36/RoboticsDesignProject/Git-repos/LeoRover-Team7/elephant_arm_ws/src/moveit_task_constructor/rviz_marker_tools'
[0.365s] INFO:colcon.colcon_core.shell:Skip shell extension 'powershell' for command environment: Not usable outside of PowerShell
[0.365s] DEBUG:colcon.colcon_core.shell:Skip shell extension 'dsv' for command environment
[0.397s] INFO:colcon.colcon_ros.task.ament_cmake.build:Building ROS package in '/home/student36/RoboticsDesignProject/Git-repos/LeoRover-Team7/elephant_arm_ws/src/mycobot_ros2/mycobot_description' with build type 'ament_cmake'
[0.398s] INFO:colcon.colcon_cmake.task.cmake.build:Building CMake package in '/home/student36/RoboticsDesignProject/Git-repos/LeoRover-Team7/elephant_arm_ws/src/mycobot_ros2/mycobot_description'
[0.399s] INFO:colcon.colcon_core.shell:Skip shell extension 'powershell' for command environment: Not usable outside of PowerShell
[0.399s] DEBUG:colcon.colcon_core.shell:Skip shell extension 'dsv' for command environment
[0.438s] INFO:colcon.colcon_ros.task.ament_cmake.build:Building ROS package in '/home/student36/RoboticsDesignProject/Git-repos/LeoRover-Team7/elephant_arm_ws/src/hello_moveit' with build type 'ament_cmake'
[0.439s] INFO:colcon.colcon_cmake.task.cmake.build:Building CMake package in '/home/student36/RoboticsDesignProject/Git-repos/LeoRover-Team7/elephant_arm_ws/src/hello_moveit'
[0.440s] INFO:colcon.colcon_core.shell:Skip shell extension 'powershell' for command environment: Not usable outside of PowerShell
[0.441s] DEBUG:colcon.colcon_core.shell:Skip shell extension 'dsv' for command environment
[0.477s] INFO:colcon.colcon_ros.task.ament_cmake.build:Building ROS package in '/home/student36/RoboticsDesignProject/Git-repos/LeoRover-Team7/elephant_arm_ws/src/mycobot_ros2/mycobot_bringup' with build type 'ament_cmake'
[0.478s] INFO:colcon.colcon_cmake.task.cmake.build:Building CMake package in '/home/student36/RoboticsDesignProject/Git-repos/LeoRover-Team7/elephant_arm_ws/src/mycobot_ros2/mycobot_bringup'
[0.479s] INFO:colcon.colcon_core.shell:Skip shell extension 'powershell' for command environment: Not usable outside of PowerShell
[0.479s] DEBUG:colcon.colcon_core.shell:Skip shell extension 'dsv' for command environment
[0.503s] INFO:colcon.colcon_ros.task.ament_cmake.build:Building ROS package in '/home/student36/RoboticsDesignProject/Git-repos/LeoRover-Team7/elephant_arm_ws/src/mycobot_ros2/mycobot_gazebo' with build type 'ament_cmake'
[0.504s] INFO:colcon.colcon_cmake.task.cmake.build:Building CMake package in '/home/student36/RoboticsDesignProject/Git-repos/LeoRover-Team7/elephant_arm_ws/src/mycobot_ros2/mycobot_gazebo'
[0.505s] INFO:colcon.colcon_core.shell:Skip shell extension 'powershell' for command environment: Not usable outside of PowerShell
[0.506s] DEBUG:colcon.colcon_core.shell:Skip shell extension 'dsv' for command environment
[0.551s] INFO:colcon.colcon_ros.task.ament_cmake.build:Building ROS package in '/home/student36/RoboticsDesignProject/Git-repos/LeoRover-Team7/elephant_arm_ws/src/mycobot_ros2/mycobot_moveit_config' with build type 'ament_cmake'
[0.552s] INFO:colcon.colcon_cmake.task.cmake.build:Building CMake package in '/home/student36/RoboticsDesignProject/Git-repos/LeoRover-Team7/elephant_arm_ws/src/mycobot_ros2/mycobot_moveit_config'
[0.553s] INFO:colcon.colcon_core.shell:Skip shell extension 'powershell' for command environment: Not usable outside of PowerShell
[0.553s] DEBUG:colcon.colcon_core.shell:Skip shell extension 'dsv' for command environment
[0.594s] DEBUG:colcon.colcon_core.event_handler.log_command:Invoking command in '/home/student36/RoboticsDesignProject/Git-repos/LeoRover-Team7/elephant_arm_ws/build/moveit_task_constructor_msgs': CMAKE_PREFIX_PATH=${CMAKE_PREFIX_PATH}:/home/student36/ros2_tutorial_workspace/install/the_simplest_python_package:/home/student36/ros2_tutorial_workspace/install/python_package_with_a_node:/home/student36/ros2_tutorial_workspace/install/python_package_that_uses_the_library:/home/student36/ros2_tutorial_workspace/install/python_package_with_a_library:/home/student36/ros2_tutorial_workspace/install/python_package_that_uses_the_services:/home/student36/ros2_tutorial_workspace/install/python_package_that_uses_the_actions:/home/student36/ros2_tutorial_workspace/install/python_package_that_uses_tf2:/home/student36/ros2_tutorial_workspace/install/python_package_that_uses_parameters_and_launch_files:/home/student36/ros2_tutorial_workspace/install/python_package_that_uses_nottf2:/home/student36/ros2_tutorial_workspace/install/python_package_that_uses_nav2:/home/student36/ros2_tutorial_workspace/install/python_package_that_uses_messages:/home/student36/ros2_tutorial_workspace/install/python_package_that_uses_geometry_msgs:/home/student36/ros2_tutorial_workspace/install/python_package_that_uses_gazebo:/home/student36/ws_moveit/install/moveit_configs_utils:/home/student36/elephant_arm_ws/install/mycobot_description:/opt/ros/jazzy DEBUGINFOD_URLS=https://debuginfod.ubuntu.com /usr/bin/cmake --build /home/student36/RoboticsDesignProject/Git-repos/LeoRover-Team7/elephant_arm_ws/build/moveit_task_constructor_msgs -- -j12 -l12
[0.620s] DEBUG:colcon.colcon_core.event_handler.log_command:Invoking command in '/home/student36/RoboticsDesignProject/Git-repos/LeoRover-Team7/elephant_arm_ws/build/rviz_marker_tools': CMAKE_PREFIX_PATH=${CMAKE_PREFIX_PATH}:/home/student36/ros2_tutorial_workspace/install/the_simplest_python_package:/home/student36/ros2_tutorial_workspace/install/python_package_with_a_node:/home/student36/ros2_tutorial_workspace/install/python_package_that_uses_the_library:/home/student36/ros2_tutorial_workspace/install/python_package_with_a_library:/home/student36/ros2_tutorial_workspace/install/python_package_that_uses_the_services:/home/student36/ros2_tutorial_workspace/install/python_package_that_uses_the_actions:/home/student36/ros2_tutorial_workspace/install/python_package_that_uses_tf2:/home/student36/ros2_tutorial_workspace/install/python_package_that_uses_parameters_and_launch_files:/home/student36/ros2_tutorial_workspace/install/python_package_that_uses_nottf2:/home/student36/ros2_tutorial_workspace/install/python_package_that_uses_nav2:/home/student36/ros2_tutorial_workspace/install/python_package_that_uses_messages:/home/student36/ros2_tutorial_workspace/install/python_package_that_uses_geometry_msgs:/home/student36/ros2_tutorial_workspace/install/python_package_that_uses_gazebo:/home/student36/ws_moveit/install/moveit_configs_utils:/home/student36/elephant_arm_ws/install/mycobot_description:/opt/ros/jazzy DEBUGINFOD_URLS=https://debuginfod.ubuntu.com /usr/bin/cmake --build /home/student36/RoboticsDesignProject/Git-repos/LeoRover-Team7/elephant_arm_ws/build/rviz_marker_tools -- -j12 -l12
[0.627s] DEBUG:colcon.colcon_core.event_handler.log_command:Invoking command in '/home/student36/RoboticsDesignProject/Git-repos/LeoRover-Team7/elephant_arm_ws/build/mycobot_description': CMAKE_PREFIX_PATH=${CMAKE_PREFIX_PATH}:/home/student36/ros2_tutorial_workspace/install/the_simplest_python_package:/home/student36/ros2_tutorial_workspace/install/python_package_with_a_node:/home/student36/ros2_tutorial_workspace/install/python_package_that_uses_the_library:/home/student36/ros2_tutorial_workspace/install/python_package_with_a_library:/home/student36/ros2_tutorial_workspace/install/python_package_that_uses_the_services:/home/student36/ros2_tutorial_workspace/install/python_package_that_uses_the_actions:/home/student36/ros2_tutorial_workspace/install/python_package_that_uses_tf2:/home/student36/ros2_tutorial_workspace/install/python_package_that_uses_parameters_and_launch_files:/home/student36/ros2_tutorial_workspace/install/python_package_that_uses_nottf2:/home/student36/ros2_tutorial_workspace/install/python_package_that_uses_nav2:/home/student36/ros2_tutorial_workspace/install/python_package_that_uses_messages:/home/student36/ros2_tutorial_workspace/install/python_package_that_uses_geometry_msgs:/home/student36/ros2_tutorial_workspace/install/python_package_that_uses_gazebo:/home/student36/ws_moveit/install/moveit_configs_utils:/home/student36/elephant_arm_ws/install/mycobot_description:/opt/ros/jazzy DEBUGINFOD_URLS=https://debuginfod.ubuntu.com /usr/bin/cmake --build /home/student36/RoboticsDesignProject/Git-repos/LeoRover-Team7/elephant_arm_ws/build/mycobot_description -- -j12 -l12
[0.644s] DEBUG:colcon.colcon_core.event_handler.log_command:Invoking command in '/home/student36/RoboticsDesignProject/Git-repos/LeoRover-Team7/elephant_arm_ws/build/hello_moveit': CMAKE_PREFIX_PATH=${CMAKE_PREFIX_PATH}:/home/student36/ros2_tutorial_workspace/install/the_simplest_python_package:/home/student36/ros2_tutorial_workspace/install/python_package_with_a_node:/home/student36/ros2_tutorial_workspace/install/python_package_that_uses_the_library:/home/student36/ros2_tutorial_workspace/install/python_package_with_a_library:/home/student36/ros2_tutorial_workspace/install/python_package_that_uses_the_services:/home/student36/ros2_tutorial_workspace/install/python_package_that_uses_the_actions:/home/student36/ros2_tutorial_workspace/install/python_package_that_uses_tf2:/home/student36/ros2_tutorial_workspace/install/python_package_that_uses_parameters_and_launch_files:/home/student36/ros2_tutorial_workspace/install/python_package_that_uses_nottf2:/home/student36/ros2_tutorial_workspace/install/python_package_that_uses_nav2:/home/student36/ros2_tutorial_workspace/install/python_package_that_uses_messages:/home/student36/ros2_tutorial_workspace/install/python_package_that_uses_geometry_msgs:/home/student36/ros2_tutorial_workspace/install/python_package_that_uses_gazebo:/home/student36/ws_moveit/install/moveit_configs_utils:/home/student36/elephant_arm_ws/install/mycobot_description:/opt/ros/jazzy DEBUGINFOD_URLS=https://debuginfod.ubuntu.com /usr/bin/cmake --build /home/student36/RoboticsDesignProject/Git-repos/LeoRover-Team7/elephant_arm_ws/build/hello_moveit -- -j12 -l12
[0.658s] DEBUG:colcon.colcon_core.event_handler.log_command:Invoking command in '/home/student36/RoboticsDesignProject/Git-repos/LeoRover-Team7/elephant_arm_ws/build/mycobot_bringup': CMAKE_PREFIX_PATH=${CMAKE_PREFIX_PATH}:/home/student36/ros2_tutorial_workspace/install/the_simplest_python_package:/home/student36/ros2_tutorial_workspace/install/python_package_with_a_node:/home/student36/ros2_tutorial_workspace/install/python_package_that_uses_the_library:/home/student36/ros2_tutorial_workspace/install/python_package_with_a_library:/home/student36/ros2_tutorial_workspace/install/python_package_that_uses_the_services:/home/student36/ros2_tutorial_workspace/install/python_package_that_uses_the_actions:/home/student36/ros2_tutorial_workspace/install/python_package_that_uses_tf2:/home/student36/ros2_tutorial_workspace/install/python_package_that_uses_parameters_and_launch_files:/home/student36/ros2_tutorial_workspace/install/python_package_that_uses_nottf2:/home/student36/ros2_tutorial_workspace/install/python_package_that_uses_nav2:/home/student36/ros2_tutorial_workspace/install/python_package_that_uses_messages:/home/student36/ros2_tutorial_workspace/install/python_package_that_uses_geometry_msgs:/home/student36/ros2_tutorial_workspace/install/python_package_that_uses_gazebo:/home/student36/ws_moveit/install/moveit_configs_utils:/home/student36/elephant_arm_ws/install/mycobot_description:/opt/ros/jazzy DEBUGINFOD_URLS=https://debuginfod.ubuntu.com /usr/bin/cmake --build /home/student36/RoboticsDesignProject/Git-repos/LeoRover-Team7/elephant_arm_ws/build/mycobot_bringup -- -j12 -l12
[0.662s] DEBUG:colcon.colcon_core.event_handler.log_command:Invoking command in '/home/student36/RoboticsDesignProject/Git-repos/LeoRover-Team7/elephant_arm_ws/build/mycobot_gazebo': CMAKE_PREFIX_PATH=${CMAKE_PREFIX_PATH}:/home/student36/ros2_tutorial_workspace/install/the_simplest_python_package:/home/student36/ros2_tutorial_workspace/install/python_package_with_a_node:/home/student36/ros2_tutorial_workspace/install/python_package_that_uses_the_library:/home/student36/ros2_tutorial_workspace/install/python_package_with_a_library:/home/student36/ros2_tutorial_workspace/install/python_package_that_uses_the_services:/home/student36/ros2_tutorial_workspace/install/python_package_that_uses_the_actions:/home/student36/ros2_tutorial_workspace/install/python_package_that_uses_tf2:/home/student36/ros2_tutorial_workspace/install/python_package_that_uses_parameters_and_launch_files:/home/student36/ros2_tutorial_workspace/install/python_package_that_uses_nottf2:/home/student36/ros2_tutorial_workspace/install/python_package_that_uses_nav2:/home/student36/ros2_tutorial_workspace/install/python_package_that_uses_messages:/home/student36/ros2_tutorial_workspace/install/python_package_that_uses_geometry_msgs:/home/student36/ros2_tutorial_workspace/install/python_package_that_uses_gazebo:/home/student36/ws_moveit/install/moveit_configs_utils:/home/student36/elephant_arm_ws/install/mycobot_description:/opt/ros/jazzy DEBUGINFOD_URLS=https://debuginfod.ubuntu.com /usr/bin/cmake --build /home/student36/RoboticsDesignProject/Git-repos/LeoRover-Team7/elephant_arm_ws/build/mycobot_gazebo -- -j12 -l12
[0.686s] DEBUG:colcon.colcon_core.event_handler.log_command:Invoking command in '/home/student36/RoboticsDesignProject/Git-repos/LeoRover-Team7/elephant_arm_ws/build/mycobot_moveit_config': CMAKE_PREFIX_PATH=${CMAKE_PREFIX_PATH}:/home/student36/ros2_tutorial_workspace/install/the_simplest_python_package:/home/student36/ros2_tutorial_workspace/install/python_package_with_a_node:/home/student36/ros2_tutorial_workspace/install/python_package_that_uses_the_library:/home/student36/ros2_tutorial_workspace/install/python_package_with_a_library:/home/student36/ros2_tutorial_workspace/install/python_package_that_uses_the_services:/home/student36/ros2_tutorial_workspace/install/python_package_that_uses_the_actions:/home/student36/ros2_tutorial_workspace/install/python_package_that_uses_tf2:/home/student36/ros2_tutorial_workspace/install/python_package_that_uses_parameters_and_launch_files:/home/student36/ros2_tutorial_workspace/install/python_package_that_uses_nottf2:/home/student36/ros2_tutorial_workspace/install/python_package_that_uses_nav2:/home/student36/ros2_tutorial_workspace/install/python_package_that_uses_messages:/home/student36/ros2_tutorial_workspace/install/python_package_that_uses_geometry_msgs:/home/student36/ros2_tutorial_workspace/install/python_package_that_uses_gazebo:/home/student36/ws_moveit/install/moveit_configs_utils:/home/student36/elephant_arm_ws/install/mycobot_description:/opt/ros/jazzy DEBUGINFOD_URLS=https://debuginfod.ubuntu.com /usr/bin/cmake --build /home/student36/RoboticsDesignProject/Git-repos/LeoRover-Team7/elephant_arm_ws/build/mycobot_moveit_config -- -j12 -l12
[0.774s] DEBUG:colcon.colcon_core.event_handler.log_command:Invoked command in '/home/student36/RoboticsDesignProject/Git-repos/LeoRover-Team7/elephant_arm_ws/build/mycobot_description' returned '0': CMAKE_PREFIX_PATH=${CMAKE_PREFIX_PATH}:/home/student36/ros2_tutorial_workspace/install/the_simplest_python_package:/home/student36/ros2_tutorial_workspace/install/python_package_with_a_node:/home/student36/ros2_tutorial_workspace/install/python_package_that_uses_the_library:/home/student36/ros2_tutorial_workspace/install/python_package_with_a_library:/home/student36/ros2_tutorial_workspace/install/python_package_that_uses_the_services:/home/student36/ros2_tutorial_workspace/install/python_package_that_uses_the_actions:/home/student36/ros2_tutorial_workspace/install/python_package_that_uses_tf2:/home/student36/ros2_tutorial_workspace/install/python_package_that_uses_parameters_and_launch_files:/home/student36/ros2_tutorial_workspace/install/python_package_that_uses_nottf2:/home/student36/ros2_tutorial_workspace/install/python_package_that_uses_nav2:/home/student36/ros2_tutorial_workspace/install/python_package_that_uses_messages:/home/student36/ros2_tutorial_workspace/install/python_package_that_uses_geometry_msgs:/home/student36/ros2_tutorial_workspace/install/python_package_that_uses_gazebo:/home/student36/ws_moveit/install/moveit_configs_utils:/home/student36/elephant_arm_ws/install/mycobot_description:/opt/ros/jazzy DEBUGINFOD_URLS=https://debuginfod.ubuntu.com /usr/bin/cmake --build /home/student36/RoboticsDesignProject/Git-repos/LeoRover-Team7/elephant_arm_ws/build/mycobot_description -- -j12 -l12
[0.802s] DEBUG:colcon.colcon_core.event_handler.log_command:Invoking command in '/home/student36/RoboticsDesignProject/Git-repos/LeoRover-Team7/elephant_arm_ws/build/mycobot_description': CMAKE_PREFIX_PATH=${CMAKE_PREFIX_PATH}:/home/student36/ros2_tutorial_workspace/install/the_simplest_python_package:/home/student36/ros2_tutorial_workspace/install/python_package_with_a_node:/home/student36/ros2_tutorial_workspace/install/python_package_that_uses_the_library:/home/student36/ros2_tutorial_workspace/install/python_package_with_a_library:/home/student36/ros2_tutorial_workspace/install/python_package_that_uses_the_services:/home/student36/ros2_tutorial_workspace/install/python_package_that_uses_the_actions:/home/student36/ros2_tutorial_workspace/install/python_package_that_uses_tf2:/home/student36/ros2_tutorial_workspace/install/python_package_that_uses_parameters_and_launch_files:/home/student36/ros2_tutorial_workspace/install/python_package_that_uses_nottf2:/home/student36/ros2_tutorial_workspace/install/python_package_that_uses_nav2:/home/student36/ros2_tutorial_workspace/install/python_package_that_uses_messages:/home/student36/ros2_tutorial_workspace/install/python_package_that_uses_geometry_msgs:/home/student36/ros2_tutorial_workspace/install/python_package_that_uses_gazebo:/home/student36/ws_moveit/install/moveit_configs_utils:/home/student36/elephant_arm_ws/install/mycobot_description:/opt/ros/jazzy DEBUGINFOD_URLS=https://debuginfod.ubuntu.com /usr/bin/cmake --install /home/student36/RoboticsDesignProject/Git-repos/LeoRover-Team7/elephant_arm_ws/build/mycobot_description
[0.807s] DEBUG:colcon.colcon_core.event_handler.log_command:Invoked command in '/home/student36/RoboticsDesignProject/Git-repos/LeoRover-Team7/elephant_arm_ws/build/mycobot_bringup' returned '0': CMAKE_PREFIX_PATH=${CMAKE_PREFIX_PATH}:/home/student36/ros2_tutorial_workspace/install/the_simplest_python_package:/home/student36/ros2_tutorial_workspace/install/python_package_with_a_node:/home/student36/ros2_tutorial_workspace/install/python_package_that_uses_the_library:/home/student36/ros2_tutorial_workspace/install/python_package_with_a_library:/home/student36/ros2_tutorial_workspace/install/python_package_that_uses_the_services:/home/student36/ros2_tutorial_workspace/install/python_package_that_uses_the_actions:/home/student36/ros2_tutorial_workspace/install/python_package_that_uses_tf2:/home/student36/ros2_tutorial_workspace/install/python_package_that_uses_parameters_and_launch_files:/home/student36/ros2_tutorial_workspace/install/python_package_that_uses_nottf2:/home/student36/ros2_tutorial_workspace/install/python_package_that_uses_nav2:/home/student36/ros2_tutorial_workspace/install/python_package_that_uses_messages:/home/student36/ros2_tutorial_workspace/install/python_package_that_uses_geometry_msgs:/home/student36/ros2_tutorial_workspace/install/python_package_that_uses_gazebo:/home/student36/ws_moveit/install/moveit_configs_utils:/home/student36/elephant_arm_ws/install/mycobot_description:/opt/ros/jazzy DEBUGINFOD_URLS=https://debuginfod.ubuntu.com /usr/bin/cmake --build /home/student36/RoboticsDesignProject/Git-repos/LeoRover-Team7/elephant_arm_ws/build/mycobot_bringup -- -j12 -l12
[0.808s] DEBUG:colcon.colcon_core.event_handler.log_command:Invoking command in '/home/student36/RoboticsDesignProject/Git-repos/LeoRover-Team7/elephant_arm_ws/build/mycobot_bringup': CMAKE_PREFIX_PATH=${CMAKE_PREFIX_PATH}:/home/student36/ros2_tutorial_workspace/install/the_simplest_python_package:/home/student36/ros2_tutorial_workspace/install/python_package_with_a_node:/home/student36/ros2_tutorial_workspace/install/python_package_that_uses_the_library:/home/student36/ros2_tutorial_workspace/install/python_package_with_a_library:/home/student36/ros2_tutorial_workspace/install/python_package_that_uses_the_services:/home/student36/ros2_tutorial_workspace/install/python_package_that_uses_the_actions:/home/student36/ros2_tutorial_workspace/install/python_package_that_uses_tf2:/home/student36/ros2_tutorial_workspace/install/python_package_that_uses_parameters_and_launch_files:/home/student36/ros2_tutorial_workspace/install/python_package_that_uses_nottf2:/home/student36/ros2_tutorial_workspace/install/python_package_that_uses_nav2:/home/student36/ros2_tutorial_workspace/install/python_package_that_uses_messages:/home/student36/ros2_tutorial_workspace/install/python_package_that_uses_geometry_msgs:/home/student36/ros2_tutorial_workspace/install/python_package_that_uses_gazebo:/home/student36/ws_moveit/install/moveit_configs_utils:/home/student36/elephant_arm_ws/install/mycobot_description:/opt/ros/jazzy DEBUGINFOD_URLS=https://debuginfod.ubuntu.com /usr/bin/cmake --install /home/student36/RoboticsDesignProject/Git-repos/LeoRover-Team7/elephant_arm_ws/build/mycobot_bringup
[0.846s] DEBUG:colcon.colcon_core.event_handler.log_command:Invoked command in '/home/student36/RoboticsDesignProject/Git-repos/LeoRover-Team7/elephant_arm_ws/build/mycobot_moveit_config' returned '0': CMAKE_PREFIX_PATH=${CMAKE_PREFIX_PATH}:/home/student36/ros2_tutorial_workspace/install/the_simplest_python_package:/home/student36/ros2_tutorial_workspace/install/python_package_with_a_node:/home/student36/ros2_tutorial_workspace/install/python_package_that_uses_the_library:/home/student36/ros2_tutorial_workspace/install/python_package_with_a_library:/home/student36/ros2_tutorial_workspace/install/python_package_that_uses_the_services:/home/student36/ros2_tutorial_workspace/install/python_package_that_uses_the_actions:/home/student36/ros2_tutorial_workspace/install/python_package_that_uses_tf2:/home/student36/ros2_tutorial_workspace/install/python_package_that_uses_parameters_and_launch_files:/home/student36/ros2_tutorial_workspace/install/python_package_that_uses_nottf2:/home/student36/ros2_tutorial_workspace/install/python_package_that_uses_nav2:/home/student36/ros2_tutorial_workspace/install/python_package_that_uses_messages:/home/student36/ros2_tutorial_workspace/install/python_package_that_uses_geometry_msgs:/home/student36/ros2_tutorial_workspace/install/python_package_that_uses_gazebo:/home/student36/ws_moveit/install/moveit_configs_utils:/home/student36/elephant_arm_ws/install/mycobot_description:/opt/ros/jazzy DEBUGINFOD_URLS=https://debuginfod.ubuntu.com /usr/bin/cmake --build /home/student36/RoboticsDesignProject/Git-repos/LeoRover-Team7/elephant_arm_ws/build/mycobot_moveit_config -- -j12 -l12
[0.852s] DEBUG:colcon.colcon_core.event_handler.log_command:Invoking command in '/home/student36/RoboticsDesignProject/Git-repos/LeoRover-Team7/elephant_arm_ws/build/mycobot_moveit_config': CMAKE_PREFIX_PATH=${CMAKE_PREFIX_PATH}:/home/student36/ros2_tutorial_workspace/install/the_simplest_python_package:/home/student36/ros2_tutorial_workspace/install/python_package_with_a_node:/home/student36/ros2_tutorial_workspace/install/python_package_that_uses_the_library:/home/student36/ros2_tutorial_workspace/install/python_package_with_a_library:/home/student36/ros2_tutorial_workspace/install/python_package_that_uses_the_services:/home/student36/ros2_tutorial_workspace/install/python_package_that_uses_the_actions:/home/student36/ros2_tutorial_workspace/install/python_package_that_uses_tf2:/home/student36/ros2_tutorial_workspace/install/python_package_that_uses_parameters_and_launch_files:/home/student36/ros2_tutorial_workspace/install/python_package_that_uses_nottf2:/home/student36/ros2_tutorial_workspace/install/python_package_that_uses_nav2:/home/student36/ros2_tutorial_workspace/install/python_package_that_uses_messages:/home/student36/ros2_tutorial_workspace/install/python_package_that_uses_geometry_msgs:/home/student36/ros2_tutorial_workspace/install/python_package_that_uses_gazebo:/home/student36/ws_moveit/install/moveit_configs_utils:/home/student36/elephant_arm_ws/install/mycobot_description:/opt/ros/jazzy DEBUGINFOD_URLS=https://debuginfod.ubuntu.com /usr/bin/cmake --install /home/student36/RoboticsDesignProject/Git-repos/LeoRover-Team7/elephant_arm_ws/build/mycobot_moveit_config
[0.862s] Level 1:colcon.colcon_core.environment:create_environment_scripts_only(mycobot_description)
[0.884s] Level 1:colcon.colcon_core.environment:checking '/home/student36/RoboticsDesignProject/Git-repos/LeoRover-Team7/elephant_arm_ws/install/mycobot_description' for CMake module files
[0.887s] DEBUG:colcon.colcon_core.event_handler.log_command:Invoked command in '/home/student36/RoboticsDesignProject/Git-repos/LeoRover-Team7/elephant_arm_ws/build/mycobot_description' returned '0': CMAKE_PREFIX_PATH=${CMAKE_PREFIX_PATH}:/home/student36/ros2_tutorial_workspace/install/the_simplest_python_package:/home/student36/ros2_tutorial_workspace/install/python_package_with_a_node:/home/student36/ros2_tutorial_workspace/install/python_package_that_uses_the_library:/home/student36/ros2_tutorial_workspace/install/python_package_with_a_library:/home/student36/ros2_tutorial_workspace/install/python_package_that_uses_the_services:/home/student36/ros2_tutorial_workspace/install/python_package_that_uses_the_actions:/home/student36/ros2_tutorial_workspace/install/python_package_that_uses_tf2:/home/student36/ros2_tutorial_workspace/install/python_package_that_uses_parameters_and_launch_files:/home/student36/ros2_tutorial_workspace/install/python_package_that_uses_nottf2:/home/student36/ros2_tutorial_workspace/install/python_package_that_uses_nav2:/home/student36/ros2_tutorial_workspace/install/python_package_that_uses_messages:/home/student36/ros2_tutorial_workspace/install/python_package_that_uses_geometry_msgs:/home/student36/ros2_tutorial_workspace/install/python_package_that_uses_gazebo:/home/student36/ws_moveit/install/moveit_configs_utils:/home/student36/elephant_arm_ws/install/mycobot_description:/opt/ros/jazzy DEBUGINFOD_URLS=https://debuginfod.ubuntu.com /usr/bin/cmake --install /home/student36/RoboticsDesignProject/Git-repos/LeoRover-Team7/elephant_arm_ws/build/mycobot_description
[0.889s] Level 1:colcon.colcon_core.environment:checking '/home/student36/RoboticsDesignProject/Git-repos/LeoRover-Team7/elephant_arm_ws/install/mycobot_description' for CMake config files
[0.895s] Level 1:colcon.colcon_core.shell:create_environment_hook('mycobot_description', 'cmake_prefix_path')
[0.896s] INFO:colcon.colcon_core.shell:Creating environment hook '/home/student36/RoboticsDesignProject/Git-repos/LeoRover-Team7/elephant_arm_ws/install/mycobot_description/share/mycobot_description/hook/cmake_prefix_path.ps1'
[0.898s] INFO:colcon.colcon_core.shell:Creating environment descriptor '/home/student36/RoboticsDesignProject/Git-repos/LeoRover-Team7/elephant_arm_ws/install/mycobot_description/share/mycobot_description/hook/cmake_prefix_path.dsv'
[0.900s] INFO:colcon.colcon_core.shell:Creating environment hook '/home/student36/RoboticsDesignProject/Git-repos/LeoRover-Team7/elephant_arm_ws/install/mycobot_description/share/mycobot_description/hook/cmake_prefix_path.sh'
[0.902s] Level 1:colcon.colcon_core.environment:checking '/home/student36/RoboticsDesignProject/Git-repos/LeoRover-Team7/elephant_arm_ws/install/mycobot_description/bin'
[0.902s] Level 1:colcon.colcon_core.environment:checking '/home/student36/RoboticsDesignProject/Git-repos/LeoRover-Team7/elephant_arm_ws/install/mycobot_description/lib/pkgconfig/mycobot_description.pc'
[0.902s] Level 1:colcon.colcon_core.environment:checking '/home/student36/RoboticsDesignProject/Git-repos/LeoRover-Team7/elephant_arm_ws/install/mycobot_description/lib/python3.12/site-packages'
[0.914s] Level 1:colcon.colcon_core.environment:checking '/home/student36/RoboticsDesignProject/Git-repos/LeoRover-Team7/elephant_arm_ws/install/mycobot_description/bin'
[0.919s] INFO:colcon.colcon_core.shell:Creating package script '/home/student36/RoboticsDesignProject/Git-repos/LeoRover-Team7/elephant_arm_ws/install/mycobot_description/share/mycobot_description/package.ps1'
[0.924s] INFO:colcon.colcon_core.shell:Creating package descriptor '/home/student36/RoboticsDesignProject/Git-repos/LeoRover-Team7/elephant_arm_ws/install/mycobot_description/share/mycobot_description/package.dsv'
[0.932s] INFO:colcon.colcon_core.shell:Creating package script '/home/student36/RoboticsDesignProject/Git-repos/LeoRover-Team7/elephant_arm_ws/install/mycobot_description/share/mycobot_description/package.sh'
[0.933s] INFO:colcon.colcon_core.shell:Creating package script '/home/student36/RoboticsDesignProject/Git-repos/LeoRover-Team7/elephant_arm_ws/install/mycobot_description/share/mycobot_description/package.bash'
[0.935s] INFO:colcon.colcon_core.shell:Creating package script '/home/student36/RoboticsDesignProject/Git-repos/LeoRover-Team7/elephant_arm_ws/install/mycobot_description/share/mycobot_description/package.zsh'
[0.936s] Level 1:colcon.colcon_core.environment:create_file_with_runtime_dependencies(/home/student36/RoboticsDesignProject/Git-repos/LeoRover-Team7/elephant_arm_ws/install/mycobot_description/share/colcon-core/packages/mycobot_description)
[0.939s] Level 1:colcon.colcon_core.environment:create_environment_scripts_only(mycobot_description)
[0.940s] Level 1:colcon.colcon_core.environment:checking '/home/student36/RoboticsDesignProject/Git-repos/LeoRover-Team7/elephant_arm_ws/install/mycobot_description' for CMake module files
[0.941s] Level 1:colcon.colcon_core.environment:checking '/home/student36/RoboticsDesignProject/Git-repos/LeoRover-Team7/elephant_arm_ws/install/mycobot_description' for CMake config files
[0.942s] Level 1:colcon.colcon_core.shell:create_environment_hook('mycobot_description', 'cmake_prefix_path')
[0.943s] INFO:colcon.colcon_core.shell:Creating environment hook '/home/student36/RoboticsDesignProject/Git-repos/LeoRover-Team7/elephant_arm_ws/install/mycobot_description/share/mycobot_description/hook/cmake_prefix_path.ps1'
[0.944s] INFO:colcon.colcon_core.shell:Creating environment descriptor '/home/student36/RoboticsDesignProject/Git-repos/LeoRover-Team7/elephant_arm_ws/install/mycobot_description/share/mycobot_description/hook/cmake_prefix_path.dsv'
[0.945s] INFO:colcon.colcon_core.shell:Creating environment hook '/home/student36/RoboticsDesignProject/Git-repos/LeoRover-Team7/elephant_arm_ws/install/mycobot_description/share/mycobot_description/hook/cmake_prefix_path.sh'
[0.946s] Level 1:colcon.colcon_core.environment:checking '/home/student36/RoboticsDesignProject/Git-repos/LeoRover-Team7/elephant_arm_ws/install/mycobot_description/bin'
[0.946s] Level 1:colcon.colcon_core.environment:checking '/home/student36/RoboticsDesignProject/Git-repos/LeoRover-Team7/elephant_arm_ws/install/mycobot_description/lib/pkgconfig/mycobot_description.pc'
[0.946s] Level 1:colcon.colcon_core.environment:checking '/home/student36/RoboticsDesignProject/Git-repos/LeoRover-Team7/elephant_arm_ws/install/mycobot_description/lib/python3.12/site-packages'
[0.949s] Level 1:colcon.colcon_core.environment:checking '/home/student36/RoboticsDesignProject/Git-repos/LeoRover-Team7/elephant_arm_ws/install/mycobot_description/bin'
[0.950s] INFO:colcon.colcon_core.shell:Creating package script '/home/student36/RoboticsDesignProject/Git-repos/LeoRover-Team7/elephant_arm_ws/install/mycobot_description/share/mycobot_description/package.ps1'
[0.960s] INFO:colcon.colcon_core.shell:Creating package descriptor '/home/student36/RoboticsDesignProject/Git-repos/LeoRover-Team7/elephant_arm_ws/install/mycobot_description/share/mycobot_description/package.dsv'
[0.963s] INFO:colcon.colcon_core.shell:Creating package script '/home/student36/RoboticsDesignProject/Git-repos/LeoRover-Team7/elephant_arm_ws/install/mycobot_description/share/mycobot_description/package.sh'
[0.964s] INFO:colcon.colcon_core.shell:Creating package script '/home/student36/RoboticsDesignProject/Git-repos/LeoRover-Team7/elephant_arm_ws/install/mycobot_description/share/mycobot_description/package.bash'
[0.965s] INFO:colcon.colcon_core.shell:Creating package script '/home/student36/RoboticsDesignProject/Git-repos/LeoRover-Team7/elephant_arm_ws/install/mycobot_description/share/mycobot_description/package.zsh'
[0.966s] Level 1:colcon.colcon_core.environment:create_file_with_runtime_dependencies(/home/student36/RoboticsDesignProject/Git-repos/LeoRover-Team7/elephant_arm_ws/install/mycobot_description/share/colcon-core/packages/mycobot_description)
[0.969s] DEBUG:colcon.colcon_core.event_handler.log_command:Invoked command in '/home/student36/RoboticsDesignProject/Git-repos/LeoRover-Team7/elephant_arm_ws/build/mycobot_gazebo' returned '0': CMAKE_PREFIX_PATH=${CMAKE_PREFIX_PATH}:/home/student36/ros2_tutorial_workspace/install/the_simplest_python_package:/home/student36/ros2_tutorial_workspace/install/python_package_with_a_node:/home/student36/ros2_tutorial_workspace/install/python_package_that_uses_the_library:/home/student36/ros2_tutorial_workspace/install/python_package_with_a_library:/home/student36/ros2_tutorial_workspace/install/python_package_that_uses_the_services:/home/student36/ros2_tutorial_workspace/install/python_package_that_uses_the_actions:/home/student36/ros2_tutorial_workspace/install/python_package_that_uses_tf2:/home/student36/ros2_tutorial_workspace/install/python_package_that_uses_parameters_and_launch_files:/home/student36/ros2_tutorial_workspace/install/python_package_that_uses_nottf2:/home/student36/ros2_tutorial_workspace/install/python_package_that_uses_nav2:/home/student36/ros2_tutorial_workspace/install/python_package_that_uses_messages:/home/student36/ros2_tutorial_workspace/install/python_package_that_uses_geometry_msgs:/home/student36/ros2_tutorial_workspace/install/python_package_that_uses_gazebo:/home/student36/ws_moveit/install/moveit_configs_utils:/home/student36/elephant_arm_ws/install/mycobot_description:/opt/ros/jazzy DEBUGINFOD_URLS=https://debuginfod.ubuntu.com /usr/bin/cmake --build /home/student36/RoboticsDesignProject/Git-repos/LeoRover-Team7/elephant_arm_ws/build/mycobot_gazebo -- -j12 -l12
[0.972s] DEBUG:colcon.colcon_core.event_handler.log_command:Invoking command in '/home/student36/RoboticsDesignProject/Git-repos/LeoRover-Team7/elephant_arm_ws/build/mycobot_gazebo': CMAKE_PREFIX_PATH=${CMAKE_PREFIX_PATH}:/home/student36/ros2_tutorial_workspace/install/the_simplest_python_package:/home/student36/ros2_tutorial_workspace/install/python_package_with_a_node:/home/student36/ros2_tutorial_workspace/install/python_package_that_uses_the_library:/home/student36/ros2_tutorial_workspace/install/python_package_with_a_library:/home/student36/ros2_tutorial_workspace/install/python_package_that_uses_the_services:/home/student36/ros2_tutorial_workspace/install/python_package_that_uses_the_actions:/home/student36/ros2_tutorial_workspace/install/python_package_that_uses_tf2:/home/student36/ros2_tutorial_workspace/install/python_package_that_uses_parameters_and_launch_files:/home/student36/ros2_tutorial_workspace/install/python_package_that_uses_nottf2:/home/student36/ros2_tutorial_workspace/install/python_package_that_uses_nav2:/home/student36/ros2_tutorial_workspace/install/python_package_that_uses_messages:/home/student36/ros2_tutorial_workspace/install/python_package_that_uses_geometry_msgs:/home/student36/ros2_tutorial_workspace/install/python_package_that_uses_gazebo:/home/student36/ws_moveit/install/moveit_configs_utils:/home/student36/elephant_arm_ws/install/mycobot_description:/opt/ros/jazzy DEBUGINFOD_URLS=https://debuginfod.ubuntu.com /usr/bin/cmake --install /home/student36/RoboticsDesignProject/Git-repos/LeoRover-Team7/elephant_arm_ws/build/mycobot_gazebo
[0.974s] INFO:colcon.colcon_ros.task.ament_cmake.build:Building ROS package in '/home/student36/RoboticsDesignProject/Git-repos/LeoRover-Team7/elephant_arm_ws/src/mycobot_ros2/mycobot_ros2' with build type 'ament_cmake'
[0.974s] INFO:colcon.colcon_cmake.task.cmake.build:Building CMake package in '/home/student36/RoboticsDesignProject/Git-repos/LeoRover-Team7/elephant_arm_ws/src/mycobot_ros2/mycobot_ros2'
[0.975s] INFO:colcon.colcon_core.shell:Skip shell extension 'powershell' for command environment: Not usable outside of PowerShell
[0.975s] DEBUG:colcon.colcon_core.shell:Skip shell extension 'dsv' for command environment
[1.011s] Level 1:colcon.colcon_core.environment:create_environment_scripts_only(mycobot_bringup)
[1.012s] Level 1:colcon.colcon_core.environment:checking '/home/student36/RoboticsDesignProject/Git-repos/LeoRover-Team7/elephant_arm_ws/install/mycobot_bringup' for CMake module files
[1.027s] Level 1:colcon.colcon_core.environment:checking '/home/student36/RoboticsDesignProject/Git-repos/LeoRover-Team7/elephant_arm_ws/install/mycobot_bringup' for CMake config files
[1.027s] Level 1:colcon.colcon_core.shell:create_environment_hook('mycobot_bringup', 'cmake_prefix_path')
[1.028s] INFO:colcon.colcon_core.shell:Creating environment hook '/home/student36/RoboticsDesignProject/Git-repos/LeoRover-Team7/elephant_arm_ws/install/mycobot_bringup/share/mycobot_bringup/hook/cmake_prefix_path.ps1'
[1.032s] INFO:colcon.colcon_core.shell:Creating environment descriptor '/home/student36/RoboticsDesignProject/Git-repos/LeoRover-Team7/elephant_arm_ws/install/mycobot_bringup/share/mycobot_bringup/hook/cmake_prefix_path.dsv'
[1.036s] INFO:colcon.colcon_core.shell:Creating environment hook '/home/student36/RoboticsDesignProject/Git-repos/LeoRover-Team7/elephant_arm_ws/install/mycobot_bringup/share/mycobot_bringup/hook/cmake_prefix_path.sh'
[1.037s] Level 1:colcon.colcon_core.environment:checking '/home/student36/RoboticsDesignProject/Git-repos/LeoRover-Team7/elephant_arm_ws/install/mycobot_bringup/bin'
[1.038s] Level 1:colcon.colcon_core.environment:checking '/home/student36/RoboticsDesignProject/Git-repos/LeoRover-Team7/elephant_arm_ws/install/mycobot_bringup/lib/pkgconfig/mycobot_bringup.pc'
[1.038s] Level 1:colcon.colcon_core.environment:checking '/home/student36/RoboticsDesignProject/Git-repos/LeoRover-Team7/elephant_arm_ws/install/mycobot_bringup/lib/python3.12/site-packages'
[1.039s] Level 1:colcon.colcon_core.environment:checking '/home/student36/RoboticsDesignProject/Git-repos/LeoRover-Team7/elephant_arm_ws/install/mycobot_bringup/bin'
[1.041s] INFO:colcon.colcon_core.shell:Creating package script '/home/student36/RoboticsDesignProject/Git-repos/LeoRover-Team7/elephant_arm_ws/install/mycobot_bringup/share/mycobot_bringup/package.ps1'
[1.048s] INFO:colcon.colcon_core.shell:Creating package descriptor '/home/student36/RoboticsDesignProject/Git-repos/LeoRover-Team7/elephant_arm_ws/install/mycobot_bringup/share/mycobot_bringup/package.dsv'
[1.049s] DEBUG:colcon.colcon_core.event_handler.log_command:Invoked command in '/home/student36/RoboticsDesignProject/Git-repos/LeoRover-Team7/elephant_arm_ws/build/mycobot_bringup' returned '0': CMAKE_PREFIX_PATH=${CMAKE_PREFIX_PATH}:/home/student36/ros2_tutorial_workspace/install/the_simplest_python_package:/home/student36/ros2_tutorial_workspace/install/python_package_with_a_node:/home/student36/ros2_tutorial_workspace/install/python_package_that_uses_the_library:/home/student36/ros2_tutorial_workspace/install/python_package_with_a_library:/home/student36/ros2_tutorial_workspace/install/python_package_that_uses_the_services:/home/student36/ros2_tutorial_workspace/install/python_package_that_uses_the_actions:/home/student36/ros2_tutorial_workspace/install/python_package_that_uses_tf2:/home/student36/ros2_tutorial_workspace/install/python_package_that_uses_parameters_and_launch_files:/home/student36/ros2_tutorial_workspace/install/python_package_that_uses_nottf2:/home/student36/ros2_tutorial_workspace/install/python_package_that_uses_nav2:/home/student36/ros2_tutorial_workspace/install/python_package_that_uses_messages:/home/student36/ros2_tutorial_workspace/install/python_package_that_uses_geometry_msgs:/home/student36/ros2_tutorial_workspace/install/python_package_that_uses_gazebo:/home/student36/ws_moveit/install/moveit_configs_utils:/home/student36/elephant_arm_ws/install/mycobot_description:/opt/ros/jazzy DEBUGINFOD_URLS=https://debuginfod.ubuntu.com /usr/bin/cmake --install /home/student36/RoboticsDesignProject/Git-repos/LeoRover-Team7/elephant_arm_ws/build/mycobot_bringup
[1.049s] INFO:colcon.colcon_core.shell:Creating package script '/home/student36/RoboticsDesignProject/Git-repos/LeoRover-Team7/elephant_arm_ws/install/mycobot_bringup/share/mycobot_bringup/package.sh'
[1.054s] INFO:colcon.colcon_core.shell:Creating package script '/home/student36/RoboticsDesignProject/Git-repos/LeoRover-Team7/elephant_arm_ws/install/mycobot_bringup/share/mycobot_bringup/package.bash'
[1.055s] INFO:colcon.colcon_core.shell:Creating package script '/home/student36/RoboticsDesignProject/Git-repos/LeoRover-Team7/elephant_arm_ws/install/mycobot_bringup/share/mycobot_bringup/package.zsh'
[1.056s] Level 1:colcon.colcon_core.environment:create_file_with_runtime_dependencies(/home/student36/RoboticsDesignProject/Git-repos/LeoRover-Team7/elephant_arm_ws/install/mycobot_bringup/share/colcon-core/packages/mycobot_bringup)
[1.062s] Level 1:colcon.colcon_core.environment:create_environment_scripts_only(mycobot_bringup)
[1.063s] Level 1:colcon.colcon_core.environment:checking '/home/student36/RoboticsDesignProject/Git-repos/LeoRover-Team7/elephant_arm_ws/install/mycobot_bringup' for CMake module files
[1.066s] Level 1:colcon.colcon_core.environment:checking '/home/student36/RoboticsDesignProject/Git-repos/LeoRover-Team7/elephant_arm_ws/install/mycobot_bringup' for CMake config files
[1.076s] Level 1:colcon.colcon_core.shell:create_environment_hook('mycobot_bringup', 'cmake_prefix_path')
[1.076s] INFO:colcon.colcon_core.shell:Creating environment hook '/home/student36/RoboticsDesignProject/Git-repos/LeoRover-Team7/elephant_arm_ws/install/mycobot_bringup/share/mycobot_bringup/hook/cmake_prefix_path.ps1'
[1.078s] INFO:colcon.colcon_core.shell:Creating environment descriptor '/home/student36/RoboticsDesignProject/Git-repos/LeoRover-Team7/elephant_arm_ws/install/mycobot_bringup/share/mycobot_bringup/hook/cmake_prefix_path.dsv'
[1.079s] INFO:colcon.colcon_core.shell:Creating environment hook '/home/student36/RoboticsDesignProject/Git-repos/LeoRover-Team7/elephant_arm_ws/install/mycobot_bringup/share/mycobot_bringup/hook/cmake_prefix_path.sh'
[1.086s] Level 1:colcon.colcon_core.environment:checking '/home/student36/RoboticsDesignProject/Git-repos/LeoRover-Team7/elephant_arm_ws/install/mycobot_bringup/bin'
[1.087s] Level 1:colcon.colcon_core.environment:checking '/home/student36/RoboticsDesignProject/Git-repos/LeoRover-Team7/elephant_arm_ws/install/mycobot_bringup/lib/pkgconfig/mycobot_bringup.pc'
[1.087s] Level 1:colcon.colcon_core.environment:checking '/home/student36/RoboticsDesignProject/Git-repos/LeoRover-Team7/elephant_arm_ws/install/mycobot_bringup/lib/python3.12/site-packages'
[1.088s] Level 1:colcon.colcon_core.environment:checking '/home/student36/RoboticsDesignProject/Git-repos/LeoRover-Team7/elephant_arm_ws/install/mycobot_bringup/bin'
[1.089s] INFO:colcon.colcon_core.shell:Creating package script '/home/student36/RoboticsDesignProject/Git-repos/LeoRover-Team7/elephant_arm_ws/install/mycobot_bringup/share/mycobot_bringup/package.ps1'
[1.091s] INFO:colcon.colcon_core.shell:Creating package descriptor '/home/student36/RoboticsDesignProject/Git-repos/LeoRover-Team7/elephant_arm_ws/install/mycobot_bringup/share/mycobot_bringup/package.dsv'
[1.096s] INFO:colcon.colcon_core.shell:Creating package script '/home/student36/RoboticsDesignProject/Git-repos/LeoRover-Team7/elephant_arm_ws/install/mycobot_bringup/share/mycobot_bringup/package.sh'
[1.098s] INFO:colcon.colcon_core.shell:Creating package script '/home/student36/RoboticsDesignProject/Git-repos/LeoRover-Team7/elephant_arm_ws/install/mycobot_bringup/share/mycobot_bringup/package.bash'
[1.105s] INFO:colcon.colcon_core.shell:Creating package script '/home/student36/RoboticsDesignProject/Git-repos/LeoRover-Team7/elephant_arm_ws/install/mycobot_bringup/share/mycobot_bringup/package.zsh'
[1.116s] Level 1:colcon.colcon_core.environment:create_file_with_runtime_dependencies(/home/student36/RoboticsDesignProject/Git-repos/LeoRover-Team7/elephant_arm_ws/install/mycobot_bringup/share/colcon-core/packages/mycobot_bringup)
[1.117s] Level 1:colcon.colcon_core.environment:create_environment_scripts_only(mycobot_moveit_config)
[1.117s] Level 1:colcon.colcon_core.environment:checking '/home/student36/RoboticsDesignProject/Git-repos/LeoRover-Team7/elephant_arm_ws/install/mycobot_moveit_config' for CMake module files
[1.122s] Level 1:colcon.colcon_core.environment:checking '/home/student36/RoboticsDesignProject/Git-repos/LeoRover-Team7/elephant_arm_ws/install/mycobot_moveit_config' for CMake config files
[1.122s] Level 1:colcon.colcon_core.shell:create_environment_hook('mycobot_moveit_config', 'cmake_prefix_path')
[1.123s] INFO:colcon.colcon_core.shell:Creating environment hook '/home/student36/RoboticsDesignProject/Git-repos/LeoRover-Team7/elephant_arm_ws/install/mycobot_moveit_config/share/mycobot_moveit_config/hook/cmake_prefix_path.ps1'
[1.127s] INFO:colcon.colcon_core.shell:Creating environment descriptor '/home/student36/RoboticsDesignProject/Git-repos/LeoRover-Team7/elephant_arm_ws/install/mycobot_moveit_config/share/mycobot_moveit_config/hook/cmake_prefix_path.dsv'
[1.128s] INFO:colcon.colcon_core.shell:Creating environment hook '/home/student36/RoboticsDesignProject/Git-repos/LeoRover-Team7/elephant_arm_ws/install/mycobot_moveit_config/share/mycobot_moveit_config/hook/cmake_prefix_path.sh'
[1.135s] Level 1:colcon.colcon_core.environment:checking '/home/student36/RoboticsDesignProject/Git-repos/LeoRover-Team7/elephant_arm_ws/install/mycobot_moveit_config/bin'
[1.135s] Level 1:colcon.colcon_core.environment:checking '/home/student36/RoboticsDesignProject/Git-repos/LeoRover-Team7/elephant_arm_ws/install/mycobot_moveit_config/lib/pkgconfig/mycobot_moveit_config.pc'
[1.135s] Level 1:colcon.colcon_core.environment:checking '/home/student36/RoboticsDesignProject/Git-repos/LeoRover-Team7/elephant_arm_ws/install/mycobot_moveit_config/lib/python3.12/site-packages'
[1.136s] Level 1:colcon.colcon_core.environment:checking '/home/student36/RoboticsDesignProject/Git-repos/LeoRover-Team7/elephant_arm_ws/install/mycobot_moveit_config/bin'
[1.136s] INFO:colcon.colcon_core.shell:Creating package script '/home/student36/RoboticsDesignProject/Git-repos/LeoRover-Team7/elephant_arm_ws/install/mycobot_moveit_config/share/mycobot_moveit_config/package.ps1'
[1.137s] INFO:colcon.colcon_core.shell:Creating package descriptor '/home/student36/RoboticsDesignProject/Git-repos/LeoRover-Team7/elephant_arm_ws/install/mycobot_moveit_config/share/mycobot_moveit_config/package.dsv'
[1.141s] INFO:colcon.colcon_core.shell:Creating package script '/home/student36/RoboticsDesignProject/Git-repos/LeoRover-Team7/elephant_arm_ws/install/mycobot_moveit_config/share/mycobot_moveit_config/package.sh'
[1.143s] INFO:colcon.colcon_core.shell:Creating package script '/home/student36/RoboticsDesignProject/Git-repos/LeoRover-Team7/elephant_arm_ws/install/mycobot_moveit_config/share/mycobot_moveit_config/package.bash'
[1.145s] INFO:colcon.colcon_core.shell:Creating package script '/home/student36/RoboticsDesignProject/Git-repos/LeoRover-Team7/elephant_arm_ws/install/mycobot_moveit_config/share/mycobot_moveit_config/package.zsh'
[1.150s] Level 1:colcon.colcon_core.environment:create_file_with_runtime_dependencies(/home/student36/RoboticsDesignProject/Git-repos/LeoRover-Team7/elephant_arm_ws/install/mycobot_moveit_config/share/colcon-core/packages/mycobot_moveit_config)
[1.153s] Level 1:colcon.colcon_core.environment:create_environment_scripts_only(mycobot_moveit_config)
[1.154s] Level 1:colcon.colcon_core.environment:checking '/home/student36/RoboticsDesignProject/Git-repos/LeoRover-Team7/elephant_arm_ws/install/mycobot_moveit_config' for CMake module files
[1.156s] Level 1:colcon.colcon_core.environment:checking '/home/student36/RoboticsDesignProject/Git-repos/LeoRover-Team7/elephant_arm_ws/install/mycobot_moveit_config' for CMake config files
[1.157s] Level 1:colcon.colcon_core.shell:create_environment_hook('mycobot_moveit_config', 'cmake_prefix_path')
[1.158s] INFO:colcon.colcon_core.shell:Creating environment hook '/home/student36/RoboticsDesignProject/Git-repos/LeoRover-Team7/elephant_arm_ws/install/mycobot_moveit_config/share/mycobot_moveit_config/hook/cmake_prefix_path.ps1'
[1.164s] INFO:colcon.colcon_core.shell:Creating environment descriptor '/home/student36/RoboticsDesignProject/Git-repos/LeoRover-Team7/elephant_arm_ws/install/mycobot_moveit_config/share/mycobot_moveit_config/hook/cmake_prefix_path.dsv'
[1.165s] INFO:colcon.colcon_core.shell:Creating environment hook '/home/student36/RoboticsDesignProject/Git-repos/LeoRover-Team7/elephant_arm_ws/install/mycobot_moveit_config/share/mycobot_moveit_config/hook/cmake_prefix_path.sh'
[1.166s] Level 1:colcon.colcon_core.environment:checking '/home/student36/RoboticsDesignProject/Git-repos/LeoRover-Team7/elephant_arm_ws/install/mycobot_moveit_config/bin'
[1.167s] Level 1:colcon.colcon_core.environment:checking '/home/student36/RoboticsDesignProject/Git-repos/LeoRover-Team7/elephant_arm_ws/install/mycobot_moveit_config/lib/pkgconfig/mycobot_moveit_config.pc'
[1.167s] Level 1:colcon.colcon_core.environment:checking '/home/student36/RoboticsDesignProject/Git-repos/LeoRover-Team7/elephant_arm_ws/install/mycobot_moveit_config/lib/python3.12/site-packages'
[1.167s] Level 1:colcon.colcon_core.environment:checking '/home/student36/RoboticsDesignProject/Git-repos/LeoRover-Team7/elephant_arm_ws/install/mycobot_moveit_config/bin'
[1.168s] INFO:colcon.colcon_core.shell:Creating package script '/home/student36/RoboticsDesignProject/Git-repos/LeoRover-Team7/elephant_arm_ws/install/mycobot_moveit_config/share/mycobot_moveit_config/package.ps1'
[1.172s] INFO:colcon.colcon_core.shell:Creating package descriptor '/home/student36/RoboticsDesignProject/Git-repos/LeoRover-Team7/elephant_arm_ws/install/mycobot_moveit_config/share/mycobot_moveit_config/package.dsv'
[1.174s] INFO:colcon.colcon_core.shell:Creating package script '/home/student36/RoboticsDesignProject/Git-repos/LeoRover-Team7/elephant_arm_ws/install/mycobot_moveit_config/share/mycobot_moveit_config/package.sh'
[1.175s] INFO:colcon.colcon_core.shell:Creating package script '/home/student36/RoboticsDesignProject/Git-repos/LeoRover-Team7/elephant_arm_ws/install/mycobot_moveit_config/share/mycobot_moveit_config/package.bash'
[1.176s] INFO:colcon.colcon_core.shell:Creating package script '/home/student36/RoboticsDesignProject/Git-repos/LeoRover-Team7/elephant_arm_ws/install/mycobot_moveit_config/share/mycobot_moveit_config/package.zsh'
[1.182s] Level 1:colcon.colcon_core.environment:create_file_with_runtime_dependencies(/home/student36/RoboticsDesignProject/Git-repos/LeoRover-Team7/elephant_arm_ws/install/mycobot_moveit_config/share/colcon-core/packages/mycobot_moveit_config)
[1.213s] Level 1:colcon.colcon_core.environment:create_environment_scripts_only(mycobot_gazebo)
[1.214s] Level 1:colcon.colcon_core.environment:checking '/home/student36/RoboticsDesignProject/Git-repos/LeoRover-Team7/elephant_arm_ws/install/mycobot_gazebo' for CMake module files
[1.227s] Level 1:colcon.colcon_core.environment:checking '/home/student36/RoboticsDesignProject/Git-repos/LeoRover-Team7/elephant_arm_ws/install/mycobot_gazebo' for CMake config files
[1.228s] Level 1:colcon.colcon_core.shell:create_environment_hook('mycobot_gazebo', 'cmake_prefix_path')
[1.228s] INFO:colcon.colcon_core.shell:Creating environment hook '/home/student36/RoboticsDesignProject/Git-repos/LeoRover-Team7/elephant_arm_ws/install/mycobot_gazebo/share/mycobot_gazebo/hook/cmake_prefix_path.ps1'
[1.229s] INFO:colcon.colcon_core.shell:Creating environment descriptor '/home/student36/RoboticsDesignProject/Git-repos/LeoRover-Team7/elephant_arm_ws/install/mycobot_gazebo/share/mycobot_gazebo/hook/cmake_prefix_path.dsv'
[1.229s] INFO:colcon.colcon_core.shell:Creating environment hook '/home/student36/RoboticsDesignProject/Git-repos/LeoRover-Team7/elephant_arm_ws/install/mycobot_gazebo/share/mycobot_gazebo/hook/cmake_prefix_path.sh'
[1.231s] Level 1:colcon.colcon_core.environment:checking '/home/student36/RoboticsDesignProject/Git-repos/LeoRover-Team7/elephant_arm_ws/install/mycobot_gazebo/bin'
[1.231s] Level 1:colcon.colcon_core.environment:checking '/home/student36/RoboticsDesignProject/Git-repos/LeoRover-Team7/elephant_arm_ws/install/mycobot_gazebo/lib/pkgconfig/mycobot_gazebo.pc'
[1.231s] Level 1:colcon.colcon_core.environment:checking '/home/student36/RoboticsDesignProject/Git-repos/LeoRover-Team7/elephant_arm_ws/install/mycobot_gazebo/lib/python3.12/site-packages'
[1.232s] Level 1:colcon.colcon_core.environment:checking '/home/student36/RoboticsDesignProject/Git-repos/LeoRover-Team7/elephant_arm_ws/install/mycobot_gazebo/bin'
[1.232s] INFO:colcon.colcon_core.shell:Creating package script '/home/student36/RoboticsDesignProject/Git-repos/LeoRover-Team7/elephant_arm_ws/install/mycobot_gazebo/share/mycobot_gazebo/package.ps1'
[1.251s] INFO:colcon.colcon_core.shell:Creating package descriptor '/home/student36/RoboticsDesignProject/Git-repos/LeoRover-Team7/elephant_arm_ws/install/mycobot_gazebo/share/mycobot_gazebo/package.dsv'
[1.252s] INFO:colcon.colcon_core.shell:Creating package script '/home/student36/RoboticsDesignProject/Git-repos/LeoRover-Team7/elephant_arm_ws/install/mycobot_gazebo/share/mycobot_gazebo/package.sh'
[1.253s] INFO:colcon.colcon_core.shell:Creating package script '/home/student36/RoboticsDesignProject/Git-repos/LeoRover-Team7/elephant_arm_ws/install/mycobot_gazebo/share/mycobot_gazebo/package.bash'
[1.253s] INFO:colcon.colcon_core.shell:Creating package script '/home/student36/RoboticsDesignProject/Git-repos/LeoRover-Team7/elephant_arm_ws/install/mycobot_gazebo/share/mycobot_gazebo/package.zsh'
[1.254s] Level 1:colcon.colcon_core.environment:create_file_with_runtime_dependencies(/home/student36/RoboticsDesignProject/Git-repos/LeoRover-Team7/elephant_arm_ws/install/mycobot_gazebo/share/colcon-core/packages/mycobot_gazebo)
[1.261s] Level 1:colcon.colcon_core.environment:create_environment_scripts_only(mycobot_gazebo)
[1.262s] Level 1:colcon.colcon_core.environment:checking '/home/student36/RoboticsDesignProject/Git-repos/LeoRover-Team7/elephant_arm_ws/install/mycobot_gazebo' for CMake module files
[1.263s] Level 1:colcon.colcon_core.environment:checking '/home/student36/RoboticsDesignProject/Git-repos/LeoRover-Team7/elephant_arm_ws/install/mycobot_gazebo' for CMake config files
[1.264s] Level 1:colcon.colcon_core.shell:create_environment_hook('mycobot_gazebo', 'cmake_prefix_path')
[1.266s] INFO:colcon.colcon_core.shell:Creating environment hook '/home/student36/RoboticsDesignProject/Git-repos/LeoRover-Team7/elephant_arm_ws/install/mycobot_gazebo/share/mycobot_gazebo/hook/cmake_prefix_path.ps1'
[1.269s] INFO:colcon.colcon_core.shell:Creating environment descriptor '/home/student36/RoboticsDesignProject/Git-repos/LeoRover-Team7/elephant_arm_ws/install/mycobot_gazebo/share/mycobot_gazebo/hook/cmake_prefix_path.dsv'
[1.270s] INFO:colcon.colcon_core.shell:Creating environment hook '/home/student36/RoboticsDesignProject/Git-repos/LeoRover-Team7/elephant_arm_ws/install/mycobot_gazebo/share/mycobot_gazebo/hook/cmake_prefix_path.sh'
[1.276s] Level 1:colcon.colcon_core.environment:checking '/home/student36/RoboticsDesignProject/Git-repos/LeoRover-Team7/elephant_arm_ws/install/mycobot_gazebo/bin'
[1.277s] Level 1:colcon.colcon_core.environment:checking '/home/student36/RoboticsDesignProject/Git-repos/LeoRover-Team7/elephant_arm_ws/install/mycobot_gazebo/lib/pkgconfig/mycobot_gazebo.pc'
[1.278s] Level 1:colcon.colcon_core.environment:checking '/home/student36/RoboticsDesignProject/Git-repos/LeoRover-Team7/elephant_arm_ws/install/mycobot_gazebo/lib/python3.12/site-packages'
[1.279s] Level 1:colcon.colcon_core.environment:checking '/home/student36/RoboticsDesignProject/Git-repos/LeoRover-Team7/elephant_arm_ws/install/mycobot_gazebo/bin'
[1.280s] INFO:colcon.colcon_core.shell:Creating package script '/home/student36/RoboticsDesignProject/Git-repos/LeoRover-Team7/elephant_arm_ws/install/mycobot_gazebo/share/mycobot_gazebo/package.ps1'
[1.281s] INFO:colcon.colcon_core.shell:Creating package descriptor '/home/student36/RoboticsDesignProject/Git-repos/LeoRover-Team7/elephant_arm_ws/install/mycobot_gazebo/share/mycobot_gazebo/package.dsv'
[1.285s] INFO:colcon.colcon_core.shell:Creating package script '/home/student36/RoboticsDesignProject/Git-repos/LeoRover-Team7/elephant_arm_ws/install/mycobot_gazebo/share/mycobot_gazebo/package.sh'
[1.286s] INFO:colcon.colcon_core.shell:Creating package script '/home/student36/RoboticsDesignProject/Git-repos/LeoRover-Team7/elephant_arm_ws/install/mycobot_gazebo/share/mycobot_gazebo/package.bash'
[1.287s] INFO:colcon.colcon_core.shell:Creating package script '/home/student36/RoboticsDesignProject/Git-repos/LeoRover-Team7/elephant_arm_ws/install/mycobot_gazebo/share/mycobot_gazebo/package.zsh'
[1.287s] Level 1:colcon.colcon_core.environment:create_file_with_runtime_dependencies(/home/student36/RoboticsDesignProject/Git-repos/LeoRover-Team7/elephant_arm_ws/install/mycobot_gazebo/share/colcon-core/packages/mycobot_gazebo)
[1.290s] DEBUG:colcon.colcon_core.event_handler.log_command:Invoked command in '/home/student36/RoboticsDesignProject/Git-repos/LeoRover-Team7/elephant_arm_ws/build/mycobot_moveit_config' returned '0': CMAKE_PREFIX_PATH=${CMAKE_PREFIX_PATH}:/home/student36/ros2_tutorial_workspace/install/the_simplest_python_package:/home/student36/ros2_tutorial_workspace/install/python_package_with_a_node:/home/student36/ros2_tutorial_workspace/install/python_package_that_uses_the_library:/home/student36/ros2_tutorial_workspace/install/python_package_with_a_library:/home/student36/ros2_tutorial_workspace/install/python_package_that_uses_the_services:/home/student36/ros2_tutorial_workspace/install/python_package_that_uses_the_actions:/home/student36/ros2_tutorial_workspace/install/python_package_that_uses_tf2:/home/student36/ros2_tutorial_workspace/install/python_package_that_uses_parameters_and_launch_files:/home/student36/ros2_tutorial_workspace/install/python_package_that_uses_nottf2:/home/student36/ros2_tutorial_workspace/install/python_package_that_uses_nav2:/home/student36/ros2_tutorial_workspace/install/python_package_that_uses_messages:/home/student36/ros2_tutorial_workspace/install/python_package_that_uses_geometry_msgs:/home/student36/ros2_tutorial_workspace/install/python_package_that_uses_gazebo:/home/student36/ws_moveit/install/moveit_configs_utils:/home/student36/elephant_arm_ws/install/mycobot_description:/opt/ros/jazzy DEBUGINFOD_URLS=https://debuginfod.ubuntu.com /usr/bin/cmake --install /home/student36/RoboticsDesignProject/Git-repos/LeoRover-Team7/elephant_arm_ws/build/mycobot_moveit_config
[1.292s] Level 1:colcon.colcon_core.environment:create_environment_scripts_only(rviz_marker_tools)
[1.293s] Level 1:colcon.colcon_core.environment:checking '/home/student36/RoboticsDesignProject/Git-repos/LeoRover-Team7/elephant_arm_ws/install/rviz_marker_tools' for CMake module files
[1.296s] Level 1:colcon.colcon_core.environment:checking '/home/student36/RoboticsDesignProject/Git-repos/LeoRover-Team7/elephant_arm_ws/install/rviz_marker_tools' for CMake config files
[1.295s] DEBUG:colcon.colcon_core.event_handler.log_command:Invoked command in '/home/student36/RoboticsDesignProject/Git-repos/LeoRover-Team7/elephant_arm_ws/build/rviz_marker_tools' returned '0': CMAKE_PREFIX_PATH=${CMAKE_PREFIX_PATH}:/home/student36/ros2_tutorial_workspace/install/the_simplest_python_package:/home/student36/ros2_tutorial_workspace/install/python_package_with_a_node:/home/student36/ros2_tutorial_workspace/install/python_package_that_uses_the_library:/home/student36/ros2_tutorial_workspace/install/python_package_with_a_library:/home/student36/ros2_tutorial_workspace/install/python_package_that_uses_the_services:/home/student36/ros2_tutorial_workspace/install/python_package_that_uses_the_actions:/home/student36/ros2_tutorial_workspace/install/python_package_that_uses_tf2:/home/student36/ros2_tutorial_workspace/install/python_package_that_uses_parameters_and_launch_files:/home/student36/ros2_tutorial_workspace/install/python_package_that_uses_nottf2:/home/student36/ros2_tutorial_workspace/install/python_package_that_uses_nav2:/home/student36/ros2_tutorial_workspace/install/python_package_that_uses_messages:/home/student36/ros2_tutorial_workspace/install/python_package_that_uses_geometry_msgs:/home/student36/ros2_tutorial_workspace/install/python_package_that_uses_gazebo:/home/student36/ws_moveit/install/moveit_configs_utils:/home/student36/elephant_arm_ws/install/mycobot_description:/opt/ros/jazzy DEBUGINFOD_URLS=https://debuginfod.ubuntu.com /usr/bin/cmake --build /home/student36/RoboticsDesignProject/Git-repos/LeoRover-Team7/elephant_arm_ws/build/rviz_marker_tools -- -j12 -l12
[1.297s] DEBUG:colcon.colcon_core.event_handler.log_command:Invoking command in '/home/student36/RoboticsDesignProject/Git-repos/LeoRover-Team7/elephant_arm_ws/build/rviz_marker_tools': CMAKE_PREFIX_PATH=${CMAKE_PREFIX_PATH}:/home/student36/ros2_tutorial_workspace/install/the_simplest_python_package:/home/student36/ros2_tutorial_workspace/install/python_package_with_a_node:/home/student36/ros2_tutorial_workspace/install/python_package_that_uses_the_library:/home/student36/ros2_tutorial_workspace/install/python_package_with_a_library:/home/student36/ros2_tutorial_workspace/install/python_package_that_uses_the_services:/home/student36/ros2_tutorial_workspace/install/python_package_that_uses_the_actions:/home/student36/ros2_tutorial_workspace/install/python_package_that_uses_tf2:/home/student36/ros2_tutorial_workspace/install/python_package_that_uses_parameters_and_launch_files:/home/student36/ros2_tutorial_workspace/install/python_package_that_uses_nottf2:/home/student36/ros2_tutorial_workspace/install/python_package_that_uses_nav2:/home/student36/ros2_tutorial_workspace/install/python_package_that_uses_messages:/home/student36/ros2_tutorial_workspace/install/python_package_that_uses_geometry_msgs:/home/student36/ros2_tutorial_workspace/install/python_package_that_uses_gazebo:/home/student36/ws_moveit/install/moveit_configs_utils:/home/student36/elephant_arm_ws/install/mycobot_description:/opt/ros/jazzy DEBUGINFOD_URLS=https://debuginfod.ubuntu.com /usr/bin/cmake --install /home/student36/RoboticsDesignProject/Git-repos/LeoRover-Team7/elephant_arm_ws/build/rviz_marker_tools
[1.298s] Level 1:colcon.colcon_core.shell:create_environment_hook('rviz_marker_tools', 'cmake_prefix_path')
[1.299s] INFO:colcon.colcon_core.shell:Creating environment hook '/home/student36/RoboticsDesignProject/Git-repos/LeoRover-Team7/elephant_arm_ws/install/rviz_marker_tools/share/rviz_marker_tools/hook/cmake_prefix_path.ps1'
[1.299s] DEBUG:colcon.colcon_core.event_handler.log_command:Invoked command in '/home/student36/RoboticsDesignProject/Git-repos/LeoRover-Team7/elephant_arm_ws/build/hello_moveit' returned '0': CMAKE_PREFIX_PATH=${CMAKE_PREFIX_PATH}:/home/student36/ros2_tutorial_workspace/install/the_simplest_python_package:/home/student36/ros2_tutorial_workspace/install/python_package_with_a_node:/home/student36/ros2_tutorial_workspace/install/python_package_that_uses_the_library:/home/student36/ros2_tutorial_workspace/install/python_package_with_a_library:/home/student36/ros2_tutorial_workspace/install/python_package_that_uses_the_services:/home/student36/ros2_tutorial_workspace/install/python_package_that_uses_the_actions:/home/student36/ros2_tutorial_workspace/install/python_package_that_uses_tf2:/home/student36/ros2_tutorial_workspace/install/python_package_that_uses_parameters_and_launch_files:/home/student36/ros2_tutorial_workspace/install/python_package_that_uses_nottf2:/home/student36/ros2_tutorial_workspace/install/python_package_that_uses_nav2:/home/student36/ros2_tutorial_workspace/install/python_package_that_uses_messages:/home/student36/ros2_tutorial_workspace/install/python_package_that_uses_geometry_msgs:/home/student36/ros2_tutorial_workspace/install/python_package_that_uses_gazebo:/home/student36/ws_moveit/install/moveit_configs_utils:/home/student36/elephant_arm_ws/install/mycobot_description:/opt/ros/jazzy DEBUGINFOD_URLS=https://debuginfod.ubuntu.com /usr/bin/cmake --build /home/student36/RoboticsDesignProject/Git-repos/LeoRover-Team7/elephant_arm_ws/build/hello_moveit -- -j12 -l12
[1.300s] INFO:colcon.colcon_core.shell:Creating environment descriptor '/home/student36/RoboticsDesignProject/Git-repos/LeoRover-Team7/elephant_arm_ws/install/rviz_marker_tools/share/rviz_marker_tools/hook/cmake_prefix_path.dsv'
[1.300s] DEBUG:colcon.colcon_core.event_handler.log_command:Invoking command in '/home/student36/RoboticsDesignProject/Git-repos/LeoRover-Team7/elephant_arm_ws/build/hello_moveit': CMAKE_PREFIX_PATH=${CMAKE_PREFIX_PATH}:/home/student36/ros2_tutorial_workspace/install/the_simplest_python_package:/home/student36/ros2_tutorial_workspace/install/python_package_with_a_node:/home/student36/ros2_tutorial_workspace/install/python_package_that_uses_the_library:/home/student36/ros2_tutorial_workspace/install/python_package_with_a_library:/home/student36/ros2_tutorial_workspace/install/python_package_that_uses_the_services:/home/student36/ros2_tutorial_workspace/install/python_package_that_uses_the_actions:/home/student36/ros2_tutorial_workspace/install/python_package_that_uses_tf2:/home/student36/ros2_tutorial_workspace/install/python_package_that_uses_parameters_and_launch_files:/home/student36/ros2_tutorial_workspace/install/python_package_that_uses_nottf2:/home/student36/ros2_tutorial_workspace/install/python_package_that_uses_nav2:/home/student36/ros2_tutorial_workspace/install/python_package_that_uses_messages:/home/student36/ros2_tutorial_workspace/install/python_package_that_uses_geometry_msgs:/home/student36/ros2_tutorial_workspace/install/python_package_that_uses_gazebo:/home/student36/ws_moveit/install/moveit_configs_utils:/home/student36/elephant_arm_ws/install/mycobot_description:/opt/ros/jazzy DEBUGINFOD_URLS=https://debuginfod.ubuntu.com /usr/bin/cmake --install /home/student36/RoboticsDesignProject/Git-repos/LeoRover-Team7/elephant_arm_ws/build/hello_moveit
[1.303s] DEBUG:colcon.colcon_core.event_handler.log_command:Invoking command in '/home/student36/RoboticsDesignProject/Git-repos/LeoRover-Team7/elephant_arm_ws/build/mycobot_ros2': CMAKE_PREFIX_PATH=/home/student36/RoboticsDesignProject/Git-repos/LeoRover-Team7/elephant_arm_ws/install/mycobot_description:/home/student36/RoboticsDesignProject/Git-repos/LeoRover-Team7/elephant_arm_ws/install/mtc_tutorial:/home/student36/RoboticsDesignProject/Git-repos/LeoRover-Team7/elephant_arm_ws/install/moveit_task_constructor_demo:/home/student36/RoboticsDesignProject/Git-repos/LeoRover-Team7/elephant_arm_ws/install/moveit_task_constructor_visualization:/home/student36/RoboticsDesignProject/Git-repos/LeoRover-Team7/elephant_arm_ws/install/moveit_task_constructor_capabilities:/home/student36/RoboticsDesignProject/Git-repos/LeoRover-Team7/elephant_arm_ws/install/moveit_task_constructor_core:/home/student36/RoboticsDesignProject/Git-repos/LeoRover-Team7/elephant_arm_ws/install/rviz_marker_tools:/home/student36/RoboticsDesignProject/Git-repos/LeoRover-Team7/elephant_arm_ws/install/mycobot_ros2:/home/student36/RoboticsDesignProject/Git-repos/LeoRover-Team7/elephant_arm_ws/install/mycobot_moveit_config:/home/student36/RoboticsDesignProject/Git-repos/LeoRover-Team7/elephant_arm_ws/install/mycobot_gazebo:/home/student36/RoboticsDesignProject/Git-repos/LeoRover-Team7/elephant_arm_ws/install/mycobot_bringup:/home/student36/RoboticsDesignProject/Git-repos/LeoRover-Team7/elephant_arm_ws/install/moveit_task_constructor_msgs:/home/student36/RoboticsDesignProject/Git-repos/LeoRover-Team7/elephant_arm_ws/install/hello_moveit:/home/student36/ros2_tutorial_workspace/install/package_with_interfaces:/home/student36/ws_moveit/install/robotiq_hardware_tests:/home/student36/ws_moveit/install/robotiq_driver:/home/student36/ws_moveit/install/serial:/home/student36/ws_moveit/install/moveit2_tutorials:/home/student36/ws_moveit/install/hello_moveit:/home/student36/ws_moveit/install/moveit_visual_tools:/home/student36/ws_moveit/install/rviz_visual_tools:/home/student36/ws_moveit/install/mtc_tutorial:/home/student36/ws_moveit/install/moveit_task_constructor_demo:/home/student36/ws_moveit/install/moveit_task_constructor_visualization:/home/student36/ws_moveit/install/moveit_task_constructor_capabilities:/home/student36/ws_moveit/install/elephant:/home/student36/ws_moveit/install/moveit_task_constructor_core:/home/student36/ws_moveit/install/rviz_marker_tools:/home/student36/ws_moveit/install/kortex_bringup:/home/student36/ws_moveit/install/kinova_gen3_lite_moveit_config:/home/student36/ws_moveit/install/kinova_gen3_7dof_robotiq_2f_85_moveit_config:/home/student36/ws_moveit/install/kinova_gen3_6dof_robotiq_2f_85_moveit_config:/home/student36/ws_moveit/install/kortex_description:/home/student36/ws_moveit/install/robotiq_description:/home/student36/ws_moveit/install/robotiq_controllers:/home/student36/ws_moveit/install/pilz_industrial_motion_planner_testutils:/home/student36/ws_moveit/install/mycobot_280_moveit2:/home/student36/ws_moveit/install/moveit_runtime:/home/student36/ws_moveit/install/moveit:/home/student36/ws_moveit/install/elephant_arm:/home/student36/ws_moveit/install/moveit_planners:/home/student36/ws_moveit/install/pilz_industrial_motion_planner:/home/student36/ws_moveit/install/mycobot_description:/home/student36/ws_moveit/install/moveit_task_constructor_msgs:/home/student36/ws_moveit/install/moveit_ros_control_interface:/home/student36/ws_moveit/install/moveit_plugins:/home/student36/ws_moveit/install/moveit_simple_controller_manager:/home/student36/ws_moveit/install/moveit_setup_assistant:/home/student36/ws_moveit/install/moveit_setup_srdf_plugins:/home/student36/ws_moveit/install/moveit_setup_core_plugins:/home/student36/ws_moveit/install/moveit_setup_controllers:/home/student36/ws_moveit/install/moveit_setup_app_plugins:/home/student36/ws_moveit/install/moveit_setup_framework:/home/student36/ws_moveit/install/moveit_servo:/home/student36/ws_moveit/install/moveit_ros_trajectory_cache:/home/student36/ws_moveit/install/moveit_ros:/home/student36/ws_moveit/install/moveit_ros_visualization:/home/student36/ws_moveit/install/moveit_py:/home/student36/ws_moveit/install/moveit_hybrid_planning:/home/student36/ws_moveit/install/moveit_ros_planning_interface:/home/student36/ws_moveit/install/moveit_ros_benchmarks:/home/student36/ws_moveit/install/moveit_ros_warehouse:/home/student36/ws_moveit/install/moveit_ros_robot_interaction:/home/student36/ws_moveit/install/moveit_ros_perception:/home/student36/ws_moveit/install/moveit_resources_prbt_pg70_support:/home/student36/ws_moveit/install/moveit_resources_prbt_moveit_config:/home/student36/ws_moveit/install/moveit_ros_move_group:/home/student36/ws_moveit/install/moveit_planners_ompl:/home/student36/ws_moveit/install/moveit_kinematics:/home/student36/ws_moveit/install/moveit_ros_planning:/home/student36/ws_moveit/install/moveit_ros_occupancy_map_monitor:/home/student36/ws_moveit/install/moveit_resources_prbt_support:/home/student36/ws_moveit/install/moveit_resources_prbt_ikfast_manipulator_plugin:/home/student36/ws_moveit/install/moveit_resources:/home/student36/ws_moveit/install/moveit_resources_pr2_description:/home/student36/ws_moveit/install/moveit_resources_panda_moveit_config:/home/student36/ws_moveit/install/dual_arm_panda_moveit_config:/home/student36/ws_moveit/install/moveit_resources_panda_description:/home/student36/ws_moveit/install/moveit_resources_fanuc_moveit_config:/home/student36/ws_moveit/install/moveit_resources_fanuc_description:/home/student36/ws_moveit/install/moveit_planners_stomp:/home/student36/ws_moveit/install/moveit_planners_chomp:/home/student36/ws_moveit/install/chomp_motion_planner:/home/student36/ws_moveit/install/moveit_core:/home/student36/ws_moveit/install/moveit_msgs:/home/student36/ws_moveit/install/moveit_common:/home/student36/ws_moveit/install/kortex_driver:/home/student36/ws_moveit/install/kortex_api:/home/student36/rplidar_ws/install/rplidar_ros:/home/student36/elephant_arm_ws/install/mycobot_280_moveit2:/opt/ros/jazzy/opt/gz_sim_vendor:/opt/ros/jazzy/opt/gz_sensors_vendor:/opt/ros/jazzy/opt/gz_physics_vendor:/opt/ros/jazzy/opt/sdformat_vendor:/opt/ros/jazzy/opt/gz_gui_vendor:/opt/ros/jazzy/opt/gz_transport_vendor:/opt/ros/jazzy/opt/gz_rendering_vendor:/opt/ros/jazzy/opt/gz_plugin_vendor:/opt/ros/jazzy/opt/gz_fuel_tools_vendor:/opt/ros/jazzy/opt/gz_msgs_vendor:/opt/ros/jazzy/opt/gz_common_vendor:/opt/ros/jazzy/opt/gz_math_vendor:/opt/ros/jazzy/opt/gz_utils_vendor:/opt/ros/jazzy/opt/gz_tools_vendor:/opt/ros/jazzy/opt/gz_ogre_next_vendor:/opt/ros/jazzy/opt/gz_dartsim_vendor:/opt/ros/jazzy/opt/gz_cmake_vendor:/home/student36/ros2_tutorial_workspace/install/the_simplest_python_package:/home/student36/ros2_tutorial_workspace/install/python_package_with_a_node:/home/student36/ros2_tutorial_workspace/install/python_package_that_uses_the_library:/home/student36/ros2_tutorial_workspace/install/python_package_with_a_library:/home/student36/ros2_tutorial_workspace/install/python_package_that_uses_the_services:/home/student36/ros2_tutorial_workspace/install/python_package_that_uses_the_actions:/home/student36/ros2_tutorial_workspace/install/python_package_that_uses_tf2:/home/student36/ros2_tutorial_workspace/install/python_package_that_uses_parameters_and_launch_files:/home/student36/ros2_tutorial_workspace/install/python_package_that_uses_nottf2:/home/student36/ros2_tutorial_workspace/install/python_package_that_uses_nav2:/home/student36/ros2_tutorial_workspace/install/python_package_that_uses_messages:/home/student36/ros2_tutorial_workspace/install/python_package_that_uses_geometry_msgs:/home/student36/ros2_tutorial_workspace/install/python_package_that_uses_gazebo:/home/student36/ws_moveit/install/moveit_configs_utils:/home/student36/elephant_arm_ws/install/mycobot_description:/opt/ros/jazzy DEBUGINFOD_URLS=https://debuginfod.ubuntu.com /usr/bin/cmake --build /home/student36/RoboticsDesignProject/Git-repos/LeoRover-Team7/elephant_arm_ws/build/mycobot_ros2 -- -j12 -l12
[1.307s] INFO:colcon.colcon_core.shell:Creating environment hook '/home/student36/RoboticsDesignProject/Git-repos/LeoRover-Team7/elephant_arm_ws/install/rviz_marker_tools/share/rviz_marker_tools/hook/cmake_prefix_path.sh'
[1.308s] Level 1:colcon.colcon_core.environment:checking '/home/student36/RoboticsDesignProject/Git-repos/LeoRover-Team7/elephant_arm_ws/install/rviz_marker_tools/lib'
[1.309s] Level 1:colcon.colcon_core.shell:create_environment_hook('rviz_marker_tools', 'ld_library_path_lib')
[1.309s] INFO:colcon.colcon_core.shell:Creating environment hook '/home/student36/RoboticsDesignProject/Git-repos/LeoRover-Team7/elephant_arm_ws/install/rviz_marker_tools/share/rviz_marker_tools/hook/ld_library_path_lib.ps1'
[1.310s] INFO:colcon.colcon_core.shell:Creating environment descriptor '/home/student36/RoboticsDesignProject/Git-repos/LeoRover-Team7/elephant_arm_ws/install/rviz_marker_tools/share/rviz_marker_tools/hook/ld_library_path_lib.dsv'
[1.313s] DEBUG:colcon.colcon_core.event_handler.log_command:Invoked command in '/home/student36/RoboticsDesignProject/Git-repos/LeoRover-Team7/elephant_arm_ws/build/mycobot_gazebo' returned '0': CMAKE_PREFIX_PATH=${CMAKE_PREFIX_PATH}:/home/student36/ros2_tutorial_workspace/install/the_simplest_python_package:/home/student36/ros2_tutorial_workspace/install/python_package_with_a_node:/home/student36/ros2_tutorial_workspace/install/python_package_that_uses_the_library:/home/student36/ros2_tutorial_workspace/install/python_package_with_a_library:/home/student36/ros2_tutorial_workspace/install/python_package_that_uses_the_services:/home/student36/ros2_tutorial_workspace/install/python_package_that_uses_the_actions:/home/student36/ros2_tutorial_workspace/install/python_package_that_uses_tf2:/home/student36/ros2_tutorial_workspace/install/python_package_that_uses_parameters_and_launch_files:/home/student36/ros2_tutorial_workspace/install/python_package_that_uses_nottf2:/home/student36/ros2_tutorial_workspace/install/python_package_that_uses_nav2:/home/student36/ros2_tutorial_workspace/install/python_package_that_uses_messages:/home/student36/ros2_tutorial_workspace/install/python_package_that_uses_geometry_msgs:/home/student36/ros2_tutorial_workspace/install/python_package_that_uses_gazebo:/home/student36/ws_moveit/install/moveit_configs_utils:/home/student36/elephant_arm_ws/install/mycobot_description:/opt/ros/jazzy DEBUGINFOD_URLS=https://debuginfod.ubuntu.com /usr/bin/cmake --install /home/student36/RoboticsDesignProject/Git-repos/LeoRover-Team7/elephant_arm_ws/build/mycobot_gazebo
[1.313s] INFO:colcon.colcon_core.shell:Creating environment hook '/home/student36/RoboticsDesignProject/Git-repos/LeoRover-Team7/elephant_arm_ws/install/rviz_marker_tools/share/rviz_marker_tools/hook/ld_library_path_lib.sh'
[1.318s] Level 1:colcon.colcon_core.environment:checking '/home/student36/RoboticsDesignProject/Git-repos/LeoRover-Team7/elephant_arm_ws/install/rviz_marker_tools/bin'
[1.318s] Level 1:colcon.colcon_core.environment:checking '/home/student36/RoboticsDesignProject/Git-repos/LeoRover-Team7/elephant_arm_ws/install/rviz_marker_tools/lib/pkgconfig/rviz_marker_tools.pc'
[1.319s] Level 1:colcon.colcon_core.environment:checking '/home/student36/RoboticsDesignProject/Git-repos/LeoRover-Team7/elephant_arm_ws/install/rviz_marker_tools/lib/python3.12/site-packages'
[1.319s] Level 1:colcon.colcon_core.environment:checking '/home/student36/RoboticsDesignProject/Git-repos/LeoRover-Team7/elephant_arm_ws/install/rviz_marker_tools/bin'
[1.320s] INFO:colcon.colcon_core.shell:Creating package script '/home/student36/RoboticsDesignProject/Git-repos/LeoRover-Team7/elephant_arm_ws/install/rviz_marker_tools/share/rviz_marker_tools/package.ps1'
[1.324s] DEBUG:colcon.colcon_core.event_handler.log_command:Invoked command in '/home/student36/RoboticsDesignProject/Git-repos/LeoRover-Team7/elephant_arm_ws/build/rviz_marker_tools' returned '0': CMAKE_PREFIX_PATH=${CMAKE_PREFIX_PATH}:/home/student36/ros2_tutorial_workspace/install/the_simplest_python_package:/home/student36/ros2_tutorial_workspace/install/python_package_with_a_node:/home/student36/ros2_tutorial_workspace/install/python_package_that_uses_the_library:/home/student36/ros2_tutorial_workspace/install/python_package_with_a_library:/home/student36/ros2_tutorial_workspace/install/python_package_that_uses_the_services:/home/student36/ros2_tutorial_workspace/install/python_package_that_uses_the_actions:/home/student36/ros2_tutorial_workspace/install/python_package_that_uses_tf2:/home/student36/ros2_tutorial_workspace/install/python_package_that_uses_parameters_and_launch_files:/home/student36/ros2_tutorial_workspace/install/python_package_that_uses_nottf2:/home/student36/ros2_tutorial_workspace/install/python_package_that_uses_nav2:/home/student36/ros2_tutorial_workspace/install/python_package_that_uses_messages:/home/student36/ros2_tutorial_workspace/install/python_package_that_uses_geometry_msgs:/home/student36/ros2_tutorial_workspace/install/python_package_that_uses_gazebo:/home/student36/ws_moveit/install/moveit_configs_utils:/home/student36/elephant_arm_ws/install/mycobot_description:/opt/ros/jazzy DEBUGINFOD_URLS=https://debuginfod.ubuntu.com /usr/bin/cmake --install /home/student36/RoboticsDesignProject/Git-repos/LeoRover-Team7/elephant_arm_ws/build/rviz_marker_tools
[1.325s] INFO:colcon.colcon_core.shell:Creating package descriptor '/home/student36/RoboticsDesignProject/Git-repos/LeoRover-Team7/elephant_arm_ws/install/rviz_marker_tools/share/rviz_marker_tools/package.dsv'
[1.326s] INFO:colcon.colcon_core.shell:Creating package script '/home/student36/RoboticsDesignProject/Git-repos/LeoRover-Team7/elephant_arm_ws/install/rviz_marker_tools/share/rviz_marker_tools/package.sh'
[1.327s] INFO:colcon.colcon_core.shell:Creating package script '/home/student36/RoboticsDesignProject/Git-repos/LeoRover-Team7/elephant_arm_ws/install/rviz_marker_tools/share/rviz_marker_tools/package.bash'
[1.328s] INFO:colcon.colcon_core.shell:Creating package script '/home/student36/RoboticsDesignProject/Git-repos/LeoRover-Team7/elephant_arm_ws/install/rviz_marker_tools/share/rviz_marker_tools/package.zsh'
[1.329s] Level 1:colcon.colcon_core.environment:create_file_with_runtime_dependencies(/home/student36/RoboticsDesignProject/Git-repos/LeoRover-Team7/elephant_arm_ws/install/rviz_marker_tools/share/colcon-core/packages/rviz_marker_tools)
[1.330s] Level 1:colcon.colcon_core.environment:create_environment_scripts_only(rviz_marker_tools)
[1.330s] Level 1:colcon.colcon_core.environment:checking '/home/student36/RoboticsDesignProject/Git-repos/LeoRover-Team7/elephant_arm_ws/install/rviz_marker_tools' for CMake module files
[1.331s] Level 1:colcon.colcon_core.environment:checking '/home/student36/RoboticsDesignProject/Git-repos/LeoRover-Team7/elephant_arm_ws/install/rviz_marker_tools' for CMake config files
[1.332s] Level 1:colcon.colcon_core.shell:create_environment_hook('rviz_marker_tools', 'cmake_prefix_path')
[1.333s] INFO:colcon.colcon_core.shell:Creating environment hook '/home/student36/RoboticsDesignProject/Git-repos/LeoRover-Team7/elephant_arm_ws/install/rviz_marker_tools/share/rviz_marker_tools/hook/cmake_prefix_path.ps1'
[1.334s] INFO:colcon.colcon_core.shell:Creating environment descriptor '/home/student36/RoboticsDesignProject/Git-repos/LeoRover-Team7/elephant_arm_ws/install/rviz_marker_tools/share/rviz_marker_tools/hook/cmake_prefix_path.dsv'
[1.335s] INFO:colcon.colcon_core.shell:Creating environment hook '/home/student36/RoboticsDesignProject/Git-repos/LeoRover-Team7/elephant_arm_ws/install/rviz_marker_tools/share/rviz_marker_tools/hook/cmake_prefix_path.sh'
[1.337s] Level 1:colcon.colcon_core.environment:checking '/home/student36/RoboticsDesignProject/Git-repos/LeoRover-Team7/elephant_arm_ws/install/rviz_marker_tools/lib'
[1.337s] Level 1:colcon.colcon_core.shell:create_environment_hook('rviz_marker_tools', 'ld_library_path_lib')
[1.338s] INFO:colcon.colcon_core.shell:Creating environment hook '/home/student36/RoboticsDesignProject/Git-repos/LeoRover-Team7/elephant_arm_ws/install/rviz_marker_tools/share/rviz_marker_tools/hook/ld_library_path_lib.ps1'
[1.340s] INFO:colcon.colcon_core.shell:Creating environment descriptor '/home/student36/RoboticsDesignProject/Git-repos/LeoRover-Team7/elephant_arm_ws/install/rviz_marker_tools/share/rviz_marker_tools/hook/ld_library_path_lib.dsv'
[1.341s] INFO:colcon.colcon_core.shell:Creating environment hook '/home/student36/RoboticsDesignProject/Git-repos/LeoRover-Team7/elephant_arm_ws/install/rviz_marker_tools/share/rviz_marker_tools/hook/ld_library_path_lib.sh'
[1.342s] Level 1:colcon.colcon_core.environment:checking '/home/student36/RoboticsDesignProject/Git-repos/LeoRover-Team7/elephant_arm_ws/install/rviz_marker_tools/bin'
[1.342s] Level 1:colcon.colcon_core.environment:checking '/home/student36/RoboticsDesignProject/Git-repos/LeoRover-Team7/elephant_arm_ws/install/rviz_marker_tools/lib/pkgconfig/rviz_marker_tools.pc'
[1.343s] Level 1:colcon.colcon_core.environment:checking '/home/student36/RoboticsDesignProject/Git-repos/LeoRover-Team7/elephant_arm_ws/install/rviz_marker_tools/lib/python3.12/site-packages'
[1.344s] Level 1:colcon.colcon_core.environment:checking '/home/student36/RoboticsDesignProject/Git-repos/LeoRover-Team7/elephant_arm_ws/install/rviz_marker_tools/bin'
[1.345s] INFO:colcon.colcon_core.shell:Creating package script '/home/student36/RoboticsDesignProject/Git-repos/LeoRover-Team7/elephant_arm_ws/install/rviz_marker_tools/share/rviz_marker_tools/package.ps1'
[1.347s] INFO:colcon.colcon_core.shell:Creating package descriptor '/home/student36/RoboticsDesignProject/Git-repos/LeoRover-Team7/elephant_arm_ws/install/rviz_marker_tools/share/rviz_marker_tools/package.dsv'
[1.349s] INFO:colcon.colcon_core.shell:Creating package script '/home/student36/RoboticsDesignProject/Git-repos/LeoRover-Team7/elephant_arm_ws/install/rviz_marker_tools/share/rviz_marker_tools/package.sh'
[1.350s] INFO:colcon.colcon_core.shell:Creating package script '/home/student36/RoboticsDesignProject/Git-repos/LeoRover-Team7/elephant_arm_ws/install/rviz_marker_tools/share/rviz_marker_tools/package.bash'
[1.350s] INFO:colcon.colcon_core.shell:Creating package script '/home/student36/RoboticsDesignProject/Git-repos/LeoRover-Team7/elephant_arm_ws/install/rviz_marker_tools/share/rviz_marker_tools/package.zsh'
[1.351s] Level 1:colcon.colcon_core.environment:create_file_with_runtime_dependencies(/home/student36/RoboticsDesignProject/Git-repos/LeoRover-Team7/elephant_arm_ws/install/rviz_marker_tools/share/colcon-core/packages/rviz_marker_tools)
[1.352s] Level 1:colcon.colcon_core.environment:create_environment_scripts_only(hello_moveit)
[1.352s] Level 1:colcon.colcon_core.environment:checking '/home/student36/RoboticsDesignProject/Git-repos/LeoRover-Team7/elephant_arm_ws/install/hello_moveit' for CMake module files
[1.353s] Level 1:colcon.colcon_core.environment:checking '/home/student36/RoboticsDesignProject/Git-repos/LeoRover-Team7/elephant_arm_ws/install/hello_moveit' for CMake config files
[1.353s] Level 1:colcon.colcon_core.shell:create_environment_hook('hello_moveit', 'cmake_prefix_path')
[1.354s] INFO:colcon.colcon_core.shell:Creating environment hook '/home/student36/RoboticsDesignProject/Git-repos/LeoRover-Team7/elephant_arm_ws/install/hello_moveit/share/hello_moveit/hook/cmake_prefix_path.ps1'
[1.356s] DEBUG:colcon.colcon_core.event_handler.log_command:Invoked command in '/home/student36/RoboticsDesignProject/Git-repos/LeoRover-Team7/elephant_arm_ws/build/hello_moveit' returned '0': CMAKE_PREFIX_PATH=${CMAKE_PREFIX_PATH}:/home/student36/ros2_tutorial_workspace/install/the_simplest_python_package:/home/student36/ros2_tutorial_workspace/install/python_package_with_a_node:/home/student36/ros2_tutorial_workspace/install/python_package_that_uses_the_library:/home/student36/ros2_tutorial_workspace/install/python_package_with_a_library:/home/student36/ros2_tutorial_workspace/install/python_package_that_uses_the_services:/home/student36/ros2_tutorial_workspace/install/python_package_that_uses_the_actions:/home/student36/ros2_tutorial_workspace/install/python_package_that_uses_tf2:/home/student36/ros2_tutorial_workspace/install/python_package_that_uses_parameters_and_launch_files:/home/student36/ros2_tutorial_workspace/install/python_package_that_uses_nottf2:/home/student36/ros2_tutorial_workspace/install/python_package_that_uses_nav2:/home/student36/ros2_tutorial_workspace/install/python_package_that_uses_messages:/home/student36/ros2_tutorial_workspace/install/python_package_that_uses_geometry_msgs:/home/student36/ros2_tutorial_workspace/install/python_package_that_uses_gazebo:/home/student36/ws_moveit/install/moveit_configs_utils:/home/student36/elephant_arm_ws/install/mycobot_description:/opt/ros/jazzy DEBUGINFOD_URLS=https://debuginfod.ubuntu.com /usr/bin/cmake --install /home/student36/RoboticsDesignProject/Git-repos/LeoRover-Team7/elephant_arm_ws/build/hello_moveit
[1.357s] INFO:colcon.colcon_core.shell:Creating environment descriptor '/home/student36/RoboticsDesignProject/Git-repos/LeoRover-Team7/elephant_arm_ws/install/hello_moveit/share/hello_moveit/hook/cmake_prefix_path.dsv'
[1.357s] INFO:colcon.colcon_core.shell:Creating environment hook '/home/student36/RoboticsDesignProject/Git-repos/LeoRover-Team7/elephant_arm_ws/install/hello_moveit/share/hello_moveit/hook/cmake_prefix_path.sh'
[1.358s] Level 1:colcon.colcon_core.environment:checking '/home/student36/RoboticsDesignProject/Git-repos/LeoRover-Team7/elephant_arm_ws/install/hello_moveit/lib'
[1.358s] Level 1:colcon.colcon_core.environment:checking '/home/student36/RoboticsDesignProject/Git-repos/LeoRover-Team7/elephant_arm_ws/install/hello_moveit/bin'
[1.359s] Level 1:colcon.colcon_core.environment:checking '/home/student36/RoboticsDesignProject/Git-repos/LeoRover-Team7/elephant_arm_ws/install/hello_moveit/lib/pkgconfig/hello_moveit.pc'
[1.359s] Level 1:colcon.colcon_core.environment:checking '/home/student36/RoboticsDesignProject/Git-repos/LeoRover-Team7/elephant_arm_ws/install/hello_moveit/lib/python3.12/site-packages'
[1.359s] Level 1:colcon.colcon_core.environment:checking '/home/student36/RoboticsDesignProject/Git-repos/LeoRover-Team7/elephant_arm_ws/install/hello_moveit/bin'
[1.360s] INFO:colcon.colcon_core.shell:Creating package script '/home/student36/RoboticsDesignProject/Git-repos/LeoRover-Team7/elephant_arm_ws/install/hello_moveit/share/hello_moveit/package.ps1'
[1.361s] INFO:colcon.colcon_core.shell:Creating package descriptor '/home/student36/RoboticsDesignProject/Git-repos/LeoRover-Team7/elephant_arm_ws/install/hello_moveit/share/hello_moveit/package.dsv'
[1.361s] INFO:colcon.colcon_core.shell:Creating package script '/home/student36/RoboticsDesignProject/Git-repos/LeoRover-Team7/elephant_arm_ws/install/hello_moveit/share/hello_moveit/package.sh'
[1.362s] INFO:colcon.colcon_core.shell:Creating package script '/home/student36/RoboticsDesignProject/Git-repos/LeoRover-Team7/elephant_arm_ws/install/hello_moveit/share/hello_moveit/package.bash'
[1.362s] INFO:colcon.colcon_core.shell:Creating package script '/home/student36/RoboticsDesignProject/Git-repos/LeoRover-Team7/elephant_arm_ws/install/hello_moveit/share/hello_moveit/package.zsh'
[1.363s] Level 1:colcon.colcon_core.environment:create_file_with_runtime_dependencies(/home/student36/RoboticsDesignProject/Git-repos/LeoRover-Team7/elephant_arm_ws/install/hello_moveit/share/colcon-core/packages/hello_moveit)
[1.364s] Level 1:colcon.colcon_core.environment:create_environment_scripts_only(hello_moveit)
[1.364s] Level 1:colcon.colcon_core.environment:checking '/home/student36/RoboticsDesignProject/Git-repos/LeoRover-Team7/elephant_arm_ws/install/hello_moveit' for CMake module files
[1.365s] Level 1:colcon.colcon_core.environment:checking '/home/student36/RoboticsDesignProject/Git-repos/LeoRover-Team7/elephant_arm_ws/install/hello_moveit' for CMake config files
[1.365s] Level 1:colcon.colcon_core.shell:create_environment_hook('hello_moveit', 'cmake_prefix_path')
[1.366s] INFO:colcon.colcon_core.shell:Creating environment hook '/home/student36/RoboticsDesignProject/Git-repos/LeoRover-Team7/elephant_arm_ws/install/hello_moveit/share/hello_moveit/hook/cmake_prefix_path.ps1'
[1.367s] INFO:colcon.colcon_core.shell:Creating environment descriptor '/home/student36/RoboticsDesignProject/Git-repos/LeoRover-Team7/elephant_arm_ws/install/hello_moveit/share/hello_moveit/hook/cmake_prefix_path.dsv'
[1.368s] INFO:colcon.colcon_core.shell:Creating environment hook '/home/student36/RoboticsDesignProject/Git-repos/LeoRover-Team7/elephant_arm_ws/install/hello_moveit/share/hello_moveit/hook/cmake_prefix_path.sh'
[1.369s] Level 1:colcon.colcon_core.environment:checking '/home/student36/RoboticsDesignProject/Git-repos/LeoRover-Team7/elephant_arm_ws/install/hello_moveit/lib'
[1.369s] Level 1:colcon.colcon_core.environment:checking '/home/student36/RoboticsDesignProject/Git-repos/LeoRover-Team7/elephant_arm_ws/install/hello_moveit/bin'
[1.369s] Level 1:colcon.colcon_core.environment:checking '/home/student36/RoboticsDesignProject/Git-repos/LeoRover-Team7/elephant_arm_ws/install/hello_moveit/lib/pkgconfig/hello_moveit.pc'
[1.370s] Level 1:colcon.colcon_core.environment:checking '/home/student36/RoboticsDesignProject/Git-repos/LeoRover-Team7/elephant_arm_ws/install/hello_moveit/lib/python3.12/site-packages'
[1.370s] Level 1:colcon.colcon_core.environment:checking '/home/student36/RoboticsDesignProject/Git-repos/LeoRover-Team7/elephant_arm_ws/install/hello_moveit/bin'
[1.371s] INFO:colcon.colcon_core.shell:Creating package script '/home/student36/RoboticsDesignProject/Git-repos/LeoRover-Team7/elephant_arm_ws/install/hello_moveit/share/hello_moveit/package.ps1'
[1.372s] INFO:colcon.colcon_core.shell:Creating package descriptor '/home/student36/RoboticsDesignProject/Git-repos/LeoRover-Team7/elephant_arm_ws/install/hello_moveit/share/hello_moveit/package.dsv'
[1.373s] INFO:colcon.colcon_core.shell:Creating package script '/home/student36/RoboticsDesignProject/Git-repos/LeoRover-Team7/elephant_arm_ws/install/hello_moveit/share/hello_moveit/package.sh'
[1.376s] INFO:colcon.colcon_core.shell:Creating package script '/home/student36/RoboticsDesignProject/Git-repos/LeoRover-Team7/elephant_arm_ws/install/hello_moveit/share/hello_moveit/package.bash'
[1.377s] INFO:colcon.colcon_core.shell:Creating package script '/home/student36/RoboticsDesignProject/Git-repos/LeoRover-Team7/elephant_arm_ws/install/hello_moveit/share/hello_moveit/package.zsh'
[1.378s] Level 1:colcon.colcon_core.environment:create_file_with_runtime_dependencies(/home/student36/RoboticsDesignProject/Git-repos/LeoRover-Team7/elephant_arm_ws/install/hello_moveit/share/colcon-core/packages/hello_moveit)
[1.381s] DEBUG:colcon.colcon_core.event_handler.log_command:Invoked command in '/home/student36/RoboticsDesignProject/Git-repos/LeoRover-Team7/elephant_arm_ws/build/mycobot_ros2' returned '0': CMAKE_PREFIX_PATH=/home/student36/RoboticsDesignProject/Git-repos/LeoRover-Team7/elephant_arm_ws/install/mycobot_description:/home/student36/RoboticsDesignProject/Git-repos/LeoRover-Team7/elephant_arm_ws/install/mtc_tutorial:/home/student36/RoboticsDesignProject/Git-repos/LeoRover-Team7/elephant_arm_ws/install/moveit_task_constructor_demo:/home/student36/RoboticsDesignProject/Git-repos/LeoRover-Team7/elephant_arm_ws/install/moveit_task_constructor_visualization:/home/student36/RoboticsDesignProject/Git-repos/LeoRover-Team7/elephant_arm_ws/install/moveit_task_constructor_capabilities:/home/student36/RoboticsDesignProject/Git-repos/LeoRover-Team7/elephant_arm_ws/install/moveit_task_constructor_core:/home/student36/RoboticsDesignProject/Git-repos/LeoRover-Team7/elephant_arm_ws/install/rviz_marker_tools:/home/student36/RoboticsDesignProject/Git-repos/LeoRover-Team7/elephant_arm_ws/install/mycobot_ros2:/home/student36/RoboticsDesignProject/Git-repos/LeoRover-Team7/elephant_arm_ws/install/mycobot_moveit_config:/home/student36/RoboticsDesignProject/Git-repos/LeoRover-Team7/elephant_arm_ws/install/mycobot_gazebo:/home/student36/RoboticsDesignProject/Git-repos/LeoRover-Team7/elephant_arm_ws/install/mycobot_bringup:/home/student36/RoboticsDesignProject/Git-repos/LeoRover-Team7/elephant_arm_ws/install/moveit_task_constructor_msgs:/home/student36/RoboticsDesignProject/Git-repos/LeoRover-Team7/elephant_arm_ws/install/hello_moveit:/home/student36/ros2_tutorial_workspace/install/package_with_interfaces:/home/student36/ws_moveit/install/robotiq_hardware_tests:/home/student36/ws_moveit/install/robotiq_driver:/home/student36/ws_moveit/install/serial:/home/student36/ws_moveit/install/moveit2_tutorials:/home/student36/ws_moveit/install/hello_moveit:/home/student36/ws_moveit/install/moveit_visual_tools:/home/student36/ws_moveit/install/rviz_visual_tools:/home/student36/ws_moveit/install/mtc_tutorial:/home/student36/ws_moveit/install/moveit_task_constructor_demo:/home/student36/ws_moveit/install/moveit_task_constructor_visualization:/home/student36/ws_moveit/install/moveit_task_constructor_capabilities:/home/student36/ws_moveit/install/elephant:/home/student36/ws_moveit/install/moveit_task_constructor_core:/home/student36/ws_moveit/install/rviz_marker_tools:/home/student36/ws_moveit/install/kortex_bringup:/home/student36/ws_moveit/install/kinova_gen3_lite_moveit_config:/home/student36/ws_moveit/install/kinova_gen3_7dof_robotiq_2f_85_moveit_config:/home/student36/ws_moveit/install/kinova_gen3_6dof_robotiq_2f_85_moveit_config:/home/student36/ws_moveit/install/kortex_description:/home/student36/ws_moveit/install/robotiq_description:/home/student36/ws_moveit/install/robotiq_controllers:/home/student36/ws_moveit/install/pilz_industrial_motion_planner_testutils:/home/student36/ws_moveit/install/mycobot_280_moveit2:/home/student36/ws_moveit/install/moveit_runtime:/home/student36/ws_moveit/install/moveit:/home/student36/ws_moveit/install/elephant_arm:/home/student36/ws_moveit/install/moveit_planners:/home/student36/ws_moveit/install/pilz_industrial_motion_planner:/home/student36/ws_moveit/install/mycobot_description:/home/student36/ws_moveit/install/moveit_task_constructor_msgs:/home/student36/ws_moveit/install/moveit_ros_control_interface:/home/student36/ws_moveit/install/moveit_plugins:/home/student36/ws_moveit/install/moveit_simple_controller_manager:/home/student36/ws_moveit/install/moveit_setup_assistant:/home/student36/ws_moveit/install/moveit_setup_srdf_plugins:/home/student36/ws_moveit/install/moveit_setup_core_plugins:/home/student36/ws_moveit/install/moveit_setup_controllers:/home/student36/ws_moveit/install/moveit_setup_app_plugins:/home/student36/ws_moveit/install/moveit_setup_framework:/home/student36/ws_moveit/install/moveit_servo:/home/student36/ws_moveit/install/moveit_ros_trajectory_cache:/home/student36/ws_moveit/install/moveit_ros:/home/student36/ws_moveit/install/moveit_ros_visualization:/home/student36/ws_moveit/install/moveit_py:/home/student36/ws_moveit/install/moveit_hybrid_planning:/home/student36/ws_moveit/install/moveit_ros_planning_interface:/home/student36/ws_moveit/install/moveit_ros_benchmarks:/home/student36/ws_moveit/install/moveit_ros_warehouse:/home/student36/ws_moveit/install/moveit_ros_robot_interaction:/home/student36/ws_moveit/install/moveit_ros_perception:/home/student36/ws_moveit/install/moveit_resources_prbt_pg70_support:/home/student36/ws_moveit/install/moveit_resources_prbt_moveit_config:/home/student36/ws_moveit/install/moveit_ros_move_group:/home/student36/ws_moveit/install/moveit_planners_ompl:/home/student36/ws_moveit/install/moveit_kinematics:/home/student36/ws_moveit/install/moveit_ros_planning:/home/student36/ws_moveit/install/moveit_ros_occupancy_map_monitor:/home/student36/ws_moveit/install/moveit_resources_prbt_support:/home/student36/ws_moveit/install/moveit_resources_prbt_ikfast_manipulator_plugin:/home/student36/ws_moveit/install/moveit_resources:/home/student36/ws_moveit/install/moveit_resources_pr2_description:/home/student36/ws_moveit/install/moveit_resources_panda_moveit_config:/home/student36/ws_moveit/install/dual_arm_panda_moveit_config:/home/student36/ws_moveit/install/moveit_resources_panda_description:/home/student36/ws_moveit/install/moveit_resources_fanuc_moveit_config:/home/student36/ws_moveit/install/moveit_resources_fanuc_description:/home/student36/ws_moveit/install/moveit_planners_stomp:/home/student36/ws_moveit/install/moveit_planners_chomp:/home/student36/ws_moveit/install/chomp_motion_planner:/home/student36/ws_moveit/install/moveit_core:/home/student36/ws_moveit/install/moveit_msgs:/home/student36/ws_moveit/install/moveit_common:/home/student36/ws_moveit/install/kortex_driver:/home/student36/ws_moveit/install/kortex_api:/home/student36/rplidar_ws/install/rplidar_ros:/home/student36/elephant_arm_ws/install/mycobot_280_moveit2:/opt/ros/jazzy/opt/gz_sim_vendor:/opt/ros/jazzy/opt/gz_sensors_vendor:/opt/ros/jazzy/opt/gz_physics_vendor:/opt/ros/jazzy/opt/sdformat_vendor:/opt/ros/jazzy/opt/gz_gui_vendor:/opt/ros/jazzy/opt/gz_transport_vendor:/opt/ros/jazzy/opt/gz_rendering_vendor:/opt/ros/jazzy/opt/gz_plugin_vendor:/opt/ros/jazzy/opt/gz_fuel_tools_vendor:/opt/ros/jazzy/opt/gz_msgs_vendor:/opt/ros/jazzy/opt/gz_common_vendor:/opt/ros/jazzy/opt/gz_math_vendor:/opt/ros/jazzy/opt/gz_utils_vendor:/opt/ros/jazzy/opt/gz_tools_vendor:/opt/ros/jazzy/opt/gz_ogre_next_vendor:/opt/ros/jazzy/opt/gz_dartsim_vendor:/opt/ros/jazzy/opt/gz_cmake_vendor:/home/student36/ros2_tutorial_workspace/install/the_simplest_python_package:/home/student36/ros2_tutorial_workspace/install/python_package_with_a_node:/home/student36/ros2_tutorial_workspace/install/python_package_that_uses_the_library:/home/student36/ros2_tutorial_workspace/install/python_package_with_a_library:/home/student36/ros2_tutorial_workspace/install/python_package_that_uses_the_services:/home/student36/ros2_tutorial_workspace/install/python_package_that_uses_the_actions:/home/student36/ros2_tutorial_workspace/install/python_package_that_uses_tf2:/home/student36/ros2_tutorial_workspace/install/python_package_that_uses_parameters_and_launch_files:/home/student36/ros2_tutorial_workspace/install/python_package_that_uses_nottf2:/home/student36/ros2_tutorial_workspace/install/python_package_that_uses_nav2:/home/student36/ros2_tutorial_workspace/install/python_package_that_uses_messages:/home/student36/ros2_tutorial_workspace/install/python_package_that_uses_geometry_msgs:/home/student36/ros2_tutorial_workspace/install/python_package_that_uses_gazebo:/home/student36/ws_moveit/install/moveit_configs_utils:/home/student36/elephant_arm_ws/install/mycobot_description:/opt/ros/jazzy DEBUGINFOD_URLS=https://debuginfod.ubuntu.com /usr/bin/cmake --build /home/student36/RoboticsDesignProject/Git-repos/LeoRover-Team7/elephant_arm_ws/build/mycobot_ros2 -- -j12 -l12
[1.384s] DEBUG:colcon.colcon_core.event_handler.log_command:Invoking command in '/home/student36/RoboticsDesignProject/Git-repos/LeoRover-Team7/elephant_arm_ws/build/mycobot_ros2': CMAKE_PREFIX_PATH=/home/student36/RoboticsDesignProject/Git-repos/LeoRover-Team7/elephant_arm_ws/install/mycobot_description:/home/student36/RoboticsDesignProject/Git-repos/LeoRover-Team7/elephant_arm_ws/install/mtc_tutorial:/home/student36/RoboticsDesignProject/Git-repos/LeoRover-Team7/elephant_arm_ws/install/moveit_task_constructor_demo:/home/student36/RoboticsDesignProject/Git-repos/LeoRover-Team7/elephant_arm_ws/install/moveit_task_constructor_visualization:/home/student36/RoboticsDesignProject/Git-repos/LeoRover-Team7/elephant_arm_ws/install/moveit_task_constructor_capabilities:/home/student36/RoboticsDesignProject/Git-repos/LeoRover-Team7/elephant_arm_ws/install/moveit_task_constructor_core:/home/student36/RoboticsDesignProject/Git-repos/LeoRover-Team7/elephant_arm_ws/install/rviz_marker_tools:/home/student36/RoboticsDesignProject/Git-repos/LeoRover-Team7/elephant_arm_ws/install/mycobot_ros2:/home/student36/RoboticsDesignProject/Git-repos/LeoRover-Team7/elephant_arm_ws/install/mycobot_moveit_config:/home/student36/RoboticsDesignProject/Git-repos/LeoRover-Team7/elephant_arm_ws/install/mycobot_gazebo:/home/student36/RoboticsDesignProject/Git-repos/LeoRover-Team7/elephant_arm_ws/install/mycobot_bringup:/home/student36/RoboticsDesignProject/Git-repos/LeoRover-Team7/elephant_arm_ws/install/moveit_task_constructor_msgs:/home/student36/RoboticsDesignProject/Git-repos/LeoRover-Team7/elephant_arm_ws/install/hello_moveit:/home/student36/ros2_tutorial_workspace/install/package_with_interfaces:/home/student36/ws_moveit/install/robotiq_hardware_tests:/home/student36/ws_moveit/install/robotiq_driver:/home/student36/ws_moveit/install/serial:/home/student36/ws_moveit/install/moveit2_tutorials:/home/student36/ws_moveit/install/hello_moveit:/home/student36/ws_moveit/install/moveit_visual_tools:/home/student36/ws_moveit/install/rviz_visual_tools:/home/student36/ws_moveit/install/mtc_tutorial:/home/student36/ws_moveit/install/moveit_task_constructor_demo:/home/student36/ws_moveit/install/moveit_task_constructor_visualization:/home/student36/ws_moveit/install/moveit_task_constructor_capabilities:/home/student36/ws_moveit/install/elephant:/home/student36/ws_moveit/install/moveit_task_constructor_core:/home/student36/ws_moveit/install/rviz_marker_tools:/home/student36/ws_moveit/install/kortex_bringup:/home/student36/ws_moveit/install/kinova_gen3_lite_moveit_config:/home/student36/ws_moveit/install/kinova_gen3_7dof_robotiq_2f_85_moveit_config:/home/student36/ws_moveit/install/kinova_gen3_6dof_robotiq_2f_85_moveit_config:/home/student36/ws_moveit/install/kortex_description:/home/student36/ws_moveit/install/robotiq_description:/home/student36/ws_moveit/install/robotiq_controllers:/home/student36/ws_moveit/install/pilz_industrial_motion_planner_testutils:/home/student36/ws_moveit/install/mycobot_280_moveit2:/home/student36/ws_moveit/install/moveit_runtime:/home/student36/ws_moveit/install/moveit:/home/student36/ws_moveit/install/elephant_arm:/home/student36/ws_moveit/install/moveit_planners:/home/student36/ws_moveit/install/pilz_industrial_motion_planner:/home/student36/ws_moveit/install/mycobot_description:/home/student36/ws_moveit/install/moveit_task_constructor_msgs:/home/student36/ws_moveit/install/moveit_ros_control_interface:/home/student36/ws_moveit/install/moveit_plugins:/home/student36/ws_moveit/install/moveit_simple_controller_manager:/home/student36/ws_moveit/install/moveit_setup_assistant:/home/student36/ws_moveit/install/moveit_setup_srdf_plugins:/home/student36/ws_moveit/install/moveit_setup_core_plugins:/home/student36/ws_moveit/install/moveit_setup_controllers:/home/student36/ws_moveit/install/moveit_setup_app_plugins:/home/student36/ws_moveit/install/moveit_setup_framework:/home/student36/ws_moveit/install/moveit_servo:/home/student36/ws_moveit/install/moveit_ros_trajectory_cache:/home/student36/ws_moveit/install/moveit_ros:/home/student36/ws_moveit/install/moveit_ros_visualization:/home/student36/ws_moveit/install/moveit_py:/home/student36/ws_moveit/install/moveit_hybrid_planning:/home/student36/ws_moveit/install/moveit_ros_planning_interface:/home/student36/ws_moveit/install/moveit_ros_benchmarks:/home/student36/ws_moveit/install/moveit_ros_warehouse:/home/student36/ws_moveit/install/moveit_ros_robot_interaction:/home/student36/ws_moveit/install/moveit_ros_perception:/home/student36/ws_moveit/install/moveit_resources_prbt_pg70_support:/home/student36/ws_moveit/install/moveit_resources_prbt_moveit_config:/home/student36/ws_moveit/install/moveit_ros_move_group:/home/student36/ws_moveit/install/moveit_planners_ompl:/home/student36/ws_moveit/install/moveit_kinematics:/home/student36/ws_moveit/install/moveit_ros_planning:/home/student36/ws_moveit/install/moveit_ros_occupancy_map_monitor:/home/student36/ws_moveit/install/moveit_resources_prbt_support:/home/student36/ws_moveit/install/moveit_resources_prbt_ikfast_manipulator_plugin:/home/student36/ws_moveit/install/moveit_resources:/home/student36/ws_moveit/install/moveit_resources_pr2_description:/home/student36/ws_moveit/install/moveit_resources_panda_moveit_config:/home/student36/ws_moveit/install/dual_arm_panda_moveit_config:/home/student36/ws_moveit/install/moveit_resources_panda_description:/home/student36/ws_moveit/install/moveit_resources_fanuc_moveit_config:/home/student36/ws_moveit/install/moveit_resources_fanuc_description:/home/student36/ws_moveit/install/moveit_planners_stomp:/home/student36/ws_moveit/install/moveit_planners_chomp:/home/student36/ws_moveit/install/chomp_motion_planner:/home/student36/ws_moveit/install/moveit_core:/home/student36/ws_moveit/install/moveit_msgs:/home/student36/ws_moveit/install/moveit_common:/home/student36/ws_moveit/install/kortex_driver:/home/student36/ws_moveit/install/kortex_api:/home/student36/rplidar_ws/install/rplidar_ros:/home/student36/elephant_arm_ws/install/mycobot_280_moveit2:/opt/ros/jazzy/opt/gz_sim_vendor:/opt/ros/jazzy/opt/gz_sensors_vendor:/opt/ros/jazzy/opt/gz_physics_vendor:/opt/ros/jazzy/opt/sdformat_vendor:/opt/ros/jazzy/opt/gz_gui_vendor:/opt/ros/jazzy/opt/gz_transport_vendor:/opt/ros/jazzy/opt/gz_rendering_vendor:/opt/ros/jazzy/opt/gz_plugin_vendor:/opt/ros/jazzy/opt/gz_fuel_tools_vendor:/opt/ros/jazzy/opt/gz_msgs_vendor:/opt/ros/jazzy/opt/gz_common_vendor:/opt/ros/jazzy/opt/gz_math_vendor:/opt/ros/jazzy/opt/gz_utils_vendor:/opt/ros/jazzy/opt/gz_tools_vendor:/opt/ros/jazzy/opt/gz_ogre_next_vendor:/opt/ros/jazzy/opt/gz_dartsim_vendor:/opt/ros/jazzy/opt/gz_cmake_vendor:/home/student36/ros2_tutorial_workspace/install/the_simplest_python_package:/home/student36/ros2_tutorial_workspace/install/python_package_with_a_node:/home/student36/ros2_tutorial_workspace/install/python_package_that_uses_the_library:/home/student36/ros2_tutorial_workspace/install/python_package_with_a_library:/home/student36/ros2_tutorial_workspace/install/python_package_that_uses_the_services:/home/student36/ros2_tutorial_workspace/install/python_package_that_uses_the_actions:/home/student36/ros2_tutorial_workspace/install/python_package_that_uses_tf2:/home/student36/ros2_tutorial_workspace/install/python_package_that_uses_parameters_and_launch_files:/home/student36/ros2_tutorial_workspace/install/python_package_that_uses_nottf2:/home/student36/ros2_tutorial_workspace/install/python_package_that_uses_nav2:/home/student36/ros2_tutorial_workspace/install/python_package_that_uses_messages:/home/student36/ros2_tutorial_workspace/install/python_package_that_uses_geometry_msgs:/home/student36/ros2_tutorial_workspace/install/python_package_that_uses_gazebo:/home/student36/ws_moveit/install/moveit_configs_utils:/home/student36/elephant_arm_ws/install/mycobot_description:/opt/ros/jazzy DEBUGINFOD_URLS=https://debuginfod.ubuntu.com /usr/bin/cmake --install /home/student36/RoboticsDesignProject/Git-repos/LeoRover-Team7/elephant_arm_ws/build/mycobot_ros2
[1.412s] Level 1:colcon.colcon_core.environment:create_environment_scripts_only(mycobot_ros2)
[1.413s] Level 1:colcon.colcon_core.environment:checking '/home/student36/RoboticsDesignProject/Git-repos/LeoRover-Team7/elephant_arm_ws/install/mycobot_ros2' for CMake module files
[1.414s] Level 1:colcon.colcon_core.environment:checking '/home/student36/RoboticsDesignProject/Git-repos/LeoRover-Team7/elephant_arm_ws/install/mycobot_ros2' for CMake config files
[1.414s] Level 1:colcon.colcon_core.shell:create_environment_hook('mycobot_ros2', 'cmake_prefix_path')
[1.415s] INFO:colcon.colcon_core.shell:Creating environment hook '/home/student36/RoboticsDesignProject/Git-repos/LeoRover-Team7/elephant_arm_ws/install/mycobot_ros2/share/mycobot_ros2/hook/cmake_prefix_path.ps1'
[1.416s] INFO:colcon.colcon_core.shell:Creating environment descriptor '/home/student36/RoboticsDesignProject/Git-repos/LeoRover-Team7/elephant_arm_ws/install/mycobot_ros2/share/mycobot_ros2/hook/cmake_prefix_path.dsv'
[1.422s] DEBUG:colcon.colcon_core.event_handler.log_command:Invoked command in '/home/student36/RoboticsDesignProject/Git-repos/LeoRover-Team7/elephant_arm_ws/build/mycobot_ros2' returned '0': CMAKE_PREFIX_PATH=/home/student36/RoboticsDesignProject/Git-repos/LeoRover-Team7/elephant_arm_ws/install/mycobot_description:/home/student36/RoboticsDesignProject/Git-repos/LeoRover-Team7/elephant_arm_ws/install/mtc_tutorial:/home/student36/RoboticsDesignProject/Git-repos/LeoRover-Team7/elephant_arm_ws/install/moveit_task_constructor_demo:/home/student36/RoboticsDesignProject/Git-repos/LeoRover-Team7/elephant_arm_ws/install/moveit_task_constructor_visualization:/home/student36/RoboticsDesignProject/Git-repos/LeoRover-Team7/elephant_arm_ws/install/moveit_task_constructor_capabilities:/home/student36/RoboticsDesignProject/Git-repos/LeoRover-Team7/elephant_arm_ws/install/moveit_task_constructor_core:/home/student36/RoboticsDesignProject/Git-repos/LeoRover-Team7/elephant_arm_ws/install/rviz_marker_tools:/home/student36/RoboticsDesignProject/Git-repos/LeoRover-Team7/elephant_arm_ws/install/mycobot_ros2:/home/student36/RoboticsDesignProject/Git-repos/LeoRover-Team7/elephant_arm_ws/install/mycobot_moveit_config:/home/student36/RoboticsDesignProject/Git-repos/LeoRover-Team7/elephant_arm_ws/install/mycobot_gazebo:/home/student36/RoboticsDesignProject/Git-repos/LeoRover-Team7/elephant_arm_ws/install/mycobot_bringup:/home/student36/RoboticsDesignProject/Git-repos/LeoRover-Team7/elephant_arm_ws/install/moveit_task_constructor_msgs:/home/student36/RoboticsDesignProject/Git-repos/LeoRover-Team7/elephant_arm_ws/install/hello_moveit:/home/student36/ros2_tutorial_workspace/install/package_with_interfaces:/home/student36/ws_moveit/install/robotiq_hardware_tests:/home/student36/ws_moveit/install/robotiq_driver:/home/student36/ws_moveit/install/serial:/home/student36/ws_moveit/install/moveit2_tutorials:/home/student36/ws_moveit/install/hello_moveit:/home/student36/ws_moveit/install/moveit_visual_tools:/home/student36/ws_moveit/install/rviz_visual_tools:/home/student36/ws_moveit/install/mtc_tutorial:/home/student36/ws_moveit/install/moveit_task_constructor_demo:/home/student36/ws_moveit/install/moveit_task_constructor_visualization:/home/student36/ws_moveit/install/moveit_task_constructor_capabilities:/home/student36/ws_moveit/install/elephant:/home/student36/ws_moveit/install/moveit_task_constructor_core:/home/student36/ws_moveit/install/rviz_marker_tools:/home/student36/ws_moveit/install/kortex_bringup:/home/student36/ws_moveit/install/kinova_gen3_lite_moveit_config:/home/student36/ws_moveit/install/kinova_gen3_7dof_robotiq_2f_85_moveit_config:/home/student36/ws_moveit/install/kinova_gen3_6dof_robotiq_2f_85_moveit_config:/home/student36/ws_moveit/install/kortex_description:/home/student36/ws_moveit/install/robotiq_description:/home/student36/ws_moveit/install/robotiq_controllers:/home/student36/ws_moveit/install/pilz_industrial_motion_planner_testutils:/home/student36/ws_moveit/install/mycobot_280_moveit2:/home/student36/ws_moveit/install/moveit_runtime:/home/student36/ws_moveit/install/moveit:/home/student36/ws_moveit/install/elephant_arm:/home/student36/ws_moveit/install/moveit_planners:/home/student36/ws_moveit/install/pilz_industrial_motion_planner:/home/student36/ws_moveit/install/mycobot_description:/home/student36/ws_moveit/install/moveit_task_constructor_msgs:/home/student36/ws_moveit/install/moveit_ros_control_interface:/home/student36/ws_moveit/install/moveit_plugins:/home/student36/ws_moveit/install/moveit_simple_controller_manager:/home/student36/ws_moveit/install/moveit_setup_assistant:/home/student36/ws_moveit/install/moveit_setup_srdf_plugins:/home/student36/ws_moveit/install/moveit_setup_core_plugins:/home/student36/ws_moveit/install/moveit_setup_controllers:/home/student36/ws_moveit/install/moveit_setup_app_plugins:/home/student36/ws_moveit/install/moveit_setup_framework:/home/student36/ws_moveit/install/moveit_servo:/home/student36/ws_moveit/install/moveit_ros_trajectory_cache:/home/student36/ws_moveit/install/moveit_ros:/home/student36/ws_moveit/install/moveit_ros_visualization:/home/student36/ws_moveit/install/moveit_py:/home/student36/ws_moveit/install/moveit_hybrid_planning:/home/student36/ws_moveit/install/moveit_ros_planning_interface:/home/student36/ws_moveit/install/moveit_ros_benchmarks:/home/student36/ws_moveit/install/moveit_ros_warehouse:/home/student36/ws_moveit/install/moveit_ros_robot_interaction:/home/student36/ws_moveit/install/moveit_ros_perception:/home/student36/ws_moveit/install/moveit_resources_prbt_pg70_support:/home/student36/ws_moveit/install/moveit_resources_prbt_moveit_config:/home/student36/ws_moveit/install/moveit_ros_move_group:/home/student36/ws_moveit/install/moveit_planners_ompl:/home/student36/ws_moveit/install/moveit_kinematics:/home/student36/ws_moveit/install/moveit_ros_planning:/home/student36/ws_moveit/install/moveit_ros_occupancy_map_monitor:/home/student36/ws_moveit/install/moveit_resources_prbt_support:/home/student36/ws_moveit/install/moveit_resources_prbt_ikfast_manipulator_plugin:/home/student36/ws_moveit/install/moveit_resources:/home/student36/ws_moveit/install/moveit_resources_pr2_description:/home/student36/ws_moveit/install/moveit_resources_panda_moveit_config:/home/student36/ws_moveit/install/dual_arm_panda_moveit_config:/home/student36/ws_moveit/install/moveit_resources_panda_description:/home/student36/ws_moveit/install/moveit_resources_fanuc_moveit_config:/home/student36/ws_moveit/install/moveit_resources_fanuc_description:/home/student36/ws_moveit/install/moveit_planners_stomp:/home/student36/ws_moveit/install/moveit_planners_chomp:/home/student36/ws_moveit/install/chomp_motion_planner:/home/student36/ws_moveit/install/moveit_core:/home/student36/ws_moveit/install/moveit_msgs:/home/student36/ws_moveit/install/moveit_common:/home/student36/ws_moveit/install/kortex_driver:/home/student36/ws_moveit/install/kortex_api:/home/student36/rplidar_ws/install/rplidar_ros:/home/student36/elephant_arm_ws/install/mycobot_280_moveit2:/opt/ros/jazzy/opt/gz_sim_vendor:/opt/ros/jazzy/opt/gz_sensors_vendor:/opt/ros/jazzy/opt/gz_physics_vendor:/opt/ros/jazzy/opt/sdformat_vendor:/opt/ros/jazzy/opt/gz_gui_vendor:/opt/ros/jazzy/opt/gz_transport_vendor:/opt/ros/jazzy/opt/gz_rendering_vendor:/opt/ros/jazzy/opt/gz_plugin_vendor:/opt/ros/jazzy/opt/gz_fuel_tools_vendor:/opt/ros/jazzy/opt/gz_msgs_vendor:/opt/ros/jazzy/opt/gz_common_vendor:/opt/ros/jazzy/opt/gz_math_vendor:/opt/ros/jazzy/opt/gz_utils_vendor:/opt/ros/jazzy/opt/gz_tools_vendor:/opt/ros/jazzy/opt/gz_ogre_next_vendor:/opt/ros/jazzy/opt/gz_dartsim_vendor:/opt/ros/jazzy/opt/gz_cmake_vendor:/home/student36/ros2_tutorial_workspace/install/the_simplest_python_package:/home/student36/ros2_tutorial_workspace/install/python_package_with_a_node:/home/student36/ros2_tutorial_workspace/install/python_package_that_uses_the_library:/home/student36/ros2_tutorial_workspace/install/python_package_with_a_library:/home/student36/ros2_tutorial_workspace/install/python_package_that_uses_the_services:/home/student36/ros2_tutorial_workspace/install/python_package_that_uses_the_actions:/home/student36/ros2_tutorial_workspace/install/python_package_that_uses_tf2:/home/student36/ros2_tutorial_workspace/install/python_package_that_uses_parameters_and_launch_files:/home/student36/ros2_tutorial_workspace/install/python_package_that_uses_nottf2:/home/student36/ros2_tutorial_workspace/install/python_package_that_uses_nav2:/home/student36/ros2_tutorial_workspace/install/python_package_that_uses_messages:/home/student36/ros2_tutorial_workspace/install/python_package_that_uses_geometry_msgs:/home/student36/ros2_tutorial_workspace/install/python_package_that_uses_gazebo:/home/student36/ws_moveit/install/moveit_configs_utils:/home/student36/elephant_arm_ws/install/mycobot_description:/opt/ros/jazzy DEBUGINFOD_URLS=https://debuginfod.ubuntu.com /usr/bin/cmake --install /home/student36/RoboticsDesignProject/Git-repos/LeoRover-Team7/elephant_arm_ws/build/mycobot_ros2
[1.422s] INFO:colcon.colcon_core.shell:Creating environment hook '/home/student36/RoboticsDesignProject/Git-repos/LeoRover-Team7/elephant_arm_ws/install/mycobot_ros2/share/mycobot_ros2/hook/cmake_prefix_path.sh'
[1.423s] Level 1:colcon.colcon_core.environment:checking '/home/student36/RoboticsDesignProject/Git-repos/LeoRover-Team7/elephant_arm_ws/install/mycobot_ros2/bin'
[1.423s] Level 1:colcon.colcon_core.environment:checking '/home/student36/RoboticsDesignProject/Git-repos/LeoRover-Team7/elephant_arm_ws/install/mycobot_ros2/lib/pkgconfig/mycobot_ros2.pc'
[1.423s] Level 1:colcon.colcon_core.environment:checking '/home/student36/RoboticsDesignProject/Git-repos/LeoRover-Team7/elephant_arm_ws/install/mycobot_ros2/lib/python3.12/site-packages'
[1.424s] Level 1:colcon.colcon_core.environment:checking '/home/student36/RoboticsDesignProject/Git-repos/LeoRover-Team7/elephant_arm_ws/install/mycobot_ros2/bin'
[1.424s] INFO:colcon.colcon_core.shell:Creating package script '/home/student36/RoboticsDesignProject/Git-repos/LeoRover-Team7/elephant_arm_ws/install/mycobot_ros2/share/mycobot_ros2/package.ps1'
[1.425s] INFO:colcon.colcon_core.shell:Creating package descriptor '/home/student36/RoboticsDesignProject/Git-repos/LeoRover-Team7/elephant_arm_ws/install/mycobot_ros2/share/mycobot_ros2/package.dsv'
[1.425s] INFO:colcon.colcon_core.shell:Creating package script '/home/student36/RoboticsDesignProject/Git-repos/LeoRover-Team7/elephant_arm_ws/install/mycobot_ros2/share/mycobot_ros2/package.sh'
[1.425s] INFO:colcon.colcon_core.shell:Creating package script '/home/student36/RoboticsDesignProject/Git-repos/LeoRover-Team7/elephant_arm_ws/install/mycobot_ros2/share/mycobot_ros2/package.bash'
[1.426s] INFO:colcon.colcon_core.shell:Creating package script '/home/student36/RoboticsDesignProject/Git-repos/LeoRover-Team7/elephant_arm_ws/install/mycobot_ros2/share/mycobot_ros2/package.zsh'
[1.426s] Level 1:colcon.colcon_core.environment:create_file_with_runtime_dependencies(/home/student36/RoboticsDesignProject/Git-repos/LeoRover-Team7/elephant_arm_ws/install/mycobot_ros2/share/colcon-core/packages/mycobot_ros2)
[1.427s] Level 1:colcon.colcon_core.environment:create_environment_scripts_only(mycobot_ros2)
[1.427s] Level 1:colcon.colcon_core.environment:checking '/home/student36/RoboticsDesignProject/Git-repos/LeoRover-Team7/elephant_arm_ws/install/mycobot_ros2' for CMake module files
[1.428s] Level 1:colcon.colcon_core.environment:checking '/home/student36/RoboticsDesignProject/Git-repos/LeoRover-Team7/elephant_arm_ws/install/mycobot_ros2' for CMake config files
[1.428s] Level 1:colcon.colcon_core.shell:create_environment_hook('mycobot_ros2', 'cmake_prefix_path')
[1.428s] INFO:colcon.colcon_core.shell:Creating environment hook '/home/student36/RoboticsDesignProject/Git-repos/LeoRover-Team7/elephant_arm_ws/install/mycobot_ros2/share/mycobot_ros2/hook/cmake_prefix_path.ps1'
[1.429s] INFO:colcon.colcon_core.shell:Creating environment descriptor '/home/student36/RoboticsDesignProject/Git-repos/LeoRover-Team7/elephant_arm_ws/install/mycobot_ros2/share/mycobot_ros2/hook/cmake_prefix_path.dsv'
[1.429s] INFO:colcon.colcon_core.shell:Creating environment hook '/home/student36/RoboticsDesignProject/Git-repos/LeoRover-Team7/elephant_arm_ws/install/mycobot_ros2/share/mycobot_ros2/hook/cmake_prefix_path.sh'
[1.430s] Level 1:colcon.colcon_core.environment:checking '/home/student36/RoboticsDesignProject/Git-repos/LeoRover-Team7/elephant_arm_ws/install/mycobot_ros2/bin'
[1.430s] Level 1:colcon.colcon_core.environment:checking '/home/student36/RoboticsDesignProject/Git-repos/LeoRover-Team7/elephant_arm_ws/install/mycobot_ros2/lib/pkgconfig/mycobot_ros2.pc'
[1.430s] Level 1:colcon.colcon_core.environment:checking '/home/student36/RoboticsDesignProject/Git-repos/LeoRover-Team7/elephant_arm_ws/install/mycobot_ros2/lib/python3.12/site-packages'
[1.430s] Level 1:colcon.colcon_core.environment:checking '/home/student36/RoboticsDesignProject/Git-repos/LeoRover-Team7/elephant_arm_ws/install/mycobot_ros2/bin'
[1.431s] INFO:colcon.colcon_core.shell:Creating package script '/home/student36/RoboticsDesignProject/Git-repos/LeoRover-Team7/elephant_arm_ws/install/mycobot_ros2/share/mycobot_ros2/package.ps1'
[1.432s] INFO:colcon.colcon_core.shell:Creating package descriptor '/home/student36/RoboticsDesignProject/Git-repos/LeoRover-Team7/elephant_arm_ws/install/mycobot_ros2/share/mycobot_ros2/package.dsv'
[1.432s] INFO:colcon.colcon_core.shell:Creating package script '/home/student36/RoboticsDesignProject/Git-repos/LeoRover-Team7/elephant_arm_ws/install/mycobot_ros2/share/mycobot_ros2/package.sh'
[1.433s] INFO:colcon.colcon_core.shell:Creating package script '/home/student36/RoboticsDesignProject/Git-repos/LeoRover-Team7/elephant_arm_ws/install/mycobot_ros2/share/mycobot_ros2/package.bash'
[1.433s] INFO:colcon.colcon_core.shell:Creating package script '/home/student36/RoboticsDesignProject/Git-repos/LeoRover-Team7/elephant_arm_ws/install/mycobot_ros2/share/mycobot_ros2/package.zsh'
[1.433s] Level 1:colcon.colcon_core.environment:create_file_with_runtime_dependencies(/home/student36/RoboticsDesignProject/Git-repos/LeoRover-Team7/elephant_arm_ws/install/mycobot_ros2/share/colcon-core/packages/mycobot_ros2)
[1.890s] DEBUG:colcon.colcon_core.event_handler.log_command:Invoked command in '/home/student36/RoboticsDesignProject/Git-repos/LeoRover-Team7/elephant_arm_ws/build/moveit_task_constructor_msgs' returned '0': CMAKE_PREFIX_PATH=${CMAKE_PREFIX_PATH}:/home/student36/ros2_tutorial_workspace/install/the_simplest_python_package:/home/student36/ros2_tutorial_workspace/install/python_package_with_a_node:/home/student36/ros2_tutorial_workspace/install/python_package_that_uses_the_library:/home/student36/ros2_tutorial_workspace/install/python_package_with_a_library:/home/student36/ros2_tutorial_workspace/install/python_package_that_uses_the_services:/home/student36/ros2_tutorial_workspace/install/python_package_that_uses_the_actions:/home/student36/ros2_tutorial_workspace/install/python_package_that_uses_tf2:/home/student36/ros2_tutorial_workspace/install/python_package_that_uses_parameters_and_launch_files:/home/student36/ros2_tutorial_workspace/install/python_package_that_uses_nottf2:/home/student36/ros2_tutorial_workspace/install/python_package_that_uses_nav2:/home/student36/ros2_tutorial_workspace/install/python_package_that_uses_messages:/home/student36/ros2_tutorial_workspace/install/python_package_that_uses_geometry_msgs:/home/student36/ros2_tutorial_workspace/install/python_package_that_uses_gazebo:/home/student36/ws_moveit/install/moveit_configs_utils:/home/student36/elephant_arm_ws/install/mycobot_description:/opt/ros/jazzy DEBUGINFOD_URLS=https://debuginfod.ubuntu.com /usr/bin/cmake --build /home/student36/RoboticsDesignProject/Git-repos/LeoRover-Team7/elephant_arm_ws/build/moveit_task_constructor_msgs -- -j12 -l12
[1.894s] DEBUG:colcon.colcon_core.event_handler.log_command:Invoking command in '/home/student36/RoboticsDesignProject/Git-repos/LeoRover-Team7/elephant_arm_ws/build/moveit_task_constructor_msgs': CMAKE_PREFIX_PATH=${CMAKE_PREFIX_PATH}:/home/student36/ros2_tutorial_workspace/install/the_simplest_python_package:/home/student36/ros2_tutorial_workspace/install/python_package_with_a_node:/home/student36/ros2_tutorial_workspace/install/python_package_that_uses_the_library:/home/student36/ros2_tutorial_workspace/install/python_package_with_a_library:/home/student36/ros2_tutorial_workspace/install/python_package_that_uses_the_services:/home/student36/ros2_tutorial_workspace/install/python_package_that_uses_the_actions:/home/student36/ros2_tutorial_workspace/install/python_package_that_uses_tf2:/home/student36/ros2_tutorial_workspace/install/python_package_that_uses_parameters_and_launch_files:/home/student36/ros2_tutorial_workspace/install/python_package_that_uses_nottf2:/home/student36/ros2_tutorial_workspace/install/python_package_that_uses_nav2:/home/student36/ros2_tutorial_workspace/install/python_package_that_uses_messages:/home/student36/ros2_tutorial_workspace/install/python_package_that_uses_geometry_msgs:/home/student36/ros2_tutorial_workspace/install/python_package_that_uses_gazebo:/home/student36/ws_moveit/install/moveit_configs_utils:/home/student36/elephant_arm_ws/install/mycobot_description:/opt/ros/jazzy DEBUGINFOD_URLS=https://debuginfod.ubuntu.com /usr/bin/cmake --install /home/student36/RoboticsDesignProject/Git-repos/LeoRover-Team7/elephant_arm_ws/build/moveit_task_constructor_msgs
[2.069s] Level 1:colcon.colcon_core.environment:create_environment_scripts_only(moveit_task_constructor_msgs)
[2.070s] Level 1:colcon.colcon_core.environment:checking '/home/student36/RoboticsDesignProject/Git-repos/LeoRover-Team7/elephant_arm_ws/install/moveit_task_constructor_msgs' for CMake module files
[2.070s] DEBUG:colcon.colcon_core.event_handler.log_command:Invoked command in '/home/student36/RoboticsDesignProject/Git-repos/LeoRover-Team7/elephant_arm_ws/build/moveit_task_constructor_msgs' returned '0': CMAKE_PREFIX_PATH=${CMAKE_PREFIX_PATH}:/home/student36/ros2_tutorial_workspace/install/the_simplest_python_package:/home/student36/ros2_tutorial_workspace/install/python_package_with_a_node:/home/student36/ros2_tutorial_workspace/install/python_package_that_uses_the_library:/home/student36/ros2_tutorial_workspace/install/python_package_with_a_library:/home/student36/ros2_tutorial_workspace/install/python_package_that_uses_the_services:/home/student36/ros2_tutorial_workspace/install/python_package_that_uses_the_actions:/home/student36/ros2_tutorial_workspace/install/python_package_that_uses_tf2:/home/student36/ros2_tutorial_workspace/install/python_package_that_uses_parameters_and_launch_files:/home/student36/ros2_tutorial_workspace/install/python_package_that_uses_nottf2:/home/student36/ros2_tutorial_workspace/install/python_package_that_uses_nav2:/home/student36/ros2_tutorial_workspace/install/python_package_that_uses_messages:/home/student36/ros2_tutorial_workspace/install/python_package_that_uses_geometry_msgs:/home/student36/ros2_tutorial_workspace/install/python_package_that_uses_gazebo:/home/student36/ws_moveit/install/moveit_configs_utils:/home/student36/elephant_arm_ws/install/mycobot_description:/opt/ros/jazzy DEBUGINFOD_URLS=https://debuginfod.ubuntu.com /usr/bin/cmake --install /home/student36/RoboticsDesignProject/Git-repos/LeoRover-Team7/elephant_arm_ws/build/moveit_task_constructor_msgs
[2.071s] Level 1:colcon.colcon_core.environment:checking '/home/student36/RoboticsDesignProject/Git-repos/LeoRover-Team7/elephant_arm_ws/install/moveit_task_constructor_msgs' for CMake config files
[2.073s] Level 1:colcon.colcon_core.shell:create_environment_hook('moveit_task_constructor_msgs', 'cmake_prefix_path')
[2.073s] INFO:colcon.colcon_core.shell:Creating environment hook '/home/student36/RoboticsDesignProject/Git-repos/LeoRover-Team7/elephant_arm_ws/install/moveit_task_constructor_msgs/share/moveit_task_constructor_msgs/hook/cmake_prefix_path.ps1'
[2.074s] INFO:colcon.colcon_core.shell:Creating environment descriptor '/home/student36/RoboticsDesignProject/Git-repos/LeoRover-Team7/elephant_arm_ws/install/moveit_task_constructor_msgs/share/moveit_task_constructor_msgs/hook/cmake_prefix_path.dsv'
[2.074s] INFO:colcon.colcon_core.shell:Creating environment hook '/home/student36/RoboticsDesignProject/Git-repos/LeoRover-Team7/elephant_arm_ws/install/moveit_task_constructor_msgs/share/moveit_task_constructor_msgs/hook/cmake_prefix_path.sh'
[2.076s] Level 1:colcon.colcon_core.environment:checking '/home/student36/RoboticsDesignProject/Git-repos/LeoRover-Team7/elephant_arm_ws/install/moveit_task_constructor_msgs/lib'
[2.076s] Level 1:colcon.colcon_core.shell:create_environment_hook('moveit_task_constructor_msgs', 'ld_library_path_lib')
[2.076s] INFO:colcon.colcon_core.shell:Creating environment hook '/home/student36/RoboticsDesignProject/Git-repos/LeoRover-Team7/elephant_arm_ws/install/moveit_task_constructor_msgs/share/moveit_task_constructor_msgs/hook/ld_library_path_lib.ps1'
[2.077s] INFO:colcon.colcon_core.shell:Creating environment descriptor '/home/student36/RoboticsDesignProject/Git-repos/LeoRover-Team7/elephant_arm_ws/install/moveit_task_constructor_msgs/share/moveit_task_constructor_msgs/hook/ld_library_path_lib.dsv'
[2.078s] INFO:colcon.colcon_core.shell:Creating environment hook '/home/student36/RoboticsDesignProject/Git-repos/LeoRover-Team7/elephant_arm_ws/install/moveit_task_constructor_msgs/share/moveit_task_constructor_msgs/hook/ld_library_path_lib.sh'
[2.078s] Level 1:colcon.colcon_core.environment:checking '/home/student36/RoboticsDesignProject/Git-repos/LeoRover-Team7/elephant_arm_ws/install/moveit_task_constructor_msgs/bin'
[2.078s] Level 1:colcon.colcon_core.environment:checking '/home/student36/RoboticsDesignProject/Git-repos/LeoRover-Team7/elephant_arm_ws/install/moveit_task_constructor_msgs/lib/pkgconfig/moveit_task_constructor_msgs.pc'
[2.079s] Level 1:colcon.colcon_core.environment:checking '/home/student36/RoboticsDesignProject/Git-repos/LeoRover-Team7/elephant_arm_ws/install/moveit_task_constructor_msgs/lib/python3.12/site-packages'
[2.079s] Level 1:colcon.colcon_core.shell:create_environment_hook('moveit_task_constructor_msgs', 'pythonpath')
[2.079s] INFO:colcon.colcon_core.shell:Creating environment hook '/home/student36/RoboticsDesignProject/Git-repos/LeoRover-Team7/elephant_arm_ws/install/moveit_task_constructor_msgs/share/moveit_task_constructor_msgs/hook/pythonpath.ps1'
[2.080s] INFO:colcon.colcon_core.shell:Creating environment descriptor '/home/student36/RoboticsDesignProject/Git-repos/LeoRover-Team7/elephant_arm_ws/install/moveit_task_constructor_msgs/share/moveit_task_constructor_msgs/hook/pythonpath.dsv'
[2.080s] INFO:colcon.colcon_core.shell:Creating environment hook '/home/student36/RoboticsDesignProject/Git-repos/LeoRover-Team7/elephant_arm_ws/install/moveit_task_constructor_msgs/share/moveit_task_constructor_msgs/hook/pythonpath.sh'
[2.081s] Level 1:colcon.colcon_core.environment:checking '/home/student36/RoboticsDesignProject/Git-repos/LeoRover-Team7/elephant_arm_ws/install/moveit_task_constructor_msgs/bin'
[2.082s] INFO:colcon.colcon_core.shell:Creating package script '/home/student36/RoboticsDesignProject/Git-repos/LeoRover-Team7/elephant_arm_ws/install/moveit_task_constructor_msgs/share/moveit_task_constructor_msgs/package.ps1'
[2.082s] INFO:colcon.colcon_core.shell:Creating package descriptor '/home/student36/RoboticsDesignProject/Git-repos/LeoRover-Team7/elephant_arm_ws/install/moveit_task_constructor_msgs/share/moveit_task_constructor_msgs/package.dsv'
[2.083s] INFO:colcon.colcon_core.shell:Creating package script '/home/student36/RoboticsDesignProject/Git-repos/LeoRover-Team7/elephant_arm_ws/install/moveit_task_constructor_msgs/share/moveit_task_constructor_msgs/package.sh'
[2.084s] INFO:colcon.colcon_core.shell:Creating package script '/home/student36/RoboticsDesignProject/Git-repos/LeoRover-Team7/elephant_arm_ws/install/moveit_task_constructor_msgs/share/moveit_task_constructor_msgs/package.bash'
[2.084s] INFO:colcon.colcon_core.shell:Creating package script '/home/student36/RoboticsDesignProject/Git-repos/LeoRover-Team7/elephant_arm_ws/install/moveit_task_constructor_msgs/share/moveit_task_constructor_msgs/package.zsh'
[2.085s] Level 1:colcon.colcon_core.environment:create_file_with_runtime_dependencies(/home/student36/RoboticsDesignProject/Git-repos/LeoRover-Team7/elephant_arm_ws/install/moveit_task_constructor_msgs/share/colcon-core/packages/moveit_task_constructor_msgs)
[2.086s] Level 1:colcon.colcon_core.environment:create_environment_scripts_only(moveit_task_constructor_msgs)
[2.086s] Level 1:colcon.colcon_core.environment:checking '/home/student36/RoboticsDesignProject/Git-repos/LeoRover-Team7/elephant_arm_ws/install/moveit_task_constructor_msgs' for CMake module files
[2.087s] Level 1:colcon.colcon_core.environment:checking '/home/student36/RoboticsDesignProject/Git-repos/LeoRover-Team7/elephant_arm_ws/install/moveit_task_constructor_msgs' for CMake config files
[2.089s] Level 1:colcon.colcon_core.shell:create_environment_hook('moveit_task_constructor_msgs', 'cmake_prefix_path')
[2.089s] INFO:colcon.colcon_core.shell:Creating environment hook '/home/student36/RoboticsDesignProject/Git-repos/LeoRover-Team7/elephant_arm_ws/install/moveit_task_constructor_msgs/share/moveit_task_constructor_msgs/hook/cmake_prefix_path.ps1'
[2.090s] INFO:colcon.colcon_core.shell:Creating environment descriptor '/home/student36/RoboticsDesignProject/Git-repos/LeoRover-Team7/elephant_arm_ws/install/moveit_task_constructor_msgs/share/moveit_task_constructor_msgs/hook/cmake_prefix_path.dsv'
[2.091s] INFO:colcon.colcon_core.shell:Creating environment hook '/home/student36/RoboticsDesignProject/Git-repos/LeoRover-Team7/elephant_arm_ws/install/moveit_task_constructor_msgs/share/moveit_task_constructor_msgs/hook/cmake_prefix_path.sh'
[2.092s] Level 1:colcon.colcon_core.environment:checking '/home/student36/RoboticsDesignProject/Git-repos/LeoRover-Team7/elephant_arm_ws/install/moveit_task_constructor_msgs/lib'
[2.092s] Level 1:colcon.colcon_core.shell:create_environment_hook('moveit_task_constructor_msgs', 'ld_library_path_lib')
[2.092s] INFO:colcon.colcon_core.shell:Creating environment hook '/home/student36/RoboticsDesignProject/Git-repos/LeoRover-Team7/elephant_arm_ws/install/moveit_task_constructor_msgs/share/moveit_task_constructor_msgs/hook/ld_library_path_lib.ps1'
[2.093s] INFO:colcon.colcon_core.shell:Creating environment descriptor '/home/student36/RoboticsDesignProject/Git-repos/LeoRover-Team7/elephant_arm_ws/install/moveit_task_constructor_msgs/share/moveit_task_constructor_msgs/hook/ld_library_path_lib.dsv'
[2.093s] INFO:colcon.colcon_core.shell:Creating environment hook '/home/student36/RoboticsDesignProject/Git-repos/LeoRover-Team7/elephant_arm_ws/install/moveit_task_constructor_msgs/share/moveit_task_constructor_msgs/hook/ld_library_path_lib.sh'
[2.094s] Level 1:colcon.colcon_core.environment:checking '/home/student36/RoboticsDesignProject/Git-repos/LeoRover-Team7/elephant_arm_ws/install/moveit_task_constructor_msgs/bin'
[2.094s] Level 1:colcon.colcon_core.environment:checking '/home/student36/RoboticsDesignProject/Git-repos/LeoRover-Team7/elephant_arm_ws/install/moveit_task_constructor_msgs/lib/pkgconfig/moveit_task_constructor_msgs.pc'
[2.095s] Level 1:colcon.colcon_core.environment:checking '/home/student36/RoboticsDesignProject/Git-repos/LeoRover-Team7/elephant_arm_ws/install/moveit_task_constructor_msgs/lib/python3.12/site-packages'
[2.095s] Level 1:colcon.colcon_core.shell:create_environment_hook('moveit_task_constructor_msgs', 'pythonpath')
[2.095s] INFO:colcon.colcon_core.shell:Creating environment hook '/home/student36/RoboticsDesignProject/Git-repos/LeoRover-Team7/elephant_arm_ws/install/moveit_task_constructor_msgs/share/moveit_task_constructor_msgs/hook/pythonpath.ps1'
[2.096s] INFO:colcon.colcon_core.shell:Creating environment descriptor '/home/student36/RoboticsDesignProject/Git-repos/LeoRover-Team7/elephant_arm_ws/install/moveit_task_constructor_msgs/share/moveit_task_constructor_msgs/hook/pythonpath.dsv'
[2.097s] INFO:colcon.colcon_core.shell:Creating environment hook '/home/student36/RoboticsDesignProject/Git-repos/LeoRover-Team7/elephant_arm_ws/install/moveit_task_constructor_msgs/share/moveit_task_constructor_msgs/hook/pythonpath.sh'
[2.098s] Level 1:colcon.colcon_core.environment:checking '/home/student36/RoboticsDesignProject/Git-repos/LeoRover-Team7/elephant_arm_ws/install/moveit_task_constructor_msgs/bin'
[2.098s] INFO:colcon.colcon_core.shell:Creating package script '/home/student36/RoboticsDesignProject/Git-repos/LeoRover-Team7/elephant_arm_ws/install/moveit_task_constructor_msgs/share/moveit_task_constructor_msgs/package.ps1'
[2.099s] INFO:colcon.colcon_core.shell:Creating package descriptor '/home/student36/RoboticsDesignProject/Git-repos/LeoRover-Team7/elephant_arm_ws/install/moveit_task_constructor_msgs/share/moveit_task_constructor_msgs/package.dsv'
[2.100s] INFO:colcon.colcon_core.shell:Creating package script '/home/student36/RoboticsDesignProject/Git-repos/LeoRover-Team7/elephant_arm_ws/install/moveit_task_constructor_msgs/share/moveit_task_constructor_msgs/package.sh'
[2.101s] INFO:colcon.colcon_core.shell:Creating package script '/home/student36/RoboticsDesignProject/Git-repos/LeoRover-Team7/elephant_arm_ws/install/moveit_task_constructor_msgs/share/moveit_task_constructor_msgs/package.bash'
[2.102s] INFO:colcon.colcon_core.shell:Creating package script '/home/student36/RoboticsDesignProject/Git-repos/LeoRover-Team7/elephant_arm_ws/install/moveit_task_constructor_msgs/share/moveit_task_constructor_msgs/package.zsh'
[2.103s] Level 1:colcon.colcon_core.environment:create_file_with_runtime_dependencies(/home/student36/RoboticsDesignProject/Git-repos/LeoRover-Team7/elephant_arm_ws/install/moveit_task_constructor_msgs/share/colcon-core/packages/moveit_task_constructor_msgs)
[2.105s] INFO:colcon.colcon_ros.task.ament_cmake.build:Building ROS package in '/home/student36/RoboticsDesignProject/Git-repos/LeoRover-Team7/elephant_arm_ws/src/moveit_task_constructor/core' with build type 'ament_cmake'
[2.105s] INFO:colcon.colcon_cmake.task.cmake.build:Building CMake package in '/home/student36/RoboticsDesignProject/Git-repos/LeoRover-Team7/elephant_arm_ws/src/moveit_task_constructor/core'
[2.105s] INFO:colcon.colcon_core.shell:Skip shell extension 'powershell' for command environment: Not usable outside of PowerShell
[2.105s] DEBUG:colcon.colcon_core.shell:Skip shell extension 'dsv' for command environment
[2.156s] DEBUG:colcon.colcon_core.event_handler.log_command:Invoking command in '/home/student36/RoboticsDesignProject/Git-repos/LeoRover-Team7/elephant_arm_ws/build/moveit_task_constructor_core': CMAKE_PREFIX_PATH=/home/student36/RoboticsDesignProject/Git-repos/LeoRover-Team7/elephant_arm_ws/install/rviz_marker_tools:/home/student36/RoboticsDesignProject/Git-repos/LeoRover-Team7/elephant_arm_ws/install/moveit_task_constructor_msgs:/home/student36/RoboticsDesignProject/Git-repos/LeoRover-Team7/elephant_arm_ws/install/mtc_tutorial:/home/student36/RoboticsDesignProject/Git-repos/LeoRover-Team7/elephant_arm_ws/install/moveit_task_constructor_demo:/home/student36/RoboticsDesignProject/Git-repos/LeoRover-Team7/elephant_arm_ws/install/moveit_task_constructor_visualization:/home/student36/RoboticsDesignProject/Git-repos/LeoRover-Team7/elephant_arm_ws/install/moveit_task_constructor_capabilities:/home/student36/RoboticsDesignProject/Git-repos/LeoRover-Team7/elephant_arm_ws/install/moveit_task_constructor_core:/home/student36/RoboticsDesignProject/Git-repos/LeoRover-Team7/elephant_arm_ws/install/mycobot_ros2:/home/student36/RoboticsDesignProject/Git-repos/LeoRover-Team7/elephant_arm_ws/install/mycobot_moveit_config:/home/student36/RoboticsDesignProject/Git-repos/LeoRover-Team7/elephant_arm_ws/install/mycobot_gazebo:/home/student36/RoboticsDesignProject/Git-repos/LeoRover-Team7/elephant_arm_ws/install/mycobot_description:/home/student36/RoboticsDesignProject/Git-repos/LeoRover-Team7/elephant_arm_ws/install/mycobot_bringup:/home/student36/RoboticsDesignProject/Git-repos/LeoRover-Team7/elephant_arm_ws/install/hello_moveit:/home/student36/ros2_tutorial_workspace/install/package_with_interfaces:/home/student36/ws_moveit/install/robotiq_hardware_tests:/home/student36/ws_moveit/install/robotiq_driver:/home/student36/ws_moveit/install/serial:/home/student36/ws_moveit/install/moveit2_tutorials:/home/student36/ws_moveit/install/hello_moveit:/home/student36/ws_moveit/install/moveit_visual_tools:/home/student36/ws_moveit/install/rviz_visual_tools:/home/student36/ws_moveit/install/mtc_tutorial:/home/student36/ws_moveit/install/moveit_task_constructor_demo:/home/student36/ws_moveit/install/moveit_task_constructor_visualization:/home/student36/ws_moveit/install/moveit_task_constructor_capabilities:/home/student36/ws_moveit/install/elephant:/home/student36/ws_moveit/install/moveit_task_constructor_core:/home/student36/ws_moveit/install/rviz_marker_tools:/home/student36/ws_moveit/install/kortex_bringup:/home/student36/ws_moveit/install/kinova_gen3_lite_moveit_config:/home/student36/ws_moveit/install/kinova_gen3_7dof_robotiq_2f_85_moveit_config:/home/student36/ws_moveit/install/kinova_gen3_6dof_robotiq_2f_85_moveit_config:/home/student36/ws_moveit/install/kortex_description:/home/student36/ws_moveit/install/robotiq_description:/home/student36/ws_moveit/install/robotiq_controllers:/home/student36/ws_moveit/install/pilz_industrial_motion_planner_testutils:/home/student36/ws_moveit/install/mycobot_280_moveit2:/home/student36/ws_moveit/install/moveit_runtime:/home/student36/ws_moveit/install/moveit:/home/student36/ws_moveit/install/elephant_arm:/home/student36/ws_moveit/install/moveit_planners:/home/student36/ws_moveit/install/pilz_industrial_motion_planner:/home/student36/ws_moveit/install/mycobot_description:/home/student36/ws_moveit/install/moveit_task_constructor_msgs:/home/student36/ws_moveit/install/moveit_ros_control_interface:/home/student36/ws_moveit/install/moveit_plugins:/home/student36/ws_moveit/install/moveit_simple_controller_manager:/home/student36/ws_moveit/install/moveit_setup_assistant:/home/student36/ws_moveit/install/moveit_setup_srdf_plugins:/home/student36/ws_moveit/install/moveit_setup_core_plugins:/home/student36/ws_moveit/install/moveit_setup_controllers:/home/student36/ws_moveit/install/moveit_setup_app_plugins:/home/student36/ws_moveit/install/moveit_setup_framework:/home/student36/ws_moveit/install/moveit_servo:/home/student36/ws_moveit/install/moveit_ros_trajectory_cache:/home/student36/ws_moveit/install/moveit_ros:/home/student36/ws_moveit/install/moveit_ros_visualization:/home/student36/ws_moveit/install/moveit_py:/home/student36/ws_moveit/install/moveit_hybrid_planning:/home/student36/ws_moveit/install/moveit_ros_planning_interface:/home/student36/ws_moveit/install/moveit_ros_benchmarks:/home/student36/ws_moveit/install/moveit_ros_warehouse:/home/student36/ws_moveit/install/moveit_ros_robot_interaction:/home/student36/ws_moveit/install/moveit_ros_perception:/home/student36/ws_moveit/install/moveit_resources_prbt_pg70_support:/home/student36/ws_moveit/install/moveit_resources_prbt_moveit_config:/home/student36/ws_moveit/install/moveit_ros_move_group:/home/student36/ws_moveit/install/moveit_planners_ompl:/home/student36/ws_moveit/install/moveit_kinematics:/home/student36/ws_moveit/install/moveit_ros_planning:/home/student36/ws_moveit/install/moveit_ros_occupancy_map_monitor:/home/student36/ws_moveit/install/moveit_resources_prbt_support:/home/student36/ws_moveit/install/moveit_resources_prbt_ikfast_manipulator_plugin:/home/student36/ws_moveit/install/moveit_resources:/home/student36/ws_moveit/install/moveit_resources_pr2_description:/home/student36/ws_moveit/install/moveit_resources_panda_moveit_config:/home/student36/ws_moveit/install/dual_arm_panda_moveit_config:/home/student36/ws_moveit/install/moveit_resources_panda_description:/home/student36/ws_moveit/install/moveit_resources_fanuc_moveit_config:/home/student36/ws_moveit/install/moveit_resources_fanuc_description:/home/student36/ws_moveit/install/moveit_planners_stomp:/home/student36/ws_moveit/install/moveit_planners_chomp:/home/student36/ws_moveit/install/chomp_motion_planner:/home/student36/ws_moveit/install/moveit_core:/home/student36/ws_moveit/install/moveit_msgs:/home/student36/ws_moveit/install/moveit_common:/home/student36/ws_moveit/install/kortex_driver:/home/student36/ws_moveit/install/kortex_api:/home/student36/rplidar_ws/install/rplidar_ros:/home/student36/elephant_arm_ws/install/mycobot_280_moveit2:/opt/ros/jazzy/opt/gz_sim_vendor:/opt/ros/jazzy/opt/gz_sensors_vendor:/opt/ros/jazzy/opt/gz_physics_vendor:/opt/ros/jazzy/opt/sdformat_vendor:/opt/ros/jazzy/opt/gz_gui_vendor:/opt/ros/jazzy/opt/gz_transport_vendor:/opt/ros/jazzy/opt/gz_rendering_vendor:/opt/ros/jazzy/opt/gz_plugin_vendor:/opt/ros/jazzy/opt/gz_fuel_tools_vendor:/opt/ros/jazzy/opt/gz_msgs_vendor:/opt/ros/jazzy/opt/gz_common_vendor:/opt/ros/jazzy/opt/gz_math_vendor:/opt/ros/jazzy/opt/gz_utils_vendor:/opt/ros/jazzy/opt/gz_tools_vendor:/opt/ros/jazzy/opt/gz_ogre_next_vendor:/opt/ros/jazzy/opt/gz_dartsim_vendor:/opt/ros/jazzy/opt/gz_cmake_vendor:/home/student36/ros2_tutorial_workspace/install/the_simplest_python_package:/home/student36/ros2_tutorial_workspace/install/python_package_with_a_node:/home/student36/ros2_tutorial_workspace/install/python_package_that_uses_the_library:/home/student36/ros2_tutorial_workspace/install/python_package_with_a_library:/home/student36/ros2_tutorial_workspace/install/python_package_that_uses_the_services:/home/student36/ros2_tutorial_workspace/install/python_package_that_uses_the_actions:/home/student36/ros2_tutorial_workspace/install/python_package_that_uses_tf2:/home/student36/ros2_tutorial_workspace/install/python_package_that_uses_parameters_and_launch_files:/home/student36/ros2_tutorial_workspace/install/python_package_that_uses_nottf2:/home/student36/ros2_tutorial_workspace/install/python_package_that_uses_nav2:/home/student36/ros2_tutorial_workspace/install/python_package_that_uses_messages:/home/student36/ros2_tutorial_workspace/install/python_package_that_uses_geometry_msgs:/home/student36/ros2_tutorial_workspace/install/python_package_that_uses_gazebo:/home/student36/ws_moveit/install/moveit_configs_utils:/home/student36/elephant_arm_ws/install/mycobot_description:/opt/ros/jazzy DEBUGINFOD_URLS=https://debuginfod.ubuntu.com LD_LIBRARY_PATH=/home/student36/RoboticsDesignProject/Git-repos/LeoRover-Team7/elephant_arm_ws/install/rviz_marker_tools/lib:/home/student36/RoboticsDesignProject/Git-repos/LeoRover-Team7/elephant_arm_ws/install/moveit_task_constructor_msgs/lib:/home/student36/RoboticsDesignProject/Git-repos/LeoRover-Team7/elephant_arm_ws/install/moveit_task_constructor_demo/lib:/home/student36/RoboticsDesignProject/Git-repos/LeoRover-Team7/elephant_arm_ws/install/moveit_task_constructor_visualization/lib:/home/student36/RoboticsDesignProject/Git-repos/LeoRover-Team7/elephant_arm_ws/install/moveit_task_constructor_capabilities/lib:/home/student36/RoboticsDesignProject/Git-repos/LeoRover-Team7/elephant_arm_ws/install/moveit_task_constructor_core/lib:/home/student36/ros2_tutorial_workspace/install/package_with_interfaces/lib:/home/student36/ws_moveit/install/robotiq_driver/lib:/home/student36/ws_moveit/install/serial/lib:/home/student36/ws_moveit/install/moveit_visual_tools/lib:/home/student36/ws_moveit/install/rviz_visual_tools/lib:/home/student36/ws_moveit/install/moveit_task_constructor_demo/lib:/home/student36/ws_moveit/install/moveit_task_constructor_visualization/lib:/home/student36/ws_moveit/install/moveit_task_constructor_capabilities/lib:/home/student36/ws_moveit/install/moveit_task_constructor_core/lib:/home/student36/ws_moveit/install/rviz_marker_tools/lib:/home/student36/ws_moveit/install/robotiq_controllers/lib:/home/student36/ws_moveit/install/pilz_industrial_motion_planner_testutils/lib:/home/student36/ws_moveit/install/pilz_industrial_motion_planner/lib:/home/student36/ws_moveit/install/moveit_task_constructor_msgs/lib:/home/student36/ws_moveit/install/moveit_ros_control_interface/lib:/home/student36/ws_moveit/install/moveit_simple_controller_manager/lib:/home/student36/ws_moveit/install/moveit_setup_assistant/lib:/home/student36/ws_moveit/install/moveit_setup_srdf_plugins/lib:/home/student36/ws_moveit/install/moveit_setup_core_plugins/lib:/home/student36/ws_moveit/install/moveit_setup_controllers/lib:/home/student36/ws_moveit/install/moveit_setup_app_plugins/lib:/home/student36/ws_moveit/install/moveit_setup_framework/lib:/home/student36/ws_moveit/install/moveit_servo/lib:/home/student36/ws_moveit/install/moveit_ros_trajectory_cache/lib:/home/student36/ws_moveit/install/moveit_ros_visualization/lib:/home/student36/ws_moveit/install/moveit_py/lib:/home/student36/ws_moveit/install/moveit_hybrid_planning/lib:/home/student36/ws_moveit/install/moveit_ros_planning_interface/lib:/home/student36/ws_moveit/install/moveit_ros_benchmarks/lib:/home/student36/ws_moveit/install/moveit_ros_warehouse/lib:/home/student36/ws_moveit/install/moveit_ros_robot_interaction/lib:/home/student36/ws_moveit/install/moveit_ros_perception/lib:/home/student36/ws_moveit/install/moveit_ros_move_group/lib:/home/student36/ws_moveit/install/moveit_planners_ompl/lib:/home/student36/ws_moveit/install/moveit_kinematics/lib:/home/student36/ws_moveit/install/moveit_ros_planning/lib:/home/student36/ws_moveit/install/moveit_ros_occupancy_map_monitor/lib:/home/student36/ws_moveit/install/moveit_resources_prbt_ikfast_manipulator_plugin/lib:/home/student36/ws_moveit/install/moveit_planners_stomp/lib:/home/student36/ws_moveit/install/moveit_planners_chomp/lib:/home/student36/ws_moveit/install/chomp_motion_planner/lib:/home/student36/ws_moveit/install/moveit_core/lib:/home/student36/ws_moveit/install/moveit_msgs/lib:/home/student36/ws_moveit/install/kortex_driver/lib:/opt/ros/jazzy/opt/gz_sim_vendor/lib:/opt/ros/jazzy/opt/gz_sensors_vendor/lib:/opt/ros/jazzy/opt/gz_physics_vendor/lib:/opt/ros/jazzy/opt/sdformat_vendor/lib:/opt/ros/jazzy/opt/rviz_ogre_vendor/lib:/opt/ros/jazzy/lib/x86_64-linux-gnu:/opt/ros/jazzy/opt/gz_gui_vendor/lib:/opt/ros/jazzy/opt/gz_transport_vendor/lib:/opt/ros/jazzy/opt/gz_rendering_vendor/lib:/opt/ros/jazzy/opt/gz_plugin_vendor/lib:/opt/ros/jazzy/opt/gz_fuel_tools_vendor/lib:/opt/ros/jazzy/opt/gz_msgs_vendor/lib:/opt/ros/jazzy/opt/gz_common_vendor/lib:/opt/ros/jazzy/opt/gz_math_vendor/lib:/opt/ros/jazzy/opt/gz_utils_vendor/lib:/opt/ros/jazzy/opt/gz_tools_vendor/lib:/opt/ros/jazzy/opt/gz_ogre_next_vendor/lib:/opt/ros/jazzy/opt/gz_dartsim_vendor/lib:/opt/ros/jazzy/opt/gz_cmake_vendor/lib:/opt/ros/jazzy/lib PYTHONPATH=/home/student36/RoboticsDesignProject/Git-repos/LeoRover-Team7/elephant_arm_ws/install/moveit_task_constructor_msgs/lib/python3.12/site-packages:/home/student36/RoboticsDesignProject/Git-repos/LeoRover-Team7/elephant_arm_ws/install/moveit_task_constructor_core/lib/python3.12/site-packages:/home/student36/ros2_tutorial_workspace/install/the_simplest_python_package/lib/python3.12/site-packages:/home/student36/ros2_tutorial_workspace/install/python_package_with_a_node/lib/python3.12/site-packages:/home/student36/ros2_tutorial_workspace/install/python_package_that_uses_the_library/lib/python3.12/site-packages:/home/student36/ros2_tutorial_workspace/install/python_package_with_a_library/lib/python3.12/site-packages:/home/student36/ros2_tutorial_workspace/install/python_package_that_uses_the_services/lib/python3.12/site-packages:/home/student36/ros2_tutorial_workspace/install/python_package_that_uses_the_actions/lib/python3.12/site-packages:/home/student36/ros2_tutorial_workspace/install/python_package_that_uses_tf2/lib/python3.12/site-packages:/home/student36/ros2_tutorial_workspace/install/python_package_that_uses_parameters_and_launch_files/lib/python3.12/site-packages:/home/student36/ros2_tutorial_workspace/install/python_package_that_uses_nottf2/lib/python3.12/site-packages:/home/student36/ros2_tutorial_workspace/install/python_package_that_uses_nav2/lib/python3.12/site-packages:/home/student36/ros2_tutorial_workspace/install/python_package_that_uses_messages/lib/python3.12/site-packages:/home/student36/ros2_tutorial_workspace/install/python_package_that_uses_geometry_msgs/lib/python3.12/site-packages:/home/student36/ros2_tutorial_workspace/install/python_package_that_uses_gazebo/lib/python3.12/site-packages:/home/student36/ros2_tutorial_workspace/install/package_with_interfaces/lib/python3.12/site-packages:/home/student36/ws_moveit/install/moveit_task_constructor_core/lib/python3.12/site-packages:/home/student36/ws_moveit/install/mycobot_description/lib/python3.12/site-packages:/home/student36/ws_moveit/install/moveit_task_constructor_msgs/lib/python3.12/site-packages:/home/student36/ws_moveit/install/moveit_py/lib/python3.12/site-packages:/home/student36/ws_moveit/install/moveit_msgs/lib/python3.12/site-packages:/home/student36/ws_moveit/install/moveit_configs_utils/lib/python3.12/site-packages:/home/student36/elephant_arm_ws/install/mycobot_description/lib/python3.12/site-packages:/opt/ros/jazzy/lib/python3.12/site-packages /usr/bin/cmake --build /home/student36/RoboticsDesignProject/Git-repos/LeoRover-Team7/elephant_arm_ws/build/moveit_task_constructor_core -- -j12 -l12
[3.355s] DEBUG:colcon.colcon_core.event_handler.log_command:Invoked command in '/home/student36/RoboticsDesignProject/Git-repos/LeoRover-Team7/elephant_arm_ws/build/moveit_task_constructor_core' returned '0': CMAKE_PREFIX_PATH=/home/student36/RoboticsDesignProject/Git-repos/LeoRover-Team7/elephant_arm_ws/install/rviz_marker_tools:/home/student36/RoboticsDesignProject/Git-repos/LeoRover-Team7/elephant_arm_ws/install/moveit_task_constructor_msgs:/home/student36/RoboticsDesignProject/Git-repos/LeoRover-Team7/elephant_arm_ws/install/mtc_tutorial:/home/student36/RoboticsDesignProject/Git-repos/LeoRover-Team7/elephant_arm_ws/install/moveit_task_constructor_demo:/home/student36/RoboticsDesignProject/Git-repos/LeoRover-Team7/elephant_arm_ws/install/moveit_task_constructor_visualization:/home/student36/RoboticsDesignProject/Git-repos/LeoRover-Team7/elephant_arm_ws/install/moveit_task_constructor_capabilities:/home/student36/RoboticsDesignProject/Git-repos/LeoRover-Team7/elephant_arm_ws/install/moveit_task_constructor_core:/home/student36/RoboticsDesignProject/Git-repos/LeoRover-Team7/elephant_arm_ws/install/mycobot_ros2:/home/student36/RoboticsDesignProject/Git-repos/LeoRover-Team7/elephant_arm_ws/install/mycobot_moveit_config:/home/student36/RoboticsDesignProject/Git-repos/LeoRover-Team7/elephant_arm_ws/install/mycobot_gazebo:/home/student36/RoboticsDesignProject/Git-repos/LeoRover-Team7/elephant_arm_ws/install/mycobot_description:/home/student36/RoboticsDesignProject/Git-repos/LeoRover-Team7/elephant_arm_ws/install/mycobot_bringup:/home/student36/RoboticsDesignProject/Git-repos/LeoRover-Team7/elephant_arm_ws/install/hello_moveit:/home/student36/ros2_tutorial_workspace/install/package_with_interfaces:/home/student36/ws_moveit/install/robotiq_hardware_tests:/home/student36/ws_moveit/install/robotiq_driver:/home/student36/ws_moveit/install/serial:/home/student36/ws_moveit/install/moveit2_tutorials:/home/student36/ws_moveit/install/hello_moveit:/home/student36/ws_moveit/install/moveit_visual_tools:/home/student36/ws_moveit/install/rviz_visual_tools:/home/student36/ws_moveit/install/mtc_tutorial:/home/student36/ws_moveit/install/moveit_task_constructor_demo:/home/student36/ws_moveit/install/moveit_task_constructor_visualization:/home/student36/ws_moveit/install/moveit_task_constructor_capabilities:/home/student36/ws_moveit/install/elephant:/home/student36/ws_moveit/install/moveit_task_constructor_core:/home/student36/ws_moveit/install/rviz_marker_tools:/home/student36/ws_moveit/install/kortex_bringup:/home/student36/ws_moveit/install/kinova_gen3_lite_moveit_config:/home/student36/ws_moveit/install/kinova_gen3_7dof_robotiq_2f_85_moveit_config:/home/student36/ws_moveit/install/kinova_gen3_6dof_robotiq_2f_85_moveit_config:/home/student36/ws_moveit/install/kortex_description:/home/student36/ws_moveit/install/robotiq_description:/home/student36/ws_moveit/install/robotiq_controllers:/home/student36/ws_moveit/install/pilz_industrial_motion_planner_testutils:/home/student36/ws_moveit/install/mycobot_280_moveit2:/home/student36/ws_moveit/install/moveit_runtime:/home/student36/ws_moveit/install/moveit:/home/student36/ws_moveit/install/elephant_arm:/home/student36/ws_moveit/install/moveit_planners:/home/student36/ws_moveit/install/pilz_industrial_motion_planner:/home/student36/ws_moveit/install/mycobot_description:/home/student36/ws_moveit/install/moveit_task_constructor_msgs:/home/student36/ws_moveit/install/moveit_ros_control_interface:/home/student36/ws_moveit/install/moveit_plugins:/home/student36/ws_moveit/install/moveit_simple_controller_manager:/home/student36/ws_moveit/install/moveit_setup_assistant:/home/student36/ws_moveit/install/moveit_setup_srdf_plugins:/home/student36/ws_moveit/install/moveit_setup_core_plugins:/home/student36/ws_moveit/install/moveit_setup_controllers:/home/student36/ws_moveit/install/moveit_setup_app_plugins:/home/student36/ws_moveit/install/moveit_setup_framework:/home/student36/ws_moveit/install/moveit_servo:/home/student36/ws_moveit/install/moveit_ros_trajectory_cache:/home/student36/ws_moveit/install/moveit_ros:/home/student36/ws_moveit/install/moveit_ros_visualization:/home/student36/ws_moveit/install/moveit_py:/home/student36/ws_moveit/install/moveit_hybrid_planning:/home/student36/ws_moveit/install/moveit_ros_planning_interface:/home/student36/ws_moveit/install/moveit_ros_benchmarks:/home/student36/ws_moveit/install/moveit_ros_warehouse:/home/student36/ws_moveit/install/moveit_ros_robot_interaction:/home/student36/ws_moveit/install/moveit_ros_perception:/home/student36/ws_moveit/install/moveit_resources_prbt_pg70_support:/home/student36/ws_moveit/install/moveit_resources_prbt_moveit_config:/home/student36/ws_moveit/install/moveit_ros_move_group:/home/student36/ws_moveit/install/moveit_planners_ompl:/home/student36/ws_moveit/install/moveit_kinematics:/home/student36/ws_moveit/install/moveit_ros_planning:/home/student36/ws_moveit/install/moveit_ros_occupancy_map_monitor:/home/student36/ws_moveit/install/moveit_resources_prbt_support:/home/student36/ws_moveit/install/moveit_resources_prbt_ikfast_manipulator_plugin:/home/student36/ws_moveit/install/moveit_resources:/home/student36/ws_moveit/install/moveit_resources_pr2_description:/home/student36/ws_moveit/install/moveit_resources_panda_moveit_config:/home/student36/ws_moveit/install/dual_arm_panda_moveit_config:/home/student36/ws_moveit/install/moveit_resources_panda_description:/home/student36/ws_moveit/install/moveit_resources_fanuc_moveit_config:/home/student36/ws_moveit/install/moveit_resources_fanuc_description:/home/student36/ws_moveit/install/moveit_planners_stomp:/home/student36/ws_moveit/install/moveit_planners_chomp:/home/student36/ws_moveit/install/chomp_motion_planner:/home/student36/ws_moveit/install/moveit_core:/home/student36/ws_moveit/install/moveit_msgs:/home/student36/ws_moveit/install/moveit_common:/home/student36/ws_moveit/install/kortex_driver:/home/student36/ws_moveit/install/kortex_api:/home/student36/rplidar_ws/install/rplidar_ros:/home/student36/elephant_arm_ws/install/mycobot_280_moveit2:/opt/ros/jazzy/opt/gz_sim_vendor:/opt/ros/jazzy/opt/gz_sensors_vendor:/opt/ros/jazzy/opt/gz_physics_vendor:/opt/ros/jazzy/opt/sdformat_vendor:/opt/ros/jazzy/opt/gz_gui_vendor:/opt/ros/jazzy/opt/gz_transport_vendor:/opt/ros/jazzy/opt/gz_rendering_vendor:/opt/ros/jazzy/opt/gz_plugin_vendor:/opt/ros/jazzy/opt/gz_fuel_tools_vendor:/opt/ros/jazzy/opt/gz_msgs_vendor:/opt/ros/jazzy/opt/gz_common_vendor:/opt/ros/jazzy/opt/gz_math_vendor:/opt/ros/jazzy/opt/gz_utils_vendor:/opt/ros/jazzy/opt/gz_tools_vendor:/opt/ros/jazzy/opt/gz_ogre_next_vendor:/opt/ros/jazzy/opt/gz_dartsim_vendor:/opt/ros/jazzy/opt/gz_cmake_vendor:/home/student36/ros2_tutorial_workspace/install/the_simplest_python_package:/home/student36/ros2_tutorial_workspace/install/python_package_with_a_node:/home/student36/ros2_tutorial_workspace/install/python_package_that_uses_the_library:/home/student36/ros2_tutorial_workspace/install/python_package_with_a_library:/home/student36/ros2_tutorial_workspace/install/python_package_that_uses_the_services:/home/student36/ros2_tutorial_workspace/install/python_package_that_uses_the_actions:/home/student36/ros2_tutorial_workspace/install/python_package_that_uses_tf2:/home/student36/ros2_tutorial_workspace/install/python_package_that_uses_parameters_and_launch_files:/home/student36/ros2_tutorial_workspace/install/python_package_that_uses_nottf2:/home/student36/ros2_tutorial_workspace/install/python_package_that_uses_nav2:/home/student36/ros2_tutorial_workspace/install/python_package_that_uses_messages:/home/student36/ros2_tutorial_workspace/install/python_package_that_uses_geometry_msgs:/home/student36/ros2_tutorial_workspace/install/python_package_that_uses_gazebo:/home/student36/ws_moveit/install/moveit_configs_utils:/home/student36/elephant_arm_ws/install/mycobot_description:/opt/ros/jazzy DEBUGINFOD_URLS=https://debuginfod.ubuntu.com LD_LIBRARY_PATH=/home/student36/RoboticsDesignProject/Git-repos/LeoRover-Team7/elephant_arm_ws/install/rviz_marker_tools/lib:/home/student36/RoboticsDesignProject/Git-repos/LeoRover-Team7/elephant_arm_ws/install/moveit_task_constructor_msgs/lib:/home/student36/RoboticsDesignProject/Git-repos/LeoRover-Team7/elephant_arm_ws/install/moveit_task_constructor_demo/lib:/home/student36/RoboticsDesignProject/Git-repos/LeoRover-Team7/elephant_arm_ws/install/moveit_task_constructor_visualization/lib:/home/student36/RoboticsDesignProject/Git-repos/LeoRover-Team7/elephant_arm_ws/install/moveit_task_constructor_capabilities/lib:/home/student36/RoboticsDesignProject/Git-repos/LeoRover-Team7/elephant_arm_ws/install/moveit_task_constructor_core/lib:/home/student36/ros2_tutorial_workspace/install/package_with_interfaces/lib:/home/student36/ws_moveit/install/robotiq_driver/lib:/home/student36/ws_moveit/install/serial/lib:/home/student36/ws_moveit/install/moveit_visual_tools/lib:/home/student36/ws_moveit/install/rviz_visual_tools/lib:/home/student36/ws_moveit/install/moveit_task_constructor_demo/lib:/home/student36/ws_moveit/install/moveit_task_constructor_visualization/lib:/home/student36/ws_moveit/install/moveit_task_constructor_capabilities/lib:/home/student36/ws_moveit/install/moveit_task_constructor_core/lib:/home/student36/ws_moveit/install/rviz_marker_tools/lib:/home/student36/ws_moveit/install/robotiq_controllers/lib:/home/student36/ws_moveit/install/pilz_industrial_motion_planner_testutils/lib:/home/student36/ws_moveit/install/pilz_industrial_motion_planner/lib:/home/student36/ws_moveit/install/moveit_task_constructor_msgs/lib:/home/student36/ws_moveit/install/moveit_ros_control_interface/lib:/home/student36/ws_moveit/install/moveit_simple_controller_manager/lib:/home/student36/ws_moveit/install/moveit_setup_assistant/lib:/home/student36/ws_moveit/install/moveit_setup_srdf_plugins/lib:/home/student36/ws_moveit/install/moveit_setup_core_plugins/lib:/home/student36/ws_moveit/install/moveit_setup_controllers/lib:/home/student36/ws_moveit/install/moveit_setup_app_plugins/lib:/home/student36/ws_moveit/install/moveit_setup_framework/lib:/home/student36/ws_moveit/install/moveit_servo/lib:/home/student36/ws_moveit/install/moveit_ros_trajectory_cache/lib:/home/student36/ws_moveit/install/moveit_ros_visualization/lib:/home/student36/ws_moveit/install/moveit_py/lib:/home/student36/ws_moveit/install/moveit_hybrid_planning/lib:/home/student36/ws_moveit/install/moveit_ros_planning_interface/lib:/home/student36/ws_moveit/install/moveit_ros_benchmarks/lib:/home/student36/ws_moveit/install/moveit_ros_warehouse/lib:/home/student36/ws_moveit/install/moveit_ros_robot_interaction/lib:/home/student36/ws_moveit/install/moveit_ros_perception/lib:/home/student36/ws_moveit/install/moveit_ros_move_group/lib:/home/student36/ws_moveit/install/moveit_planners_ompl/lib:/home/student36/ws_moveit/install/moveit_kinematics/lib:/home/student36/ws_moveit/install/moveit_ros_planning/lib:/home/student36/ws_moveit/install/moveit_ros_occupancy_map_monitor/lib:/home/student36/ws_moveit/install/moveit_resources_prbt_ikfast_manipulator_plugin/lib:/home/student36/ws_moveit/install/moveit_planners_stomp/lib:/home/student36/ws_moveit/install/moveit_planners_chomp/lib:/home/student36/ws_moveit/install/chomp_motion_planner/lib:/home/student36/ws_moveit/install/moveit_core/lib:/home/student36/ws_moveit/install/moveit_msgs/lib:/home/student36/ws_moveit/install/kortex_driver/lib:/opt/ros/jazzy/opt/gz_sim_vendor/lib:/opt/ros/jazzy/opt/gz_sensors_vendor/lib:/opt/ros/jazzy/opt/gz_physics_vendor/lib:/opt/ros/jazzy/opt/sdformat_vendor/lib:/opt/ros/jazzy/opt/rviz_ogre_vendor/lib:/opt/ros/jazzy/lib/x86_64-linux-gnu:/opt/ros/jazzy/opt/gz_gui_vendor/lib:/opt/ros/jazzy/opt/gz_transport_vendor/lib:/opt/ros/jazzy/opt/gz_rendering_vendor/lib:/opt/ros/jazzy/opt/gz_plugin_vendor/lib:/opt/ros/jazzy/opt/gz_fuel_tools_vendor/lib:/opt/ros/jazzy/opt/gz_msgs_vendor/lib:/opt/ros/jazzy/opt/gz_common_vendor/lib:/opt/ros/jazzy/opt/gz_math_vendor/lib:/opt/ros/jazzy/opt/gz_utils_vendor/lib:/opt/ros/jazzy/opt/gz_tools_vendor/lib:/opt/ros/jazzy/opt/gz_ogre_next_vendor/lib:/opt/ros/jazzy/opt/gz_dartsim_vendor/lib:/opt/ros/jazzy/opt/gz_cmake_vendor/lib:/opt/ros/jazzy/lib PYTHONPATH=/home/student36/RoboticsDesignProject/Git-repos/LeoRover-Team7/elephant_arm_ws/install/moveit_task_constructor_msgs/lib/python3.12/site-packages:/home/student36/RoboticsDesignProject/Git-repos/LeoRover-Team7/elephant_arm_ws/install/moveit_task_constructor_core/lib/python3.12/site-packages:/home/student36/ros2_tutorial_workspace/install/the_simplest_python_package/lib/python3.12/site-packages:/home/student36/ros2_tutorial_workspace/install/python_package_with_a_node/lib/python3.12/site-packages:/home/student36/ros2_tutorial_workspace/install/python_package_that_uses_the_library/lib/python3.12/site-packages:/home/student36/ros2_tutorial_workspace/install/python_package_with_a_library/lib/python3.12/site-packages:/home/student36/ros2_tutorial_workspace/install/python_package_that_uses_the_services/lib/python3.12/site-packages:/home/student36/ros2_tutorial_workspace/install/python_package_that_uses_the_actions/lib/python3.12/site-packages:/home/student36/ros2_tutorial_workspace/install/python_package_that_uses_tf2/lib/python3.12/site-packages:/home/student36/ros2_tutorial_workspace/install/python_package_that_uses_parameters_and_launch_files/lib/python3.12/site-packages:/home/student36/ros2_tutorial_workspace/install/python_package_that_uses_nottf2/lib/python3.12/site-packages:/home/student36/ros2_tutorial_workspace/install/python_package_that_uses_nav2/lib/python3.12/site-packages:/home/student36/ros2_tutorial_workspace/install/python_package_that_uses_messages/lib/python3.12/site-packages:/home/student36/ros2_tutorial_workspace/install/python_package_that_uses_geometry_msgs/lib/python3.12/site-packages:/home/student36/ros2_tutorial_workspace/install/python_package_that_uses_gazebo/lib/python3.12/site-packages:/home/student36/ros2_tutorial_workspace/install/package_with_interfaces/lib/python3.12/site-packages:/home/student36/ws_moveit/install/moveit_task_constructor_core/lib/python3.12/site-packages:/home/student36/ws_moveit/install/mycobot_description/lib/python3.12/site-packages:/home/student36/ws_moveit/install/moveit_task_constructor_msgs/lib/python3.12/site-packages:/home/student36/ws_moveit/install/moveit_py/lib/python3.12/site-packages:/home/student36/ws_moveit/install/moveit_msgs/lib/python3.12/site-packages:/home/student36/ws_moveit/install/moveit_configs_utils/lib/python3.12/site-packages:/home/student36/elephant_arm_ws/install/mycobot_description/lib/python3.12/site-packages:/opt/ros/jazzy/lib/python3.12/site-packages /usr/bin/cmake --build /home/student36/RoboticsDesignProject/Git-repos/LeoRover-Team7/elephant_arm_ws/build/moveit_task_constructor_core -- -j12 -l12
[3.357s] DEBUG:colcon.colcon_core.event_handler.log_command:Invoking command in '/home/student36/RoboticsDesignProject/Git-repos/LeoRover-Team7/elephant_arm_ws/build/moveit_task_constructor_core': CMAKE_PREFIX_PATH=/home/student36/RoboticsDesignProject/Git-repos/LeoRover-Team7/elephant_arm_ws/install/rviz_marker_tools:/home/student36/RoboticsDesignProject/Git-repos/LeoRover-Team7/elephant_arm_ws/install/moveit_task_constructor_msgs:/home/student36/RoboticsDesignProject/Git-repos/LeoRover-Team7/elephant_arm_ws/install/mtc_tutorial:/home/student36/RoboticsDesignProject/Git-repos/LeoRover-Team7/elephant_arm_ws/install/moveit_task_constructor_demo:/home/student36/RoboticsDesignProject/Git-repos/LeoRover-Team7/elephant_arm_ws/install/moveit_task_constructor_visualization:/home/student36/RoboticsDesignProject/Git-repos/LeoRover-Team7/elephant_arm_ws/install/moveit_task_constructor_capabilities:/home/student36/RoboticsDesignProject/Git-repos/LeoRover-Team7/elephant_arm_ws/install/moveit_task_constructor_core:/home/student36/RoboticsDesignProject/Git-repos/LeoRover-Team7/elephant_arm_ws/install/mycobot_ros2:/home/student36/RoboticsDesignProject/Git-repos/LeoRover-Team7/elephant_arm_ws/install/mycobot_moveit_config:/home/student36/RoboticsDesignProject/Git-repos/LeoRover-Team7/elephant_arm_ws/install/mycobot_gazebo:/home/student36/RoboticsDesignProject/Git-repos/LeoRover-Team7/elephant_arm_ws/install/mycobot_description:/home/student36/RoboticsDesignProject/Git-repos/LeoRover-Team7/elephant_arm_ws/install/mycobot_bringup:/home/student36/RoboticsDesignProject/Git-repos/LeoRover-Team7/elephant_arm_ws/install/hello_moveit:/home/student36/ros2_tutorial_workspace/install/package_with_interfaces:/home/student36/ws_moveit/install/robotiq_hardware_tests:/home/student36/ws_moveit/install/robotiq_driver:/home/student36/ws_moveit/install/serial:/home/student36/ws_moveit/install/moveit2_tutorials:/home/student36/ws_moveit/install/hello_moveit:/home/student36/ws_moveit/install/moveit_visual_tools:/home/student36/ws_moveit/install/rviz_visual_tools:/home/student36/ws_moveit/install/mtc_tutorial:/home/student36/ws_moveit/install/moveit_task_constructor_demo:/home/student36/ws_moveit/install/moveit_task_constructor_visualization:/home/student36/ws_moveit/install/moveit_task_constructor_capabilities:/home/student36/ws_moveit/install/elephant:/home/student36/ws_moveit/install/moveit_task_constructor_core:/home/student36/ws_moveit/install/rviz_marker_tools:/home/student36/ws_moveit/install/kortex_bringup:/home/student36/ws_moveit/install/kinova_gen3_lite_moveit_config:/home/student36/ws_moveit/install/kinova_gen3_7dof_robotiq_2f_85_moveit_config:/home/student36/ws_moveit/install/kinova_gen3_6dof_robotiq_2f_85_moveit_config:/home/student36/ws_moveit/install/kortex_description:/home/student36/ws_moveit/install/robotiq_description:/home/student36/ws_moveit/install/robotiq_controllers:/home/student36/ws_moveit/install/pilz_industrial_motion_planner_testutils:/home/student36/ws_moveit/install/mycobot_280_moveit2:/home/student36/ws_moveit/install/moveit_runtime:/home/student36/ws_moveit/install/moveit:/home/student36/ws_moveit/install/elephant_arm:/home/student36/ws_moveit/install/moveit_planners:/home/student36/ws_moveit/install/pilz_industrial_motion_planner:/home/student36/ws_moveit/install/mycobot_description:/home/student36/ws_moveit/install/moveit_task_constructor_msgs:/home/student36/ws_moveit/install/moveit_ros_control_interface:/home/student36/ws_moveit/install/moveit_plugins:/home/student36/ws_moveit/install/moveit_simple_controller_manager:/home/student36/ws_moveit/install/moveit_setup_assistant:/home/student36/ws_moveit/install/moveit_setup_srdf_plugins:/home/student36/ws_moveit/install/moveit_setup_core_plugins:/home/student36/ws_moveit/install/moveit_setup_controllers:/home/student36/ws_moveit/install/moveit_setup_app_plugins:/home/student36/ws_moveit/install/moveit_setup_framework:/home/student36/ws_moveit/install/moveit_servo:/home/student36/ws_moveit/install/moveit_ros_trajectory_cache:/home/student36/ws_moveit/install/moveit_ros:/home/student36/ws_moveit/install/moveit_ros_visualization:/home/student36/ws_moveit/install/moveit_py:/home/student36/ws_moveit/install/moveit_hybrid_planning:/home/student36/ws_moveit/install/moveit_ros_planning_interface:/home/student36/ws_moveit/install/moveit_ros_benchmarks:/home/student36/ws_moveit/install/moveit_ros_warehouse:/home/student36/ws_moveit/install/moveit_ros_robot_interaction:/home/student36/ws_moveit/install/moveit_ros_perception:/home/student36/ws_moveit/install/moveit_resources_prbt_pg70_support:/home/student36/ws_moveit/install/moveit_resources_prbt_moveit_config:/home/student36/ws_moveit/install/moveit_ros_move_group:/home/student36/ws_moveit/install/moveit_planners_ompl:/home/student36/ws_moveit/install/moveit_kinematics:/home/student36/ws_moveit/install/moveit_ros_planning:/home/student36/ws_moveit/install/moveit_ros_occupancy_map_monitor:/home/student36/ws_moveit/install/moveit_resources_prbt_support:/home/student36/ws_moveit/install/moveit_resources_prbt_ikfast_manipulator_plugin:/home/student36/ws_moveit/install/moveit_resources:/home/student36/ws_moveit/install/moveit_resources_pr2_description:/home/student36/ws_moveit/install/moveit_resources_panda_moveit_config:/home/student36/ws_moveit/install/dual_arm_panda_moveit_config:/home/student36/ws_moveit/install/moveit_resources_panda_description:/home/student36/ws_moveit/install/moveit_resources_fanuc_moveit_config:/home/student36/ws_moveit/install/moveit_resources_fanuc_description:/home/student36/ws_moveit/install/moveit_planners_stomp:/home/student36/ws_moveit/install/moveit_planners_chomp:/home/student36/ws_moveit/install/chomp_motion_planner:/home/student36/ws_moveit/install/moveit_core:/home/student36/ws_moveit/install/moveit_msgs:/home/student36/ws_moveit/install/moveit_common:/home/student36/ws_moveit/install/kortex_driver:/home/student36/ws_moveit/install/kortex_api:/home/student36/rplidar_ws/install/rplidar_ros:/home/student36/elephant_arm_ws/install/mycobot_280_moveit2:/opt/ros/jazzy/opt/gz_sim_vendor:/opt/ros/jazzy/opt/gz_sensors_vendor:/opt/ros/jazzy/opt/gz_physics_vendor:/opt/ros/jazzy/opt/sdformat_vendor:/opt/ros/jazzy/opt/gz_gui_vendor:/opt/ros/jazzy/opt/gz_transport_vendor:/opt/ros/jazzy/opt/gz_rendering_vendor:/opt/ros/jazzy/opt/gz_plugin_vendor:/opt/ros/jazzy/opt/gz_fuel_tools_vendor:/opt/ros/jazzy/opt/gz_msgs_vendor:/opt/ros/jazzy/opt/gz_common_vendor:/opt/ros/jazzy/opt/gz_math_vendor:/opt/ros/jazzy/opt/gz_utils_vendor:/opt/ros/jazzy/opt/gz_tools_vendor:/opt/ros/jazzy/opt/gz_ogre_next_vendor:/opt/ros/jazzy/opt/gz_dartsim_vendor:/opt/ros/jazzy/opt/gz_cmake_vendor:/home/student36/ros2_tutorial_workspace/install/the_simplest_python_package:/home/student36/ros2_tutorial_workspace/install/python_package_with_a_node:/home/student36/ros2_tutorial_workspace/install/python_package_that_uses_the_library:/home/student36/ros2_tutorial_workspace/install/python_package_with_a_library:/home/student36/ros2_tutorial_workspace/install/python_package_that_uses_the_services:/home/student36/ros2_tutorial_workspace/install/python_package_that_uses_the_actions:/home/student36/ros2_tutorial_workspace/install/python_package_that_uses_tf2:/home/student36/ros2_tutorial_workspace/install/python_package_that_uses_parameters_and_launch_files:/home/student36/ros2_tutorial_workspace/install/python_package_that_uses_nottf2:/home/student36/ros2_tutorial_workspace/install/python_package_that_uses_nav2:/home/student36/ros2_tutorial_workspace/install/python_package_that_uses_messages:/home/student36/ros2_tutorial_workspace/install/python_package_that_uses_geometry_msgs:/home/student36/ros2_tutorial_workspace/install/python_package_that_uses_gazebo:/home/student36/ws_moveit/install/moveit_configs_utils:/home/student36/elephant_arm_ws/install/mycobot_description:/opt/ros/jazzy DEBUGINFOD_URLS=https://debuginfod.ubuntu.com LD_LIBRARY_PATH=/home/student36/RoboticsDesignProject/Git-repos/LeoRover-Team7/elephant_arm_ws/install/rviz_marker_tools/lib:/home/student36/RoboticsDesignProject/Git-repos/LeoRover-Team7/elephant_arm_ws/install/moveit_task_constructor_msgs/lib:/home/student36/RoboticsDesignProject/Git-repos/LeoRover-Team7/elephant_arm_ws/install/moveit_task_constructor_demo/lib:/home/student36/RoboticsDesignProject/Git-repos/LeoRover-Team7/elephant_arm_ws/install/moveit_task_constructor_visualization/lib:/home/student36/RoboticsDesignProject/Git-repos/LeoRover-Team7/elephant_arm_ws/install/moveit_task_constructor_capabilities/lib:/home/student36/RoboticsDesignProject/Git-repos/LeoRover-Team7/elephant_arm_ws/install/moveit_task_constructor_core/lib:/home/student36/ros2_tutorial_workspace/install/package_with_interfaces/lib:/home/student36/ws_moveit/install/robotiq_driver/lib:/home/student36/ws_moveit/install/serial/lib:/home/student36/ws_moveit/install/moveit_visual_tools/lib:/home/student36/ws_moveit/install/rviz_visual_tools/lib:/home/student36/ws_moveit/install/moveit_task_constructor_demo/lib:/home/student36/ws_moveit/install/moveit_task_constructor_visualization/lib:/home/student36/ws_moveit/install/moveit_task_constructor_capabilities/lib:/home/student36/ws_moveit/install/moveit_task_constructor_core/lib:/home/student36/ws_moveit/install/rviz_marker_tools/lib:/home/student36/ws_moveit/install/robotiq_controllers/lib:/home/student36/ws_moveit/install/pilz_industrial_motion_planner_testutils/lib:/home/student36/ws_moveit/install/pilz_industrial_motion_planner/lib:/home/student36/ws_moveit/install/moveit_task_constructor_msgs/lib:/home/student36/ws_moveit/install/moveit_ros_control_interface/lib:/home/student36/ws_moveit/install/moveit_simple_controller_manager/lib:/home/student36/ws_moveit/install/moveit_setup_assistant/lib:/home/student36/ws_moveit/install/moveit_setup_srdf_plugins/lib:/home/student36/ws_moveit/install/moveit_setup_core_plugins/lib:/home/student36/ws_moveit/install/moveit_setup_controllers/lib:/home/student36/ws_moveit/install/moveit_setup_app_plugins/lib:/home/student36/ws_moveit/install/moveit_setup_framework/lib:/home/student36/ws_moveit/install/moveit_servo/lib:/home/student36/ws_moveit/install/moveit_ros_trajectory_cache/lib:/home/student36/ws_moveit/install/moveit_ros_visualization/lib:/home/student36/ws_moveit/install/moveit_py/lib:/home/student36/ws_moveit/install/moveit_hybrid_planning/lib:/home/student36/ws_moveit/install/moveit_ros_planning_interface/lib:/home/student36/ws_moveit/install/moveit_ros_benchmarks/lib:/home/student36/ws_moveit/install/moveit_ros_warehouse/lib:/home/student36/ws_moveit/install/moveit_ros_robot_interaction/lib:/home/student36/ws_moveit/install/moveit_ros_perception/lib:/home/student36/ws_moveit/install/moveit_ros_move_group/lib:/home/student36/ws_moveit/install/moveit_planners_ompl/lib:/home/student36/ws_moveit/install/moveit_kinematics/lib:/home/student36/ws_moveit/install/moveit_ros_planning/lib:/home/student36/ws_moveit/install/moveit_ros_occupancy_map_monitor/lib:/home/student36/ws_moveit/install/moveit_resources_prbt_ikfast_manipulator_plugin/lib:/home/student36/ws_moveit/install/moveit_planners_stomp/lib:/home/student36/ws_moveit/install/moveit_planners_chomp/lib:/home/student36/ws_moveit/install/chomp_motion_planner/lib:/home/student36/ws_moveit/install/moveit_core/lib:/home/student36/ws_moveit/install/moveit_msgs/lib:/home/student36/ws_moveit/install/kortex_driver/lib:/opt/ros/jazzy/opt/gz_sim_vendor/lib:/opt/ros/jazzy/opt/gz_sensors_vendor/lib:/opt/ros/jazzy/opt/gz_physics_vendor/lib:/opt/ros/jazzy/opt/sdformat_vendor/lib:/opt/ros/jazzy/opt/rviz_ogre_vendor/lib:/opt/ros/jazzy/lib/x86_64-linux-gnu:/opt/ros/jazzy/opt/gz_gui_vendor/lib:/opt/ros/jazzy/opt/gz_transport_vendor/lib:/opt/ros/jazzy/opt/gz_rendering_vendor/lib:/opt/ros/jazzy/opt/gz_plugin_vendor/lib:/opt/ros/jazzy/opt/gz_fuel_tools_vendor/lib:/opt/ros/jazzy/opt/gz_msgs_vendor/lib:/opt/ros/jazzy/opt/gz_common_vendor/lib:/opt/ros/jazzy/opt/gz_math_vendor/lib:/opt/ros/jazzy/opt/gz_utils_vendor/lib:/opt/ros/jazzy/opt/gz_tools_vendor/lib:/opt/ros/jazzy/opt/gz_ogre_next_vendor/lib:/opt/ros/jazzy/opt/gz_dartsim_vendor/lib:/opt/ros/jazzy/opt/gz_cmake_vendor/lib:/opt/ros/jazzy/lib PYTHONPATH=/home/student36/RoboticsDesignProject/Git-repos/LeoRover-Team7/elephant_arm_ws/install/moveit_task_constructor_msgs/lib/python3.12/site-packages:/home/student36/RoboticsDesignProject/Git-repos/LeoRover-Team7/elephant_arm_ws/install/moveit_task_constructor_core/lib/python3.12/site-packages:/home/student36/ros2_tutorial_workspace/install/the_simplest_python_package/lib/python3.12/site-packages:/home/student36/ros2_tutorial_workspace/install/python_package_with_a_node/lib/python3.12/site-packages:/home/student36/ros2_tutorial_workspace/install/python_package_that_uses_the_library/lib/python3.12/site-packages:/home/student36/ros2_tutorial_workspace/install/python_package_with_a_library/lib/python3.12/site-packages:/home/student36/ros2_tutorial_workspace/install/python_package_that_uses_the_services/lib/python3.12/site-packages:/home/student36/ros2_tutorial_workspace/install/python_package_that_uses_the_actions/lib/python3.12/site-packages:/home/student36/ros2_tutorial_workspace/install/python_package_that_uses_tf2/lib/python3.12/site-packages:/home/student36/ros2_tutorial_workspace/install/python_package_that_uses_parameters_and_launch_files/lib/python3.12/site-packages:/home/student36/ros2_tutorial_workspace/install/python_package_that_uses_nottf2/lib/python3.12/site-packages:/home/student36/ros2_tutorial_workspace/install/python_package_that_uses_nav2/lib/python3.12/site-packages:/home/student36/ros2_tutorial_workspace/install/python_package_that_uses_messages/lib/python3.12/site-packages:/home/student36/ros2_tutorial_workspace/install/python_package_that_uses_geometry_msgs/lib/python3.12/site-packages:/home/student36/ros2_tutorial_workspace/install/python_package_that_uses_gazebo/lib/python3.12/site-packages:/home/student36/ros2_tutorial_workspace/install/package_with_interfaces/lib/python3.12/site-packages:/home/student36/ws_moveit/install/moveit_task_constructor_core/lib/python3.12/site-packages:/home/student36/ws_moveit/install/mycobot_description/lib/python3.12/site-packages:/home/student36/ws_moveit/install/moveit_task_constructor_msgs/lib/python3.12/site-packages:/home/student36/ws_moveit/install/moveit_py/lib/python3.12/site-packages:/home/student36/ws_moveit/install/moveit_msgs/lib/python3.12/site-packages:/home/student36/ws_moveit/install/moveit_configs_utils/lib/python3.12/site-packages:/home/student36/elephant_arm_ws/install/mycobot_description/lib/python3.12/site-packages:/opt/ros/jazzy/lib/python3.12/site-packages /usr/bin/cmake --install /home/student36/RoboticsDesignProject/Git-repos/LeoRover-Team7/elephant_arm_ws/build/moveit_task_constructor_core
[3.497s] Level 1:colcon.colcon_core.environment:create_environment_scripts_only(moveit_task_constructor_core)
[3.497s] Level 1:colcon.colcon_core.environment:checking '/home/student36/RoboticsDesignProject/Git-repos/LeoRover-Team7/elephant_arm_ws/install/moveit_task_constructor_core' for CMake module files
[3.502s] Level 1:colcon.colcon_core.shell:create_environment_hook('moveit_task_constructor_core', 'cmake_module_path')
[3.502s] INFO:colcon.colcon_core.shell:Creating environment hook '/home/student36/RoboticsDesignProject/Git-repos/LeoRover-Team7/elephant_arm_ws/install/moveit_task_constructor_core/share/moveit_task_constructor_core/hook/cmake_module_path.ps1'
[3.507s] INFO:colcon.colcon_core.shell:Creating environment descriptor '/home/student36/RoboticsDesignProject/Git-repos/LeoRover-Team7/elephant_arm_ws/install/moveit_task_constructor_core/share/moveit_task_constructor_core/hook/cmake_module_path.dsv'
[3.508s] INFO:colcon.colcon_core.shell:Creating environment hook '/home/student36/RoboticsDesignProject/Git-repos/LeoRover-Team7/elephant_arm_ws/install/moveit_task_constructor_core/share/moveit_task_constructor_core/hook/cmake_module_path.sh'
[3.509s] Level 1:colcon.colcon_core.environment:checking '/home/student36/RoboticsDesignProject/Git-repos/LeoRover-Team7/elephant_arm_ws/install/moveit_task_constructor_core' for CMake config files
[3.512s] Level 1:colcon.colcon_core.shell:create_environment_hook('moveit_task_constructor_core', 'cmake_prefix_path')
[3.513s] INFO:colcon.colcon_core.shell:Creating environment hook '/home/student36/RoboticsDesignProject/Git-repos/LeoRover-Team7/elephant_arm_ws/install/moveit_task_constructor_core/share/moveit_task_constructor_core/hook/cmake_prefix_path.ps1'
[3.514s] INFO:colcon.colcon_core.shell:Creating environment descriptor '/home/student36/RoboticsDesignProject/Git-repos/LeoRover-Team7/elephant_arm_ws/install/moveit_task_constructor_core/share/moveit_task_constructor_core/hook/cmake_prefix_path.dsv'
[3.514s] INFO:colcon.colcon_core.shell:Creating environment hook '/home/student36/RoboticsDesignProject/Git-repos/LeoRover-Team7/elephant_arm_ws/install/moveit_task_constructor_core/share/moveit_task_constructor_core/hook/cmake_prefix_path.sh'
[3.516s] DEBUG:colcon.colcon_core.event_handler.log_command:Invoked command in '/home/student36/RoboticsDesignProject/Git-repos/LeoRover-Team7/elephant_arm_ws/build/moveit_task_constructor_core' returned '0': CMAKE_PREFIX_PATH=/home/student36/RoboticsDesignProject/Git-repos/LeoRover-Team7/elephant_arm_ws/install/rviz_marker_tools:/home/student36/RoboticsDesignProject/Git-repos/LeoRover-Team7/elephant_arm_ws/install/moveit_task_constructor_msgs:/home/student36/RoboticsDesignProject/Git-repos/LeoRover-Team7/elephant_arm_ws/install/mtc_tutorial:/home/student36/RoboticsDesignProject/Git-repos/LeoRover-Team7/elephant_arm_ws/install/moveit_task_constructor_demo:/home/student36/RoboticsDesignProject/Git-repos/LeoRover-Team7/elephant_arm_ws/install/moveit_task_constructor_visualization:/home/student36/RoboticsDesignProject/Git-repos/LeoRover-Team7/elephant_arm_ws/install/moveit_task_constructor_capabilities:/home/student36/RoboticsDesignProject/Git-repos/LeoRover-Team7/elephant_arm_ws/install/moveit_task_constructor_core:/home/student36/RoboticsDesignProject/Git-repos/LeoRover-Team7/elephant_arm_ws/install/mycobot_ros2:/home/student36/RoboticsDesignProject/Git-repos/LeoRover-Team7/elephant_arm_ws/install/mycobot_moveit_config:/home/student36/RoboticsDesignProject/Git-repos/LeoRover-Team7/elephant_arm_ws/install/mycobot_gazebo:/home/student36/RoboticsDesignProject/Git-repos/LeoRover-Team7/elephant_arm_ws/install/mycobot_description:/home/student36/RoboticsDesignProject/Git-repos/LeoRover-Team7/elephant_arm_ws/install/mycobot_bringup:/home/student36/RoboticsDesignProject/Git-repos/LeoRover-Team7/elephant_arm_ws/install/hello_moveit:/home/student36/ros2_tutorial_workspace/install/package_with_interfaces:/home/student36/ws_moveit/install/robotiq_hardware_tests:/home/student36/ws_moveit/install/robotiq_driver:/home/student36/ws_moveit/install/serial:/home/student36/ws_moveit/install/moveit2_tutorials:/home/student36/ws_moveit/install/hello_moveit:/home/student36/ws_moveit/install/moveit_visual_tools:/home/student36/ws_moveit/install/rviz_visual_tools:/home/student36/ws_moveit/install/mtc_tutorial:/home/student36/ws_moveit/install/moveit_task_constructor_demo:/home/student36/ws_moveit/install/moveit_task_constructor_visualization:/home/student36/ws_moveit/install/moveit_task_constructor_capabilities:/home/student36/ws_moveit/install/elephant:/home/student36/ws_moveit/install/moveit_task_constructor_core:/home/student36/ws_moveit/install/rviz_marker_tools:/home/student36/ws_moveit/install/kortex_bringup:/home/student36/ws_moveit/install/kinova_gen3_lite_moveit_config:/home/student36/ws_moveit/install/kinova_gen3_7dof_robotiq_2f_85_moveit_config:/home/student36/ws_moveit/install/kinova_gen3_6dof_robotiq_2f_85_moveit_config:/home/student36/ws_moveit/install/kortex_description:/home/student36/ws_moveit/install/robotiq_description:/home/student36/ws_moveit/install/robotiq_controllers:/home/student36/ws_moveit/install/pilz_industrial_motion_planner_testutils:/home/student36/ws_moveit/install/mycobot_280_moveit2:/home/student36/ws_moveit/install/moveit_runtime:/home/student36/ws_moveit/install/moveit:/home/student36/ws_moveit/install/elephant_arm:/home/student36/ws_moveit/install/moveit_planners:/home/student36/ws_moveit/install/pilz_industrial_motion_planner:/home/student36/ws_moveit/install/mycobot_description:/home/student36/ws_moveit/install/moveit_task_constructor_msgs:/home/student36/ws_moveit/install/moveit_ros_control_interface:/home/student36/ws_moveit/install/moveit_plugins:/home/student36/ws_moveit/install/moveit_simple_controller_manager:/home/student36/ws_moveit/install/moveit_setup_assistant:/home/student36/ws_moveit/install/moveit_setup_srdf_plugins:/home/student36/ws_moveit/install/moveit_setup_core_plugins:/home/student36/ws_moveit/install/moveit_setup_controllers:/home/student36/ws_moveit/install/moveit_setup_app_plugins:/home/student36/ws_moveit/install/moveit_setup_framework:/home/student36/ws_moveit/install/moveit_servo:/home/student36/ws_moveit/install/moveit_ros_trajectory_cache:/home/student36/ws_moveit/install/moveit_ros:/home/student36/ws_moveit/install/moveit_ros_visualization:/home/student36/ws_moveit/install/moveit_py:/home/student36/ws_moveit/install/moveit_hybrid_planning:/home/student36/ws_moveit/install/moveit_ros_planning_interface:/home/student36/ws_moveit/install/moveit_ros_benchmarks:/home/student36/ws_moveit/install/moveit_ros_warehouse:/home/student36/ws_moveit/install/moveit_ros_robot_interaction:/home/student36/ws_moveit/install/moveit_ros_perception:/home/student36/ws_moveit/install/moveit_resources_prbt_pg70_support:/home/student36/ws_moveit/install/moveit_resources_prbt_moveit_config:/home/student36/ws_moveit/install/moveit_ros_move_group:/home/student36/ws_moveit/install/moveit_planners_ompl:/home/student36/ws_moveit/install/moveit_kinematics:/home/student36/ws_moveit/install/moveit_ros_planning:/home/student36/ws_moveit/install/moveit_ros_occupancy_map_monitor:/home/student36/ws_moveit/install/moveit_resources_prbt_support:/home/student36/ws_moveit/install/moveit_resources_prbt_ikfast_manipulator_plugin:/home/student36/ws_moveit/install/moveit_resources:/home/student36/ws_moveit/install/moveit_resources_pr2_description:/home/student36/ws_moveit/install/moveit_resources_panda_moveit_config:/home/student36/ws_moveit/install/dual_arm_panda_moveit_config:/home/student36/ws_moveit/install/moveit_resources_panda_description:/home/student36/ws_moveit/install/moveit_resources_fanuc_moveit_config:/home/student36/ws_moveit/install/moveit_resources_fanuc_description:/home/student36/ws_moveit/install/moveit_planners_stomp:/home/student36/ws_moveit/install/moveit_planners_chomp:/home/student36/ws_moveit/install/chomp_motion_planner:/home/student36/ws_moveit/install/moveit_core:/home/student36/ws_moveit/install/moveit_msgs:/home/student36/ws_moveit/install/moveit_common:/home/student36/ws_moveit/install/kortex_driver:/home/student36/ws_moveit/install/kortex_api:/home/student36/rplidar_ws/install/rplidar_ros:/home/student36/elephant_arm_ws/install/mycobot_280_moveit2:/opt/ros/jazzy/opt/gz_sim_vendor:/opt/ros/jazzy/opt/gz_sensors_vendor:/opt/ros/jazzy/opt/gz_physics_vendor:/opt/ros/jazzy/opt/sdformat_vendor:/opt/ros/jazzy/opt/gz_gui_vendor:/opt/ros/jazzy/opt/gz_transport_vendor:/opt/ros/jazzy/opt/gz_rendering_vendor:/opt/ros/jazzy/opt/gz_plugin_vendor:/opt/ros/jazzy/opt/gz_fuel_tools_vendor:/opt/ros/jazzy/opt/gz_msgs_vendor:/opt/ros/jazzy/opt/gz_common_vendor:/opt/ros/jazzy/opt/gz_math_vendor:/opt/ros/jazzy/opt/gz_utils_vendor:/opt/ros/jazzy/opt/gz_tools_vendor:/opt/ros/jazzy/opt/gz_ogre_next_vendor:/opt/ros/jazzy/opt/gz_dartsim_vendor:/opt/ros/jazzy/opt/gz_cmake_vendor:/home/student36/ros2_tutorial_workspace/install/the_simplest_python_package:/home/student36/ros2_tutorial_workspace/install/python_package_with_a_node:/home/student36/ros2_tutorial_workspace/install/python_package_that_uses_the_library:/home/student36/ros2_tutorial_workspace/install/python_package_with_a_library:/home/student36/ros2_tutorial_workspace/install/python_package_that_uses_the_services:/home/student36/ros2_tutorial_workspace/install/python_package_that_uses_the_actions:/home/student36/ros2_tutorial_workspace/install/python_package_that_uses_tf2:/home/student36/ros2_tutorial_workspace/install/python_package_that_uses_parameters_and_launch_files:/home/student36/ros2_tutorial_workspace/install/python_package_that_uses_nottf2:/home/student36/ros2_tutorial_workspace/install/python_package_that_uses_nav2:/home/student36/ros2_tutorial_workspace/install/python_package_that_uses_messages:/home/student36/ros2_tutorial_workspace/install/python_package_that_uses_geometry_msgs:/home/student36/ros2_tutorial_workspace/install/python_package_that_uses_gazebo:/home/student36/ws_moveit/install/moveit_configs_utils:/home/student36/elephant_arm_ws/install/mycobot_description:/opt/ros/jazzy DEBUGINFOD_URLS=https://debuginfod.ubuntu.com LD_LIBRARY_PATH=/home/student36/RoboticsDesignProject/Git-repos/LeoRover-Team7/elephant_arm_ws/install/rviz_marker_tools/lib:/home/student36/RoboticsDesignProject/Git-repos/LeoRover-Team7/elephant_arm_ws/install/moveit_task_constructor_msgs/lib:/home/student36/RoboticsDesignProject/Git-repos/LeoRover-Team7/elephant_arm_ws/install/moveit_task_constructor_demo/lib:/home/student36/RoboticsDesignProject/Git-repos/LeoRover-Team7/elephant_arm_ws/install/moveit_task_constructor_visualization/lib:/home/student36/RoboticsDesignProject/Git-repos/LeoRover-Team7/elephant_arm_ws/install/moveit_task_constructor_capabilities/lib:/home/student36/RoboticsDesignProject/Git-repos/LeoRover-Team7/elephant_arm_ws/install/moveit_task_constructor_core/lib:/home/student36/ros2_tutorial_workspace/install/package_with_interfaces/lib:/home/student36/ws_moveit/install/robotiq_driver/lib:/home/student36/ws_moveit/install/serial/lib:/home/student36/ws_moveit/install/moveit_visual_tools/lib:/home/student36/ws_moveit/install/rviz_visual_tools/lib:/home/student36/ws_moveit/install/moveit_task_constructor_demo/lib:/home/student36/ws_moveit/install/moveit_task_constructor_visualization/lib:/home/student36/ws_moveit/install/moveit_task_constructor_capabilities/lib:/home/student36/ws_moveit/install/moveit_task_constructor_core/lib:/home/student36/ws_moveit/install/rviz_marker_tools/lib:/home/student36/ws_moveit/install/robotiq_controllers/lib:/home/student36/ws_moveit/install/pilz_industrial_motion_planner_testutils/lib:/home/student36/ws_moveit/install/pilz_industrial_motion_planner/lib:/home/student36/ws_moveit/install/moveit_task_constructor_msgs/lib:/home/student36/ws_moveit/install/moveit_ros_control_interface/lib:/home/student36/ws_moveit/install/moveit_simple_controller_manager/lib:/home/student36/ws_moveit/install/moveit_setup_assistant/lib:/home/student36/ws_moveit/install/moveit_setup_srdf_plugins/lib:/home/student36/ws_moveit/install/moveit_setup_core_plugins/lib:/home/student36/ws_moveit/install/moveit_setup_controllers/lib:/home/student36/ws_moveit/install/moveit_setup_app_plugins/lib:/home/student36/ws_moveit/install/moveit_setup_framework/lib:/home/student36/ws_moveit/install/moveit_servo/lib:/home/student36/ws_moveit/install/moveit_ros_trajectory_cache/lib:/home/student36/ws_moveit/install/moveit_ros_visualization/lib:/home/student36/ws_moveit/install/moveit_py/lib:/home/student36/ws_moveit/install/moveit_hybrid_planning/lib:/home/student36/ws_moveit/install/moveit_ros_planning_interface/lib:/home/student36/ws_moveit/install/moveit_ros_benchmarks/lib:/home/student36/ws_moveit/install/moveit_ros_warehouse/lib:/home/student36/ws_moveit/install/moveit_ros_robot_interaction/lib:/home/student36/ws_moveit/install/moveit_ros_perception/lib:/home/student36/ws_moveit/install/moveit_ros_move_group/lib:/home/student36/ws_moveit/install/moveit_planners_ompl/lib:/home/student36/ws_moveit/install/moveit_kinematics/lib:/home/student36/ws_moveit/install/moveit_ros_planning/lib:/home/student36/ws_moveit/install/moveit_ros_occupancy_map_monitor/lib:/home/student36/ws_moveit/install/moveit_resources_prbt_ikfast_manipulator_plugin/lib:/home/student36/ws_moveit/install/moveit_planners_stomp/lib:/home/student36/ws_moveit/install/moveit_planners_chomp/lib:/home/student36/ws_moveit/install/chomp_motion_planner/lib:/home/student36/ws_moveit/install/moveit_core/lib:/home/student36/ws_moveit/install/moveit_msgs/lib:/home/student36/ws_moveit/install/kortex_driver/lib:/opt/ros/jazzy/opt/gz_sim_vendor/lib:/opt/ros/jazzy/opt/gz_sensors_vendor/lib:/opt/ros/jazzy/opt/gz_physics_vendor/lib:/opt/ros/jazzy/opt/sdformat_vendor/lib:/opt/ros/jazzy/opt/rviz_ogre_vendor/lib:/opt/ros/jazzy/lib/x86_64-linux-gnu:/opt/ros/jazzy/opt/gz_gui_vendor/lib:/opt/ros/jazzy/opt/gz_transport_vendor/lib:/opt/ros/jazzy/opt/gz_rendering_vendor/lib:/opt/ros/jazzy/opt/gz_plugin_vendor/lib:/opt/ros/jazzy/opt/gz_fuel_tools_vendor/lib:/opt/ros/jazzy/opt/gz_msgs_vendor/lib:/opt/ros/jazzy/opt/gz_common_vendor/lib:/opt/ros/jazzy/opt/gz_math_vendor/lib:/opt/ros/jazzy/opt/gz_utils_vendor/lib:/opt/ros/jazzy/opt/gz_tools_vendor/lib:/opt/ros/jazzy/opt/gz_ogre_next_vendor/lib:/opt/ros/jazzy/opt/gz_dartsim_vendor/lib:/opt/ros/jazzy/opt/gz_cmake_vendor/lib:/opt/ros/jazzy/lib PYTHONPATH=/home/student36/RoboticsDesignProject/Git-repos/LeoRover-Team7/elephant_arm_ws/install/moveit_task_constructor_msgs/lib/python3.12/site-packages:/home/student36/RoboticsDesignProject/Git-repos/LeoRover-Team7/elephant_arm_ws/install/moveit_task_constructor_core/lib/python3.12/site-packages:/home/student36/ros2_tutorial_workspace/install/the_simplest_python_package/lib/python3.12/site-packages:/home/student36/ros2_tutorial_workspace/install/python_package_with_a_node/lib/python3.12/site-packages:/home/student36/ros2_tutorial_workspace/install/python_package_that_uses_the_library/lib/python3.12/site-packages:/home/student36/ros2_tutorial_workspace/install/python_package_with_a_library/lib/python3.12/site-packages:/home/student36/ros2_tutorial_workspace/install/python_package_that_uses_the_services/lib/python3.12/site-packages:/home/student36/ros2_tutorial_workspace/install/python_package_that_uses_the_actions/lib/python3.12/site-packages:/home/student36/ros2_tutorial_workspace/install/python_package_that_uses_tf2/lib/python3.12/site-packages:/home/student36/ros2_tutorial_workspace/install/python_package_that_uses_parameters_and_launch_files/lib/python3.12/site-packages:/home/student36/ros2_tutorial_workspace/install/python_package_that_uses_nottf2/lib/python3.12/site-packages:/home/student36/ros2_tutorial_workspace/install/python_package_that_uses_nav2/lib/python3.12/site-packages:/home/student36/ros2_tutorial_workspace/install/python_package_that_uses_messages/lib/python3.12/site-packages:/home/student36/ros2_tutorial_workspace/install/python_package_that_uses_geometry_msgs/lib/python3.12/site-packages:/home/student36/ros2_tutorial_workspace/install/python_package_that_uses_gazebo/lib/python3.12/site-packages:/home/student36/ros2_tutorial_workspace/install/package_with_interfaces/lib/python3.12/site-packages:/home/student36/ws_moveit/install/moveit_task_constructor_core/lib/python3.12/site-packages:/home/student36/ws_moveit/install/mycobot_description/lib/python3.12/site-packages:/home/student36/ws_moveit/install/moveit_task_constructor_msgs/lib/python3.12/site-packages:/home/student36/ws_moveit/install/moveit_py/lib/python3.12/site-packages:/home/student36/ws_moveit/install/moveit_msgs/lib/python3.12/site-packages:/home/student36/ws_moveit/install/moveit_configs_utils/lib/python3.12/site-packages:/home/student36/elephant_arm_ws/install/mycobot_description/lib/python3.12/site-packages:/opt/ros/jazzy/lib/python3.12/site-packages /usr/bin/cmake --install /home/student36/RoboticsDesignProject/Git-repos/LeoRover-Team7/elephant_arm_ws/build/moveit_task_constructor_core
[3.516s] Level 1:colcon.colcon_core.environment:checking '/home/student36/RoboticsDesignProject/Git-repos/LeoRover-Team7/elephant_arm_ws/install/moveit_task_constructor_core/lib'
[3.516s] Level 1:colcon.colcon_core.shell:create_environment_hook('moveit_task_constructor_core', 'ld_library_path_lib')
[3.517s] INFO:colcon.colcon_core.shell:Creating environment hook '/home/student36/RoboticsDesignProject/Git-repos/LeoRover-Team7/elephant_arm_ws/install/moveit_task_constructor_core/share/moveit_task_constructor_core/hook/ld_library_path_lib.ps1'
[3.518s] INFO:colcon.colcon_core.shell:Creating environment descriptor '/home/student36/RoboticsDesignProject/Git-repos/LeoRover-Team7/elephant_arm_ws/install/moveit_task_constructor_core/share/moveit_task_constructor_core/hook/ld_library_path_lib.dsv'
[3.519s] INFO:colcon.colcon_core.shell:Creating environment hook '/home/student36/RoboticsDesignProject/Git-repos/LeoRover-Team7/elephant_arm_ws/install/moveit_task_constructor_core/share/moveit_task_constructor_core/hook/ld_library_path_lib.sh'
[3.520s] Level 1:colcon.colcon_core.environment:checking '/home/student36/RoboticsDesignProject/Git-repos/LeoRover-Team7/elephant_arm_ws/install/moveit_task_constructor_core/bin'
[3.520s] Level 1:colcon.colcon_core.environment:checking '/home/student36/RoboticsDesignProject/Git-repos/LeoRover-Team7/elephant_arm_ws/install/moveit_task_constructor_core/lib/pkgconfig/moveit_task_constructor_core.pc'
[3.520s] Level 1:colcon.colcon_core.environment:checking '/home/student36/RoboticsDesignProject/Git-repos/LeoRover-Team7/elephant_arm_ws/install/moveit_task_constructor_core/lib/python3.12/site-packages'
[3.521s] Level 1:colcon.colcon_core.shell:create_environment_hook('moveit_task_constructor_core', 'pythonpath')
[3.521s] INFO:colcon.colcon_core.shell:Creating environment hook '/home/student36/RoboticsDesignProject/Git-repos/LeoRover-Team7/elephant_arm_ws/install/moveit_task_constructor_core/share/moveit_task_constructor_core/hook/pythonpath.ps1'
[3.523s] INFO:colcon.colcon_core.shell:Creating environment descriptor '/home/student36/RoboticsDesignProject/Git-repos/LeoRover-Team7/elephant_arm_ws/install/moveit_task_constructor_core/share/moveit_task_constructor_core/hook/pythonpath.dsv'
[3.524s] INFO:colcon.colcon_core.shell:Creating environment hook '/home/student36/RoboticsDesignProject/Git-repos/LeoRover-Team7/elephant_arm_ws/install/moveit_task_constructor_core/share/moveit_task_constructor_core/hook/pythonpath.sh'
[3.525s] Level 1:colcon.colcon_core.environment:checking '/home/student36/RoboticsDesignProject/Git-repos/LeoRover-Team7/elephant_arm_ws/install/moveit_task_constructor_core/bin'
[3.526s] INFO:colcon.colcon_core.shell:Creating package script '/home/student36/RoboticsDesignProject/Git-repos/LeoRover-Team7/elephant_arm_ws/install/moveit_task_constructor_core/share/moveit_task_constructor_core/package.ps1'
[3.528s] INFO:colcon.colcon_core.shell:Creating package descriptor '/home/student36/RoboticsDesignProject/Git-repos/LeoRover-Team7/elephant_arm_ws/install/moveit_task_constructor_core/share/moveit_task_constructor_core/package.dsv'
[3.528s] INFO:colcon.colcon_core.shell:Creating package script '/home/student36/RoboticsDesignProject/Git-repos/LeoRover-Team7/elephant_arm_ws/install/moveit_task_constructor_core/share/moveit_task_constructor_core/package.sh'
[3.529s] INFO:colcon.colcon_core.shell:Creating package script '/home/student36/RoboticsDesignProject/Git-repos/LeoRover-Team7/elephant_arm_ws/install/moveit_task_constructor_core/share/moveit_task_constructor_core/package.bash'
[3.530s] INFO:colcon.colcon_core.shell:Creating package script '/home/student36/RoboticsDesignProject/Git-repos/LeoRover-Team7/elephant_arm_ws/install/moveit_task_constructor_core/share/moveit_task_constructor_core/package.zsh'
[3.530s] Level 1:colcon.colcon_core.environment:create_file_with_runtime_dependencies(/home/student36/RoboticsDesignProject/Git-repos/LeoRover-Team7/elephant_arm_ws/install/moveit_task_constructor_core/share/colcon-core/packages/moveit_task_constructor_core)
[3.531s] Level 1:colcon.colcon_core.environment:create_environment_scripts_only(moveit_task_constructor_core)
[3.531s] Level 1:colcon.colcon_core.environment:checking '/home/student36/RoboticsDesignProject/Git-repos/LeoRover-Team7/elephant_arm_ws/install/moveit_task_constructor_core' for CMake module files
[3.532s] Level 1:colcon.colcon_core.shell:create_environment_hook('moveit_task_constructor_core', 'cmake_module_path')
[3.533s] INFO:colcon.colcon_core.shell:Creating environment hook '/home/student36/RoboticsDesignProject/Git-repos/LeoRover-Team7/elephant_arm_ws/install/moveit_task_constructor_core/share/moveit_task_constructor_core/hook/cmake_module_path.ps1'
[3.533s] INFO:colcon.colcon_core.shell:Creating environment descriptor '/home/student36/RoboticsDesignProject/Git-repos/LeoRover-Team7/elephant_arm_ws/install/moveit_task_constructor_core/share/moveit_task_constructor_core/hook/cmake_module_path.dsv'
[3.534s] INFO:colcon.colcon_core.shell:Creating environment hook '/home/student36/RoboticsDesignProject/Git-repos/LeoRover-Team7/elephant_arm_ws/install/moveit_task_constructor_core/share/moveit_task_constructor_core/hook/cmake_module_path.sh'
[3.535s] Level 1:colcon.colcon_core.environment:checking '/home/student36/RoboticsDesignProject/Git-repos/LeoRover-Team7/elephant_arm_ws/install/moveit_task_constructor_core' for CMake config files
[3.535s] Level 1:colcon.colcon_core.shell:create_environment_hook('moveit_task_constructor_core', 'cmake_prefix_path')
[3.536s] INFO:colcon.colcon_core.shell:Creating environment hook '/home/student36/RoboticsDesignProject/Git-repos/LeoRover-Team7/elephant_arm_ws/install/moveit_task_constructor_core/share/moveit_task_constructor_core/hook/cmake_prefix_path.ps1'
[3.536s] INFO:colcon.colcon_core.shell:Creating environment descriptor '/home/student36/RoboticsDesignProject/Git-repos/LeoRover-Team7/elephant_arm_ws/install/moveit_task_constructor_core/share/moveit_task_constructor_core/hook/cmake_prefix_path.dsv'
[3.537s] INFO:colcon.colcon_core.shell:Creating environment hook '/home/student36/RoboticsDesignProject/Git-repos/LeoRover-Team7/elephant_arm_ws/install/moveit_task_constructor_core/share/moveit_task_constructor_core/hook/cmake_prefix_path.sh'
[3.539s] Level 1:colcon.colcon_core.environment:checking '/home/student36/RoboticsDesignProject/Git-repos/LeoRover-Team7/elephant_arm_ws/install/moveit_task_constructor_core/lib'
[3.539s] Level 1:colcon.colcon_core.shell:create_environment_hook('moveit_task_constructor_core', 'ld_library_path_lib')
[3.540s] INFO:colcon.colcon_core.shell:Creating environment hook '/home/student36/RoboticsDesignProject/Git-repos/LeoRover-Team7/elephant_arm_ws/install/moveit_task_constructor_core/share/moveit_task_constructor_core/hook/ld_library_path_lib.ps1'
[3.541s] INFO:colcon.colcon_core.shell:Creating environment descriptor '/home/student36/RoboticsDesignProject/Git-repos/LeoRover-Team7/elephant_arm_ws/install/moveit_task_constructor_core/share/moveit_task_constructor_core/hook/ld_library_path_lib.dsv'
[3.542s] INFO:colcon.colcon_core.shell:Creating environment hook '/home/student36/RoboticsDesignProject/Git-repos/LeoRover-Team7/elephant_arm_ws/install/moveit_task_constructor_core/share/moveit_task_constructor_core/hook/ld_library_path_lib.sh'
[3.543s] Level 1:colcon.colcon_core.environment:checking '/home/student36/RoboticsDesignProject/Git-repos/LeoRover-Team7/elephant_arm_ws/install/moveit_task_constructor_core/bin'
[3.543s] Level 1:colcon.colcon_core.environment:checking '/home/student36/RoboticsDesignProject/Git-repos/LeoRover-Team7/elephant_arm_ws/install/moveit_task_constructor_core/lib/pkgconfig/moveit_task_constructor_core.pc'
[3.543s] Level 1:colcon.colcon_core.environment:checking '/home/student36/RoboticsDesignProject/Git-repos/LeoRover-Team7/elephant_arm_ws/install/moveit_task_constructor_core/lib/python3.12/site-packages'
[3.543s] Level 1:colcon.colcon_core.shell:create_environment_hook('moveit_task_constructor_core', 'pythonpath')
[3.543s] INFO:colcon.colcon_core.shell:Creating environment hook '/home/student36/RoboticsDesignProject/Git-repos/LeoRover-Team7/elephant_arm_ws/install/moveit_task_constructor_core/share/moveit_task_constructor_core/hook/pythonpath.ps1'
[3.544s] INFO:colcon.colcon_core.shell:Creating environment descriptor '/home/student36/RoboticsDesignProject/Git-repos/LeoRover-Team7/elephant_arm_ws/install/moveit_task_constructor_core/share/moveit_task_constructor_core/hook/pythonpath.dsv'
[3.544s] INFO:colcon.colcon_core.shell:Creating environment hook '/home/student36/RoboticsDesignProject/Git-repos/LeoRover-Team7/elephant_arm_ws/install/moveit_task_constructor_core/share/moveit_task_constructor_core/hook/pythonpath.sh'
[3.546s] Level 1:colcon.colcon_core.environment:checking '/home/student36/RoboticsDesignProject/Git-repos/LeoRover-Team7/elephant_arm_ws/install/moveit_task_constructor_core/bin'
[3.546s] INFO:colcon.colcon_core.shell:Creating package script '/home/student36/RoboticsDesignProject/Git-repos/LeoRover-Team7/elephant_arm_ws/install/moveit_task_constructor_core/share/moveit_task_constructor_core/package.ps1'
[3.547s] INFO:colcon.colcon_core.shell:Creating package descriptor '/home/student36/RoboticsDesignProject/Git-repos/LeoRover-Team7/elephant_arm_ws/install/moveit_task_constructor_core/share/moveit_task_constructor_core/package.dsv'
[3.548s] INFO:colcon.colcon_core.shell:Creating package script '/home/student36/RoboticsDesignProject/Git-repos/LeoRover-Team7/elephant_arm_ws/install/moveit_task_constructor_core/share/moveit_task_constructor_core/package.sh'
[3.549s] INFO:colcon.colcon_core.shell:Creating package script '/home/student36/RoboticsDesignProject/Git-repos/LeoRover-Team7/elephant_arm_ws/install/moveit_task_constructor_core/share/moveit_task_constructor_core/package.bash'
[3.549s] INFO:colcon.colcon_core.shell:Creating package script '/home/student36/RoboticsDesignProject/Git-repos/LeoRover-Team7/elephant_arm_ws/install/moveit_task_constructor_core/share/moveit_task_constructor_core/package.zsh'
[3.549s] Level 1:colcon.colcon_core.environment:create_file_with_runtime_dependencies(/home/student36/RoboticsDesignProject/Git-repos/LeoRover-Team7/elephant_arm_ws/install/moveit_task_constructor_core/share/colcon-core/packages/moveit_task_constructor_core)
[3.550s] INFO:colcon.colcon_ros.task.ament_cmake.build:Building ROS package in '/home/student36/RoboticsDesignProject/Git-repos/LeoRover-Team7/elephant_arm_ws/src/moveit_task_constructor/capabilities' with build type 'ament_cmake'
[3.550s] INFO:colcon.colcon_cmake.task.cmake.build:Building CMake package in '/home/student36/RoboticsDesignProject/Git-repos/LeoRover-Team7/elephant_arm_ws/src/moveit_task_constructor/capabilities'
[3.550s] INFO:colcon.colcon_core.shell:Skip shell extension 'powershell' for command environment: Not usable outside of PowerShell
[3.551s] DEBUG:colcon.colcon_core.shell:Skip shell extension 'dsv' for command environment
[3.567s] INFO:colcon.colcon_ros.task.ament_cmake.build:Building ROS package in '/home/student36/RoboticsDesignProject/Git-repos/LeoRover-Team7/elephant_arm_ws/src/moveit_task_constructor/visualization' with build type 'ament_cmake'
[3.568s] INFO:colcon.colcon_cmake.task.cmake.build:Building CMake package in '/home/student36/RoboticsDesignProject/Git-repos/LeoRover-Team7/elephant_arm_ws/src/moveit_task_constructor/visualization'
[3.568s] INFO:colcon.colcon_core.shell:Skip shell extension 'powershell' for command environment: Not usable outside of PowerShell
[3.568s] DEBUG:colcon.colcon_core.shell:Skip shell extension 'dsv' for command environment
[3.590s] INFO:colcon.colcon_ros.task.ament_cmake.build:Building ROS package in '/home/student36/RoboticsDesignProject/Git-repos/LeoRover-Team7/elephant_arm_ws/src/mtc_tutorial' with build type 'ament_cmake'
[3.591s] INFO:colcon.colcon_cmake.task.cmake.build:Building CMake package in '/home/student36/RoboticsDesignProject/Git-repos/LeoRover-Team7/elephant_arm_ws/src/mtc_tutorial'
[3.591s] INFO:colcon.colcon_core.shell:Skip shell extension 'powershell' for command environment: Not usable outside of PowerShell
[3.591s] DEBUG:colcon.colcon_core.shell:Skip shell extension 'dsv' for command environment
[3.621s] DEBUG:colcon.colcon_core.event_handler.log_command:Invoking command in '/home/student36/RoboticsDesignProject/Git-repos/LeoRover-Team7/elephant_arm_ws/build/moveit_task_constructor_capabilities': CMAKE_PREFIX_PATH=/home/student36/RoboticsDesignProject/Git-repos/LeoRover-Team7/elephant_arm_ws/install/moveit_task_constructor_core:/home/student36/RoboticsDesignProject/Git-repos/LeoRover-Team7/elephant_arm_ws/install/rviz_marker_tools:/home/student36/RoboticsDesignProject/Git-repos/LeoRover-Team7/elephant_arm_ws/install/moveit_task_constructor_msgs:/home/student36/RoboticsDesignProject/Git-repos/LeoRover-Team7/elephant_arm_ws/install/mtc_tutorial:/home/student36/RoboticsDesignProject/Git-repos/LeoRover-Team7/elephant_arm_ws/install/moveit_task_constructor_demo:/home/student36/RoboticsDesignProject/Git-repos/LeoRover-Team7/elephant_arm_ws/install/moveit_task_constructor_visualization:/home/student36/RoboticsDesignProject/Git-repos/LeoRover-Team7/elephant_arm_ws/install/moveit_task_constructor_capabilities:/home/student36/RoboticsDesignProject/Git-repos/LeoRover-Team7/elephant_arm_ws/install/mycobot_ros2:/home/student36/RoboticsDesignProject/Git-repos/LeoRover-Team7/elephant_arm_ws/install/mycobot_moveit_config:/home/student36/RoboticsDesignProject/Git-repos/LeoRover-Team7/elephant_arm_ws/install/mycobot_gazebo:/home/student36/RoboticsDesignProject/Git-repos/LeoRover-Team7/elephant_arm_ws/install/mycobot_description:/home/student36/RoboticsDesignProject/Git-repos/LeoRover-Team7/elephant_arm_ws/install/mycobot_bringup:/home/student36/RoboticsDesignProject/Git-repos/LeoRover-Team7/elephant_arm_ws/install/hello_moveit:/home/student36/ros2_tutorial_workspace/install/package_with_interfaces:/home/student36/ws_moveit/install/robotiq_hardware_tests:/home/student36/ws_moveit/install/robotiq_driver:/home/student36/ws_moveit/install/serial:/home/student36/ws_moveit/install/moveit2_tutorials:/home/student36/ws_moveit/install/hello_moveit:/home/student36/ws_moveit/install/moveit_visual_tools:/home/student36/ws_moveit/install/rviz_visual_tools:/home/student36/ws_moveit/install/mtc_tutorial:/home/student36/ws_moveit/install/moveit_task_constructor_demo:/home/student36/ws_moveit/install/moveit_task_constructor_visualization:/home/student36/ws_moveit/install/moveit_task_constructor_capabilities:/home/student36/ws_moveit/install/elephant:/home/student36/ws_moveit/install/moveit_task_constructor_core:/home/student36/ws_moveit/install/rviz_marker_tools:/home/student36/ws_moveit/install/kortex_bringup:/home/student36/ws_moveit/install/kinova_gen3_lite_moveit_config:/home/student36/ws_moveit/install/kinova_gen3_7dof_robotiq_2f_85_moveit_config:/home/student36/ws_moveit/install/kinova_gen3_6dof_robotiq_2f_85_moveit_config:/home/student36/ws_moveit/install/kortex_description:/home/student36/ws_moveit/install/robotiq_description:/home/student36/ws_moveit/install/robotiq_controllers:/home/student36/ws_moveit/install/pilz_industrial_motion_planner_testutils:/home/student36/ws_moveit/install/mycobot_280_moveit2:/home/student36/ws_moveit/install/moveit_runtime:/home/student36/ws_moveit/install/moveit:/home/student36/ws_moveit/install/elephant_arm:/home/student36/ws_moveit/install/moveit_planners:/home/student36/ws_moveit/install/pilz_industrial_motion_planner:/home/student36/ws_moveit/install/mycobot_description:/home/student36/ws_moveit/install/moveit_task_constructor_msgs:/home/student36/ws_moveit/install/moveit_ros_control_interface:/home/student36/ws_moveit/install/moveit_plugins:/home/student36/ws_moveit/install/moveit_simple_controller_manager:/home/student36/ws_moveit/install/moveit_setup_assistant:/home/student36/ws_moveit/install/moveit_setup_srdf_plugins:/home/student36/ws_moveit/install/moveit_setup_core_plugins:/home/student36/ws_moveit/install/moveit_setup_controllers:/home/student36/ws_moveit/install/moveit_setup_app_plugins:/home/student36/ws_moveit/install/moveit_setup_framework:/home/student36/ws_moveit/install/moveit_servo:/home/student36/ws_moveit/install/moveit_ros_trajectory_cache:/home/student36/ws_moveit/install/moveit_ros:/home/student36/ws_moveit/install/moveit_ros_visualization:/home/student36/ws_moveit/install/moveit_py:/home/student36/ws_moveit/install/moveit_hybrid_planning:/home/student36/ws_moveit/install/moveit_ros_planning_interface:/home/student36/ws_moveit/install/moveit_ros_benchmarks:/home/student36/ws_moveit/install/moveit_ros_warehouse:/home/student36/ws_moveit/install/moveit_ros_robot_interaction:/home/student36/ws_moveit/install/moveit_ros_perception:/home/student36/ws_moveit/install/moveit_resources_prbt_pg70_support:/home/student36/ws_moveit/install/moveit_resources_prbt_moveit_config:/home/student36/ws_moveit/install/moveit_ros_move_group:/home/student36/ws_moveit/install/moveit_planners_ompl:/home/student36/ws_moveit/install/moveit_kinematics:/home/student36/ws_moveit/install/moveit_ros_planning:/home/student36/ws_moveit/install/moveit_ros_occupancy_map_monitor:/home/student36/ws_moveit/install/moveit_resources_prbt_support:/home/student36/ws_moveit/install/moveit_resources_prbt_ikfast_manipulator_plugin:/home/student36/ws_moveit/install/moveit_resources:/home/student36/ws_moveit/install/moveit_resources_pr2_description:/home/student36/ws_moveit/install/moveit_resources_panda_moveit_config:/home/student36/ws_moveit/install/dual_arm_panda_moveit_config:/home/student36/ws_moveit/install/moveit_resources_panda_description:/home/student36/ws_moveit/install/moveit_resources_fanuc_moveit_config:/home/student36/ws_moveit/install/moveit_resources_fanuc_description:/home/student36/ws_moveit/install/moveit_planners_stomp:/home/student36/ws_moveit/install/moveit_planners_chomp:/home/student36/ws_moveit/install/chomp_motion_planner:/home/student36/ws_moveit/install/moveit_core:/home/student36/ws_moveit/install/moveit_msgs:/home/student36/ws_moveit/install/moveit_common:/home/student36/ws_moveit/install/kortex_driver:/home/student36/ws_moveit/install/kortex_api:/home/student36/rplidar_ws/install/rplidar_ros:/home/student36/elephant_arm_ws/install/mycobot_280_moveit2:/opt/ros/jazzy/opt/gz_sim_vendor:/opt/ros/jazzy/opt/gz_sensors_vendor:/opt/ros/jazzy/opt/gz_physics_vendor:/opt/ros/jazzy/opt/sdformat_vendor:/opt/ros/jazzy/opt/gz_gui_vendor:/opt/ros/jazzy/opt/gz_transport_vendor:/opt/ros/jazzy/opt/gz_rendering_vendor:/opt/ros/jazzy/opt/gz_plugin_vendor:/opt/ros/jazzy/opt/gz_fuel_tools_vendor:/opt/ros/jazzy/opt/gz_msgs_vendor:/opt/ros/jazzy/opt/gz_common_vendor:/opt/ros/jazzy/opt/gz_math_vendor:/opt/ros/jazzy/opt/gz_utils_vendor:/opt/ros/jazzy/opt/gz_tools_vendor:/opt/ros/jazzy/opt/gz_ogre_next_vendor:/opt/ros/jazzy/opt/gz_dartsim_vendor:/opt/ros/jazzy/opt/gz_cmake_vendor:/home/student36/ros2_tutorial_workspace/install/the_simplest_python_package:/home/student36/ros2_tutorial_workspace/install/python_package_with_a_node:/home/student36/ros2_tutorial_workspace/install/python_package_that_uses_the_library:/home/student36/ros2_tutorial_workspace/install/python_package_with_a_library:/home/student36/ros2_tutorial_workspace/install/python_package_that_uses_the_services:/home/student36/ros2_tutorial_workspace/install/python_package_that_uses_the_actions:/home/student36/ros2_tutorial_workspace/install/python_package_that_uses_tf2:/home/student36/ros2_tutorial_workspace/install/python_package_that_uses_parameters_and_launch_files:/home/student36/ros2_tutorial_workspace/install/python_package_that_uses_nottf2:/home/student36/ros2_tutorial_workspace/install/python_package_that_uses_nav2:/home/student36/ros2_tutorial_workspace/install/python_package_that_uses_messages:/home/student36/ros2_tutorial_workspace/install/python_package_that_uses_geometry_msgs:/home/student36/ros2_tutorial_workspace/install/python_package_that_uses_gazebo:/home/student36/ws_moveit/install/moveit_configs_utils:/home/student36/elephant_arm_ws/install/mycobot_description:/opt/ros/jazzy DEBUGINFOD_URLS=https://debuginfod.ubuntu.com LD_LIBRARY_PATH=/home/student36/RoboticsDesignProject/Git-repos/LeoRover-Team7/elephant_arm_ws/install/moveit_task_constructor_core/lib:/home/student36/RoboticsDesignProject/Git-repos/LeoRover-Team7/elephant_arm_ws/install/rviz_marker_tools/lib:/home/student36/RoboticsDesignProject/Git-repos/LeoRover-Team7/elephant_arm_ws/install/moveit_task_constructor_msgs/lib:/home/student36/RoboticsDesignProject/Git-repos/LeoRover-Team7/elephant_arm_ws/install/moveit_task_constructor_demo/lib:/home/student36/RoboticsDesignProject/Git-repos/LeoRover-Team7/elephant_arm_ws/install/moveit_task_constructor_visualization/lib:/home/student36/RoboticsDesignProject/Git-repos/LeoRover-Team7/elephant_arm_ws/install/moveit_task_constructor_capabilities/lib:/home/student36/ros2_tutorial_workspace/install/package_with_interfaces/lib:/home/student36/ws_moveit/install/robotiq_driver/lib:/home/student36/ws_moveit/install/serial/lib:/home/student36/ws_moveit/install/moveit_visual_tools/lib:/home/student36/ws_moveit/install/rviz_visual_tools/lib:/home/student36/ws_moveit/install/moveit_task_constructor_demo/lib:/home/student36/ws_moveit/install/moveit_task_constructor_visualization/lib:/home/student36/ws_moveit/install/moveit_task_constructor_capabilities/lib:/home/student36/ws_moveit/install/moveit_task_constructor_core/lib:/home/student36/ws_moveit/install/rviz_marker_tools/lib:/home/student36/ws_moveit/install/robotiq_controllers/lib:/home/student36/ws_moveit/install/pilz_industrial_motion_planner_testutils/lib:/home/student36/ws_moveit/install/pilz_industrial_motion_planner/lib:/home/student36/ws_moveit/install/moveit_task_constructor_msgs/lib:/home/student36/ws_moveit/install/moveit_ros_control_interface/lib:/home/student36/ws_moveit/install/moveit_simple_controller_manager/lib:/home/student36/ws_moveit/install/moveit_setup_assistant/lib:/home/student36/ws_moveit/install/moveit_setup_srdf_plugins/lib:/home/student36/ws_moveit/install/moveit_setup_core_plugins/lib:/home/student36/ws_moveit/install/moveit_setup_controllers/lib:/home/student36/ws_moveit/install/moveit_setup_app_plugins/lib:/home/student36/ws_moveit/install/moveit_setup_framework/lib:/home/student36/ws_moveit/install/moveit_servo/lib:/home/student36/ws_moveit/install/moveit_ros_trajectory_cache/lib:/home/student36/ws_moveit/install/moveit_ros_visualization/lib:/home/student36/ws_moveit/install/moveit_py/lib:/home/student36/ws_moveit/install/moveit_hybrid_planning/lib:/home/student36/ws_moveit/install/moveit_ros_planning_interface/lib:/home/student36/ws_moveit/install/moveit_ros_benchmarks/lib:/home/student36/ws_moveit/install/moveit_ros_warehouse/lib:/home/student36/ws_moveit/install/moveit_ros_robot_interaction/lib:/home/student36/ws_moveit/install/moveit_ros_perception/lib:/home/student36/ws_moveit/install/moveit_ros_move_group/lib:/home/student36/ws_moveit/install/moveit_planners_ompl/lib:/home/student36/ws_moveit/install/moveit_kinematics/lib:/home/student36/ws_moveit/install/moveit_ros_planning/lib:/home/student36/ws_moveit/install/moveit_ros_occupancy_map_monitor/lib:/home/student36/ws_moveit/install/moveit_resources_prbt_ikfast_manipulator_plugin/lib:/home/student36/ws_moveit/install/moveit_planners_stomp/lib:/home/student36/ws_moveit/install/moveit_planners_chomp/lib:/home/student36/ws_moveit/install/chomp_motion_planner/lib:/home/student36/ws_moveit/install/moveit_core/lib:/home/student36/ws_moveit/install/moveit_msgs/lib:/home/student36/ws_moveit/install/kortex_driver/lib:/opt/ros/jazzy/opt/gz_sim_vendor/lib:/opt/ros/jazzy/opt/gz_sensors_vendor/lib:/opt/ros/jazzy/opt/gz_physics_vendor/lib:/opt/ros/jazzy/opt/sdformat_vendor/lib:/opt/ros/jazzy/opt/rviz_ogre_vendor/lib:/opt/ros/jazzy/lib/x86_64-linux-gnu:/opt/ros/jazzy/opt/gz_gui_vendor/lib:/opt/ros/jazzy/opt/gz_transport_vendor/lib:/opt/ros/jazzy/opt/gz_rendering_vendor/lib:/opt/ros/jazzy/opt/gz_plugin_vendor/lib:/opt/ros/jazzy/opt/gz_fuel_tools_vendor/lib:/opt/ros/jazzy/opt/gz_msgs_vendor/lib:/opt/ros/jazzy/opt/gz_common_vendor/lib:/opt/ros/jazzy/opt/gz_math_vendor/lib:/opt/ros/jazzy/opt/gz_utils_vendor/lib:/opt/ros/jazzy/opt/gz_tools_vendor/lib:/opt/ros/jazzy/opt/gz_ogre_next_vendor/lib:/opt/ros/jazzy/opt/gz_dartsim_vendor/lib:/opt/ros/jazzy/opt/gz_cmake_vendor/lib:/opt/ros/jazzy/lib /usr/bin/cmake --build /home/student36/RoboticsDesignProject/Git-repos/LeoRover-Team7/elephant_arm_ws/build/moveit_task_constructor_capabilities -- -j12 -l12
[3.640s] DEBUG:colcon.colcon_core.event_handler.log_command:Invoking command in '/home/student36/RoboticsDesignProject/Git-repos/LeoRover-Team7/elephant_arm_ws/build/moveit_task_constructor_visualization': CMAKE_PREFIX_PATH=/home/student36/RoboticsDesignProject/Git-repos/LeoRover-Team7/elephant_arm_ws/install/moveit_task_constructor_core:/home/student36/RoboticsDesignProject/Git-repos/LeoRover-Team7/elephant_arm_ws/install/rviz_marker_tools:/home/student36/RoboticsDesignProject/Git-repos/LeoRover-Team7/elephant_arm_ws/install/moveit_task_constructor_msgs:/home/student36/RoboticsDesignProject/Git-repos/LeoRover-Team7/elephant_arm_ws/install/mtc_tutorial:/home/student36/RoboticsDesignProject/Git-repos/LeoRover-Team7/elephant_arm_ws/install/moveit_task_constructor_demo:/home/student36/RoboticsDesignProject/Git-repos/LeoRover-Team7/elephant_arm_ws/install/moveit_task_constructor_visualization:/home/student36/RoboticsDesignProject/Git-repos/LeoRover-Team7/elephant_arm_ws/install/moveit_task_constructor_capabilities:/home/student36/RoboticsDesignProject/Git-repos/LeoRover-Team7/elephant_arm_ws/install/mycobot_ros2:/home/student36/RoboticsDesignProject/Git-repos/LeoRover-Team7/elephant_arm_ws/install/mycobot_moveit_config:/home/student36/RoboticsDesignProject/Git-repos/LeoRover-Team7/elephant_arm_ws/install/mycobot_gazebo:/home/student36/RoboticsDesignProject/Git-repos/LeoRover-Team7/elephant_arm_ws/install/mycobot_description:/home/student36/RoboticsDesignProject/Git-repos/LeoRover-Team7/elephant_arm_ws/install/mycobot_bringup:/home/student36/RoboticsDesignProject/Git-repos/LeoRover-Team7/elephant_arm_ws/install/hello_moveit:/home/student36/ros2_tutorial_workspace/install/package_with_interfaces:/home/student36/ws_moveit/install/robotiq_hardware_tests:/home/student36/ws_moveit/install/robotiq_driver:/home/student36/ws_moveit/install/serial:/home/student36/ws_moveit/install/moveit2_tutorials:/home/student36/ws_moveit/install/hello_moveit:/home/student36/ws_moveit/install/moveit_visual_tools:/home/student36/ws_moveit/install/rviz_visual_tools:/home/student36/ws_moveit/install/mtc_tutorial:/home/student36/ws_moveit/install/moveit_task_constructor_demo:/home/student36/ws_moveit/install/moveit_task_constructor_visualization:/home/student36/ws_moveit/install/moveit_task_constructor_capabilities:/home/student36/ws_moveit/install/elephant:/home/student36/ws_moveit/install/moveit_task_constructor_core:/home/student36/ws_moveit/install/rviz_marker_tools:/home/student36/ws_moveit/install/kortex_bringup:/home/student36/ws_moveit/install/kinova_gen3_lite_moveit_config:/home/student36/ws_moveit/install/kinova_gen3_7dof_robotiq_2f_85_moveit_config:/home/student36/ws_moveit/install/kinova_gen3_6dof_robotiq_2f_85_moveit_config:/home/student36/ws_moveit/install/kortex_description:/home/student36/ws_moveit/install/robotiq_description:/home/student36/ws_moveit/install/robotiq_controllers:/home/student36/ws_moveit/install/pilz_industrial_motion_planner_testutils:/home/student36/ws_moveit/install/mycobot_280_moveit2:/home/student36/ws_moveit/install/moveit_runtime:/home/student36/ws_moveit/install/moveit:/home/student36/ws_moveit/install/elephant_arm:/home/student36/ws_moveit/install/moveit_planners:/home/student36/ws_moveit/install/pilz_industrial_motion_planner:/home/student36/ws_moveit/install/mycobot_description:/home/student36/ws_moveit/install/moveit_task_constructor_msgs:/home/student36/ws_moveit/install/moveit_ros_control_interface:/home/student36/ws_moveit/install/moveit_plugins:/home/student36/ws_moveit/install/moveit_simple_controller_manager:/home/student36/ws_moveit/install/moveit_setup_assistant:/home/student36/ws_moveit/install/moveit_setup_srdf_plugins:/home/student36/ws_moveit/install/moveit_setup_core_plugins:/home/student36/ws_moveit/install/moveit_setup_controllers:/home/student36/ws_moveit/install/moveit_setup_app_plugins:/home/student36/ws_moveit/install/moveit_setup_framework:/home/student36/ws_moveit/install/moveit_servo:/home/student36/ws_moveit/install/moveit_ros_trajectory_cache:/home/student36/ws_moveit/install/moveit_ros:/home/student36/ws_moveit/install/moveit_ros_visualization:/home/student36/ws_moveit/install/moveit_py:/home/student36/ws_moveit/install/moveit_hybrid_planning:/home/student36/ws_moveit/install/moveit_ros_planning_interface:/home/student36/ws_moveit/install/moveit_ros_benchmarks:/home/student36/ws_moveit/install/moveit_ros_warehouse:/home/student36/ws_moveit/install/moveit_ros_robot_interaction:/home/student36/ws_moveit/install/moveit_ros_perception:/home/student36/ws_moveit/install/moveit_resources_prbt_pg70_support:/home/student36/ws_moveit/install/moveit_resources_prbt_moveit_config:/home/student36/ws_moveit/install/moveit_ros_move_group:/home/student36/ws_moveit/install/moveit_planners_ompl:/home/student36/ws_moveit/install/moveit_kinematics:/home/student36/ws_moveit/install/moveit_ros_planning:/home/student36/ws_moveit/install/moveit_ros_occupancy_map_monitor:/home/student36/ws_moveit/install/moveit_resources_prbt_support:/home/student36/ws_moveit/install/moveit_resources_prbt_ikfast_manipulator_plugin:/home/student36/ws_moveit/install/moveit_resources:/home/student36/ws_moveit/install/moveit_resources_pr2_description:/home/student36/ws_moveit/install/moveit_resources_panda_moveit_config:/home/student36/ws_moveit/install/dual_arm_panda_moveit_config:/home/student36/ws_moveit/install/moveit_resources_panda_description:/home/student36/ws_moveit/install/moveit_resources_fanuc_moveit_config:/home/student36/ws_moveit/install/moveit_resources_fanuc_description:/home/student36/ws_moveit/install/moveit_planners_stomp:/home/student36/ws_moveit/install/moveit_planners_chomp:/home/student36/ws_moveit/install/chomp_motion_planner:/home/student36/ws_moveit/install/moveit_core:/home/student36/ws_moveit/install/moveit_msgs:/home/student36/ws_moveit/install/moveit_common:/home/student36/ws_moveit/install/kortex_driver:/home/student36/ws_moveit/install/kortex_api:/home/student36/rplidar_ws/install/rplidar_ros:/home/student36/elephant_arm_ws/install/mycobot_280_moveit2:/opt/ros/jazzy/opt/gz_sim_vendor:/opt/ros/jazzy/opt/gz_sensors_vendor:/opt/ros/jazzy/opt/gz_physics_vendor:/opt/ros/jazzy/opt/sdformat_vendor:/opt/ros/jazzy/opt/gz_gui_vendor:/opt/ros/jazzy/opt/gz_transport_vendor:/opt/ros/jazzy/opt/gz_rendering_vendor:/opt/ros/jazzy/opt/gz_plugin_vendor:/opt/ros/jazzy/opt/gz_fuel_tools_vendor:/opt/ros/jazzy/opt/gz_msgs_vendor:/opt/ros/jazzy/opt/gz_common_vendor:/opt/ros/jazzy/opt/gz_math_vendor:/opt/ros/jazzy/opt/gz_utils_vendor:/opt/ros/jazzy/opt/gz_tools_vendor:/opt/ros/jazzy/opt/gz_ogre_next_vendor:/opt/ros/jazzy/opt/gz_dartsim_vendor:/opt/ros/jazzy/opt/gz_cmake_vendor:/home/student36/ros2_tutorial_workspace/install/the_simplest_python_package:/home/student36/ros2_tutorial_workspace/install/python_package_with_a_node:/home/student36/ros2_tutorial_workspace/install/python_package_that_uses_the_library:/home/student36/ros2_tutorial_workspace/install/python_package_with_a_library:/home/student36/ros2_tutorial_workspace/install/python_package_that_uses_the_services:/home/student36/ros2_tutorial_workspace/install/python_package_that_uses_the_actions:/home/student36/ros2_tutorial_workspace/install/python_package_that_uses_tf2:/home/student36/ros2_tutorial_workspace/install/python_package_that_uses_parameters_and_launch_files:/home/student36/ros2_tutorial_workspace/install/python_package_that_uses_nottf2:/home/student36/ros2_tutorial_workspace/install/python_package_that_uses_nav2:/home/student36/ros2_tutorial_workspace/install/python_package_that_uses_messages:/home/student36/ros2_tutorial_workspace/install/python_package_that_uses_geometry_msgs:/home/student36/ros2_tutorial_workspace/install/python_package_that_uses_gazebo:/home/student36/ws_moveit/install/moveit_configs_utils:/home/student36/elephant_arm_ws/install/mycobot_description:/opt/ros/jazzy DEBUGINFOD_URLS=https://debuginfod.ubuntu.com LD_LIBRARY_PATH=/home/student36/RoboticsDesignProject/Git-repos/LeoRover-Team7/elephant_arm_ws/install/moveit_task_constructor_core/lib:/home/student36/RoboticsDesignProject/Git-repos/LeoRover-Team7/elephant_arm_ws/install/rviz_marker_tools/lib:/home/student36/RoboticsDesignProject/Git-repos/LeoRover-Team7/elephant_arm_ws/install/moveit_task_constructor_msgs/lib:/home/student36/RoboticsDesignProject/Git-repos/LeoRover-Team7/elephant_arm_ws/install/moveit_task_constructor_demo/lib:/home/student36/RoboticsDesignProject/Git-repos/LeoRover-Team7/elephant_arm_ws/install/moveit_task_constructor_visualization/lib:/home/student36/RoboticsDesignProject/Git-repos/LeoRover-Team7/elephant_arm_ws/install/moveit_task_constructor_capabilities/lib:/home/student36/ros2_tutorial_workspace/install/package_with_interfaces/lib:/home/student36/ws_moveit/install/robotiq_driver/lib:/home/student36/ws_moveit/install/serial/lib:/home/student36/ws_moveit/install/moveit_visual_tools/lib:/home/student36/ws_moveit/install/rviz_visual_tools/lib:/home/student36/ws_moveit/install/moveit_task_constructor_demo/lib:/home/student36/ws_moveit/install/moveit_task_constructor_visualization/lib:/home/student36/ws_moveit/install/moveit_task_constructor_capabilities/lib:/home/student36/ws_moveit/install/moveit_task_constructor_core/lib:/home/student36/ws_moveit/install/rviz_marker_tools/lib:/home/student36/ws_moveit/install/robotiq_controllers/lib:/home/student36/ws_moveit/install/pilz_industrial_motion_planner_testutils/lib:/home/student36/ws_moveit/install/pilz_industrial_motion_planner/lib:/home/student36/ws_moveit/install/moveit_task_constructor_msgs/lib:/home/student36/ws_moveit/install/moveit_ros_control_interface/lib:/home/student36/ws_moveit/install/moveit_simple_controller_manager/lib:/home/student36/ws_moveit/install/moveit_setup_assistant/lib:/home/student36/ws_moveit/install/moveit_setup_srdf_plugins/lib:/home/student36/ws_moveit/install/moveit_setup_core_plugins/lib:/home/student36/ws_moveit/install/moveit_setup_controllers/lib:/home/student36/ws_moveit/install/moveit_setup_app_plugins/lib:/home/student36/ws_moveit/install/moveit_setup_framework/lib:/home/student36/ws_moveit/install/moveit_servo/lib:/home/student36/ws_moveit/install/moveit_ros_trajectory_cache/lib:/home/student36/ws_moveit/install/moveit_ros_visualization/lib:/home/student36/ws_moveit/install/moveit_py/lib:/home/student36/ws_moveit/install/moveit_hybrid_planning/lib:/home/student36/ws_moveit/install/moveit_ros_planning_interface/lib:/home/student36/ws_moveit/install/moveit_ros_benchmarks/lib:/home/student36/ws_moveit/install/moveit_ros_warehouse/lib:/home/student36/ws_moveit/install/moveit_ros_robot_interaction/lib:/home/student36/ws_moveit/install/moveit_ros_perception/lib:/home/student36/ws_moveit/install/moveit_ros_move_group/lib:/home/student36/ws_moveit/install/moveit_planners_ompl/lib:/home/student36/ws_moveit/install/moveit_kinematics/lib:/home/student36/ws_moveit/install/moveit_ros_planning/lib:/home/student36/ws_moveit/install/moveit_ros_occupancy_map_monitor/lib:/home/student36/ws_moveit/install/moveit_resources_prbt_ikfast_manipulator_plugin/lib:/home/student36/ws_moveit/install/moveit_planners_stomp/lib:/home/student36/ws_moveit/install/moveit_planners_chomp/lib:/home/student36/ws_moveit/install/chomp_motion_planner/lib:/home/student36/ws_moveit/install/moveit_core/lib:/home/student36/ws_moveit/install/moveit_msgs/lib:/home/student36/ws_moveit/install/kortex_driver/lib:/opt/ros/jazzy/opt/gz_sim_vendor/lib:/opt/ros/jazzy/opt/gz_sensors_vendor/lib:/opt/ros/jazzy/opt/gz_physics_vendor/lib:/opt/ros/jazzy/opt/sdformat_vendor/lib:/opt/ros/jazzy/opt/rviz_ogre_vendor/lib:/opt/ros/jazzy/lib/x86_64-linux-gnu:/opt/ros/jazzy/opt/gz_gui_vendor/lib:/opt/ros/jazzy/opt/gz_transport_vendor/lib:/opt/ros/jazzy/opt/gz_rendering_vendor/lib:/opt/ros/jazzy/opt/gz_plugin_vendor/lib:/opt/ros/jazzy/opt/gz_fuel_tools_vendor/lib:/opt/ros/jazzy/opt/gz_msgs_vendor/lib:/opt/ros/jazzy/opt/gz_common_vendor/lib:/opt/ros/jazzy/opt/gz_math_vendor/lib:/opt/ros/jazzy/opt/gz_utils_vendor/lib:/opt/ros/jazzy/opt/gz_tools_vendor/lib:/opt/ros/jazzy/opt/gz_ogre_next_vendor/lib:/opt/ros/jazzy/opt/gz_dartsim_vendor/lib:/opt/ros/jazzy/opt/gz_cmake_vendor/lib:/opt/ros/jazzy/lib /usr/bin/cmake --build /home/student36/RoboticsDesignProject/Git-repos/LeoRover-Team7/elephant_arm_ws/build/moveit_task_constructor_visualization -- -j12 -l12
[3.660s] DEBUG:colcon.colcon_core.event_handler.log_command:Invoking command in '/home/student36/RoboticsDesignProject/Git-repos/LeoRover-Team7/elephant_arm_ws/build/mtc_tutorial': CMAKE_PREFIX_PATH=/home/student36/RoboticsDesignProject/Git-repos/LeoRover-Team7/elephant_arm_ws/install/moveit_task_constructor_core:/home/student36/RoboticsDesignProject/Git-repos/LeoRover-Team7/elephant_arm_ws/install/rviz_marker_tools:/home/student36/RoboticsDesignProject/Git-repos/LeoRover-Team7/elephant_arm_ws/install/moveit_task_constructor_msgs:/home/student36/RoboticsDesignProject/Git-repos/LeoRover-Team7/elephant_arm_ws/install/mtc_tutorial:/home/student36/RoboticsDesignProject/Git-repos/LeoRover-Team7/elephant_arm_ws/install/moveit_task_constructor_demo:/home/student36/RoboticsDesignProject/Git-repos/LeoRover-Team7/elephant_arm_ws/install/moveit_task_constructor_visualization:/home/student36/RoboticsDesignProject/Git-repos/LeoRover-Team7/elephant_arm_ws/install/moveit_task_constructor_capabilities:/home/student36/RoboticsDesignProject/Git-repos/LeoRover-Team7/elephant_arm_ws/install/mycobot_ros2:/home/student36/RoboticsDesignProject/Git-repos/LeoRover-Team7/elephant_arm_ws/install/mycobot_moveit_config:/home/student36/RoboticsDesignProject/Git-repos/LeoRover-Team7/elephant_arm_ws/install/mycobot_gazebo:/home/student36/RoboticsDesignProject/Git-repos/LeoRover-Team7/elephant_arm_ws/install/mycobot_description:/home/student36/RoboticsDesignProject/Git-repos/LeoRover-Team7/elephant_arm_ws/install/mycobot_bringup:/home/student36/RoboticsDesignProject/Git-repos/LeoRover-Team7/elephant_arm_ws/install/hello_moveit:/home/student36/ros2_tutorial_workspace/install/package_with_interfaces:/home/student36/ws_moveit/install/robotiq_hardware_tests:/home/student36/ws_moveit/install/robotiq_driver:/home/student36/ws_moveit/install/serial:/home/student36/ws_moveit/install/moveit2_tutorials:/home/student36/ws_moveit/install/hello_moveit:/home/student36/ws_moveit/install/moveit_visual_tools:/home/student36/ws_moveit/install/rviz_visual_tools:/home/student36/ws_moveit/install/mtc_tutorial:/home/student36/ws_moveit/install/moveit_task_constructor_demo:/home/student36/ws_moveit/install/moveit_task_constructor_visualization:/home/student36/ws_moveit/install/moveit_task_constructor_capabilities:/home/student36/ws_moveit/install/elephant:/home/student36/ws_moveit/install/moveit_task_constructor_core:/home/student36/ws_moveit/install/rviz_marker_tools:/home/student36/ws_moveit/install/kortex_bringup:/home/student36/ws_moveit/install/kinova_gen3_lite_moveit_config:/home/student36/ws_moveit/install/kinova_gen3_7dof_robotiq_2f_85_moveit_config:/home/student36/ws_moveit/install/kinova_gen3_6dof_robotiq_2f_85_moveit_config:/home/student36/ws_moveit/install/kortex_description:/home/student36/ws_moveit/install/robotiq_description:/home/student36/ws_moveit/install/robotiq_controllers:/home/student36/ws_moveit/install/pilz_industrial_motion_planner_testutils:/home/student36/ws_moveit/install/mycobot_280_moveit2:/home/student36/ws_moveit/install/moveit_runtime:/home/student36/ws_moveit/install/moveit:/home/student36/ws_moveit/install/elephant_arm:/home/student36/ws_moveit/install/moveit_planners:/home/student36/ws_moveit/install/pilz_industrial_motion_planner:/home/student36/ws_moveit/install/mycobot_description:/home/student36/ws_moveit/install/moveit_task_constructor_msgs:/home/student36/ws_moveit/install/moveit_ros_control_interface:/home/student36/ws_moveit/install/moveit_plugins:/home/student36/ws_moveit/install/moveit_simple_controller_manager:/home/student36/ws_moveit/install/moveit_setup_assistant:/home/student36/ws_moveit/install/moveit_setup_srdf_plugins:/home/student36/ws_moveit/install/moveit_setup_core_plugins:/home/student36/ws_moveit/install/moveit_setup_controllers:/home/student36/ws_moveit/install/moveit_setup_app_plugins:/home/student36/ws_moveit/install/moveit_setup_framework:/home/student36/ws_moveit/install/moveit_servo:/home/student36/ws_moveit/install/moveit_ros_trajectory_cache:/home/student36/ws_moveit/install/moveit_ros:/home/student36/ws_moveit/install/moveit_ros_visualization:/home/student36/ws_moveit/install/moveit_py:/home/student36/ws_moveit/install/moveit_hybrid_planning:/home/student36/ws_moveit/install/moveit_ros_planning_interface:/home/student36/ws_moveit/install/moveit_ros_benchmarks:/home/student36/ws_moveit/install/moveit_ros_warehouse:/home/student36/ws_moveit/install/moveit_ros_robot_interaction:/home/student36/ws_moveit/install/moveit_ros_perception:/home/student36/ws_moveit/install/moveit_resources_prbt_pg70_support:/home/student36/ws_moveit/install/moveit_resources_prbt_moveit_config:/home/student36/ws_moveit/install/moveit_ros_move_group:/home/student36/ws_moveit/install/moveit_planners_ompl:/home/student36/ws_moveit/install/moveit_kinematics:/home/student36/ws_moveit/install/moveit_ros_planning:/home/student36/ws_moveit/install/moveit_ros_occupancy_map_monitor:/home/student36/ws_moveit/install/moveit_resources_prbt_support:/home/student36/ws_moveit/install/moveit_resources_prbt_ikfast_manipulator_plugin:/home/student36/ws_moveit/install/moveit_resources:/home/student36/ws_moveit/install/moveit_resources_pr2_description:/home/student36/ws_moveit/install/moveit_resources_panda_moveit_config:/home/student36/ws_moveit/install/dual_arm_panda_moveit_config:/home/student36/ws_moveit/install/moveit_resources_panda_description:/home/student36/ws_moveit/install/moveit_resources_fanuc_moveit_config:/home/student36/ws_moveit/install/moveit_resources_fanuc_description:/home/student36/ws_moveit/install/moveit_planners_stomp:/home/student36/ws_moveit/install/moveit_planners_chomp:/home/student36/ws_moveit/install/chomp_motion_planner:/home/student36/ws_moveit/install/moveit_core:/home/student36/ws_moveit/install/moveit_msgs:/home/student36/ws_moveit/install/moveit_common:/home/student36/ws_moveit/install/kortex_driver:/home/student36/ws_moveit/install/kortex_api:/home/student36/rplidar_ws/install/rplidar_ros:/home/student36/elephant_arm_ws/install/mycobot_280_moveit2:/opt/ros/jazzy/opt/gz_sim_vendor:/opt/ros/jazzy/opt/gz_sensors_vendor:/opt/ros/jazzy/opt/gz_physics_vendor:/opt/ros/jazzy/opt/sdformat_vendor:/opt/ros/jazzy/opt/gz_gui_vendor:/opt/ros/jazzy/opt/gz_transport_vendor:/opt/ros/jazzy/opt/gz_rendering_vendor:/opt/ros/jazzy/opt/gz_plugin_vendor:/opt/ros/jazzy/opt/gz_fuel_tools_vendor:/opt/ros/jazzy/opt/gz_msgs_vendor:/opt/ros/jazzy/opt/gz_common_vendor:/opt/ros/jazzy/opt/gz_math_vendor:/opt/ros/jazzy/opt/gz_utils_vendor:/opt/ros/jazzy/opt/gz_tools_vendor:/opt/ros/jazzy/opt/gz_ogre_next_vendor:/opt/ros/jazzy/opt/gz_dartsim_vendor:/opt/ros/jazzy/opt/gz_cmake_vendor:/home/student36/ros2_tutorial_workspace/install/the_simplest_python_package:/home/student36/ros2_tutorial_workspace/install/python_package_with_a_node:/home/student36/ros2_tutorial_workspace/install/python_package_that_uses_the_library:/home/student36/ros2_tutorial_workspace/install/python_package_with_a_library:/home/student36/ros2_tutorial_workspace/install/python_package_that_uses_the_services:/home/student36/ros2_tutorial_workspace/install/python_package_that_uses_the_actions:/home/student36/ros2_tutorial_workspace/install/python_package_that_uses_tf2:/home/student36/ros2_tutorial_workspace/install/python_package_that_uses_parameters_and_launch_files:/home/student36/ros2_tutorial_workspace/install/python_package_that_uses_nottf2:/home/student36/ros2_tutorial_workspace/install/python_package_that_uses_nav2:/home/student36/ros2_tutorial_workspace/install/python_package_that_uses_messages:/home/student36/ros2_tutorial_workspace/install/python_package_that_uses_geometry_msgs:/home/student36/ros2_tutorial_workspace/install/python_package_that_uses_gazebo:/home/student36/ws_moveit/install/moveit_configs_utils:/home/student36/elephant_arm_ws/install/mycobot_description:/opt/ros/jazzy DEBUGINFOD_URLS=https://debuginfod.ubuntu.com LD_LIBRARY_PATH=/home/student36/RoboticsDesignProject/Git-repos/LeoRover-Team7/elephant_arm_ws/install/moveit_task_constructor_core/lib:/home/student36/RoboticsDesignProject/Git-repos/LeoRover-Team7/elephant_arm_ws/install/rviz_marker_tools/lib:/home/student36/RoboticsDesignProject/Git-repos/LeoRover-Team7/elephant_arm_ws/install/moveit_task_constructor_msgs/lib:/home/student36/RoboticsDesignProject/Git-repos/LeoRover-Team7/elephant_arm_ws/install/moveit_task_constructor_demo/lib:/home/student36/RoboticsDesignProject/Git-repos/LeoRover-Team7/elephant_arm_ws/install/moveit_task_constructor_visualization/lib:/home/student36/RoboticsDesignProject/Git-repos/LeoRover-Team7/elephant_arm_ws/install/moveit_task_constructor_capabilities/lib:/home/student36/ros2_tutorial_workspace/install/package_with_interfaces/lib:/home/student36/ws_moveit/install/robotiq_driver/lib:/home/student36/ws_moveit/install/serial/lib:/home/student36/ws_moveit/install/moveit_visual_tools/lib:/home/student36/ws_moveit/install/rviz_visual_tools/lib:/home/student36/ws_moveit/install/moveit_task_constructor_demo/lib:/home/student36/ws_moveit/install/moveit_task_constructor_visualization/lib:/home/student36/ws_moveit/install/moveit_task_constructor_capabilities/lib:/home/student36/ws_moveit/install/moveit_task_constructor_core/lib:/home/student36/ws_moveit/install/rviz_marker_tools/lib:/home/student36/ws_moveit/install/robotiq_controllers/lib:/home/student36/ws_moveit/install/pilz_industrial_motion_planner_testutils/lib:/home/student36/ws_moveit/install/pilz_industrial_motion_planner/lib:/home/student36/ws_moveit/install/moveit_task_constructor_msgs/lib:/home/student36/ws_moveit/install/moveit_ros_control_interface/lib:/home/student36/ws_moveit/install/moveit_simple_controller_manager/lib:/home/student36/ws_moveit/install/moveit_setup_assistant/lib:/home/student36/ws_moveit/install/moveit_setup_srdf_plugins/lib:/home/student36/ws_moveit/install/moveit_setup_core_plugins/lib:/home/student36/ws_moveit/install/moveit_setup_controllers/lib:/home/student36/ws_moveit/install/moveit_setup_app_plugins/lib:/home/student36/ws_moveit/install/moveit_setup_framework/lib:/home/student36/ws_moveit/install/moveit_servo/lib:/home/student36/ws_moveit/install/moveit_ros_trajectory_cache/lib:/home/student36/ws_moveit/install/moveit_ros_visualization/lib:/home/student36/ws_moveit/install/moveit_py/lib:/home/student36/ws_moveit/install/moveit_hybrid_planning/lib:/home/student36/ws_moveit/install/moveit_ros_planning_interface/lib:/home/student36/ws_moveit/install/moveit_ros_benchmarks/lib:/home/student36/ws_moveit/install/moveit_ros_warehouse/lib:/home/student36/ws_moveit/install/moveit_ros_robot_interaction/lib:/home/student36/ws_moveit/install/moveit_ros_perception/lib:/home/student36/ws_moveit/install/moveit_ros_move_group/lib:/home/student36/ws_moveit/install/moveit_planners_ompl/lib:/home/student36/ws_moveit/install/moveit_kinematics/lib:/home/student36/ws_moveit/install/moveit_ros_planning/lib:/home/student36/ws_moveit/install/moveit_ros_occupancy_map_monitor/lib:/home/student36/ws_moveit/install/moveit_resources_prbt_ikfast_manipulator_plugin/lib:/home/student36/ws_moveit/install/moveit_planners_stomp/lib:/home/student36/ws_moveit/install/moveit_planners_chomp/lib:/home/student36/ws_moveit/install/chomp_motion_planner/lib:/home/student36/ws_moveit/install/moveit_core/lib:/home/student36/ws_moveit/install/moveit_msgs/lib:/home/student36/ws_moveit/install/kortex_driver/lib:/opt/ros/jazzy/opt/gz_sim_vendor/lib:/opt/ros/jazzy/opt/gz_sensors_vendor/lib:/opt/ros/jazzy/opt/gz_physics_vendor/lib:/opt/ros/jazzy/opt/sdformat_vendor/lib:/opt/ros/jazzy/opt/rviz_ogre_vendor/lib:/opt/ros/jazzy/lib/x86_64-linux-gnu:/opt/ros/jazzy/opt/gz_gui_vendor/lib:/opt/ros/jazzy/opt/gz_transport_vendor/lib:/opt/ros/jazzy/opt/gz_rendering_vendor/lib:/opt/ros/jazzy/opt/gz_plugin_vendor/lib:/opt/ros/jazzy/opt/gz_fuel_tools_vendor/lib:/opt/ros/jazzy/opt/gz_msgs_vendor/lib:/opt/ros/jazzy/opt/gz_common_vendor/lib:/opt/ros/jazzy/opt/gz_math_vendor/lib:/opt/ros/jazzy/opt/gz_utils_vendor/lib:/opt/ros/jazzy/opt/gz_tools_vendor/lib:/opt/ros/jazzy/opt/gz_ogre_next_vendor/lib:/opt/ros/jazzy/opt/gz_dartsim_vendor/lib:/opt/ros/jazzy/opt/gz_cmake_vendor/lib:/opt/ros/jazzy/lib /usr/bin/cmake --build /home/student36/RoboticsDesignProject/Git-repos/LeoRover-Team7/elephant_arm_ws/build/mtc_tutorial -- -j12 -l12
[3.941s] DEBUG:colcon.colcon_core.event_handler.log_command:Invoked command in '/home/student36/RoboticsDesignProject/Git-repos/LeoRover-Team7/elephant_arm_ws/build/mtc_tutorial' returned '0': CMAKE_PREFIX_PATH=/home/student36/RoboticsDesignProject/Git-repos/LeoRover-Team7/elephant_arm_ws/install/moveit_task_constructor_core:/home/student36/RoboticsDesignProject/Git-repos/LeoRover-Team7/elephant_arm_ws/install/rviz_marker_tools:/home/student36/RoboticsDesignProject/Git-repos/LeoRover-Team7/elephant_arm_ws/install/moveit_task_constructor_msgs:/home/student36/RoboticsDesignProject/Git-repos/LeoRover-Team7/elephant_arm_ws/install/mtc_tutorial:/home/student36/RoboticsDesignProject/Git-repos/LeoRover-Team7/elephant_arm_ws/install/moveit_task_constructor_demo:/home/student36/RoboticsDesignProject/Git-repos/LeoRover-Team7/elephant_arm_ws/install/moveit_task_constructor_visualization:/home/student36/RoboticsDesignProject/Git-repos/LeoRover-Team7/elephant_arm_ws/install/moveit_task_constructor_capabilities:/home/student36/RoboticsDesignProject/Git-repos/LeoRover-Team7/elephant_arm_ws/install/mycobot_ros2:/home/student36/RoboticsDesignProject/Git-repos/LeoRover-Team7/elephant_arm_ws/install/mycobot_moveit_config:/home/student36/RoboticsDesignProject/Git-repos/LeoRover-Team7/elephant_arm_ws/install/mycobot_gazebo:/home/student36/RoboticsDesignProject/Git-repos/LeoRover-Team7/elephant_arm_ws/install/mycobot_description:/home/student36/RoboticsDesignProject/Git-repos/LeoRover-Team7/elephant_arm_ws/install/mycobot_bringup:/home/student36/RoboticsDesignProject/Git-repos/LeoRover-Team7/elephant_arm_ws/install/hello_moveit:/home/student36/ros2_tutorial_workspace/install/package_with_interfaces:/home/student36/ws_moveit/install/robotiq_hardware_tests:/home/student36/ws_moveit/install/robotiq_driver:/home/student36/ws_moveit/install/serial:/home/student36/ws_moveit/install/moveit2_tutorials:/home/student36/ws_moveit/install/hello_moveit:/home/student36/ws_moveit/install/moveit_visual_tools:/home/student36/ws_moveit/install/rviz_visual_tools:/home/student36/ws_moveit/install/mtc_tutorial:/home/student36/ws_moveit/install/moveit_task_constructor_demo:/home/student36/ws_moveit/install/moveit_task_constructor_visualization:/home/student36/ws_moveit/install/moveit_task_constructor_capabilities:/home/student36/ws_moveit/install/elephant:/home/student36/ws_moveit/install/moveit_task_constructor_core:/home/student36/ws_moveit/install/rviz_marker_tools:/home/student36/ws_moveit/install/kortex_bringup:/home/student36/ws_moveit/install/kinova_gen3_lite_moveit_config:/home/student36/ws_moveit/install/kinova_gen3_7dof_robotiq_2f_85_moveit_config:/home/student36/ws_moveit/install/kinova_gen3_6dof_robotiq_2f_85_moveit_config:/home/student36/ws_moveit/install/kortex_description:/home/student36/ws_moveit/install/robotiq_description:/home/student36/ws_moveit/install/robotiq_controllers:/home/student36/ws_moveit/install/pilz_industrial_motion_planner_testutils:/home/student36/ws_moveit/install/mycobot_280_moveit2:/home/student36/ws_moveit/install/moveit_runtime:/home/student36/ws_moveit/install/moveit:/home/student36/ws_moveit/install/elephant_arm:/home/student36/ws_moveit/install/moveit_planners:/home/student36/ws_moveit/install/pilz_industrial_motion_planner:/home/student36/ws_moveit/install/mycobot_description:/home/student36/ws_moveit/install/moveit_task_constructor_msgs:/home/student36/ws_moveit/install/moveit_ros_control_interface:/home/student36/ws_moveit/install/moveit_plugins:/home/student36/ws_moveit/install/moveit_simple_controller_manager:/home/student36/ws_moveit/install/moveit_setup_assistant:/home/student36/ws_moveit/install/moveit_setup_srdf_plugins:/home/student36/ws_moveit/install/moveit_setup_core_plugins:/home/student36/ws_moveit/install/moveit_setup_controllers:/home/student36/ws_moveit/install/moveit_setup_app_plugins:/home/student36/ws_moveit/install/moveit_setup_framework:/home/student36/ws_moveit/install/moveit_servo:/home/student36/ws_moveit/install/moveit_ros_trajectory_cache:/home/student36/ws_moveit/install/moveit_ros:/home/student36/ws_moveit/install/moveit_ros_visualization:/home/student36/ws_moveit/install/moveit_py:/home/student36/ws_moveit/install/moveit_hybrid_planning:/home/student36/ws_moveit/install/moveit_ros_planning_interface:/home/student36/ws_moveit/install/moveit_ros_benchmarks:/home/student36/ws_moveit/install/moveit_ros_warehouse:/home/student36/ws_moveit/install/moveit_ros_robot_interaction:/home/student36/ws_moveit/install/moveit_ros_perception:/home/student36/ws_moveit/install/moveit_resources_prbt_pg70_support:/home/student36/ws_moveit/install/moveit_resources_prbt_moveit_config:/home/student36/ws_moveit/install/moveit_ros_move_group:/home/student36/ws_moveit/install/moveit_planners_ompl:/home/student36/ws_moveit/install/moveit_kinematics:/home/student36/ws_moveit/install/moveit_ros_planning:/home/student36/ws_moveit/install/moveit_ros_occupancy_map_monitor:/home/student36/ws_moveit/install/moveit_resources_prbt_support:/home/student36/ws_moveit/install/moveit_resources_prbt_ikfast_manipulator_plugin:/home/student36/ws_moveit/install/moveit_resources:/home/student36/ws_moveit/install/moveit_resources_pr2_description:/home/student36/ws_moveit/install/moveit_resources_panda_moveit_config:/home/student36/ws_moveit/install/dual_arm_panda_moveit_config:/home/student36/ws_moveit/install/moveit_resources_panda_description:/home/student36/ws_moveit/install/moveit_resources_fanuc_moveit_config:/home/student36/ws_moveit/install/moveit_resources_fanuc_description:/home/student36/ws_moveit/install/moveit_planners_stomp:/home/student36/ws_moveit/install/moveit_planners_chomp:/home/student36/ws_moveit/install/chomp_motion_planner:/home/student36/ws_moveit/install/moveit_core:/home/student36/ws_moveit/install/moveit_msgs:/home/student36/ws_moveit/install/moveit_common:/home/student36/ws_moveit/install/kortex_driver:/home/student36/ws_moveit/install/kortex_api:/home/student36/rplidar_ws/install/rplidar_ros:/home/student36/elephant_arm_ws/install/mycobot_280_moveit2:/opt/ros/jazzy/opt/gz_sim_vendor:/opt/ros/jazzy/opt/gz_sensors_vendor:/opt/ros/jazzy/opt/gz_physics_vendor:/opt/ros/jazzy/opt/sdformat_vendor:/opt/ros/jazzy/opt/gz_gui_vendor:/opt/ros/jazzy/opt/gz_transport_vendor:/opt/ros/jazzy/opt/gz_rendering_vendor:/opt/ros/jazzy/opt/gz_plugin_vendor:/opt/ros/jazzy/opt/gz_fuel_tools_vendor:/opt/ros/jazzy/opt/gz_msgs_vendor:/opt/ros/jazzy/opt/gz_common_vendor:/opt/ros/jazzy/opt/gz_math_vendor:/opt/ros/jazzy/opt/gz_utils_vendor:/opt/ros/jazzy/opt/gz_tools_vendor:/opt/ros/jazzy/opt/gz_ogre_next_vendor:/opt/ros/jazzy/opt/gz_dartsim_vendor:/opt/ros/jazzy/opt/gz_cmake_vendor:/home/student36/ros2_tutorial_workspace/install/the_simplest_python_package:/home/student36/ros2_tutorial_workspace/install/python_package_with_a_node:/home/student36/ros2_tutorial_workspace/install/python_package_that_uses_the_library:/home/student36/ros2_tutorial_workspace/install/python_package_with_a_library:/home/student36/ros2_tutorial_workspace/install/python_package_that_uses_the_services:/home/student36/ros2_tutorial_workspace/install/python_package_that_uses_the_actions:/home/student36/ros2_tutorial_workspace/install/python_package_that_uses_tf2:/home/student36/ros2_tutorial_workspace/install/python_package_that_uses_parameters_and_launch_files:/home/student36/ros2_tutorial_workspace/install/python_package_that_uses_nottf2:/home/student36/ros2_tutorial_workspace/install/python_package_that_uses_nav2:/home/student36/ros2_tutorial_workspace/install/python_package_that_uses_messages:/home/student36/ros2_tutorial_workspace/install/python_package_that_uses_geometry_msgs:/home/student36/ros2_tutorial_workspace/install/python_package_that_uses_gazebo:/home/student36/ws_moveit/install/moveit_configs_utils:/home/student36/elephant_arm_ws/install/mycobot_description:/opt/ros/jazzy DEBUGINFOD_URLS=https://debuginfod.ubuntu.com LD_LIBRARY_PATH=/home/student36/RoboticsDesignProject/Git-repos/LeoRover-Team7/elephant_arm_ws/install/moveit_task_constructor_core/lib:/home/student36/RoboticsDesignProject/Git-repos/LeoRover-Team7/elephant_arm_ws/install/rviz_marker_tools/lib:/home/student36/RoboticsDesignProject/Git-repos/LeoRover-Team7/elephant_arm_ws/install/moveit_task_constructor_msgs/lib:/home/student36/RoboticsDesignProject/Git-repos/LeoRover-Team7/elephant_arm_ws/install/moveit_task_constructor_demo/lib:/home/student36/RoboticsDesignProject/Git-repos/LeoRover-Team7/elephant_arm_ws/install/moveit_task_constructor_visualization/lib:/home/student36/RoboticsDesignProject/Git-repos/LeoRover-Team7/elephant_arm_ws/install/moveit_task_constructor_capabilities/lib:/home/student36/ros2_tutorial_workspace/install/package_with_interfaces/lib:/home/student36/ws_moveit/install/robotiq_driver/lib:/home/student36/ws_moveit/install/serial/lib:/home/student36/ws_moveit/install/moveit_visual_tools/lib:/home/student36/ws_moveit/install/rviz_visual_tools/lib:/home/student36/ws_moveit/install/moveit_task_constructor_demo/lib:/home/student36/ws_moveit/install/moveit_task_constructor_visualization/lib:/home/student36/ws_moveit/install/moveit_task_constructor_capabilities/lib:/home/student36/ws_moveit/install/moveit_task_constructor_core/lib:/home/student36/ws_moveit/install/rviz_marker_tools/lib:/home/student36/ws_moveit/install/robotiq_controllers/lib:/home/student36/ws_moveit/install/pilz_industrial_motion_planner_testutils/lib:/home/student36/ws_moveit/install/pilz_industrial_motion_planner/lib:/home/student36/ws_moveit/install/moveit_task_constructor_msgs/lib:/home/student36/ws_moveit/install/moveit_ros_control_interface/lib:/home/student36/ws_moveit/install/moveit_simple_controller_manager/lib:/home/student36/ws_moveit/install/moveit_setup_assistant/lib:/home/student36/ws_moveit/install/moveit_setup_srdf_plugins/lib:/home/student36/ws_moveit/install/moveit_setup_core_plugins/lib:/home/student36/ws_moveit/install/moveit_setup_controllers/lib:/home/student36/ws_moveit/install/moveit_setup_app_plugins/lib:/home/student36/ws_moveit/install/moveit_setup_framework/lib:/home/student36/ws_moveit/install/moveit_servo/lib:/home/student36/ws_moveit/install/moveit_ros_trajectory_cache/lib:/home/student36/ws_moveit/install/moveit_ros_visualization/lib:/home/student36/ws_moveit/install/moveit_py/lib:/home/student36/ws_moveit/install/moveit_hybrid_planning/lib:/home/student36/ws_moveit/install/moveit_ros_planning_interface/lib:/home/student36/ws_moveit/install/moveit_ros_benchmarks/lib:/home/student36/ws_moveit/install/moveit_ros_warehouse/lib:/home/student36/ws_moveit/install/moveit_ros_robot_interaction/lib:/home/student36/ws_moveit/install/moveit_ros_perception/lib:/home/student36/ws_moveit/install/moveit_ros_move_group/lib:/home/student36/ws_moveit/install/moveit_planners_ompl/lib:/home/student36/ws_moveit/install/moveit_kinematics/lib:/home/student36/ws_moveit/install/moveit_ros_planning/lib:/home/student36/ws_moveit/install/moveit_ros_occupancy_map_monitor/lib:/home/student36/ws_moveit/install/moveit_resources_prbt_ikfast_manipulator_plugin/lib:/home/student36/ws_moveit/install/moveit_planners_stomp/lib:/home/student36/ws_moveit/install/moveit_planners_chomp/lib:/home/student36/ws_moveit/install/chomp_motion_planner/lib:/home/student36/ws_moveit/install/moveit_core/lib:/home/student36/ws_moveit/install/moveit_msgs/lib:/home/student36/ws_moveit/install/kortex_driver/lib:/opt/ros/jazzy/opt/gz_sim_vendor/lib:/opt/ros/jazzy/opt/gz_sensors_vendor/lib:/opt/ros/jazzy/opt/gz_physics_vendor/lib:/opt/ros/jazzy/opt/sdformat_vendor/lib:/opt/ros/jazzy/opt/rviz_ogre_vendor/lib:/opt/ros/jazzy/lib/x86_64-linux-gnu:/opt/ros/jazzy/opt/gz_gui_vendor/lib:/opt/ros/jazzy/opt/gz_transport_vendor/lib:/opt/ros/jazzy/opt/gz_rendering_vendor/lib:/opt/ros/jazzy/opt/gz_plugin_vendor/lib:/opt/ros/jazzy/opt/gz_fuel_tools_vendor/lib:/opt/ros/jazzy/opt/gz_msgs_vendor/lib:/opt/ros/jazzy/opt/gz_common_vendor/lib:/opt/ros/jazzy/opt/gz_math_vendor/lib:/opt/ros/jazzy/opt/gz_utils_vendor/lib:/opt/ros/jazzy/opt/gz_tools_vendor/lib:/opt/ros/jazzy/opt/gz_ogre_next_vendor/lib:/opt/ros/jazzy/opt/gz_dartsim_vendor/lib:/opt/ros/jazzy/opt/gz_cmake_vendor/lib:/opt/ros/jazzy/lib /usr/bin/cmake --build /home/student36/RoboticsDesignProject/Git-repos/LeoRover-Team7/elephant_arm_ws/build/mtc_tutorial -- -j12 -l12
[3.945s] DEBUG:colcon.colcon_core.event_handler.log_command:Invoking command in '/home/student36/RoboticsDesignProject/Git-repos/LeoRover-Team7/elephant_arm_ws/build/mtc_tutorial': CMAKE_PREFIX_PATH=/home/student36/RoboticsDesignProject/Git-repos/LeoRover-Team7/elephant_arm_ws/install/moveit_task_constructor_core:/home/student36/RoboticsDesignProject/Git-repos/LeoRover-Team7/elephant_arm_ws/install/rviz_marker_tools:/home/student36/RoboticsDesignProject/Git-repos/LeoRover-Team7/elephant_arm_ws/install/moveit_task_constructor_msgs:/home/student36/RoboticsDesignProject/Git-repos/LeoRover-Team7/elephant_arm_ws/install/mtc_tutorial:/home/student36/RoboticsDesignProject/Git-repos/LeoRover-Team7/elephant_arm_ws/install/moveit_task_constructor_demo:/home/student36/RoboticsDesignProject/Git-repos/LeoRover-Team7/elephant_arm_ws/install/moveit_task_constructor_visualization:/home/student36/RoboticsDesignProject/Git-repos/LeoRover-Team7/elephant_arm_ws/install/moveit_task_constructor_capabilities:/home/student36/RoboticsDesignProject/Git-repos/LeoRover-Team7/elephant_arm_ws/install/mycobot_ros2:/home/student36/RoboticsDesignProject/Git-repos/LeoRover-Team7/elephant_arm_ws/install/mycobot_moveit_config:/home/student36/RoboticsDesignProject/Git-repos/LeoRover-Team7/elephant_arm_ws/install/mycobot_gazebo:/home/student36/RoboticsDesignProject/Git-repos/LeoRover-Team7/elephant_arm_ws/install/mycobot_description:/home/student36/RoboticsDesignProject/Git-repos/LeoRover-Team7/elephant_arm_ws/install/mycobot_bringup:/home/student36/RoboticsDesignProject/Git-repos/LeoRover-Team7/elephant_arm_ws/install/hello_moveit:/home/student36/ros2_tutorial_workspace/install/package_with_interfaces:/home/student36/ws_moveit/install/robotiq_hardware_tests:/home/student36/ws_moveit/install/robotiq_driver:/home/student36/ws_moveit/install/serial:/home/student36/ws_moveit/install/moveit2_tutorials:/home/student36/ws_moveit/install/hello_moveit:/home/student36/ws_moveit/install/moveit_visual_tools:/home/student36/ws_moveit/install/rviz_visual_tools:/home/student36/ws_moveit/install/mtc_tutorial:/home/student36/ws_moveit/install/moveit_task_constructor_demo:/home/student36/ws_moveit/install/moveit_task_constructor_visualization:/home/student36/ws_moveit/install/moveit_task_constructor_capabilities:/home/student36/ws_moveit/install/elephant:/home/student36/ws_moveit/install/moveit_task_constructor_core:/home/student36/ws_moveit/install/rviz_marker_tools:/home/student36/ws_moveit/install/kortex_bringup:/home/student36/ws_moveit/install/kinova_gen3_lite_moveit_config:/home/student36/ws_moveit/install/kinova_gen3_7dof_robotiq_2f_85_moveit_config:/home/student36/ws_moveit/install/kinova_gen3_6dof_robotiq_2f_85_moveit_config:/home/student36/ws_moveit/install/kortex_description:/home/student36/ws_moveit/install/robotiq_description:/home/student36/ws_moveit/install/robotiq_controllers:/home/student36/ws_moveit/install/pilz_industrial_motion_planner_testutils:/home/student36/ws_moveit/install/mycobot_280_moveit2:/home/student36/ws_moveit/install/moveit_runtime:/home/student36/ws_moveit/install/moveit:/home/student36/ws_moveit/install/elephant_arm:/home/student36/ws_moveit/install/moveit_planners:/home/student36/ws_moveit/install/pilz_industrial_motion_planner:/home/student36/ws_moveit/install/mycobot_description:/home/student36/ws_moveit/install/moveit_task_constructor_msgs:/home/student36/ws_moveit/install/moveit_ros_control_interface:/home/student36/ws_moveit/install/moveit_plugins:/home/student36/ws_moveit/install/moveit_simple_controller_manager:/home/student36/ws_moveit/install/moveit_setup_assistant:/home/student36/ws_moveit/install/moveit_setup_srdf_plugins:/home/student36/ws_moveit/install/moveit_setup_core_plugins:/home/student36/ws_moveit/install/moveit_setup_controllers:/home/student36/ws_moveit/install/moveit_setup_app_plugins:/home/student36/ws_moveit/install/moveit_setup_framework:/home/student36/ws_moveit/install/moveit_servo:/home/student36/ws_moveit/install/moveit_ros_trajectory_cache:/home/student36/ws_moveit/install/moveit_ros:/home/student36/ws_moveit/install/moveit_ros_visualization:/home/student36/ws_moveit/install/moveit_py:/home/student36/ws_moveit/install/moveit_hybrid_planning:/home/student36/ws_moveit/install/moveit_ros_planning_interface:/home/student36/ws_moveit/install/moveit_ros_benchmarks:/home/student36/ws_moveit/install/moveit_ros_warehouse:/home/student36/ws_moveit/install/moveit_ros_robot_interaction:/home/student36/ws_moveit/install/moveit_ros_perception:/home/student36/ws_moveit/install/moveit_resources_prbt_pg70_support:/home/student36/ws_moveit/install/moveit_resources_prbt_moveit_config:/home/student36/ws_moveit/install/moveit_ros_move_group:/home/student36/ws_moveit/install/moveit_planners_ompl:/home/student36/ws_moveit/install/moveit_kinematics:/home/student36/ws_moveit/install/moveit_ros_planning:/home/student36/ws_moveit/install/moveit_ros_occupancy_map_monitor:/home/student36/ws_moveit/install/moveit_resources_prbt_support:/home/student36/ws_moveit/install/moveit_resources_prbt_ikfast_manipulator_plugin:/home/student36/ws_moveit/install/moveit_resources:/home/student36/ws_moveit/install/moveit_resources_pr2_description:/home/student36/ws_moveit/install/moveit_resources_panda_moveit_config:/home/student36/ws_moveit/install/dual_arm_panda_moveit_config:/home/student36/ws_moveit/install/moveit_resources_panda_description:/home/student36/ws_moveit/install/moveit_resources_fanuc_moveit_config:/home/student36/ws_moveit/install/moveit_resources_fanuc_description:/home/student36/ws_moveit/install/moveit_planners_stomp:/home/student36/ws_moveit/install/moveit_planners_chomp:/home/student36/ws_moveit/install/chomp_motion_planner:/home/student36/ws_moveit/install/moveit_core:/home/student36/ws_moveit/install/moveit_msgs:/home/student36/ws_moveit/install/moveit_common:/home/student36/ws_moveit/install/kortex_driver:/home/student36/ws_moveit/install/kortex_api:/home/student36/rplidar_ws/install/rplidar_ros:/home/student36/elephant_arm_ws/install/mycobot_280_moveit2:/opt/ros/jazzy/opt/gz_sim_vendor:/opt/ros/jazzy/opt/gz_sensors_vendor:/opt/ros/jazzy/opt/gz_physics_vendor:/opt/ros/jazzy/opt/sdformat_vendor:/opt/ros/jazzy/opt/gz_gui_vendor:/opt/ros/jazzy/opt/gz_transport_vendor:/opt/ros/jazzy/opt/gz_rendering_vendor:/opt/ros/jazzy/opt/gz_plugin_vendor:/opt/ros/jazzy/opt/gz_fuel_tools_vendor:/opt/ros/jazzy/opt/gz_msgs_vendor:/opt/ros/jazzy/opt/gz_common_vendor:/opt/ros/jazzy/opt/gz_math_vendor:/opt/ros/jazzy/opt/gz_utils_vendor:/opt/ros/jazzy/opt/gz_tools_vendor:/opt/ros/jazzy/opt/gz_ogre_next_vendor:/opt/ros/jazzy/opt/gz_dartsim_vendor:/opt/ros/jazzy/opt/gz_cmake_vendor:/home/student36/ros2_tutorial_workspace/install/the_simplest_python_package:/home/student36/ros2_tutorial_workspace/install/python_package_with_a_node:/home/student36/ros2_tutorial_workspace/install/python_package_that_uses_the_library:/home/student36/ros2_tutorial_workspace/install/python_package_with_a_library:/home/student36/ros2_tutorial_workspace/install/python_package_that_uses_the_services:/home/student36/ros2_tutorial_workspace/install/python_package_that_uses_the_actions:/home/student36/ros2_tutorial_workspace/install/python_package_that_uses_tf2:/home/student36/ros2_tutorial_workspace/install/python_package_that_uses_parameters_and_launch_files:/home/student36/ros2_tutorial_workspace/install/python_package_that_uses_nottf2:/home/student36/ros2_tutorial_workspace/install/python_package_that_uses_nav2:/home/student36/ros2_tutorial_workspace/install/python_package_that_uses_messages:/home/student36/ros2_tutorial_workspace/install/python_package_that_uses_geometry_msgs:/home/student36/ros2_tutorial_workspace/install/python_package_that_uses_gazebo:/home/student36/ws_moveit/install/moveit_configs_utils:/home/student36/elephant_arm_ws/install/mycobot_description:/opt/ros/jazzy DEBUGINFOD_URLS=https://debuginfod.ubuntu.com LD_LIBRARY_PATH=/home/student36/RoboticsDesignProject/Git-repos/LeoRover-Team7/elephant_arm_ws/install/moveit_task_constructor_core/lib:/home/student36/RoboticsDesignProject/Git-repos/LeoRover-Team7/elephant_arm_ws/install/rviz_marker_tools/lib:/home/student36/RoboticsDesignProject/Git-repos/LeoRover-Team7/elephant_arm_ws/install/moveit_task_constructor_msgs/lib:/home/student36/RoboticsDesignProject/Git-repos/LeoRover-Team7/elephant_arm_ws/install/moveit_task_constructor_demo/lib:/home/student36/RoboticsDesignProject/Git-repos/LeoRover-Team7/elephant_arm_ws/install/moveit_task_constructor_visualization/lib:/home/student36/RoboticsDesignProject/Git-repos/LeoRover-Team7/elephant_arm_ws/install/moveit_task_constructor_capabilities/lib:/home/student36/ros2_tutorial_workspace/install/package_with_interfaces/lib:/home/student36/ws_moveit/install/robotiq_driver/lib:/home/student36/ws_moveit/install/serial/lib:/home/student36/ws_moveit/install/moveit_visual_tools/lib:/home/student36/ws_moveit/install/rviz_visual_tools/lib:/home/student36/ws_moveit/install/moveit_task_constructor_demo/lib:/home/student36/ws_moveit/install/moveit_task_constructor_visualization/lib:/home/student36/ws_moveit/install/moveit_task_constructor_capabilities/lib:/home/student36/ws_moveit/install/moveit_task_constructor_core/lib:/home/student36/ws_moveit/install/rviz_marker_tools/lib:/home/student36/ws_moveit/install/robotiq_controllers/lib:/home/student36/ws_moveit/install/pilz_industrial_motion_planner_testutils/lib:/home/student36/ws_moveit/install/pilz_industrial_motion_planner/lib:/home/student36/ws_moveit/install/moveit_task_constructor_msgs/lib:/home/student36/ws_moveit/install/moveit_ros_control_interface/lib:/home/student36/ws_moveit/install/moveit_simple_controller_manager/lib:/home/student36/ws_moveit/install/moveit_setup_assistant/lib:/home/student36/ws_moveit/install/moveit_setup_srdf_plugins/lib:/home/student36/ws_moveit/install/moveit_setup_core_plugins/lib:/home/student36/ws_moveit/install/moveit_setup_controllers/lib:/home/student36/ws_moveit/install/moveit_setup_app_plugins/lib:/home/student36/ws_moveit/install/moveit_setup_framework/lib:/home/student36/ws_moveit/install/moveit_servo/lib:/home/student36/ws_moveit/install/moveit_ros_trajectory_cache/lib:/home/student36/ws_moveit/install/moveit_ros_visualization/lib:/home/student36/ws_moveit/install/moveit_py/lib:/home/student36/ws_moveit/install/moveit_hybrid_planning/lib:/home/student36/ws_moveit/install/moveit_ros_planning_interface/lib:/home/student36/ws_moveit/install/moveit_ros_benchmarks/lib:/home/student36/ws_moveit/install/moveit_ros_warehouse/lib:/home/student36/ws_moveit/install/moveit_ros_robot_interaction/lib:/home/student36/ws_moveit/install/moveit_ros_perception/lib:/home/student36/ws_moveit/install/moveit_ros_move_group/lib:/home/student36/ws_moveit/install/moveit_planners_ompl/lib:/home/student36/ws_moveit/install/moveit_kinematics/lib:/home/student36/ws_moveit/install/moveit_ros_planning/lib:/home/student36/ws_moveit/install/moveit_ros_occupancy_map_monitor/lib:/home/student36/ws_moveit/install/moveit_resources_prbt_ikfast_manipulator_plugin/lib:/home/student36/ws_moveit/install/moveit_planners_stomp/lib:/home/student36/ws_moveit/install/moveit_planners_chomp/lib:/home/student36/ws_moveit/install/chomp_motion_planner/lib:/home/student36/ws_moveit/install/moveit_core/lib:/home/student36/ws_moveit/install/moveit_msgs/lib:/home/student36/ws_moveit/install/kortex_driver/lib:/opt/ros/jazzy/opt/gz_sim_vendor/lib:/opt/ros/jazzy/opt/gz_sensors_vendor/lib:/opt/ros/jazzy/opt/gz_physics_vendor/lib:/opt/ros/jazzy/opt/sdformat_vendor/lib:/opt/ros/jazzy/opt/rviz_ogre_vendor/lib:/opt/ros/jazzy/lib/x86_64-linux-gnu:/opt/ros/jazzy/opt/gz_gui_vendor/lib:/opt/ros/jazzy/opt/gz_transport_vendor/lib:/opt/ros/jazzy/opt/gz_rendering_vendor/lib:/opt/ros/jazzy/opt/gz_plugin_vendor/lib:/opt/ros/jazzy/opt/gz_fuel_tools_vendor/lib:/opt/ros/jazzy/opt/gz_msgs_vendor/lib:/opt/ros/jazzy/opt/gz_common_vendor/lib:/opt/ros/jazzy/opt/gz_math_vendor/lib:/opt/ros/jazzy/opt/gz_utils_vendor/lib:/opt/ros/jazzy/opt/gz_tools_vendor/lib:/opt/ros/jazzy/opt/gz_ogre_next_vendor/lib:/opt/ros/jazzy/opt/gz_dartsim_vendor/lib:/opt/ros/jazzy/opt/gz_cmake_vendor/lib:/opt/ros/jazzy/lib /usr/bin/cmake --install /home/student36/RoboticsDesignProject/Git-repos/LeoRover-Team7/elephant_arm_ws/build/mtc_tutorial
[3.989s] DEBUG:colcon.colcon_core.event_handler.log_command:Invoked command in '/home/student36/RoboticsDesignProject/Git-repos/LeoRover-Team7/elephant_arm_ws/build/moveit_task_constructor_capabilities' returned '0': CMAKE_PREFIX_PATH=/home/student36/RoboticsDesignProject/Git-repos/LeoRover-Team7/elephant_arm_ws/install/moveit_task_constructor_core:/home/student36/RoboticsDesignProject/Git-repos/LeoRover-Team7/elephant_arm_ws/install/rviz_marker_tools:/home/student36/RoboticsDesignProject/Git-repos/LeoRover-Team7/elephant_arm_ws/install/moveit_task_constructor_msgs:/home/student36/RoboticsDesignProject/Git-repos/LeoRover-Team7/elephant_arm_ws/install/mtc_tutorial:/home/student36/RoboticsDesignProject/Git-repos/LeoRover-Team7/elephant_arm_ws/install/moveit_task_constructor_demo:/home/student36/RoboticsDesignProject/Git-repos/LeoRover-Team7/elephant_arm_ws/install/moveit_task_constructor_visualization:/home/student36/RoboticsDesignProject/Git-repos/LeoRover-Team7/elephant_arm_ws/install/moveit_task_constructor_capabilities:/home/student36/RoboticsDesignProject/Git-repos/LeoRover-Team7/elephant_arm_ws/install/mycobot_ros2:/home/student36/RoboticsDesignProject/Git-repos/LeoRover-Team7/elephant_arm_ws/install/mycobot_moveit_config:/home/student36/RoboticsDesignProject/Git-repos/LeoRover-Team7/elephant_arm_ws/install/mycobot_gazebo:/home/student36/RoboticsDesignProject/Git-repos/LeoRover-Team7/elephant_arm_ws/install/mycobot_description:/home/student36/RoboticsDesignProject/Git-repos/LeoRover-Team7/elephant_arm_ws/install/mycobot_bringup:/home/student36/RoboticsDesignProject/Git-repos/LeoRover-Team7/elephant_arm_ws/install/hello_moveit:/home/student36/ros2_tutorial_workspace/install/package_with_interfaces:/home/student36/ws_moveit/install/robotiq_hardware_tests:/home/student36/ws_moveit/install/robotiq_driver:/home/student36/ws_moveit/install/serial:/home/student36/ws_moveit/install/moveit2_tutorials:/home/student36/ws_moveit/install/hello_moveit:/home/student36/ws_moveit/install/moveit_visual_tools:/home/student36/ws_moveit/install/rviz_visual_tools:/home/student36/ws_moveit/install/mtc_tutorial:/home/student36/ws_moveit/install/moveit_task_constructor_demo:/home/student36/ws_moveit/install/moveit_task_constructor_visualization:/home/student36/ws_moveit/install/moveit_task_constructor_capabilities:/home/student36/ws_moveit/install/elephant:/home/student36/ws_moveit/install/moveit_task_constructor_core:/home/student36/ws_moveit/install/rviz_marker_tools:/home/student36/ws_moveit/install/kortex_bringup:/home/student36/ws_moveit/install/kinova_gen3_lite_moveit_config:/home/student36/ws_moveit/install/kinova_gen3_7dof_robotiq_2f_85_moveit_config:/home/student36/ws_moveit/install/kinova_gen3_6dof_robotiq_2f_85_moveit_config:/home/student36/ws_moveit/install/kortex_description:/home/student36/ws_moveit/install/robotiq_description:/home/student36/ws_moveit/install/robotiq_controllers:/home/student36/ws_moveit/install/pilz_industrial_motion_planner_testutils:/home/student36/ws_moveit/install/mycobot_280_moveit2:/home/student36/ws_moveit/install/moveit_runtime:/home/student36/ws_moveit/install/moveit:/home/student36/ws_moveit/install/elephant_arm:/home/student36/ws_moveit/install/moveit_planners:/home/student36/ws_moveit/install/pilz_industrial_motion_planner:/home/student36/ws_moveit/install/mycobot_description:/home/student36/ws_moveit/install/moveit_task_constructor_msgs:/home/student36/ws_moveit/install/moveit_ros_control_interface:/home/student36/ws_moveit/install/moveit_plugins:/home/student36/ws_moveit/install/moveit_simple_controller_manager:/home/student36/ws_moveit/install/moveit_setup_assistant:/home/student36/ws_moveit/install/moveit_setup_srdf_plugins:/home/student36/ws_moveit/install/moveit_setup_core_plugins:/home/student36/ws_moveit/install/moveit_setup_controllers:/home/student36/ws_moveit/install/moveit_setup_app_plugins:/home/student36/ws_moveit/install/moveit_setup_framework:/home/student36/ws_moveit/install/moveit_servo:/home/student36/ws_moveit/install/moveit_ros_trajectory_cache:/home/student36/ws_moveit/install/moveit_ros:/home/student36/ws_moveit/install/moveit_ros_visualization:/home/student36/ws_moveit/install/moveit_py:/home/student36/ws_moveit/install/moveit_hybrid_planning:/home/student36/ws_moveit/install/moveit_ros_planning_interface:/home/student36/ws_moveit/install/moveit_ros_benchmarks:/home/student36/ws_moveit/install/moveit_ros_warehouse:/home/student36/ws_moveit/install/moveit_ros_robot_interaction:/home/student36/ws_moveit/install/moveit_ros_perception:/home/student36/ws_moveit/install/moveit_resources_prbt_pg70_support:/home/student36/ws_moveit/install/moveit_resources_prbt_moveit_config:/home/student36/ws_moveit/install/moveit_ros_move_group:/home/student36/ws_moveit/install/moveit_planners_ompl:/home/student36/ws_moveit/install/moveit_kinematics:/home/student36/ws_moveit/install/moveit_ros_planning:/home/student36/ws_moveit/install/moveit_ros_occupancy_map_monitor:/home/student36/ws_moveit/install/moveit_resources_prbt_support:/home/student36/ws_moveit/install/moveit_resources_prbt_ikfast_manipulator_plugin:/home/student36/ws_moveit/install/moveit_resources:/home/student36/ws_moveit/install/moveit_resources_pr2_description:/home/student36/ws_moveit/install/moveit_resources_panda_moveit_config:/home/student36/ws_moveit/install/dual_arm_panda_moveit_config:/home/student36/ws_moveit/install/moveit_resources_panda_description:/home/student36/ws_moveit/install/moveit_resources_fanuc_moveit_config:/home/student36/ws_moveit/install/moveit_resources_fanuc_description:/home/student36/ws_moveit/install/moveit_planners_stomp:/home/student36/ws_moveit/install/moveit_planners_chomp:/home/student36/ws_moveit/install/chomp_motion_planner:/home/student36/ws_moveit/install/moveit_core:/home/student36/ws_moveit/install/moveit_msgs:/home/student36/ws_moveit/install/moveit_common:/home/student36/ws_moveit/install/kortex_driver:/home/student36/ws_moveit/install/kortex_api:/home/student36/rplidar_ws/install/rplidar_ros:/home/student36/elephant_arm_ws/install/mycobot_280_moveit2:/opt/ros/jazzy/opt/gz_sim_vendor:/opt/ros/jazzy/opt/gz_sensors_vendor:/opt/ros/jazzy/opt/gz_physics_vendor:/opt/ros/jazzy/opt/sdformat_vendor:/opt/ros/jazzy/opt/gz_gui_vendor:/opt/ros/jazzy/opt/gz_transport_vendor:/opt/ros/jazzy/opt/gz_rendering_vendor:/opt/ros/jazzy/opt/gz_plugin_vendor:/opt/ros/jazzy/opt/gz_fuel_tools_vendor:/opt/ros/jazzy/opt/gz_msgs_vendor:/opt/ros/jazzy/opt/gz_common_vendor:/opt/ros/jazzy/opt/gz_math_vendor:/opt/ros/jazzy/opt/gz_utils_vendor:/opt/ros/jazzy/opt/gz_tools_vendor:/opt/ros/jazzy/opt/gz_ogre_next_vendor:/opt/ros/jazzy/opt/gz_dartsim_vendor:/opt/ros/jazzy/opt/gz_cmake_vendor:/home/student36/ros2_tutorial_workspace/install/the_simplest_python_package:/home/student36/ros2_tutorial_workspace/install/python_package_with_a_node:/home/student36/ros2_tutorial_workspace/install/python_package_that_uses_the_library:/home/student36/ros2_tutorial_workspace/install/python_package_with_a_library:/home/student36/ros2_tutorial_workspace/install/python_package_that_uses_the_services:/home/student36/ros2_tutorial_workspace/install/python_package_that_uses_the_actions:/home/student36/ros2_tutorial_workspace/install/python_package_that_uses_tf2:/home/student36/ros2_tutorial_workspace/install/python_package_that_uses_parameters_and_launch_files:/home/student36/ros2_tutorial_workspace/install/python_package_that_uses_nottf2:/home/student36/ros2_tutorial_workspace/install/python_package_that_uses_nav2:/home/student36/ros2_tutorial_workspace/install/python_package_that_uses_messages:/home/student36/ros2_tutorial_workspace/install/python_package_that_uses_geometry_msgs:/home/student36/ros2_tutorial_workspace/install/python_package_that_uses_gazebo:/home/student36/ws_moveit/install/moveit_configs_utils:/home/student36/elephant_arm_ws/install/mycobot_description:/opt/ros/jazzy DEBUGINFOD_URLS=https://debuginfod.ubuntu.com LD_LIBRARY_PATH=/home/student36/RoboticsDesignProject/Git-repos/LeoRover-Team7/elephant_arm_ws/install/moveit_task_constructor_core/lib:/home/student36/RoboticsDesignProject/Git-repos/LeoRover-Team7/elephant_arm_ws/install/rviz_marker_tools/lib:/home/student36/RoboticsDesignProject/Git-repos/LeoRover-Team7/elephant_arm_ws/install/moveit_task_constructor_msgs/lib:/home/student36/RoboticsDesignProject/Git-repos/LeoRover-Team7/elephant_arm_ws/install/moveit_task_constructor_demo/lib:/home/student36/RoboticsDesignProject/Git-repos/LeoRover-Team7/elephant_arm_ws/install/moveit_task_constructor_visualization/lib:/home/student36/RoboticsDesignProject/Git-repos/LeoRover-Team7/elephant_arm_ws/install/moveit_task_constructor_capabilities/lib:/home/student36/ros2_tutorial_workspace/install/package_with_interfaces/lib:/home/student36/ws_moveit/install/robotiq_driver/lib:/home/student36/ws_moveit/install/serial/lib:/home/student36/ws_moveit/install/moveit_visual_tools/lib:/home/student36/ws_moveit/install/rviz_visual_tools/lib:/home/student36/ws_moveit/install/moveit_task_constructor_demo/lib:/home/student36/ws_moveit/install/moveit_task_constructor_visualization/lib:/home/student36/ws_moveit/install/moveit_task_constructor_capabilities/lib:/home/student36/ws_moveit/install/moveit_task_constructor_core/lib:/home/student36/ws_moveit/install/rviz_marker_tools/lib:/home/student36/ws_moveit/install/robotiq_controllers/lib:/home/student36/ws_moveit/install/pilz_industrial_motion_planner_testutils/lib:/home/student36/ws_moveit/install/pilz_industrial_motion_planner/lib:/home/student36/ws_moveit/install/moveit_task_constructor_msgs/lib:/home/student36/ws_moveit/install/moveit_ros_control_interface/lib:/home/student36/ws_moveit/install/moveit_simple_controller_manager/lib:/home/student36/ws_moveit/install/moveit_setup_assistant/lib:/home/student36/ws_moveit/install/moveit_setup_srdf_plugins/lib:/home/student36/ws_moveit/install/moveit_setup_core_plugins/lib:/home/student36/ws_moveit/install/moveit_setup_controllers/lib:/home/student36/ws_moveit/install/moveit_setup_app_plugins/lib:/home/student36/ws_moveit/install/moveit_setup_framework/lib:/home/student36/ws_moveit/install/moveit_servo/lib:/home/student36/ws_moveit/install/moveit_ros_trajectory_cache/lib:/home/student36/ws_moveit/install/moveit_ros_visualization/lib:/home/student36/ws_moveit/install/moveit_py/lib:/home/student36/ws_moveit/install/moveit_hybrid_planning/lib:/home/student36/ws_moveit/install/moveit_ros_planning_interface/lib:/home/student36/ws_moveit/install/moveit_ros_benchmarks/lib:/home/student36/ws_moveit/install/moveit_ros_warehouse/lib:/home/student36/ws_moveit/install/moveit_ros_robot_interaction/lib:/home/student36/ws_moveit/install/moveit_ros_perception/lib:/home/student36/ws_moveit/install/moveit_ros_move_group/lib:/home/student36/ws_moveit/install/moveit_planners_ompl/lib:/home/student36/ws_moveit/install/moveit_kinematics/lib:/home/student36/ws_moveit/install/moveit_ros_planning/lib:/home/student36/ws_moveit/install/moveit_ros_occupancy_map_monitor/lib:/home/student36/ws_moveit/install/moveit_resources_prbt_ikfast_manipulator_plugin/lib:/home/student36/ws_moveit/install/moveit_planners_stomp/lib:/home/student36/ws_moveit/install/moveit_planners_chomp/lib:/home/student36/ws_moveit/install/chomp_motion_planner/lib:/home/student36/ws_moveit/install/moveit_core/lib:/home/student36/ws_moveit/install/moveit_msgs/lib:/home/student36/ws_moveit/install/kortex_driver/lib:/opt/ros/jazzy/opt/gz_sim_vendor/lib:/opt/ros/jazzy/opt/gz_sensors_vendor/lib:/opt/ros/jazzy/opt/gz_physics_vendor/lib:/opt/ros/jazzy/opt/sdformat_vendor/lib:/opt/ros/jazzy/opt/rviz_ogre_vendor/lib:/opt/ros/jazzy/lib/x86_64-linux-gnu:/opt/ros/jazzy/opt/gz_gui_vendor/lib:/opt/ros/jazzy/opt/gz_transport_vendor/lib:/opt/ros/jazzy/opt/gz_rendering_vendor/lib:/opt/ros/jazzy/opt/gz_plugin_vendor/lib:/opt/ros/jazzy/opt/gz_fuel_tools_vendor/lib:/opt/ros/jazzy/opt/gz_msgs_vendor/lib:/opt/ros/jazzy/opt/gz_common_vendor/lib:/opt/ros/jazzy/opt/gz_math_vendor/lib:/opt/ros/jazzy/opt/gz_utils_vendor/lib:/opt/ros/jazzy/opt/gz_tools_vendor/lib:/opt/ros/jazzy/opt/gz_ogre_next_vendor/lib:/opt/ros/jazzy/opt/gz_dartsim_vendor/lib:/opt/ros/jazzy/opt/gz_cmake_vendor/lib:/opt/ros/jazzy/lib /usr/bin/cmake --build /home/student36/RoboticsDesignProject/Git-repos/LeoRover-Team7/elephant_arm_ws/build/moveit_task_constructor_capabilities -- -j12 -l12
[3.990s] DEBUG:colcon.colcon_core.event_handler.log_command:Invoking command in '/home/student36/RoboticsDesignProject/Git-repos/LeoRover-Team7/elephant_arm_ws/build/moveit_task_constructor_capabilities': CMAKE_PREFIX_PATH=/home/student36/RoboticsDesignProject/Git-repos/LeoRover-Team7/elephant_arm_ws/install/moveit_task_constructor_core:/home/student36/RoboticsDesignProject/Git-repos/LeoRover-Team7/elephant_arm_ws/install/rviz_marker_tools:/home/student36/RoboticsDesignProject/Git-repos/LeoRover-Team7/elephant_arm_ws/install/moveit_task_constructor_msgs:/home/student36/RoboticsDesignProject/Git-repos/LeoRover-Team7/elephant_arm_ws/install/mtc_tutorial:/home/student36/RoboticsDesignProject/Git-repos/LeoRover-Team7/elephant_arm_ws/install/moveit_task_constructor_demo:/home/student36/RoboticsDesignProject/Git-repos/LeoRover-Team7/elephant_arm_ws/install/moveit_task_constructor_visualization:/home/student36/RoboticsDesignProject/Git-repos/LeoRover-Team7/elephant_arm_ws/install/moveit_task_constructor_capabilities:/home/student36/RoboticsDesignProject/Git-repos/LeoRover-Team7/elephant_arm_ws/install/mycobot_ros2:/home/student36/RoboticsDesignProject/Git-repos/LeoRover-Team7/elephant_arm_ws/install/mycobot_moveit_config:/home/student36/RoboticsDesignProject/Git-repos/LeoRover-Team7/elephant_arm_ws/install/mycobot_gazebo:/home/student36/RoboticsDesignProject/Git-repos/LeoRover-Team7/elephant_arm_ws/install/mycobot_description:/home/student36/RoboticsDesignProject/Git-repos/LeoRover-Team7/elephant_arm_ws/install/mycobot_bringup:/home/student36/RoboticsDesignProject/Git-repos/LeoRover-Team7/elephant_arm_ws/install/hello_moveit:/home/student36/ros2_tutorial_workspace/install/package_with_interfaces:/home/student36/ws_moveit/install/robotiq_hardware_tests:/home/student36/ws_moveit/install/robotiq_driver:/home/student36/ws_moveit/install/serial:/home/student36/ws_moveit/install/moveit2_tutorials:/home/student36/ws_moveit/install/hello_moveit:/home/student36/ws_moveit/install/moveit_visual_tools:/home/student36/ws_moveit/install/rviz_visual_tools:/home/student36/ws_moveit/install/mtc_tutorial:/home/student36/ws_moveit/install/moveit_task_constructor_demo:/home/student36/ws_moveit/install/moveit_task_constructor_visualization:/home/student36/ws_moveit/install/moveit_task_constructor_capabilities:/home/student36/ws_moveit/install/elephant:/home/student36/ws_moveit/install/moveit_task_constructor_core:/home/student36/ws_moveit/install/rviz_marker_tools:/home/student36/ws_moveit/install/kortex_bringup:/home/student36/ws_moveit/install/kinova_gen3_lite_moveit_config:/home/student36/ws_moveit/install/kinova_gen3_7dof_robotiq_2f_85_moveit_config:/home/student36/ws_moveit/install/kinova_gen3_6dof_robotiq_2f_85_moveit_config:/home/student36/ws_moveit/install/kortex_description:/home/student36/ws_moveit/install/robotiq_description:/home/student36/ws_moveit/install/robotiq_controllers:/home/student36/ws_moveit/install/pilz_industrial_motion_planner_testutils:/home/student36/ws_moveit/install/mycobot_280_moveit2:/home/student36/ws_moveit/install/moveit_runtime:/home/student36/ws_moveit/install/moveit:/home/student36/ws_moveit/install/elephant_arm:/home/student36/ws_moveit/install/moveit_planners:/home/student36/ws_moveit/install/pilz_industrial_motion_planner:/home/student36/ws_moveit/install/mycobot_description:/home/student36/ws_moveit/install/moveit_task_constructor_msgs:/home/student36/ws_moveit/install/moveit_ros_control_interface:/home/student36/ws_moveit/install/moveit_plugins:/home/student36/ws_moveit/install/moveit_simple_controller_manager:/home/student36/ws_moveit/install/moveit_setup_assistant:/home/student36/ws_moveit/install/moveit_setup_srdf_plugins:/home/student36/ws_moveit/install/moveit_setup_core_plugins:/home/student36/ws_moveit/install/moveit_setup_controllers:/home/student36/ws_moveit/install/moveit_setup_app_plugins:/home/student36/ws_moveit/install/moveit_setup_framework:/home/student36/ws_moveit/install/moveit_servo:/home/student36/ws_moveit/install/moveit_ros_trajectory_cache:/home/student36/ws_moveit/install/moveit_ros:/home/student36/ws_moveit/install/moveit_ros_visualization:/home/student36/ws_moveit/install/moveit_py:/home/student36/ws_moveit/install/moveit_hybrid_planning:/home/student36/ws_moveit/install/moveit_ros_planning_interface:/home/student36/ws_moveit/install/moveit_ros_benchmarks:/home/student36/ws_moveit/install/moveit_ros_warehouse:/home/student36/ws_moveit/install/moveit_ros_robot_interaction:/home/student36/ws_moveit/install/moveit_ros_perception:/home/student36/ws_moveit/install/moveit_resources_prbt_pg70_support:/home/student36/ws_moveit/install/moveit_resources_prbt_moveit_config:/home/student36/ws_moveit/install/moveit_ros_move_group:/home/student36/ws_moveit/install/moveit_planners_ompl:/home/student36/ws_moveit/install/moveit_kinematics:/home/student36/ws_moveit/install/moveit_ros_planning:/home/student36/ws_moveit/install/moveit_ros_occupancy_map_monitor:/home/student36/ws_moveit/install/moveit_resources_prbt_support:/home/student36/ws_moveit/install/moveit_resources_prbt_ikfast_manipulator_plugin:/home/student36/ws_moveit/install/moveit_resources:/home/student36/ws_moveit/install/moveit_resources_pr2_description:/home/student36/ws_moveit/install/moveit_resources_panda_moveit_config:/home/student36/ws_moveit/install/dual_arm_panda_moveit_config:/home/student36/ws_moveit/install/moveit_resources_panda_description:/home/student36/ws_moveit/install/moveit_resources_fanuc_moveit_config:/home/student36/ws_moveit/install/moveit_resources_fanuc_description:/home/student36/ws_moveit/install/moveit_planners_stomp:/home/student36/ws_moveit/install/moveit_planners_chomp:/home/student36/ws_moveit/install/chomp_motion_planner:/home/student36/ws_moveit/install/moveit_core:/home/student36/ws_moveit/install/moveit_msgs:/home/student36/ws_moveit/install/moveit_common:/home/student36/ws_moveit/install/kortex_driver:/home/student36/ws_moveit/install/kortex_api:/home/student36/rplidar_ws/install/rplidar_ros:/home/student36/elephant_arm_ws/install/mycobot_280_moveit2:/opt/ros/jazzy/opt/gz_sim_vendor:/opt/ros/jazzy/opt/gz_sensors_vendor:/opt/ros/jazzy/opt/gz_physics_vendor:/opt/ros/jazzy/opt/sdformat_vendor:/opt/ros/jazzy/opt/gz_gui_vendor:/opt/ros/jazzy/opt/gz_transport_vendor:/opt/ros/jazzy/opt/gz_rendering_vendor:/opt/ros/jazzy/opt/gz_plugin_vendor:/opt/ros/jazzy/opt/gz_fuel_tools_vendor:/opt/ros/jazzy/opt/gz_msgs_vendor:/opt/ros/jazzy/opt/gz_common_vendor:/opt/ros/jazzy/opt/gz_math_vendor:/opt/ros/jazzy/opt/gz_utils_vendor:/opt/ros/jazzy/opt/gz_tools_vendor:/opt/ros/jazzy/opt/gz_ogre_next_vendor:/opt/ros/jazzy/opt/gz_dartsim_vendor:/opt/ros/jazzy/opt/gz_cmake_vendor:/home/student36/ros2_tutorial_workspace/install/the_simplest_python_package:/home/student36/ros2_tutorial_workspace/install/python_package_with_a_node:/home/student36/ros2_tutorial_workspace/install/python_package_that_uses_the_library:/home/student36/ros2_tutorial_workspace/install/python_package_with_a_library:/home/student36/ros2_tutorial_workspace/install/python_package_that_uses_the_services:/home/student36/ros2_tutorial_workspace/install/python_package_that_uses_the_actions:/home/student36/ros2_tutorial_workspace/install/python_package_that_uses_tf2:/home/student36/ros2_tutorial_workspace/install/python_package_that_uses_parameters_and_launch_files:/home/student36/ros2_tutorial_workspace/install/python_package_that_uses_nottf2:/home/student36/ros2_tutorial_workspace/install/python_package_that_uses_nav2:/home/student36/ros2_tutorial_workspace/install/python_package_that_uses_messages:/home/student36/ros2_tutorial_workspace/install/python_package_that_uses_geometry_msgs:/home/student36/ros2_tutorial_workspace/install/python_package_that_uses_gazebo:/home/student36/ws_moveit/install/moveit_configs_utils:/home/student36/elephant_arm_ws/install/mycobot_description:/opt/ros/jazzy DEBUGINFOD_URLS=https://debuginfod.ubuntu.com LD_LIBRARY_PATH=/home/student36/RoboticsDesignProject/Git-repos/LeoRover-Team7/elephant_arm_ws/install/moveit_task_constructor_core/lib:/home/student36/RoboticsDesignProject/Git-repos/LeoRover-Team7/elephant_arm_ws/install/rviz_marker_tools/lib:/home/student36/RoboticsDesignProject/Git-repos/LeoRover-Team7/elephant_arm_ws/install/moveit_task_constructor_msgs/lib:/home/student36/RoboticsDesignProject/Git-repos/LeoRover-Team7/elephant_arm_ws/install/moveit_task_constructor_demo/lib:/home/student36/RoboticsDesignProject/Git-repos/LeoRover-Team7/elephant_arm_ws/install/moveit_task_constructor_visualization/lib:/home/student36/RoboticsDesignProject/Git-repos/LeoRover-Team7/elephant_arm_ws/install/moveit_task_constructor_capabilities/lib:/home/student36/ros2_tutorial_workspace/install/package_with_interfaces/lib:/home/student36/ws_moveit/install/robotiq_driver/lib:/home/student36/ws_moveit/install/serial/lib:/home/student36/ws_moveit/install/moveit_visual_tools/lib:/home/student36/ws_moveit/install/rviz_visual_tools/lib:/home/student36/ws_moveit/install/moveit_task_constructor_demo/lib:/home/student36/ws_moveit/install/moveit_task_constructor_visualization/lib:/home/student36/ws_moveit/install/moveit_task_constructor_capabilities/lib:/home/student36/ws_moveit/install/moveit_task_constructor_core/lib:/home/student36/ws_moveit/install/rviz_marker_tools/lib:/home/student36/ws_moveit/install/robotiq_controllers/lib:/home/student36/ws_moveit/install/pilz_industrial_motion_planner_testutils/lib:/home/student36/ws_moveit/install/pilz_industrial_motion_planner/lib:/home/student36/ws_moveit/install/moveit_task_constructor_msgs/lib:/home/student36/ws_moveit/install/moveit_ros_control_interface/lib:/home/student36/ws_moveit/install/moveit_simple_controller_manager/lib:/home/student36/ws_moveit/install/moveit_setup_assistant/lib:/home/student36/ws_moveit/install/moveit_setup_srdf_plugins/lib:/home/student36/ws_moveit/install/moveit_setup_core_plugins/lib:/home/student36/ws_moveit/install/moveit_setup_controllers/lib:/home/student36/ws_moveit/install/moveit_setup_app_plugins/lib:/home/student36/ws_moveit/install/moveit_setup_framework/lib:/home/student36/ws_moveit/install/moveit_servo/lib:/home/student36/ws_moveit/install/moveit_ros_trajectory_cache/lib:/home/student36/ws_moveit/install/moveit_ros_visualization/lib:/home/student36/ws_moveit/install/moveit_py/lib:/home/student36/ws_moveit/install/moveit_hybrid_planning/lib:/home/student36/ws_moveit/install/moveit_ros_planning_interface/lib:/home/student36/ws_moveit/install/moveit_ros_benchmarks/lib:/home/student36/ws_moveit/install/moveit_ros_warehouse/lib:/home/student36/ws_moveit/install/moveit_ros_robot_interaction/lib:/home/student36/ws_moveit/install/moveit_ros_perception/lib:/home/student36/ws_moveit/install/moveit_ros_move_group/lib:/home/student36/ws_moveit/install/moveit_planners_ompl/lib:/home/student36/ws_moveit/install/moveit_kinematics/lib:/home/student36/ws_moveit/install/moveit_ros_planning/lib:/home/student36/ws_moveit/install/moveit_ros_occupancy_map_monitor/lib:/home/student36/ws_moveit/install/moveit_resources_prbt_ikfast_manipulator_plugin/lib:/home/student36/ws_moveit/install/moveit_planners_stomp/lib:/home/student36/ws_moveit/install/moveit_planners_chomp/lib:/home/student36/ws_moveit/install/chomp_motion_planner/lib:/home/student36/ws_moveit/install/moveit_core/lib:/home/student36/ws_moveit/install/moveit_msgs/lib:/home/student36/ws_moveit/install/kortex_driver/lib:/opt/ros/jazzy/opt/gz_sim_vendor/lib:/opt/ros/jazzy/opt/gz_sensors_vendor/lib:/opt/ros/jazzy/opt/gz_physics_vendor/lib:/opt/ros/jazzy/opt/sdformat_vendor/lib:/opt/ros/jazzy/opt/rviz_ogre_vendor/lib:/opt/ros/jazzy/lib/x86_64-linux-gnu:/opt/ros/jazzy/opt/gz_gui_vendor/lib:/opt/ros/jazzy/opt/gz_transport_vendor/lib:/opt/ros/jazzy/opt/gz_rendering_vendor/lib:/opt/ros/jazzy/opt/gz_plugin_vendor/lib:/opt/ros/jazzy/opt/gz_fuel_tools_vendor/lib:/opt/ros/jazzy/opt/gz_msgs_vendor/lib:/opt/ros/jazzy/opt/gz_common_vendor/lib:/opt/ros/jazzy/opt/gz_math_vendor/lib:/opt/ros/jazzy/opt/gz_utils_vendor/lib:/opt/ros/jazzy/opt/gz_tools_vendor/lib:/opt/ros/jazzy/opt/gz_ogre_next_vendor/lib:/opt/ros/jazzy/opt/gz_dartsim_vendor/lib:/opt/ros/jazzy/opt/gz_cmake_vendor/lib:/opt/ros/jazzy/lib /usr/bin/cmake --install /home/student36/RoboticsDesignProject/Git-repos/LeoRover-Team7/elephant_arm_ws/build/moveit_task_constructor_capabilities
[4.007s] Level 1:colcon.colcon_core.environment:create_environment_scripts_only(mtc_tutorial)
[4.009s] Level 1:colcon.colcon_core.environment:checking '/home/student36/RoboticsDesignProject/Git-repos/LeoRover-Team7/elephant_arm_ws/install/mtc_tutorial' for CMake module files
[4.012s] DEBUG:colcon.colcon_core.event_handler.log_command:Invoked command in '/home/student36/RoboticsDesignProject/Git-repos/LeoRover-Team7/elephant_arm_ws/build/mtc_tutorial' returned '0': CMAKE_PREFIX_PATH=/home/student36/RoboticsDesignProject/Git-repos/LeoRover-Team7/elephant_arm_ws/install/moveit_task_constructor_core:/home/student36/RoboticsDesignProject/Git-repos/LeoRover-Team7/elephant_arm_ws/install/rviz_marker_tools:/home/student36/RoboticsDesignProject/Git-repos/LeoRover-Team7/elephant_arm_ws/install/moveit_task_constructor_msgs:/home/student36/RoboticsDesignProject/Git-repos/LeoRover-Team7/elephant_arm_ws/install/mtc_tutorial:/home/student36/RoboticsDesignProject/Git-repos/LeoRover-Team7/elephant_arm_ws/install/moveit_task_constructor_demo:/home/student36/RoboticsDesignProject/Git-repos/LeoRover-Team7/elephant_arm_ws/install/moveit_task_constructor_visualization:/home/student36/RoboticsDesignProject/Git-repos/LeoRover-Team7/elephant_arm_ws/install/moveit_task_constructor_capabilities:/home/student36/RoboticsDesignProject/Git-repos/LeoRover-Team7/elephant_arm_ws/install/mycobot_ros2:/home/student36/RoboticsDesignProject/Git-repos/LeoRover-Team7/elephant_arm_ws/install/mycobot_moveit_config:/home/student36/RoboticsDesignProject/Git-repos/LeoRover-Team7/elephant_arm_ws/install/mycobot_gazebo:/home/student36/RoboticsDesignProject/Git-repos/LeoRover-Team7/elephant_arm_ws/install/mycobot_description:/home/student36/RoboticsDesignProject/Git-repos/LeoRover-Team7/elephant_arm_ws/install/mycobot_bringup:/home/student36/RoboticsDesignProject/Git-repos/LeoRover-Team7/elephant_arm_ws/install/hello_moveit:/home/student36/ros2_tutorial_workspace/install/package_with_interfaces:/home/student36/ws_moveit/install/robotiq_hardware_tests:/home/student36/ws_moveit/install/robotiq_driver:/home/student36/ws_moveit/install/serial:/home/student36/ws_moveit/install/moveit2_tutorials:/home/student36/ws_moveit/install/hello_moveit:/home/student36/ws_moveit/install/moveit_visual_tools:/home/student36/ws_moveit/install/rviz_visual_tools:/home/student36/ws_moveit/install/mtc_tutorial:/home/student36/ws_moveit/install/moveit_task_constructor_demo:/home/student36/ws_moveit/install/moveit_task_constructor_visualization:/home/student36/ws_moveit/install/moveit_task_constructor_capabilities:/home/student36/ws_moveit/install/elephant:/home/student36/ws_moveit/install/moveit_task_constructor_core:/home/student36/ws_moveit/install/rviz_marker_tools:/home/student36/ws_moveit/install/kortex_bringup:/home/student36/ws_moveit/install/kinova_gen3_lite_moveit_config:/home/student36/ws_moveit/install/kinova_gen3_7dof_robotiq_2f_85_moveit_config:/home/student36/ws_moveit/install/kinova_gen3_6dof_robotiq_2f_85_moveit_config:/home/student36/ws_moveit/install/kortex_description:/home/student36/ws_moveit/install/robotiq_description:/home/student36/ws_moveit/install/robotiq_controllers:/home/student36/ws_moveit/install/pilz_industrial_motion_planner_testutils:/home/student36/ws_moveit/install/mycobot_280_moveit2:/home/student36/ws_moveit/install/moveit_runtime:/home/student36/ws_moveit/install/moveit:/home/student36/ws_moveit/install/elephant_arm:/home/student36/ws_moveit/install/moveit_planners:/home/student36/ws_moveit/install/pilz_industrial_motion_planner:/home/student36/ws_moveit/install/mycobot_description:/home/student36/ws_moveit/install/moveit_task_constructor_msgs:/home/student36/ws_moveit/install/moveit_ros_control_interface:/home/student36/ws_moveit/install/moveit_plugins:/home/student36/ws_moveit/install/moveit_simple_controller_manager:/home/student36/ws_moveit/install/moveit_setup_assistant:/home/student36/ws_moveit/install/moveit_setup_srdf_plugins:/home/student36/ws_moveit/install/moveit_setup_core_plugins:/home/student36/ws_moveit/install/moveit_setup_controllers:/home/student36/ws_moveit/install/moveit_setup_app_plugins:/home/student36/ws_moveit/install/moveit_setup_framework:/home/student36/ws_moveit/install/moveit_servo:/home/student36/ws_moveit/install/moveit_ros_trajectory_cache:/home/student36/ws_moveit/install/moveit_ros:/home/student36/ws_moveit/install/moveit_ros_visualization:/home/student36/ws_moveit/install/moveit_py:/home/student36/ws_moveit/install/moveit_hybrid_planning:/home/student36/ws_moveit/install/moveit_ros_planning_interface:/home/student36/ws_moveit/install/moveit_ros_benchmarks:/home/student36/ws_moveit/install/moveit_ros_warehouse:/home/student36/ws_moveit/install/moveit_ros_robot_interaction:/home/student36/ws_moveit/install/moveit_ros_perception:/home/student36/ws_moveit/install/moveit_resources_prbt_pg70_support:/home/student36/ws_moveit/install/moveit_resources_prbt_moveit_config:/home/student36/ws_moveit/install/moveit_ros_move_group:/home/student36/ws_moveit/install/moveit_planners_ompl:/home/student36/ws_moveit/install/moveit_kinematics:/home/student36/ws_moveit/install/moveit_ros_planning:/home/student36/ws_moveit/install/moveit_ros_occupancy_map_monitor:/home/student36/ws_moveit/install/moveit_resources_prbt_support:/home/student36/ws_moveit/install/moveit_resources_prbt_ikfast_manipulator_plugin:/home/student36/ws_moveit/install/moveit_resources:/home/student36/ws_moveit/install/moveit_resources_pr2_description:/home/student36/ws_moveit/install/moveit_resources_panda_moveit_config:/home/student36/ws_moveit/install/dual_arm_panda_moveit_config:/home/student36/ws_moveit/install/moveit_resources_panda_description:/home/student36/ws_moveit/install/moveit_resources_fanuc_moveit_config:/home/student36/ws_moveit/install/moveit_resources_fanuc_description:/home/student36/ws_moveit/install/moveit_planners_stomp:/home/student36/ws_moveit/install/moveit_planners_chomp:/home/student36/ws_moveit/install/chomp_motion_planner:/home/student36/ws_moveit/install/moveit_core:/home/student36/ws_moveit/install/moveit_msgs:/home/student36/ws_moveit/install/moveit_common:/home/student36/ws_moveit/install/kortex_driver:/home/student36/ws_moveit/install/kortex_api:/home/student36/rplidar_ws/install/rplidar_ros:/home/student36/elephant_arm_ws/install/mycobot_280_moveit2:/opt/ros/jazzy/opt/gz_sim_vendor:/opt/ros/jazzy/opt/gz_sensors_vendor:/opt/ros/jazzy/opt/gz_physics_vendor:/opt/ros/jazzy/opt/sdformat_vendor:/opt/ros/jazzy/opt/gz_gui_vendor:/opt/ros/jazzy/opt/gz_transport_vendor:/opt/ros/jazzy/opt/gz_rendering_vendor:/opt/ros/jazzy/opt/gz_plugin_vendor:/opt/ros/jazzy/opt/gz_fuel_tools_vendor:/opt/ros/jazzy/opt/gz_msgs_vendor:/opt/ros/jazzy/opt/gz_common_vendor:/opt/ros/jazzy/opt/gz_math_vendor:/opt/ros/jazzy/opt/gz_utils_vendor:/opt/ros/jazzy/opt/gz_tools_vendor:/opt/ros/jazzy/opt/gz_ogre_next_vendor:/opt/ros/jazzy/opt/gz_dartsim_vendor:/opt/ros/jazzy/opt/gz_cmake_vendor:/home/student36/ros2_tutorial_workspace/install/the_simplest_python_package:/home/student36/ros2_tutorial_workspace/install/python_package_with_a_node:/home/student36/ros2_tutorial_workspace/install/python_package_that_uses_the_library:/home/student36/ros2_tutorial_workspace/install/python_package_with_a_library:/home/student36/ros2_tutorial_workspace/install/python_package_that_uses_the_services:/home/student36/ros2_tutorial_workspace/install/python_package_that_uses_the_actions:/home/student36/ros2_tutorial_workspace/install/python_package_that_uses_tf2:/home/student36/ros2_tutorial_workspace/install/python_package_that_uses_parameters_and_launch_files:/home/student36/ros2_tutorial_workspace/install/python_package_that_uses_nottf2:/home/student36/ros2_tutorial_workspace/install/python_package_that_uses_nav2:/home/student36/ros2_tutorial_workspace/install/python_package_that_uses_messages:/home/student36/ros2_tutorial_workspace/install/python_package_that_uses_geometry_msgs:/home/student36/ros2_tutorial_workspace/install/python_package_that_uses_gazebo:/home/student36/ws_moveit/install/moveit_configs_utils:/home/student36/elephant_arm_ws/install/mycobot_description:/opt/ros/jazzy DEBUGINFOD_URLS=https://debuginfod.ubuntu.com LD_LIBRARY_PATH=/home/student36/RoboticsDesignProject/Git-repos/LeoRover-Team7/elephant_arm_ws/install/moveit_task_constructor_core/lib:/home/student36/RoboticsDesignProject/Git-repos/LeoRover-Team7/elephant_arm_ws/install/rviz_marker_tools/lib:/home/student36/RoboticsDesignProject/Git-repos/LeoRover-Team7/elephant_arm_ws/install/moveit_task_constructor_msgs/lib:/home/student36/RoboticsDesignProject/Git-repos/LeoRover-Team7/elephant_arm_ws/install/moveit_task_constructor_demo/lib:/home/student36/RoboticsDesignProject/Git-repos/LeoRover-Team7/elephant_arm_ws/install/moveit_task_constructor_visualization/lib:/home/student36/RoboticsDesignProject/Git-repos/LeoRover-Team7/elephant_arm_ws/install/moveit_task_constructor_capabilities/lib:/home/student36/ros2_tutorial_workspace/install/package_with_interfaces/lib:/home/student36/ws_moveit/install/robotiq_driver/lib:/home/student36/ws_moveit/install/serial/lib:/home/student36/ws_moveit/install/moveit_visual_tools/lib:/home/student36/ws_moveit/install/rviz_visual_tools/lib:/home/student36/ws_moveit/install/moveit_task_constructor_demo/lib:/home/student36/ws_moveit/install/moveit_task_constructor_visualization/lib:/home/student36/ws_moveit/install/moveit_task_constructor_capabilities/lib:/home/student36/ws_moveit/install/moveit_task_constructor_core/lib:/home/student36/ws_moveit/install/rviz_marker_tools/lib:/home/student36/ws_moveit/install/robotiq_controllers/lib:/home/student36/ws_moveit/install/pilz_industrial_motion_planner_testutils/lib:/home/student36/ws_moveit/install/pilz_industrial_motion_planner/lib:/home/student36/ws_moveit/install/moveit_task_constructor_msgs/lib:/home/student36/ws_moveit/install/moveit_ros_control_interface/lib:/home/student36/ws_moveit/install/moveit_simple_controller_manager/lib:/home/student36/ws_moveit/install/moveit_setup_assistant/lib:/home/student36/ws_moveit/install/moveit_setup_srdf_plugins/lib:/home/student36/ws_moveit/install/moveit_setup_core_plugins/lib:/home/student36/ws_moveit/install/moveit_setup_controllers/lib:/home/student36/ws_moveit/install/moveit_setup_app_plugins/lib:/home/student36/ws_moveit/install/moveit_setup_framework/lib:/home/student36/ws_moveit/install/moveit_servo/lib:/home/student36/ws_moveit/install/moveit_ros_trajectory_cache/lib:/home/student36/ws_moveit/install/moveit_ros_visualization/lib:/home/student36/ws_moveit/install/moveit_py/lib:/home/student36/ws_moveit/install/moveit_hybrid_planning/lib:/home/student36/ws_moveit/install/moveit_ros_planning_interface/lib:/home/student36/ws_moveit/install/moveit_ros_benchmarks/lib:/home/student36/ws_moveit/install/moveit_ros_warehouse/lib:/home/student36/ws_moveit/install/moveit_ros_robot_interaction/lib:/home/student36/ws_moveit/install/moveit_ros_perception/lib:/home/student36/ws_moveit/install/moveit_ros_move_group/lib:/home/student36/ws_moveit/install/moveit_planners_ompl/lib:/home/student36/ws_moveit/install/moveit_kinematics/lib:/home/student36/ws_moveit/install/moveit_ros_planning/lib:/home/student36/ws_moveit/install/moveit_ros_occupancy_map_monitor/lib:/home/student36/ws_moveit/install/moveit_resources_prbt_ikfast_manipulator_plugin/lib:/home/student36/ws_moveit/install/moveit_planners_stomp/lib:/home/student36/ws_moveit/install/moveit_planners_chomp/lib:/home/student36/ws_moveit/install/chomp_motion_planner/lib:/home/student36/ws_moveit/install/moveit_core/lib:/home/student36/ws_moveit/install/moveit_msgs/lib:/home/student36/ws_moveit/install/kortex_driver/lib:/opt/ros/jazzy/opt/gz_sim_vendor/lib:/opt/ros/jazzy/opt/gz_sensors_vendor/lib:/opt/ros/jazzy/opt/gz_physics_vendor/lib:/opt/ros/jazzy/opt/sdformat_vendor/lib:/opt/ros/jazzy/opt/rviz_ogre_vendor/lib:/opt/ros/jazzy/lib/x86_64-linux-gnu:/opt/ros/jazzy/opt/gz_gui_vendor/lib:/opt/ros/jazzy/opt/gz_transport_vendor/lib:/opt/ros/jazzy/opt/gz_rendering_vendor/lib:/opt/ros/jazzy/opt/gz_plugin_vendor/lib:/opt/ros/jazzy/opt/gz_fuel_tools_vendor/lib:/opt/ros/jazzy/opt/gz_msgs_vendor/lib:/opt/ros/jazzy/opt/gz_common_vendor/lib:/opt/ros/jazzy/opt/gz_math_vendor/lib:/opt/ros/jazzy/opt/gz_utils_vendor/lib:/opt/ros/jazzy/opt/gz_tools_vendor/lib:/opt/ros/jazzy/opt/gz_ogre_next_vendor/lib:/opt/ros/jazzy/opt/gz_dartsim_vendor/lib:/opt/ros/jazzy/opt/gz_cmake_vendor/lib:/opt/ros/jazzy/lib /usr/bin/cmake --install /home/student36/RoboticsDesignProject/Git-repos/LeoRover-Team7/elephant_arm_ws/build/mtc_tutorial
[4.014s] Level 1:colcon.colcon_core.environment:checking '/home/student36/RoboticsDesignProject/Git-repos/LeoRover-Team7/elephant_arm_ws/install/mtc_tutorial' for CMake config files
[4.014s] Level 1:colcon.colcon_core.shell:create_environment_hook('mtc_tutorial', 'cmake_prefix_path')
[4.015s] INFO:colcon.colcon_core.shell:Creating environment hook '/home/student36/RoboticsDesignProject/Git-repos/LeoRover-Team7/elephant_arm_ws/install/mtc_tutorial/share/mtc_tutorial/hook/cmake_prefix_path.ps1'
[4.016s] INFO:colcon.colcon_core.shell:Creating environment descriptor '/home/student36/RoboticsDesignProject/Git-repos/LeoRover-Team7/elephant_arm_ws/install/mtc_tutorial/share/mtc_tutorial/hook/cmake_prefix_path.dsv'
[4.016s] INFO:colcon.colcon_core.shell:Creating environment hook '/home/student36/RoboticsDesignProject/Git-repos/LeoRover-Team7/elephant_arm_ws/install/mtc_tutorial/share/mtc_tutorial/hook/cmake_prefix_path.sh'
[4.017s] Level 1:colcon.colcon_core.environment:checking '/home/student36/RoboticsDesignProject/Git-repos/LeoRover-Team7/elephant_arm_ws/install/mtc_tutorial/lib'
[4.018s] Level 1:colcon.colcon_core.environment:checking '/home/student36/RoboticsDesignProject/Git-repos/LeoRover-Team7/elephant_arm_ws/install/mtc_tutorial/bin'
[4.018s] Level 1:colcon.colcon_core.environment:checking '/home/student36/RoboticsDesignProject/Git-repos/LeoRover-Team7/elephant_arm_ws/install/mtc_tutorial/lib/pkgconfig/mtc_tutorial.pc'
[4.018s] Level 1:colcon.colcon_core.environment:checking '/home/student36/RoboticsDesignProject/Git-repos/LeoRover-Team7/elephant_arm_ws/install/mtc_tutorial/lib/python3.12/site-packages'
[4.019s] Level 1:colcon.colcon_core.environment:checking '/home/student36/RoboticsDesignProject/Git-repos/LeoRover-Team7/elephant_arm_ws/install/mtc_tutorial/bin'
[4.019s] INFO:colcon.colcon_core.shell:Creating package script '/home/student36/RoboticsDesignProject/Git-repos/LeoRover-Team7/elephant_arm_ws/install/mtc_tutorial/share/mtc_tutorial/package.ps1'
[4.021s] INFO:colcon.colcon_core.shell:Creating package descriptor '/home/student36/RoboticsDesignProject/Git-repos/LeoRover-Team7/elephant_arm_ws/install/mtc_tutorial/share/mtc_tutorial/package.dsv'
[4.023s] INFO:colcon.colcon_core.shell:Creating package script '/home/student36/RoboticsDesignProject/Git-repos/LeoRover-Team7/elephant_arm_ws/install/mtc_tutorial/share/mtc_tutorial/package.sh'
[4.025s] INFO:colcon.colcon_core.shell:Creating package script '/home/student36/RoboticsDesignProject/Git-repos/LeoRover-Team7/elephant_arm_ws/install/mtc_tutorial/share/mtc_tutorial/package.bash'
[4.029s] INFO:colcon.colcon_core.shell:Creating package script '/home/student36/RoboticsDesignProject/Git-repos/LeoRover-Team7/elephant_arm_ws/install/mtc_tutorial/share/mtc_tutorial/package.zsh'
[4.030s] Level 1:colcon.colcon_core.environment:create_file_with_runtime_dependencies(/home/student36/RoboticsDesignProject/Git-repos/LeoRover-Team7/elephant_arm_ws/install/mtc_tutorial/share/colcon-core/packages/mtc_tutorial)
[4.032s] Level 1:colcon.colcon_core.environment:create_environment_scripts_only(mtc_tutorial)
[4.034s] Level 1:colcon.colcon_core.environment:checking '/home/student36/RoboticsDesignProject/Git-repos/LeoRover-Team7/elephant_arm_ws/install/mtc_tutorial' for CMake module files
[4.044s] Level 1:colcon.colcon_core.environment:checking '/home/student36/RoboticsDesignProject/Git-repos/LeoRover-Team7/elephant_arm_ws/install/mtc_tutorial' for CMake config files
[4.046s] Level 1:colcon.colcon_core.shell:create_environment_hook('mtc_tutorial', 'cmake_prefix_path')
[4.047s] INFO:colcon.colcon_core.shell:Creating environment hook '/home/student36/RoboticsDesignProject/Git-repos/LeoRover-Team7/elephant_arm_ws/install/mtc_tutorial/share/mtc_tutorial/hook/cmake_prefix_path.ps1'
[4.048s] INFO:colcon.colcon_core.shell:Creating environment descriptor '/home/student36/RoboticsDesignProject/Git-repos/LeoRover-Team7/elephant_arm_ws/install/mtc_tutorial/share/mtc_tutorial/hook/cmake_prefix_path.dsv'
[4.049s] INFO:colcon.colcon_core.shell:Creating environment hook '/home/student36/RoboticsDesignProject/Git-repos/LeoRover-Team7/elephant_arm_ws/install/mtc_tutorial/share/mtc_tutorial/hook/cmake_prefix_path.sh'
[4.050s] Level 1:colcon.colcon_core.environment:checking '/home/student36/RoboticsDesignProject/Git-repos/LeoRover-Team7/elephant_arm_ws/install/mtc_tutorial/lib'
[4.050s] Level 1:colcon.colcon_core.environment:checking '/home/student36/RoboticsDesignProject/Git-repos/LeoRover-Team7/elephant_arm_ws/install/mtc_tutorial/bin'
[4.050s] Level 1:colcon.colcon_core.environment:checking '/home/student36/RoboticsDesignProject/Git-repos/LeoRover-Team7/elephant_arm_ws/install/mtc_tutorial/lib/pkgconfig/mtc_tutorial.pc'
[4.050s] Level 1:colcon.colcon_core.environment:checking '/home/student36/RoboticsDesignProject/Git-repos/LeoRover-Team7/elephant_arm_ws/install/mtc_tutorial/lib/python3.12/site-packages'
[4.051s] Level 1:colcon.colcon_core.environment:checking '/home/student36/RoboticsDesignProject/Git-repos/LeoRover-Team7/elephant_arm_ws/install/mtc_tutorial/bin'
[4.052s] INFO:colcon.colcon_core.shell:Creating package script '/home/student36/RoboticsDesignProject/Git-repos/LeoRover-Team7/elephant_arm_ws/install/mtc_tutorial/share/mtc_tutorial/package.ps1'
[4.057s] INFO:colcon.colcon_core.shell:Creating package descriptor '/home/student36/RoboticsDesignProject/Git-repos/LeoRover-Team7/elephant_arm_ws/install/mtc_tutorial/share/mtc_tutorial/package.dsv'
[4.058s] INFO:colcon.colcon_core.shell:Creating package script '/home/student36/RoboticsDesignProject/Git-repos/LeoRover-Team7/elephant_arm_ws/install/mtc_tutorial/share/mtc_tutorial/package.sh'
[4.059s] INFO:colcon.colcon_core.shell:Creating package script '/home/student36/RoboticsDesignProject/Git-repos/LeoRover-Team7/elephant_arm_ws/install/mtc_tutorial/share/mtc_tutorial/package.bash'
[4.060s] INFO:colcon.colcon_core.shell:Creating package script '/home/student36/RoboticsDesignProject/Git-repos/LeoRover-Team7/elephant_arm_ws/install/mtc_tutorial/share/mtc_tutorial/package.zsh'
[4.062s] Level 1:colcon.colcon_core.environment:create_file_with_runtime_dependencies(/home/student36/RoboticsDesignProject/Git-repos/LeoRover-Team7/elephant_arm_ws/install/mtc_tutorial/share/colcon-core/packages/mtc_tutorial)
[4.066s] Level 1:colcon.colcon_core.environment:create_environment_scripts_only(moveit_task_constructor_capabilities)
[4.066s] Level 1:colcon.colcon_core.environment:checking '/home/student36/RoboticsDesignProject/Git-repos/LeoRover-Team7/elephant_arm_ws/install/moveit_task_constructor_capabilities' for CMake module files
[4.067s] Level 1:colcon.colcon_core.environment:checking '/home/student36/RoboticsDesignProject/Git-repos/LeoRover-Team7/elephant_arm_ws/install/moveit_task_constructor_capabilities' for CMake config files
[4.067s] Level 1:colcon.colcon_core.shell:create_environment_hook('moveit_task_constructor_capabilities', 'cmake_prefix_path')
[4.067s] INFO:colcon.colcon_core.shell:Creating environment hook '/home/student36/RoboticsDesignProject/Git-repos/LeoRover-Team7/elephant_arm_ws/install/moveit_task_constructor_capabilities/share/moveit_task_constructor_capabilities/hook/cmake_prefix_path.ps1'
[4.068s] INFO:colcon.colcon_core.shell:Creating environment descriptor '/home/student36/RoboticsDesignProject/Git-repos/LeoRover-Team7/elephant_arm_ws/install/moveit_task_constructor_capabilities/share/moveit_task_constructor_capabilities/hook/cmake_prefix_path.dsv'
[4.069s] INFO:colcon.colcon_core.shell:Creating environment hook '/home/student36/RoboticsDesignProject/Git-repos/LeoRover-Team7/elephant_arm_ws/install/moveit_task_constructor_capabilities/share/moveit_task_constructor_capabilities/hook/cmake_prefix_path.sh'
[4.069s] DEBUG:colcon.colcon_core.event_handler.log_command:Invoked command in '/home/student36/RoboticsDesignProject/Git-repos/LeoRover-Team7/elephant_arm_ws/build/moveit_task_constructor_capabilities' returned '0': CMAKE_PREFIX_PATH=/home/student36/RoboticsDesignProject/Git-repos/LeoRover-Team7/elephant_arm_ws/install/moveit_task_constructor_core:/home/student36/RoboticsDesignProject/Git-repos/LeoRover-Team7/elephant_arm_ws/install/rviz_marker_tools:/home/student36/RoboticsDesignProject/Git-repos/LeoRover-Team7/elephant_arm_ws/install/moveit_task_constructor_msgs:/home/student36/RoboticsDesignProject/Git-repos/LeoRover-Team7/elephant_arm_ws/install/mtc_tutorial:/home/student36/RoboticsDesignProject/Git-repos/LeoRover-Team7/elephant_arm_ws/install/moveit_task_constructor_demo:/home/student36/RoboticsDesignProject/Git-repos/LeoRover-Team7/elephant_arm_ws/install/moveit_task_constructor_visualization:/home/student36/RoboticsDesignProject/Git-repos/LeoRover-Team7/elephant_arm_ws/install/moveit_task_constructor_capabilities:/home/student36/RoboticsDesignProject/Git-repos/LeoRover-Team7/elephant_arm_ws/install/mycobot_ros2:/home/student36/RoboticsDesignProject/Git-repos/LeoRover-Team7/elephant_arm_ws/install/mycobot_moveit_config:/home/student36/RoboticsDesignProject/Git-repos/LeoRover-Team7/elephant_arm_ws/install/mycobot_gazebo:/home/student36/RoboticsDesignProject/Git-repos/LeoRover-Team7/elephant_arm_ws/install/mycobot_description:/home/student36/RoboticsDesignProject/Git-repos/LeoRover-Team7/elephant_arm_ws/install/mycobot_bringup:/home/student36/RoboticsDesignProject/Git-repos/LeoRover-Team7/elephant_arm_ws/install/hello_moveit:/home/student36/ros2_tutorial_workspace/install/package_with_interfaces:/home/student36/ws_moveit/install/robotiq_hardware_tests:/home/student36/ws_moveit/install/robotiq_driver:/home/student36/ws_moveit/install/serial:/home/student36/ws_moveit/install/moveit2_tutorials:/home/student36/ws_moveit/install/hello_moveit:/home/student36/ws_moveit/install/moveit_visual_tools:/home/student36/ws_moveit/install/rviz_visual_tools:/home/student36/ws_moveit/install/mtc_tutorial:/home/student36/ws_moveit/install/moveit_task_constructor_demo:/home/student36/ws_moveit/install/moveit_task_constructor_visualization:/home/student36/ws_moveit/install/moveit_task_constructor_capabilities:/home/student36/ws_moveit/install/elephant:/home/student36/ws_moveit/install/moveit_task_constructor_core:/home/student36/ws_moveit/install/rviz_marker_tools:/home/student36/ws_moveit/install/kortex_bringup:/home/student36/ws_moveit/install/kinova_gen3_lite_moveit_config:/home/student36/ws_moveit/install/kinova_gen3_7dof_robotiq_2f_85_moveit_config:/home/student36/ws_moveit/install/kinova_gen3_6dof_robotiq_2f_85_moveit_config:/home/student36/ws_moveit/install/kortex_description:/home/student36/ws_moveit/install/robotiq_description:/home/student36/ws_moveit/install/robotiq_controllers:/home/student36/ws_moveit/install/pilz_industrial_motion_planner_testutils:/home/student36/ws_moveit/install/mycobot_280_moveit2:/home/student36/ws_moveit/install/moveit_runtime:/home/student36/ws_moveit/install/moveit:/home/student36/ws_moveit/install/elephant_arm:/home/student36/ws_moveit/install/moveit_planners:/home/student36/ws_moveit/install/pilz_industrial_motion_planner:/home/student36/ws_moveit/install/mycobot_description:/home/student36/ws_moveit/install/moveit_task_constructor_msgs:/home/student36/ws_moveit/install/moveit_ros_control_interface:/home/student36/ws_moveit/install/moveit_plugins:/home/student36/ws_moveit/install/moveit_simple_controller_manager:/home/student36/ws_moveit/install/moveit_setup_assistant:/home/student36/ws_moveit/install/moveit_setup_srdf_plugins:/home/student36/ws_moveit/install/moveit_setup_core_plugins:/home/student36/ws_moveit/install/moveit_setup_controllers:/home/student36/ws_moveit/install/moveit_setup_app_plugins:/home/student36/ws_moveit/install/moveit_setup_framework:/home/student36/ws_moveit/install/moveit_servo:/home/student36/ws_moveit/install/moveit_ros_trajectory_cache:/home/student36/ws_moveit/install/moveit_ros:/home/student36/ws_moveit/install/moveit_ros_visualization:/home/student36/ws_moveit/install/moveit_py:/home/student36/ws_moveit/install/moveit_hybrid_planning:/home/student36/ws_moveit/install/moveit_ros_planning_interface:/home/student36/ws_moveit/install/moveit_ros_benchmarks:/home/student36/ws_moveit/install/moveit_ros_warehouse:/home/student36/ws_moveit/install/moveit_ros_robot_interaction:/home/student36/ws_moveit/install/moveit_ros_perception:/home/student36/ws_moveit/install/moveit_resources_prbt_pg70_support:/home/student36/ws_moveit/install/moveit_resources_prbt_moveit_config:/home/student36/ws_moveit/install/moveit_ros_move_group:/home/student36/ws_moveit/install/moveit_planners_ompl:/home/student36/ws_moveit/install/moveit_kinematics:/home/student36/ws_moveit/install/moveit_ros_planning:/home/student36/ws_moveit/install/moveit_ros_occupancy_map_monitor:/home/student36/ws_moveit/install/moveit_resources_prbt_support:/home/student36/ws_moveit/install/moveit_resources_prbt_ikfast_manipulator_plugin:/home/student36/ws_moveit/install/moveit_resources:/home/student36/ws_moveit/install/moveit_resources_pr2_description:/home/student36/ws_moveit/install/moveit_resources_panda_moveit_config:/home/student36/ws_moveit/install/dual_arm_panda_moveit_config:/home/student36/ws_moveit/install/moveit_resources_panda_description:/home/student36/ws_moveit/install/moveit_resources_fanuc_moveit_config:/home/student36/ws_moveit/install/moveit_resources_fanuc_description:/home/student36/ws_moveit/install/moveit_planners_stomp:/home/student36/ws_moveit/install/moveit_planners_chomp:/home/student36/ws_moveit/install/chomp_motion_planner:/home/student36/ws_moveit/install/moveit_core:/home/student36/ws_moveit/install/moveit_msgs:/home/student36/ws_moveit/install/moveit_common:/home/student36/ws_moveit/install/kortex_driver:/home/student36/ws_moveit/install/kortex_api:/home/student36/rplidar_ws/install/rplidar_ros:/home/student36/elephant_arm_ws/install/mycobot_280_moveit2:/opt/ros/jazzy/opt/gz_sim_vendor:/opt/ros/jazzy/opt/gz_sensors_vendor:/opt/ros/jazzy/opt/gz_physics_vendor:/opt/ros/jazzy/opt/sdformat_vendor:/opt/ros/jazzy/opt/gz_gui_vendor:/opt/ros/jazzy/opt/gz_transport_vendor:/opt/ros/jazzy/opt/gz_rendering_vendor:/opt/ros/jazzy/opt/gz_plugin_vendor:/opt/ros/jazzy/opt/gz_fuel_tools_vendor:/opt/ros/jazzy/opt/gz_msgs_vendor:/opt/ros/jazzy/opt/gz_common_vendor:/opt/ros/jazzy/opt/gz_math_vendor:/opt/ros/jazzy/opt/gz_utils_vendor:/opt/ros/jazzy/opt/gz_tools_vendor:/opt/ros/jazzy/opt/gz_ogre_next_vendor:/opt/ros/jazzy/opt/gz_dartsim_vendor:/opt/ros/jazzy/opt/gz_cmake_vendor:/home/student36/ros2_tutorial_workspace/install/the_simplest_python_package:/home/student36/ros2_tutorial_workspace/install/python_package_with_a_node:/home/student36/ros2_tutorial_workspace/install/python_package_that_uses_the_library:/home/student36/ros2_tutorial_workspace/install/python_package_with_a_library:/home/student36/ros2_tutorial_workspace/install/python_package_that_uses_the_services:/home/student36/ros2_tutorial_workspace/install/python_package_that_uses_the_actions:/home/student36/ros2_tutorial_workspace/install/python_package_that_uses_tf2:/home/student36/ros2_tutorial_workspace/install/python_package_that_uses_parameters_and_launch_files:/home/student36/ros2_tutorial_workspace/install/python_package_that_uses_nottf2:/home/student36/ros2_tutorial_workspace/install/python_package_that_uses_nav2:/home/student36/ros2_tutorial_workspace/install/python_package_that_uses_messages:/home/student36/ros2_tutorial_workspace/install/python_package_that_uses_geometry_msgs:/home/student36/ros2_tutorial_workspace/install/python_package_that_uses_gazebo:/home/student36/ws_moveit/install/moveit_configs_utils:/home/student36/elephant_arm_ws/install/mycobot_description:/opt/ros/jazzy DEBUGINFOD_URLS=https://debuginfod.ubuntu.com LD_LIBRARY_PATH=/home/student36/RoboticsDesignProject/Git-repos/LeoRover-Team7/elephant_arm_ws/install/moveit_task_constructor_core/lib:/home/student36/RoboticsDesignProject/Git-repos/LeoRover-Team7/elephant_arm_ws/install/rviz_marker_tools/lib:/home/student36/RoboticsDesignProject/Git-repos/LeoRover-Team7/elephant_arm_ws/install/moveit_task_constructor_msgs/lib:/home/student36/RoboticsDesignProject/Git-repos/LeoRover-Team7/elephant_arm_ws/install/moveit_task_constructor_demo/lib:/home/student36/RoboticsDesignProject/Git-repos/LeoRover-Team7/elephant_arm_ws/install/moveit_task_constructor_visualization/lib:/home/student36/RoboticsDesignProject/Git-repos/LeoRover-Team7/elephant_arm_ws/install/moveit_task_constructor_capabilities/lib:/home/student36/ros2_tutorial_workspace/install/package_with_interfaces/lib:/home/student36/ws_moveit/install/robotiq_driver/lib:/home/student36/ws_moveit/install/serial/lib:/home/student36/ws_moveit/install/moveit_visual_tools/lib:/home/student36/ws_moveit/install/rviz_visual_tools/lib:/home/student36/ws_moveit/install/moveit_task_constructor_demo/lib:/home/student36/ws_moveit/install/moveit_task_constructor_visualization/lib:/home/student36/ws_moveit/install/moveit_task_constructor_capabilities/lib:/home/student36/ws_moveit/install/moveit_task_constructor_core/lib:/home/student36/ws_moveit/install/rviz_marker_tools/lib:/home/student36/ws_moveit/install/robotiq_controllers/lib:/home/student36/ws_moveit/install/pilz_industrial_motion_planner_testutils/lib:/home/student36/ws_moveit/install/pilz_industrial_motion_planner/lib:/home/student36/ws_moveit/install/moveit_task_constructor_msgs/lib:/home/student36/ws_moveit/install/moveit_ros_control_interface/lib:/home/student36/ws_moveit/install/moveit_simple_controller_manager/lib:/home/student36/ws_moveit/install/moveit_setup_assistant/lib:/home/student36/ws_moveit/install/moveit_setup_srdf_plugins/lib:/home/student36/ws_moveit/install/moveit_setup_core_plugins/lib:/home/student36/ws_moveit/install/moveit_setup_controllers/lib:/home/student36/ws_moveit/install/moveit_setup_app_plugins/lib:/home/student36/ws_moveit/install/moveit_setup_framework/lib:/home/student36/ws_moveit/install/moveit_servo/lib:/home/student36/ws_moveit/install/moveit_ros_trajectory_cache/lib:/home/student36/ws_moveit/install/moveit_ros_visualization/lib:/home/student36/ws_moveit/install/moveit_py/lib:/home/student36/ws_moveit/install/moveit_hybrid_planning/lib:/home/student36/ws_moveit/install/moveit_ros_planning_interface/lib:/home/student36/ws_moveit/install/moveit_ros_benchmarks/lib:/home/student36/ws_moveit/install/moveit_ros_warehouse/lib:/home/student36/ws_moveit/install/moveit_ros_robot_interaction/lib:/home/student36/ws_moveit/install/moveit_ros_perception/lib:/home/student36/ws_moveit/install/moveit_ros_move_group/lib:/home/student36/ws_moveit/install/moveit_planners_ompl/lib:/home/student36/ws_moveit/install/moveit_kinematics/lib:/home/student36/ws_moveit/install/moveit_ros_planning/lib:/home/student36/ws_moveit/install/moveit_ros_occupancy_map_monitor/lib:/home/student36/ws_moveit/install/moveit_resources_prbt_ikfast_manipulator_plugin/lib:/home/student36/ws_moveit/install/moveit_planners_stomp/lib:/home/student36/ws_moveit/install/moveit_planners_chomp/lib:/home/student36/ws_moveit/install/chomp_motion_planner/lib:/home/student36/ws_moveit/install/moveit_core/lib:/home/student36/ws_moveit/install/moveit_msgs/lib:/home/student36/ws_moveit/install/kortex_driver/lib:/opt/ros/jazzy/opt/gz_sim_vendor/lib:/opt/ros/jazzy/opt/gz_sensors_vendor/lib:/opt/ros/jazzy/opt/gz_physics_vendor/lib:/opt/ros/jazzy/opt/sdformat_vendor/lib:/opt/ros/jazzy/opt/rviz_ogre_vendor/lib:/opt/ros/jazzy/lib/x86_64-linux-gnu:/opt/ros/jazzy/opt/gz_gui_vendor/lib:/opt/ros/jazzy/opt/gz_transport_vendor/lib:/opt/ros/jazzy/opt/gz_rendering_vendor/lib:/opt/ros/jazzy/opt/gz_plugin_vendor/lib:/opt/ros/jazzy/opt/gz_fuel_tools_vendor/lib:/opt/ros/jazzy/opt/gz_msgs_vendor/lib:/opt/ros/jazzy/opt/gz_common_vendor/lib:/opt/ros/jazzy/opt/gz_math_vendor/lib:/opt/ros/jazzy/opt/gz_utils_vendor/lib:/opt/ros/jazzy/opt/gz_tools_vendor/lib:/opt/ros/jazzy/opt/gz_ogre_next_vendor/lib:/opt/ros/jazzy/opt/gz_dartsim_vendor/lib:/opt/ros/jazzy/opt/gz_cmake_vendor/lib:/opt/ros/jazzy/lib /usr/bin/cmake --install /home/student36/RoboticsDesignProject/Git-repos/LeoRover-Team7/elephant_arm_ws/build/moveit_task_constructor_capabilities
[4.071s] Level 1:colcon.colcon_core.environment:checking '/home/student36/RoboticsDesignProject/Git-repos/LeoRover-Team7/elephant_arm_ws/install/moveit_task_constructor_capabilities/lib'
[4.072s] Level 1:colcon.colcon_core.shell:create_environment_hook('moveit_task_constructor_capabilities', 'ld_library_path_lib')
[4.072s] INFO:colcon.colcon_core.shell:Creating environment hook '/home/student36/RoboticsDesignProject/Git-repos/LeoRover-Team7/elephant_arm_ws/install/moveit_task_constructor_capabilities/share/moveit_task_constructor_capabilities/hook/ld_library_path_lib.ps1'
[4.073s] INFO:colcon.colcon_core.shell:Creating environment descriptor '/home/student36/RoboticsDesignProject/Git-repos/LeoRover-Team7/elephant_arm_ws/install/moveit_task_constructor_capabilities/share/moveit_task_constructor_capabilities/hook/ld_library_path_lib.dsv'
[4.075s] INFO:colcon.colcon_core.shell:Creating environment hook '/home/student36/RoboticsDesignProject/Git-repos/LeoRover-Team7/elephant_arm_ws/install/moveit_task_constructor_capabilities/share/moveit_task_constructor_capabilities/hook/ld_library_path_lib.sh'
[4.075s] Level 1:colcon.colcon_core.environment:checking '/home/student36/RoboticsDesignProject/Git-repos/LeoRover-Team7/elephant_arm_ws/install/moveit_task_constructor_capabilities/bin'
[4.075s] Level 1:colcon.colcon_core.environment:checking '/home/student36/RoboticsDesignProject/Git-repos/LeoRover-Team7/elephant_arm_ws/install/moveit_task_constructor_capabilities/lib/pkgconfig/moveit_task_constructor_capabilities.pc'
[4.076s] Level 1:colcon.colcon_core.environment:checking '/home/student36/RoboticsDesignProject/Git-repos/LeoRover-Team7/elephant_arm_ws/install/moveit_task_constructor_capabilities/lib/python3.12/site-packages'
[4.076s] Level 1:colcon.colcon_core.environment:checking '/home/student36/RoboticsDesignProject/Git-repos/LeoRover-Team7/elephant_arm_ws/install/moveit_task_constructor_capabilities/bin'
[4.076s] INFO:colcon.colcon_core.shell:Creating package script '/home/student36/RoboticsDesignProject/Git-repos/LeoRover-Team7/elephant_arm_ws/install/moveit_task_constructor_capabilities/share/moveit_task_constructor_capabilities/package.ps1'
[4.078s] INFO:colcon.colcon_core.shell:Creating package descriptor '/home/student36/RoboticsDesignProject/Git-repos/LeoRover-Team7/elephant_arm_ws/install/moveit_task_constructor_capabilities/share/moveit_task_constructor_capabilities/package.dsv'
[4.079s] INFO:colcon.colcon_core.shell:Creating package script '/home/student36/RoboticsDesignProject/Git-repos/LeoRover-Team7/elephant_arm_ws/install/moveit_task_constructor_capabilities/share/moveit_task_constructor_capabilities/package.sh'
[4.079s] INFO:colcon.colcon_core.shell:Creating package script '/home/student36/RoboticsDesignProject/Git-repos/LeoRover-Team7/elephant_arm_ws/install/moveit_task_constructor_capabilities/share/moveit_task_constructor_capabilities/package.bash'
[4.080s] INFO:colcon.colcon_core.shell:Creating package script '/home/student36/RoboticsDesignProject/Git-repos/LeoRover-Team7/elephant_arm_ws/install/moveit_task_constructor_capabilities/share/moveit_task_constructor_capabilities/package.zsh'
[4.081s] Level 1:colcon.colcon_core.environment:create_file_with_runtime_dependencies(/home/student36/RoboticsDesignProject/Git-repos/LeoRover-Team7/elephant_arm_ws/install/moveit_task_constructor_capabilities/share/colcon-core/packages/moveit_task_constructor_capabilities)
[4.082s] Level 1:colcon.colcon_core.environment:create_environment_scripts_only(moveit_task_constructor_capabilities)
[4.082s] Level 1:colcon.colcon_core.environment:checking '/home/student36/RoboticsDesignProject/Git-repos/LeoRover-Team7/elephant_arm_ws/install/moveit_task_constructor_capabilities' for CMake module files
[4.083s] Level 1:colcon.colcon_core.environment:checking '/home/student36/RoboticsDesignProject/Git-repos/LeoRover-Team7/elephant_arm_ws/install/moveit_task_constructor_capabilities' for CMake config files
[4.083s] Level 1:colcon.colcon_core.shell:create_environment_hook('moveit_task_constructor_capabilities', 'cmake_prefix_path')
[4.084s] INFO:colcon.colcon_core.shell:Creating environment hook '/home/student36/RoboticsDesignProject/Git-repos/LeoRover-Team7/elephant_arm_ws/install/moveit_task_constructor_capabilities/share/moveit_task_constructor_capabilities/hook/cmake_prefix_path.ps1'
[4.084s] INFO:colcon.colcon_core.shell:Creating environment descriptor '/home/student36/RoboticsDesignProject/Git-repos/LeoRover-Team7/elephant_arm_ws/install/moveit_task_constructor_capabilities/share/moveit_task_constructor_capabilities/hook/cmake_prefix_path.dsv'
[4.085s] INFO:colcon.colcon_core.shell:Creating environment hook '/home/student36/RoboticsDesignProject/Git-repos/LeoRover-Team7/elephant_arm_ws/install/moveit_task_constructor_capabilities/share/moveit_task_constructor_capabilities/hook/cmake_prefix_path.sh'
[4.085s] Level 1:colcon.colcon_core.environment:checking '/home/student36/RoboticsDesignProject/Git-repos/LeoRover-Team7/elephant_arm_ws/install/moveit_task_constructor_capabilities/lib'
[4.086s] Level 1:colcon.colcon_core.shell:create_environment_hook('moveit_task_constructor_capabilities', 'ld_library_path_lib')
[4.086s] INFO:colcon.colcon_core.shell:Creating environment hook '/home/student36/RoboticsDesignProject/Git-repos/LeoRover-Team7/elephant_arm_ws/install/moveit_task_constructor_capabilities/share/moveit_task_constructor_capabilities/hook/ld_library_path_lib.ps1'
[4.088s] INFO:colcon.colcon_core.shell:Creating environment descriptor '/home/student36/RoboticsDesignProject/Git-repos/LeoRover-Team7/elephant_arm_ws/install/moveit_task_constructor_capabilities/share/moveit_task_constructor_capabilities/hook/ld_library_path_lib.dsv'
[4.088s] INFO:colcon.colcon_core.shell:Creating environment hook '/home/student36/RoboticsDesignProject/Git-repos/LeoRover-Team7/elephant_arm_ws/install/moveit_task_constructor_capabilities/share/moveit_task_constructor_capabilities/hook/ld_library_path_lib.sh'
[4.089s] Level 1:colcon.colcon_core.environment:checking '/home/student36/RoboticsDesignProject/Git-repos/LeoRover-Team7/elephant_arm_ws/install/moveit_task_constructor_capabilities/bin'
[4.090s] Level 1:colcon.colcon_core.environment:checking '/home/student36/RoboticsDesignProject/Git-repos/LeoRover-Team7/elephant_arm_ws/install/moveit_task_constructor_capabilities/lib/pkgconfig/moveit_task_constructor_capabilities.pc'
[4.090s] Level 1:colcon.colcon_core.environment:checking '/home/student36/RoboticsDesignProject/Git-repos/LeoRover-Team7/elephant_arm_ws/install/moveit_task_constructor_capabilities/lib/python3.12/site-packages'
[4.091s] Level 1:colcon.colcon_core.environment:checking '/home/student36/RoboticsDesignProject/Git-repos/LeoRover-Team7/elephant_arm_ws/install/moveit_task_constructor_capabilities/bin'
[4.091s] INFO:colcon.colcon_core.shell:Creating package script '/home/student36/RoboticsDesignProject/Git-repos/LeoRover-Team7/elephant_arm_ws/install/moveit_task_constructor_capabilities/share/moveit_task_constructor_capabilities/package.ps1'
[4.093s] INFO:colcon.colcon_core.shell:Creating package descriptor '/home/student36/RoboticsDesignProject/Git-repos/LeoRover-Team7/elephant_arm_ws/install/moveit_task_constructor_capabilities/share/moveit_task_constructor_capabilities/package.dsv'
[4.094s] INFO:colcon.colcon_core.shell:Creating package script '/home/student36/RoboticsDesignProject/Git-repos/LeoRover-Team7/elephant_arm_ws/install/moveit_task_constructor_capabilities/share/moveit_task_constructor_capabilities/package.sh'
[4.096s] INFO:colcon.colcon_core.shell:Creating package script '/home/student36/RoboticsDesignProject/Git-repos/LeoRover-Team7/elephant_arm_ws/install/moveit_task_constructor_capabilities/share/moveit_task_constructor_capabilities/package.bash'
[4.096s] INFO:colcon.colcon_core.shell:Creating package script '/home/student36/RoboticsDesignProject/Git-repos/LeoRover-Team7/elephant_arm_ws/install/moveit_task_constructor_capabilities/share/moveit_task_constructor_capabilities/package.zsh'
[4.097s] Level 1:colcon.colcon_core.environment:create_file_with_runtime_dependencies(/home/student36/RoboticsDesignProject/Git-repos/LeoRover-Team7/elephant_arm_ws/install/moveit_task_constructor_capabilities/share/colcon-core/packages/moveit_task_constructor_capabilities)
[4.692s] DEBUG:colcon.colcon_core.event_handler.log_command:Invoked command in '/home/student36/RoboticsDesignProject/Git-repos/LeoRover-Team7/elephant_arm_ws/build/moveit_task_constructor_visualization' returned '0': CMAKE_PREFIX_PATH=/home/student36/RoboticsDesignProject/Git-repos/LeoRover-Team7/elephant_arm_ws/install/moveit_task_constructor_core:/home/student36/RoboticsDesignProject/Git-repos/LeoRover-Team7/elephant_arm_ws/install/rviz_marker_tools:/home/student36/RoboticsDesignProject/Git-repos/LeoRover-Team7/elephant_arm_ws/install/moveit_task_constructor_msgs:/home/student36/RoboticsDesignProject/Git-repos/LeoRover-Team7/elephant_arm_ws/install/mtc_tutorial:/home/student36/RoboticsDesignProject/Git-repos/LeoRover-Team7/elephant_arm_ws/install/moveit_task_constructor_demo:/home/student36/RoboticsDesignProject/Git-repos/LeoRover-Team7/elephant_arm_ws/install/moveit_task_constructor_visualization:/home/student36/RoboticsDesignProject/Git-repos/LeoRover-Team7/elephant_arm_ws/install/moveit_task_constructor_capabilities:/home/student36/RoboticsDesignProject/Git-repos/LeoRover-Team7/elephant_arm_ws/install/mycobot_ros2:/home/student36/RoboticsDesignProject/Git-repos/LeoRover-Team7/elephant_arm_ws/install/mycobot_moveit_config:/home/student36/RoboticsDesignProject/Git-repos/LeoRover-Team7/elephant_arm_ws/install/mycobot_gazebo:/home/student36/RoboticsDesignProject/Git-repos/LeoRover-Team7/elephant_arm_ws/install/mycobot_description:/home/student36/RoboticsDesignProject/Git-repos/LeoRover-Team7/elephant_arm_ws/install/mycobot_bringup:/home/student36/RoboticsDesignProject/Git-repos/LeoRover-Team7/elephant_arm_ws/install/hello_moveit:/home/student36/ros2_tutorial_workspace/install/package_with_interfaces:/home/student36/ws_moveit/install/robotiq_hardware_tests:/home/student36/ws_moveit/install/robotiq_driver:/home/student36/ws_moveit/install/serial:/home/student36/ws_moveit/install/moveit2_tutorials:/home/student36/ws_moveit/install/hello_moveit:/home/student36/ws_moveit/install/moveit_visual_tools:/home/student36/ws_moveit/install/rviz_visual_tools:/home/student36/ws_moveit/install/mtc_tutorial:/home/student36/ws_moveit/install/moveit_task_constructor_demo:/home/student36/ws_moveit/install/moveit_task_constructor_visualization:/home/student36/ws_moveit/install/moveit_task_constructor_capabilities:/home/student36/ws_moveit/install/elephant:/home/student36/ws_moveit/install/moveit_task_constructor_core:/home/student36/ws_moveit/install/rviz_marker_tools:/home/student36/ws_moveit/install/kortex_bringup:/home/student36/ws_moveit/install/kinova_gen3_lite_moveit_config:/home/student36/ws_moveit/install/kinova_gen3_7dof_robotiq_2f_85_moveit_config:/home/student36/ws_moveit/install/kinova_gen3_6dof_robotiq_2f_85_moveit_config:/home/student36/ws_moveit/install/kortex_description:/home/student36/ws_moveit/install/robotiq_description:/home/student36/ws_moveit/install/robotiq_controllers:/home/student36/ws_moveit/install/pilz_industrial_motion_planner_testutils:/home/student36/ws_moveit/install/mycobot_280_moveit2:/home/student36/ws_moveit/install/moveit_runtime:/home/student36/ws_moveit/install/moveit:/home/student36/ws_moveit/install/elephant_arm:/home/student36/ws_moveit/install/moveit_planners:/home/student36/ws_moveit/install/pilz_industrial_motion_planner:/home/student36/ws_moveit/install/mycobot_description:/home/student36/ws_moveit/install/moveit_task_constructor_msgs:/home/student36/ws_moveit/install/moveit_ros_control_interface:/home/student36/ws_moveit/install/moveit_plugins:/home/student36/ws_moveit/install/moveit_simple_controller_manager:/home/student36/ws_moveit/install/moveit_setup_assistant:/home/student36/ws_moveit/install/moveit_setup_srdf_plugins:/home/student36/ws_moveit/install/moveit_setup_core_plugins:/home/student36/ws_moveit/install/moveit_setup_controllers:/home/student36/ws_moveit/install/moveit_setup_app_plugins:/home/student36/ws_moveit/install/moveit_setup_framework:/home/student36/ws_moveit/install/moveit_servo:/home/student36/ws_moveit/install/moveit_ros_trajectory_cache:/home/student36/ws_moveit/install/moveit_ros:/home/student36/ws_moveit/install/moveit_ros_visualization:/home/student36/ws_moveit/install/moveit_py:/home/student36/ws_moveit/install/moveit_hybrid_planning:/home/student36/ws_moveit/install/moveit_ros_planning_interface:/home/student36/ws_moveit/install/moveit_ros_benchmarks:/home/student36/ws_moveit/install/moveit_ros_warehouse:/home/student36/ws_moveit/install/moveit_ros_robot_interaction:/home/student36/ws_moveit/install/moveit_ros_perception:/home/student36/ws_moveit/install/moveit_resources_prbt_pg70_support:/home/student36/ws_moveit/install/moveit_resources_prbt_moveit_config:/home/student36/ws_moveit/install/moveit_ros_move_group:/home/student36/ws_moveit/install/moveit_planners_ompl:/home/student36/ws_moveit/install/moveit_kinematics:/home/student36/ws_moveit/install/moveit_ros_planning:/home/student36/ws_moveit/install/moveit_ros_occupancy_map_monitor:/home/student36/ws_moveit/install/moveit_resources_prbt_support:/home/student36/ws_moveit/install/moveit_resources_prbt_ikfast_manipulator_plugin:/home/student36/ws_moveit/install/moveit_resources:/home/student36/ws_moveit/install/moveit_resources_pr2_description:/home/student36/ws_moveit/install/moveit_resources_panda_moveit_config:/home/student36/ws_moveit/install/dual_arm_panda_moveit_config:/home/student36/ws_moveit/install/moveit_resources_panda_description:/home/student36/ws_moveit/install/moveit_resources_fanuc_moveit_config:/home/student36/ws_moveit/install/moveit_resources_fanuc_description:/home/student36/ws_moveit/install/moveit_planners_stomp:/home/student36/ws_moveit/install/moveit_planners_chomp:/home/student36/ws_moveit/install/chomp_motion_planner:/home/student36/ws_moveit/install/moveit_core:/home/student36/ws_moveit/install/moveit_msgs:/home/student36/ws_moveit/install/moveit_common:/home/student36/ws_moveit/install/kortex_driver:/home/student36/ws_moveit/install/kortex_api:/home/student36/rplidar_ws/install/rplidar_ros:/home/student36/elephant_arm_ws/install/mycobot_280_moveit2:/opt/ros/jazzy/opt/gz_sim_vendor:/opt/ros/jazzy/opt/gz_sensors_vendor:/opt/ros/jazzy/opt/gz_physics_vendor:/opt/ros/jazzy/opt/sdformat_vendor:/opt/ros/jazzy/opt/gz_gui_vendor:/opt/ros/jazzy/opt/gz_transport_vendor:/opt/ros/jazzy/opt/gz_rendering_vendor:/opt/ros/jazzy/opt/gz_plugin_vendor:/opt/ros/jazzy/opt/gz_fuel_tools_vendor:/opt/ros/jazzy/opt/gz_msgs_vendor:/opt/ros/jazzy/opt/gz_common_vendor:/opt/ros/jazzy/opt/gz_math_vendor:/opt/ros/jazzy/opt/gz_utils_vendor:/opt/ros/jazzy/opt/gz_tools_vendor:/opt/ros/jazzy/opt/gz_ogre_next_vendor:/opt/ros/jazzy/opt/gz_dartsim_vendor:/opt/ros/jazzy/opt/gz_cmake_vendor:/home/student36/ros2_tutorial_workspace/install/the_simplest_python_package:/home/student36/ros2_tutorial_workspace/install/python_package_with_a_node:/home/student36/ros2_tutorial_workspace/install/python_package_that_uses_the_library:/home/student36/ros2_tutorial_workspace/install/python_package_with_a_library:/home/student36/ros2_tutorial_workspace/install/python_package_that_uses_the_services:/home/student36/ros2_tutorial_workspace/install/python_package_that_uses_the_actions:/home/student36/ros2_tutorial_workspace/install/python_package_that_uses_tf2:/home/student36/ros2_tutorial_workspace/install/python_package_that_uses_parameters_and_launch_files:/home/student36/ros2_tutorial_workspace/install/python_package_that_uses_nottf2:/home/student36/ros2_tutorial_workspace/install/python_package_that_uses_nav2:/home/student36/ros2_tutorial_workspace/install/python_package_that_uses_messages:/home/student36/ros2_tutorial_workspace/install/python_package_that_uses_geometry_msgs:/home/student36/ros2_tutorial_workspace/install/python_package_that_uses_gazebo:/home/student36/ws_moveit/install/moveit_configs_utils:/home/student36/elephant_arm_ws/install/mycobot_description:/opt/ros/jazzy DEBUGINFOD_URLS=https://debuginfod.ubuntu.com LD_LIBRARY_PATH=/home/student36/RoboticsDesignProject/Git-repos/LeoRover-Team7/elephant_arm_ws/install/moveit_task_constructor_core/lib:/home/student36/RoboticsDesignProject/Git-repos/LeoRover-Team7/elephant_arm_ws/install/rviz_marker_tools/lib:/home/student36/RoboticsDesignProject/Git-repos/LeoRover-Team7/elephant_arm_ws/install/moveit_task_constructor_msgs/lib:/home/student36/RoboticsDesignProject/Git-repos/LeoRover-Team7/elephant_arm_ws/install/moveit_task_constructor_demo/lib:/home/student36/RoboticsDesignProject/Git-repos/LeoRover-Team7/elephant_arm_ws/install/moveit_task_constructor_visualization/lib:/home/student36/RoboticsDesignProject/Git-repos/LeoRover-Team7/elephant_arm_ws/install/moveit_task_constructor_capabilities/lib:/home/student36/ros2_tutorial_workspace/install/package_with_interfaces/lib:/home/student36/ws_moveit/install/robotiq_driver/lib:/home/student36/ws_moveit/install/serial/lib:/home/student36/ws_moveit/install/moveit_visual_tools/lib:/home/student36/ws_moveit/install/rviz_visual_tools/lib:/home/student36/ws_moveit/install/moveit_task_constructor_demo/lib:/home/student36/ws_moveit/install/moveit_task_constructor_visualization/lib:/home/student36/ws_moveit/install/moveit_task_constructor_capabilities/lib:/home/student36/ws_moveit/install/moveit_task_constructor_core/lib:/home/student36/ws_moveit/install/rviz_marker_tools/lib:/home/student36/ws_moveit/install/robotiq_controllers/lib:/home/student36/ws_moveit/install/pilz_industrial_motion_planner_testutils/lib:/home/student36/ws_moveit/install/pilz_industrial_motion_planner/lib:/home/student36/ws_moveit/install/moveit_task_constructor_msgs/lib:/home/student36/ws_moveit/install/moveit_ros_control_interface/lib:/home/student36/ws_moveit/install/moveit_simple_controller_manager/lib:/home/student36/ws_moveit/install/moveit_setup_assistant/lib:/home/student36/ws_moveit/install/moveit_setup_srdf_plugins/lib:/home/student36/ws_moveit/install/moveit_setup_core_plugins/lib:/home/student36/ws_moveit/install/moveit_setup_controllers/lib:/home/student36/ws_moveit/install/moveit_setup_app_plugins/lib:/home/student36/ws_moveit/install/moveit_setup_framework/lib:/home/student36/ws_moveit/install/moveit_servo/lib:/home/student36/ws_moveit/install/moveit_ros_trajectory_cache/lib:/home/student36/ws_moveit/install/moveit_ros_visualization/lib:/home/student36/ws_moveit/install/moveit_py/lib:/home/student36/ws_moveit/install/moveit_hybrid_planning/lib:/home/student36/ws_moveit/install/moveit_ros_planning_interface/lib:/home/student36/ws_moveit/install/moveit_ros_benchmarks/lib:/home/student36/ws_moveit/install/moveit_ros_warehouse/lib:/home/student36/ws_moveit/install/moveit_ros_robot_interaction/lib:/home/student36/ws_moveit/install/moveit_ros_perception/lib:/home/student36/ws_moveit/install/moveit_ros_move_group/lib:/home/student36/ws_moveit/install/moveit_planners_ompl/lib:/home/student36/ws_moveit/install/moveit_kinematics/lib:/home/student36/ws_moveit/install/moveit_ros_planning/lib:/home/student36/ws_moveit/install/moveit_ros_occupancy_map_monitor/lib:/home/student36/ws_moveit/install/moveit_resources_prbt_ikfast_manipulator_plugin/lib:/home/student36/ws_moveit/install/moveit_planners_stomp/lib:/home/student36/ws_moveit/install/moveit_planners_chomp/lib:/home/student36/ws_moveit/install/chomp_motion_planner/lib:/home/student36/ws_moveit/install/moveit_core/lib:/home/student36/ws_moveit/install/moveit_msgs/lib:/home/student36/ws_moveit/install/kortex_driver/lib:/opt/ros/jazzy/opt/gz_sim_vendor/lib:/opt/ros/jazzy/opt/gz_sensors_vendor/lib:/opt/ros/jazzy/opt/gz_physics_vendor/lib:/opt/ros/jazzy/opt/sdformat_vendor/lib:/opt/ros/jazzy/opt/rviz_ogre_vendor/lib:/opt/ros/jazzy/lib/x86_64-linux-gnu:/opt/ros/jazzy/opt/gz_gui_vendor/lib:/opt/ros/jazzy/opt/gz_transport_vendor/lib:/opt/ros/jazzy/opt/gz_rendering_vendor/lib:/opt/ros/jazzy/opt/gz_plugin_vendor/lib:/opt/ros/jazzy/opt/gz_fuel_tools_vendor/lib:/opt/ros/jazzy/opt/gz_msgs_vendor/lib:/opt/ros/jazzy/opt/gz_common_vendor/lib:/opt/ros/jazzy/opt/gz_math_vendor/lib:/opt/ros/jazzy/opt/gz_utils_vendor/lib:/opt/ros/jazzy/opt/gz_tools_vendor/lib:/opt/ros/jazzy/opt/gz_ogre_next_vendor/lib:/opt/ros/jazzy/opt/gz_dartsim_vendor/lib:/opt/ros/jazzy/opt/gz_cmake_vendor/lib:/opt/ros/jazzy/lib /usr/bin/cmake --build /home/student36/RoboticsDesignProject/Git-repos/LeoRover-Team7/elephant_arm_ws/build/moveit_task_constructor_visualization -- -j12 -l12
[4.693s] DEBUG:colcon.colcon_core.event_handler.log_command:Invoking command in '/home/student36/RoboticsDesignProject/Git-repos/LeoRover-Team7/elephant_arm_ws/build/moveit_task_constructor_visualization': CMAKE_PREFIX_PATH=/home/student36/RoboticsDesignProject/Git-repos/LeoRover-Team7/elephant_arm_ws/install/moveit_task_constructor_core:/home/student36/RoboticsDesignProject/Git-repos/LeoRover-Team7/elephant_arm_ws/install/rviz_marker_tools:/home/student36/RoboticsDesignProject/Git-repos/LeoRover-Team7/elephant_arm_ws/install/moveit_task_constructor_msgs:/home/student36/RoboticsDesignProject/Git-repos/LeoRover-Team7/elephant_arm_ws/install/mtc_tutorial:/home/student36/RoboticsDesignProject/Git-repos/LeoRover-Team7/elephant_arm_ws/install/moveit_task_constructor_demo:/home/student36/RoboticsDesignProject/Git-repos/LeoRover-Team7/elephant_arm_ws/install/moveit_task_constructor_visualization:/home/student36/RoboticsDesignProject/Git-repos/LeoRover-Team7/elephant_arm_ws/install/moveit_task_constructor_capabilities:/home/student36/RoboticsDesignProject/Git-repos/LeoRover-Team7/elephant_arm_ws/install/mycobot_ros2:/home/student36/RoboticsDesignProject/Git-repos/LeoRover-Team7/elephant_arm_ws/install/mycobot_moveit_config:/home/student36/RoboticsDesignProject/Git-repos/LeoRover-Team7/elephant_arm_ws/install/mycobot_gazebo:/home/student36/RoboticsDesignProject/Git-repos/LeoRover-Team7/elephant_arm_ws/install/mycobot_description:/home/student36/RoboticsDesignProject/Git-repos/LeoRover-Team7/elephant_arm_ws/install/mycobot_bringup:/home/student36/RoboticsDesignProject/Git-repos/LeoRover-Team7/elephant_arm_ws/install/hello_moveit:/home/student36/ros2_tutorial_workspace/install/package_with_interfaces:/home/student36/ws_moveit/install/robotiq_hardware_tests:/home/student36/ws_moveit/install/robotiq_driver:/home/student36/ws_moveit/install/serial:/home/student36/ws_moveit/install/moveit2_tutorials:/home/student36/ws_moveit/install/hello_moveit:/home/student36/ws_moveit/install/moveit_visual_tools:/home/student36/ws_moveit/install/rviz_visual_tools:/home/student36/ws_moveit/install/mtc_tutorial:/home/student36/ws_moveit/install/moveit_task_constructor_demo:/home/student36/ws_moveit/install/moveit_task_constructor_visualization:/home/student36/ws_moveit/install/moveit_task_constructor_capabilities:/home/student36/ws_moveit/install/elephant:/home/student36/ws_moveit/install/moveit_task_constructor_core:/home/student36/ws_moveit/install/rviz_marker_tools:/home/student36/ws_moveit/install/kortex_bringup:/home/student36/ws_moveit/install/kinova_gen3_lite_moveit_config:/home/student36/ws_moveit/install/kinova_gen3_7dof_robotiq_2f_85_moveit_config:/home/student36/ws_moveit/install/kinova_gen3_6dof_robotiq_2f_85_moveit_config:/home/student36/ws_moveit/install/kortex_description:/home/student36/ws_moveit/install/robotiq_description:/home/student36/ws_moveit/install/robotiq_controllers:/home/student36/ws_moveit/install/pilz_industrial_motion_planner_testutils:/home/student36/ws_moveit/install/mycobot_280_moveit2:/home/student36/ws_moveit/install/moveit_runtime:/home/student36/ws_moveit/install/moveit:/home/student36/ws_moveit/install/elephant_arm:/home/student36/ws_moveit/install/moveit_planners:/home/student36/ws_moveit/install/pilz_industrial_motion_planner:/home/student36/ws_moveit/install/mycobot_description:/home/student36/ws_moveit/install/moveit_task_constructor_msgs:/home/student36/ws_moveit/install/moveit_ros_control_interface:/home/student36/ws_moveit/install/moveit_plugins:/home/student36/ws_moveit/install/moveit_simple_controller_manager:/home/student36/ws_moveit/install/moveit_setup_assistant:/home/student36/ws_moveit/install/moveit_setup_srdf_plugins:/home/student36/ws_moveit/install/moveit_setup_core_plugins:/home/student36/ws_moveit/install/moveit_setup_controllers:/home/student36/ws_moveit/install/moveit_setup_app_plugins:/home/student36/ws_moveit/install/moveit_setup_framework:/home/student36/ws_moveit/install/moveit_servo:/home/student36/ws_moveit/install/moveit_ros_trajectory_cache:/home/student36/ws_moveit/install/moveit_ros:/home/student36/ws_moveit/install/moveit_ros_visualization:/home/student36/ws_moveit/install/moveit_py:/home/student36/ws_moveit/install/moveit_hybrid_planning:/home/student36/ws_moveit/install/moveit_ros_planning_interface:/home/student36/ws_moveit/install/moveit_ros_benchmarks:/home/student36/ws_moveit/install/moveit_ros_warehouse:/home/student36/ws_moveit/install/moveit_ros_robot_interaction:/home/student36/ws_moveit/install/moveit_ros_perception:/home/student36/ws_moveit/install/moveit_resources_prbt_pg70_support:/home/student36/ws_moveit/install/moveit_resources_prbt_moveit_config:/home/student36/ws_moveit/install/moveit_ros_move_group:/home/student36/ws_moveit/install/moveit_planners_ompl:/home/student36/ws_moveit/install/moveit_kinematics:/home/student36/ws_moveit/install/moveit_ros_planning:/home/student36/ws_moveit/install/moveit_ros_occupancy_map_monitor:/home/student36/ws_moveit/install/moveit_resources_prbt_support:/home/student36/ws_moveit/install/moveit_resources_prbt_ikfast_manipulator_plugin:/home/student36/ws_moveit/install/moveit_resources:/home/student36/ws_moveit/install/moveit_resources_pr2_description:/home/student36/ws_moveit/install/moveit_resources_panda_moveit_config:/home/student36/ws_moveit/install/dual_arm_panda_moveit_config:/home/student36/ws_moveit/install/moveit_resources_panda_description:/home/student36/ws_moveit/install/moveit_resources_fanuc_moveit_config:/home/student36/ws_moveit/install/moveit_resources_fanuc_description:/home/student36/ws_moveit/install/moveit_planners_stomp:/home/student36/ws_moveit/install/moveit_planners_chomp:/home/student36/ws_moveit/install/chomp_motion_planner:/home/student36/ws_moveit/install/moveit_core:/home/student36/ws_moveit/install/moveit_msgs:/home/student36/ws_moveit/install/moveit_common:/home/student36/ws_moveit/install/kortex_driver:/home/student36/ws_moveit/install/kortex_api:/home/student36/rplidar_ws/install/rplidar_ros:/home/student36/elephant_arm_ws/install/mycobot_280_moveit2:/opt/ros/jazzy/opt/gz_sim_vendor:/opt/ros/jazzy/opt/gz_sensors_vendor:/opt/ros/jazzy/opt/gz_physics_vendor:/opt/ros/jazzy/opt/sdformat_vendor:/opt/ros/jazzy/opt/gz_gui_vendor:/opt/ros/jazzy/opt/gz_transport_vendor:/opt/ros/jazzy/opt/gz_rendering_vendor:/opt/ros/jazzy/opt/gz_plugin_vendor:/opt/ros/jazzy/opt/gz_fuel_tools_vendor:/opt/ros/jazzy/opt/gz_msgs_vendor:/opt/ros/jazzy/opt/gz_common_vendor:/opt/ros/jazzy/opt/gz_math_vendor:/opt/ros/jazzy/opt/gz_utils_vendor:/opt/ros/jazzy/opt/gz_tools_vendor:/opt/ros/jazzy/opt/gz_ogre_next_vendor:/opt/ros/jazzy/opt/gz_dartsim_vendor:/opt/ros/jazzy/opt/gz_cmake_vendor:/home/student36/ros2_tutorial_workspace/install/the_simplest_python_package:/home/student36/ros2_tutorial_workspace/install/python_package_with_a_node:/home/student36/ros2_tutorial_workspace/install/python_package_that_uses_the_library:/home/student36/ros2_tutorial_workspace/install/python_package_with_a_library:/home/student36/ros2_tutorial_workspace/install/python_package_that_uses_the_services:/home/student36/ros2_tutorial_workspace/install/python_package_that_uses_the_actions:/home/student36/ros2_tutorial_workspace/install/python_package_that_uses_tf2:/home/student36/ros2_tutorial_workspace/install/python_package_that_uses_parameters_and_launch_files:/home/student36/ros2_tutorial_workspace/install/python_package_that_uses_nottf2:/home/student36/ros2_tutorial_workspace/install/python_package_that_uses_nav2:/home/student36/ros2_tutorial_workspace/install/python_package_that_uses_messages:/home/student36/ros2_tutorial_workspace/install/python_package_that_uses_geometry_msgs:/home/student36/ros2_tutorial_workspace/install/python_package_that_uses_gazebo:/home/student36/ws_moveit/install/moveit_configs_utils:/home/student36/elephant_arm_ws/install/mycobot_description:/opt/ros/jazzy DEBUGINFOD_URLS=https://debuginfod.ubuntu.com LD_LIBRARY_PATH=/home/student36/RoboticsDesignProject/Git-repos/LeoRover-Team7/elephant_arm_ws/install/moveit_task_constructor_core/lib:/home/student36/RoboticsDesignProject/Git-repos/LeoRover-Team7/elephant_arm_ws/install/rviz_marker_tools/lib:/home/student36/RoboticsDesignProject/Git-repos/LeoRover-Team7/elephant_arm_ws/install/moveit_task_constructor_msgs/lib:/home/student36/RoboticsDesignProject/Git-repos/LeoRover-Team7/elephant_arm_ws/install/moveit_task_constructor_demo/lib:/home/student36/RoboticsDesignProject/Git-repos/LeoRover-Team7/elephant_arm_ws/install/moveit_task_constructor_visualization/lib:/home/student36/RoboticsDesignProject/Git-repos/LeoRover-Team7/elephant_arm_ws/install/moveit_task_constructor_capabilities/lib:/home/student36/ros2_tutorial_workspace/install/package_with_interfaces/lib:/home/student36/ws_moveit/install/robotiq_driver/lib:/home/student36/ws_moveit/install/serial/lib:/home/student36/ws_moveit/install/moveit_visual_tools/lib:/home/student36/ws_moveit/install/rviz_visual_tools/lib:/home/student36/ws_moveit/install/moveit_task_constructor_demo/lib:/home/student36/ws_moveit/install/moveit_task_constructor_visualization/lib:/home/student36/ws_moveit/install/moveit_task_constructor_capabilities/lib:/home/student36/ws_moveit/install/moveit_task_constructor_core/lib:/home/student36/ws_moveit/install/rviz_marker_tools/lib:/home/student36/ws_moveit/install/robotiq_controllers/lib:/home/student36/ws_moveit/install/pilz_industrial_motion_planner_testutils/lib:/home/student36/ws_moveit/install/pilz_industrial_motion_planner/lib:/home/student36/ws_moveit/install/moveit_task_constructor_msgs/lib:/home/student36/ws_moveit/install/moveit_ros_control_interface/lib:/home/student36/ws_moveit/install/moveit_simple_controller_manager/lib:/home/student36/ws_moveit/install/moveit_setup_assistant/lib:/home/student36/ws_moveit/install/moveit_setup_srdf_plugins/lib:/home/student36/ws_moveit/install/moveit_setup_core_plugins/lib:/home/student36/ws_moveit/install/moveit_setup_controllers/lib:/home/student36/ws_moveit/install/moveit_setup_app_plugins/lib:/home/student36/ws_moveit/install/moveit_setup_framework/lib:/home/student36/ws_moveit/install/moveit_servo/lib:/home/student36/ws_moveit/install/moveit_ros_trajectory_cache/lib:/home/student36/ws_moveit/install/moveit_ros_visualization/lib:/home/student36/ws_moveit/install/moveit_py/lib:/home/student36/ws_moveit/install/moveit_hybrid_planning/lib:/home/student36/ws_moveit/install/moveit_ros_planning_interface/lib:/home/student36/ws_moveit/install/moveit_ros_benchmarks/lib:/home/student36/ws_moveit/install/moveit_ros_warehouse/lib:/home/student36/ws_moveit/install/moveit_ros_robot_interaction/lib:/home/student36/ws_moveit/install/moveit_ros_perception/lib:/home/student36/ws_moveit/install/moveit_ros_move_group/lib:/home/student36/ws_moveit/install/moveit_planners_ompl/lib:/home/student36/ws_moveit/install/moveit_kinematics/lib:/home/student36/ws_moveit/install/moveit_ros_planning/lib:/home/student36/ws_moveit/install/moveit_ros_occupancy_map_monitor/lib:/home/student36/ws_moveit/install/moveit_resources_prbt_ikfast_manipulator_plugin/lib:/home/student36/ws_moveit/install/moveit_planners_stomp/lib:/home/student36/ws_moveit/install/moveit_planners_chomp/lib:/home/student36/ws_moveit/install/chomp_motion_planner/lib:/home/student36/ws_moveit/install/moveit_core/lib:/home/student36/ws_moveit/install/moveit_msgs/lib:/home/student36/ws_moveit/install/kortex_driver/lib:/opt/ros/jazzy/opt/gz_sim_vendor/lib:/opt/ros/jazzy/opt/gz_sensors_vendor/lib:/opt/ros/jazzy/opt/gz_physics_vendor/lib:/opt/ros/jazzy/opt/sdformat_vendor/lib:/opt/ros/jazzy/opt/rviz_ogre_vendor/lib:/opt/ros/jazzy/lib/x86_64-linux-gnu:/opt/ros/jazzy/opt/gz_gui_vendor/lib:/opt/ros/jazzy/opt/gz_transport_vendor/lib:/opt/ros/jazzy/opt/gz_rendering_vendor/lib:/opt/ros/jazzy/opt/gz_plugin_vendor/lib:/opt/ros/jazzy/opt/gz_fuel_tools_vendor/lib:/opt/ros/jazzy/opt/gz_msgs_vendor/lib:/opt/ros/jazzy/opt/gz_common_vendor/lib:/opt/ros/jazzy/opt/gz_math_vendor/lib:/opt/ros/jazzy/opt/gz_utils_vendor/lib:/opt/ros/jazzy/opt/gz_tools_vendor/lib:/opt/ros/jazzy/opt/gz_ogre_next_vendor/lib:/opt/ros/jazzy/opt/gz_dartsim_vendor/lib:/opt/ros/jazzy/opt/gz_cmake_vendor/lib:/opt/ros/jazzy/lib /usr/bin/cmake --install /home/student36/RoboticsDesignProject/Git-repos/LeoRover-Team7/elephant_arm_ws/build/moveit_task_constructor_visualization
[4.744s] Level 1:colcon.colcon_core.environment:create_environment_scripts_only(moveit_task_constructor_visualization)
[4.745s] Level 1:colcon.colcon_core.environment:checking '/home/student36/RoboticsDesignProject/Git-repos/LeoRover-Team7/elephant_arm_ws/install/moveit_task_constructor_visualization' for CMake module files
[4.746s] Level 1:colcon.colcon_core.environment:checking '/home/student36/RoboticsDesignProject/Git-repos/LeoRover-Team7/elephant_arm_ws/install/moveit_task_constructor_visualization' for CMake config files
[4.747s] Level 1:colcon.colcon_core.shell:create_environment_hook('moveit_task_constructor_visualization', 'cmake_prefix_path')
[4.747s] INFO:colcon.colcon_core.shell:Creating environment hook '/home/student36/RoboticsDesignProject/Git-repos/LeoRover-Team7/elephant_arm_ws/install/moveit_task_constructor_visualization/share/moveit_task_constructor_visualization/hook/cmake_prefix_path.ps1'
[4.748s] INFO:colcon.colcon_core.shell:Creating environment descriptor '/home/student36/RoboticsDesignProject/Git-repos/LeoRover-Team7/elephant_arm_ws/install/moveit_task_constructor_visualization/share/moveit_task_constructor_visualization/hook/cmake_prefix_path.dsv'
[4.748s] INFO:colcon.colcon_core.shell:Creating environment hook '/home/student36/RoboticsDesignProject/Git-repos/LeoRover-Team7/elephant_arm_ws/install/moveit_task_constructor_visualization/share/moveit_task_constructor_visualization/hook/cmake_prefix_path.sh'
[4.749s] DEBUG:colcon.colcon_core.event_handler.log_command:Invoked command in '/home/student36/RoboticsDesignProject/Git-repos/LeoRover-Team7/elephant_arm_ws/build/moveit_task_constructor_visualization' returned '0': CMAKE_PREFIX_PATH=/home/student36/RoboticsDesignProject/Git-repos/LeoRover-Team7/elephant_arm_ws/install/moveit_task_constructor_core:/home/student36/RoboticsDesignProject/Git-repos/LeoRover-Team7/elephant_arm_ws/install/rviz_marker_tools:/home/student36/RoboticsDesignProject/Git-repos/LeoRover-Team7/elephant_arm_ws/install/moveit_task_constructor_msgs:/home/student36/RoboticsDesignProject/Git-repos/LeoRover-Team7/elephant_arm_ws/install/mtc_tutorial:/home/student36/RoboticsDesignProject/Git-repos/LeoRover-Team7/elephant_arm_ws/install/moveit_task_constructor_demo:/home/student36/RoboticsDesignProject/Git-repos/LeoRover-Team7/elephant_arm_ws/install/moveit_task_constructor_visualization:/home/student36/RoboticsDesignProject/Git-repos/LeoRover-Team7/elephant_arm_ws/install/moveit_task_constructor_capabilities:/home/student36/RoboticsDesignProject/Git-repos/LeoRover-Team7/elephant_arm_ws/install/mycobot_ros2:/home/student36/RoboticsDesignProject/Git-repos/LeoRover-Team7/elephant_arm_ws/install/mycobot_moveit_config:/home/student36/RoboticsDesignProject/Git-repos/LeoRover-Team7/elephant_arm_ws/install/mycobot_gazebo:/home/student36/RoboticsDesignProject/Git-repos/LeoRover-Team7/elephant_arm_ws/install/mycobot_description:/home/student36/RoboticsDesignProject/Git-repos/LeoRover-Team7/elephant_arm_ws/install/mycobot_bringup:/home/student36/RoboticsDesignProject/Git-repos/LeoRover-Team7/elephant_arm_ws/install/hello_moveit:/home/student36/ros2_tutorial_workspace/install/package_with_interfaces:/home/student36/ws_moveit/install/robotiq_hardware_tests:/home/student36/ws_moveit/install/robotiq_driver:/home/student36/ws_moveit/install/serial:/home/student36/ws_moveit/install/moveit2_tutorials:/home/student36/ws_moveit/install/hello_moveit:/home/student36/ws_moveit/install/moveit_visual_tools:/home/student36/ws_moveit/install/rviz_visual_tools:/home/student36/ws_moveit/install/mtc_tutorial:/home/student36/ws_moveit/install/moveit_task_constructor_demo:/home/student36/ws_moveit/install/moveit_task_constructor_visualization:/home/student36/ws_moveit/install/moveit_task_constructor_capabilities:/home/student36/ws_moveit/install/elephant:/home/student36/ws_moveit/install/moveit_task_constructor_core:/home/student36/ws_moveit/install/rviz_marker_tools:/home/student36/ws_moveit/install/kortex_bringup:/home/student36/ws_moveit/install/kinova_gen3_lite_moveit_config:/home/student36/ws_moveit/install/kinova_gen3_7dof_robotiq_2f_85_moveit_config:/home/student36/ws_moveit/install/kinova_gen3_6dof_robotiq_2f_85_moveit_config:/home/student36/ws_moveit/install/kortex_description:/home/student36/ws_moveit/install/robotiq_description:/home/student36/ws_moveit/install/robotiq_controllers:/home/student36/ws_moveit/install/pilz_industrial_motion_planner_testutils:/home/student36/ws_moveit/install/mycobot_280_moveit2:/home/student36/ws_moveit/install/moveit_runtime:/home/student36/ws_moveit/install/moveit:/home/student36/ws_moveit/install/elephant_arm:/home/student36/ws_moveit/install/moveit_planners:/home/student36/ws_moveit/install/pilz_industrial_motion_planner:/home/student36/ws_moveit/install/mycobot_description:/home/student36/ws_moveit/install/moveit_task_constructor_msgs:/home/student36/ws_moveit/install/moveit_ros_control_interface:/home/student36/ws_moveit/install/moveit_plugins:/home/student36/ws_moveit/install/moveit_simple_controller_manager:/home/student36/ws_moveit/install/moveit_setup_assistant:/home/student36/ws_moveit/install/moveit_setup_srdf_plugins:/home/student36/ws_moveit/install/moveit_setup_core_plugins:/home/student36/ws_moveit/install/moveit_setup_controllers:/home/student36/ws_moveit/install/moveit_setup_app_plugins:/home/student36/ws_moveit/install/moveit_setup_framework:/home/student36/ws_moveit/install/moveit_servo:/home/student36/ws_moveit/install/moveit_ros_trajectory_cache:/home/student36/ws_moveit/install/moveit_ros:/home/student36/ws_moveit/install/moveit_ros_visualization:/home/student36/ws_moveit/install/moveit_py:/home/student36/ws_moveit/install/moveit_hybrid_planning:/home/student36/ws_moveit/install/moveit_ros_planning_interface:/home/student36/ws_moveit/install/moveit_ros_benchmarks:/home/student36/ws_moveit/install/moveit_ros_warehouse:/home/student36/ws_moveit/install/moveit_ros_robot_interaction:/home/student36/ws_moveit/install/moveit_ros_perception:/home/student36/ws_moveit/install/moveit_resources_prbt_pg70_support:/home/student36/ws_moveit/install/moveit_resources_prbt_moveit_config:/home/student36/ws_moveit/install/moveit_ros_move_group:/home/student36/ws_moveit/install/moveit_planners_ompl:/home/student36/ws_moveit/install/moveit_kinematics:/home/student36/ws_moveit/install/moveit_ros_planning:/home/student36/ws_moveit/install/moveit_ros_occupancy_map_monitor:/home/student36/ws_moveit/install/moveit_resources_prbt_support:/home/student36/ws_moveit/install/moveit_resources_prbt_ikfast_manipulator_plugin:/home/student36/ws_moveit/install/moveit_resources:/home/student36/ws_moveit/install/moveit_resources_pr2_description:/home/student36/ws_moveit/install/moveit_resources_panda_moveit_config:/home/student36/ws_moveit/install/dual_arm_panda_moveit_config:/home/student36/ws_moveit/install/moveit_resources_panda_description:/home/student36/ws_moveit/install/moveit_resources_fanuc_moveit_config:/home/student36/ws_moveit/install/moveit_resources_fanuc_description:/home/student36/ws_moveit/install/moveit_planners_stomp:/home/student36/ws_moveit/install/moveit_planners_chomp:/home/student36/ws_moveit/install/chomp_motion_planner:/home/student36/ws_moveit/install/moveit_core:/home/student36/ws_moveit/install/moveit_msgs:/home/student36/ws_moveit/install/moveit_common:/home/student36/ws_moveit/install/kortex_driver:/home/student36/ws_moveit/install/kortex_api:/home/student36/rplidar_ws/install/rplidar_ros:/home/student36/elephant_arm_ws/install/mycobot_280_moveit2:/opt/ros/jazzy/opt/gz_sim_vendor:/opt/ros/jazzy/opt/gz_sensors_vendor:/opt/ros/jazzy/opt/gz_physics_vendor:/opt/ros/jazzy/opt/sdformat_vendor:/opt/ros/jazzy/opt/gz_gui_vendor:/opt/ros/jazzy/opt/gz_transport_vendor:/opt/ros/jazzy/opt/gz_rendering_vendor:/opt/ros/jazzy/opt/gz_plugin_vendor:/opt/ros/jazzy/opt/gz_fuel_tools_vendor:/opt/ros/jazzy/opt/gz_msgs_vendor:/opt/ros/jazzy/opt/gz_common_vendor:/opt/ros/jazzy/opt/gz_math_vendor:/opt/ros/jazzy/opt/gz_utils_vendor:/opt/ros/jazzy/opt/gz_tools_vendor:/opt/ros/jazzy/opt/gz_ogre_next_vendor:/opt/ros/jazzy/opt/gz_dartsim_vendor:/opt/ros/jazzy/opt/gz_cmake_vendor:/home/student36/ros2_tutorial_workspace/install/the_simplest_python_package:/home/student36/ros2_tutorial_workspace/install/python_package_with_a_node:/home/student36/ros2_tutorial_workspace/install/python_package_that_uses_the_library:/home/student36/ros2_tutorial_workspace/install/python_package_with_a_library:/home/student36/ros2_tutorial_workspace/install/python_package_that_uses_the_services:/home/student36/ros2_tutorial_workspace/install/python_package_that_uses_the_actions:/home/student36/ros2_tutorial_workspace/install/python_package_that_uses_tf2:/home/student36/ros2_tutorial_workspace/install/python_package_that_uses_parameters_and_launch_files:/home/student36/ros2_tutorial_workspace/install/python_package_that_uses_nottf2:/home/student36/ros2_tutorial_workspace/install/python_package_that_uses_nav2:/home/student36/ros2_tutorial_workspace/install/python_package_that_uses_messages:/home/student36/ros2_tutorial_workspace/install/python_package_that_uses_geometry_msgs:/home/student36/ros2_tutorial_workspace/install/python_package_that_uses_gazebo:/home/student36/ws_moveit/install/moveit_configs_utils:/home/student36/elephant_arm_ws/install/mycobot_description:/opt/ros/jazzy DEBUGINFOD_URLS=https://debuginfod.ubuntu.com LD_LIBRARY_PATH=/home/student36/RoboticsDesignProject/Git-repos/LeoRover-Team7/elephant_arm_ws/install/moveit_task_constructor_core/lib:/home/student36/RoboticsDesignProject/Git-repos/LeoRover-Team7/elephant_arm_ws/install/rviz_marker_tools/lib:/home/student36/RoboticsDesignProject/Git-repos/LeoRover-Team7/elephant_arm_ws/install/moveit_task_constructor_msgs/lib:/home/student36/RoboticsDesignProject/Git-repos/LeoRover-Team7/elephant_arm_ws/install/moveit_task_constructor_demo/lib:/home/student36/RoboticsDesignProject/Git-repos/LeoRover-Team7/elephant_arm_ws/install/moveit_task_constructor_visualization/lib:/home/student36/RoboticsDesignProject/Git-repos/LeoRover-Team7/elephant_arm_ws/install/moveit_task_constructor_capabilities/lib:/home/student36/ros2_tutorial_workspace/install/package_with_interfaces/lib:/home/student36/ws_moveit/install/robotiq_driver/lib:/home/student36/ws_moveit/install/serial/lib:/home/student36/ws_moveit/install/moveit_visual_tools/lib:/home/student36/ws_moveit/install/rviz_visual_tools/lib:/home/student36/ws_moveit/install/moveit_task_constructor_demo/lib:/home/student36/ws_moveit/install/moveit_task_constructor_visualization/lib:/home/student36/ws_moveit/install/moveit_task_constructor_capabilities/lib:/home/student36/ws_moveit/install/moveit_task_constructor_core/lib:/home/student36/ws_moveit/install/rviz_marker_tools/lib:/home/student36/ws_moveit/install/robotiq_controllers/lib:/home/student36/ws_moveit/install/pilz_industrial_motion_planner_testutils/lib:/home/student36/ws_moveit/install/pilz_industrial_motion_planner/lib:/home/student36/ws_moveit/install/moveit_task_constructor_msgs/lib:/home/student36/ws_moveit/install/moveit_ros_control_interface/lib:/home/student36/ws_moveit/install/moveit_simple_controller_manager/lib:/home/student36/ws_moveit/install/moveit_setup_assistant/lib:/home/student36/ws_moveit/install/moveit_setup_srdf_plugins/lib:/home/student36/ws_moveit/install/moveit_setup_core_plugins/lib:/home/student36/ws_moveit/install/moveit_setup_controllers/lib:/home/student36/ws_moveit/install/moveit_setup_app_plugins/lib:/home/student36/ws_moveit/install/moveit_setup_framework/lib:/home/student36/ws_moveit/install/moveit_servo/lib:/home/student36/ws_moveit/install/moveit_ros_trajectory_cache/lib:/home/student36/ws_moveit/install/moveit_ros_visualization/lib:/home/student36/ws_moveit/install/moveit_py/lib:/home/student36/ws_moveit/install/moveit_hybrid_planning/lib:/home/student36/ws_moveit/install/moveit_ros_planning_interface/lib:/home/student36/ws_moveit/install/moveit_ros_benchmarks/lib:/home/student36/ws_moveit/install/moveit_ros_warehouse/lib:/home/student36/ws_moveit/install/moveit_ros_robot_interaction/lib:/home/student36/ws_moveit/install/moveit_ros_perception/lib:/home/student36/ws_moveit/install/moveit_ros_move_group/lib:/home/student36/ws_moveit/install/moveit_planners_ompl/lib:/home/student36/ws_moveit/install/moveit_kinematics/lib:/home/student36/ws_moveit/install/moveit_ros_planning/lib:/home/student36/ws_moveit/install/moveit_ros_occupancy_map_monitor/lib:/home/student36/ws_moveit/install/moveit_resources_prbt_ikfast_manipulator_plugin/lib:/home/student36/ws_moveit/install/moveit_planners_stomp/lib:/home/student36/ws_moveit/install/moveit_planners_chomp/lib:/home/student36/ws_moveit/install/chomp_motion_planner/lib:/home/student36/ws_moveit/install/moveit_core/lib:/home/student36/ws_moveit/install/moveit_msgs/lib:/home/student36/ws_moveit/install/kortex_driver/lib:/opt/ros/jazzy/opt/gz_sim_vendor/lib:/opt/ros/jazzy/opt/gz_sensors_vendor/lib:/opt/ros/jazzy/opt/gz_physics_vendor/lib:/opt/ros/jazzy/opt/sdformat_vendor/lib:/opt/ros/jazzy/opt/rviz_ogre_vendor/lib:/opt/ros/jazzy/lib/x86_64-linux-gnu:/opt/ros/jazzy/opt/gz_gui_vendor/lib:/opt/ros/jazzy/opt/gz_transport_vendor/lib:/opt/ros/jazzy/opt/gz_rendering_vendor/lib:/opt/ros/jazzy/opt/gz_plugin_vendor/lib:/opt/ros/jazzy/opt/gz_fuel_tools_vendor/lib:/opt/ros/jazzy/opt/gz_msgs_vendor/lib:/opt/ros/jazzy/opt/gz_common_vendor/lib:/opt/ros/jazzy/opt/gz_math_vendor/lib:/opt/ros/jazzy/opt/gz_utils_vendor/lib:/opt/ros/jazzy/opt/gz_tools_vendor/lib:/opt/ros/jazzy/opt/gz_ogre_next_vendor/lib:/opt/ros/jazzy/opt/gz_dartsim_vendor/lib:/opt/ros/jazzy/opt/gz_cmake_vendor/lib:/opt/ros/jazzy/lib /usr/bin/cmake --install /home/student36/RoboticsDesignProject/Git-repos/LeoRover-Team7/elephant_arm_ws/build/moveit_task_constructor_visualization
[4.750s] Level 1:colcon.colcon_core.environment:checking '/home/student36/RoboticsDesignProject/Git-repos/LeoRover-Team7/elephant_arm_ws/install/moveit_task_constructor_visualization/lib'
[4.750s] Level 1:colcon.colcon_core.shell:create_environment_hook('moveit_task_constructor_visualization', 'ld_library_path_lib')
[4.750s] INFO:colcon.colcon_core.shell:Creating environment hook '/home/student36/RoboticsDesignProject/Git-repos/LeoRover-Team7/elephant_arm_ws/install/moveit_task_constructor_visualization/share/moveit_task_constructor_visualization/hook/ld_library_path_lib.ps1'
[4.751s] INFO:colcon.colcon_core.shell:Creating environment descriptor '/home/student36/RoboticsDesignProject/Git-repos/LeoRover-Team7/elephant_arm_ws/install/moveit_task_constructor_visualization/share/moveit_task_constructor_visualization/hook/ld_library_path_lib.dsv'
[4.752s] INFO:colcon.colcon_core.shell:Creating environment hook '/home/student36/RoboticsDesignProject/Git-repos/LeoRover-Team7/elephant_arm_ws/install/moveit_task_constructor_visualization/share/moveit_task_constructor_visualization/hook/ld_library_path_lib.sh'
[4.753s] Level 1:colcon.colcon_core.environment:checking '/home/student36/RoboticsDesignProject/Git-repos/LeoRover-Team7/elephant_arm_ws/install/moveit_task_constructor_visualization/bin'
[4.753s] Level 1:colcon.colcon_core.environment:checking '/home/student36/RoboticsDesignProject/Git-repos/LeoRover-Team7/elephant_arm_ws/install/moveit_task_constructor_visualization/lib/pkgconfig/moveit_task_constructor_visualization.pc'
[4.753s] Level 1:colcon.colcon_core.environment:checking '/home/student36/RoboticsDesignProject/Git-repos/LeoRover-Team7/elephant_arm_ws/install/moveit_task_constructor_visualization/lib/python3.12/site-packages'
[4.754s] Level 1:colcon.colcon_core.environment:checking '/home/student36/RoboticsDesignProject/Git-repos/LeoRover-Team7/elephant_arm_ws/install/moveit_task_constructor_visualization/bin'
[4.755s] INFO:colcon.colcon_core.shell:Creating package script '/home/student36/RoboticsDesignProject/Git-repos/LeoRover-Team7/elephant_arm_ws/install/moveit_task_constructor_visualization/share/moveit_task_constructor_visualization/package.ps1'
[4.756s] INFO:colcon.colcon_core.shell:Creating package descriptor '/home/student36/RoboticsDesignProject/Git-repos/LeoRover-Team7/elephant_arm_ws/install/moveit_task_constructor_visualization/share/moveit_task_constructor_visualization/package.dsv'
[4.757s] INFO:colcon.colcon_core.shell:Creating package script '/home/student36/RoboticsDesignProject/Git-repos/LeoRover-Team7/elephant_arm_ws/install/moveit_task_constructor_visualization/share/moveit_task_constructor_visualization/package.sh'
[4.758s] INFO:colcon.colcon_core.shell:Creating package script '/home/student36/RoboticsDesignProject/Git-repos/LeoRover-Team7/elephant_arm_ws/install/moveit_task_constructor_visualization/share/moveit_task_constructor_visualization/package.bash'
[4.758s] INFO:colcon.colcon_core.shell:Creating package script '/home/student36/RoboticsDesignProject/Git-repos/LeoRover-Team7/elephant_arm_ws/install/moveit_task_constructor_visualization/share/moveit_task_constructor_visualization/package.zsh'
[4.759s] Level 1:colcon.colcon_core.environment:create_file_with_runtime_dependencies(/home/student36/RoboticsDesignProject/Git-repos/LeoRover-Team7/elephant_arm_ws/install/moveit_task_constructor_visualization/share/colcon-core/packages/moveit_task_constructor_visualization)
[4.760s] Level 1:colcon.colcon_core.environment:create_environment_scripts_only(moveit_task_constructor_visualization)
[4.761s] Level 1:colcon.colcon_core.environment:checking '/home/student36/RoboticsDesignProject/Git-repos/LeoRover-Team7/elephant_arm_ws/install/moveit_task_constructor_visualization' for CMake module files
[4.762s] Level 1:colcon.colcon_core.environment:checking '/home/student36/RoboticsDesignProject/Git-repos/LeoRover-Team7/elephant_arm_ws/install/moveit_task_constructor_visualization' for CMake config files
[4.763s] Level 1:colcon.colcon_core.shell:create_environment_hook('moveit_task_constructor_visualization', 'cmake_prefix_path')
[4.763s] INFO:colcon.colcon_core.shell:Creating environment hook '/home/student36/RoboticsDesignProject/Git-repos/LeoRover-Team7/elephant_arm_ws/install/moveit_task_constructor_visualization/share/moveit_task_constructor_visualization/hook/cmake_prefix_path.ps1'
[4.764s] INFO:colcon.colcon_core.shell:Creating environment descriptor '/home/student36/RoboticsDesignProject/Git-repos/LeoRover-Team7/elephant_arm_ws/install/moveit_task_constructor_visualization/share/moveit_task_constructor_visualization/hook/cmake_prefix_path.dsv'
[4.765s] INFO:colcon.colcon_core.shell:Creating environment hook '/home/student36/RoboticsDesignProject/Git-repos/LeoRover-Team7/elephant_arm_ws/install/moveit_task_constructor_visualization/share/moveit_task_constructor_visualization/hook/cmake_prefix_path.sh'
[4.766s] Level 1:colcon.colcon_core.environment:checking '/home/student36/RoboticsDesignProject/Git-repos/LeoRover-Team7/elephant_arm_ws/install/moveit_task_constructor_visualization/lib'
[4.766s] Level 1:colcon.colcon_core.shell:create_environment_hook('moveit_task_constructor_visualization', 'ld_library_path_lib')
[4.766s] INFO:colcon.colcon_core.shell:Creating environment hook '/home/student36/RoboticsDesignProject/Git-repos/LeoRover-Team7/elephant_arm_ws/install/moveit_task_constructor_visualization/share/moveit_task_constructor_visualization/hook/ld_library_path_lib.ps1'
[4.767s] INFO:colcon.colcon_core.shell:Creating environment descriptor '/home/student36/RoboticsDesignProject/Git-repos/LeoRover-Team7/elephant_arm_ws/install/moveit_task_constructor_visualization/share/moveit_task_constructor_visualization/hook/ld_library_path_lib.dsv'
[4.767s] INFO:colcon.colcon_core.shell:Creating environment hook '/home/student36/RoboticsDesignProject/Git-repos/LeoRover-Team7/elephant_arm_ws/install/moveit_task_constructor_visualization/share/moveit_task_constructor_visualization/hook/ld_library_path_lib.sh'
[4.767s] Level 1:colcon.colcon_core.environment:checking '/home/student36/RoboticsDesignProject/Git-repos/LeoRover-Team7/elephant_arm_ws/install/moveit_task_constructor_visualization/bin'
[4.767s] Level 1:colcon.colcon_core.environment:checking '/home/student36/RoboticsDesignProject/Git-repos/LeoRover-Team7/elephant_arm_ws/install/moveit_task_constructor_visualization/lib/pkgconfig/moveit_task_constructor_visualization.pc'
[4.768s] Level 1:colcon.colcon_core.environment:checking '/home/student36/RoboticsDesignProject/Git-repos/LeoRover-Team7/elephant_arm_ws/install/moveit_task_constructor_visualization/lib/python3.12/site-packages'
[4.768s] Level 1:colcon.colcon_core.environment:checking '/home/student36/RoboticsDesignProject/Git-repos/LeoRover-Team7/elephant_arm_ws/install/moveit_task_constructor_visualization/bin'
[4.768s] INFO:colcon.colcon_core.shell:Creating package script '/home/student36/RoboticsDesignProject/Git-repos/LeoRover-Team7/elephant_arm_ws/install/moveit_task_constructor_visualization/share/moveit_task_constructor_visualization/package.ps1'
[4.769s] INFO:colcon.colcon_core.shell:Creating package descriptor '/home/student36/RoboticsDesignProject/Git-repos/LeoRover-Team7/elephant_arm_ws/install/moveit_task_constructor_visualization/share/moveit_task_constructor_visualization/package.dsv'
[4.769s] INFO:colcon.colcon_core.shell:Creating package script '/home/student36/RoboticsDesignProject/Git-repos/LeoRover-Team7/elephant_arm_ws/install/moveit_task_constructor_visualization/share/moveit_task_constructor_visualization/package.sh'
[4.770s] INFO:colcon.colcon_core.shell:Creating package script '/home/student36/RoboticsDesignProject/Git-repos/LeoRover-Team7/elephant_arm_ws/install/moveit_task_constructor_visualization/share/moveit_task_constructor_visualization/package.bash'
[4.770s] INFO:colcon.colcon_core.shell:Creating package script '/home/student36/RoboticsDesignProject/Git-repos/LeoRover-Team7/elephant_arm_ws/install/moveit_task_constructor_visualization/share/moveit_task_constructor_visualization/package.zsh'
[4.770s] Level 1:colcon.colcon_core.environment:create_file_with_runtime_dependencies(/home/student36/RoboticsDesignProject/Git-repos/LeoRover-Team7/elephant_arm_ws/install/moveit_task_constructor_visualization/share/colcon-core/packages/moveit_task_constructor_visualization)
[4.771s] INFO:colcon.colcon_ros.task.ament_cmake.build:Building ROS package in '/home/student36/RoboticsDesignProject/Git-repos/LeoRover-Team7/elephant_arm_ws/src/moveit_task_constructor/demo' with build type 'ament_cmake'
[4.771s] INFO:colcon.colcon_cmake.task.cmake.build:Building CMake package in '/home/student36/RoboticsDesignProject/Git-repos/LeoRover-Team7/elephant_arm_ws/src/moveit_task_constructor/demo'
[4.771s] INFO:colcon.colcon_core.shell:Skip shell extension 'powershell' for command environment: Not usable outside of PowerShell
[4.771s] DEBUG:colcon.colcon_core.shell:Skip shell extension 'dsv' for command environment
[4.845s] DEBUG:colcon.colcon_core.event_handler.log_command:Invoking command in '/home/student36/RoboticsDesignProject/Git-repos/LeoRover-Team7/elephant_arm_ws/build/moveit_task_constructor_demo': CMAKE_PREFIX_PATH=/home/student36/RoboticsDesignProject/Git-repos/LeoRover-Team7/elephant_arm_ws/install/moveit_task_constructor_visualization:/home/student36/RoboticsDesignProject/Git-repos/LeoRover-Team7/elephant_arm_ws/install/moveit_task_constructor_capabilities:/home/student36/RoboticsDesignProject/Git-repos/LeoRover-Team7/elephant_arm_ws/install/moveit_task_constructor_core:/home/student36/RoboticsDesignProject/Git-repos/LeoRover-Team7/elephant_arm_ws/install/rviz_marker_tools:/home/student36/RoboticsDesignProject/Git-repos/LeoRover-Team7/elephant_arm_ws/install/moveit_task_constructor_msgs:/home/student36/RoboticsDesignProject/Git-repos/LeoRover-Team7/elephant_arm_ws/install/mtc_tutorial:/home/student36/RoboticsDesignProject/Git-repos/LeoRover-Team7/elephant_arm_ws/install/moveit_task_constructor_demo:/home/student36/RoboticsDesignProject/Git-repos/LeoRover-Team7/elephant_arm_ws/install/mycobot_ros2:/home/student36/RoboticsDesignProject/Git-repos/LeoRover-Team7/elephant_arm_ws/install/mycobot_moveit_config:/home/student36/RoboticsDesignProject/Git-repos/LeoRover-Team7/elephant_arm_ws/install/mycobot_gazebo:/home/student36/RoboticsDesignProject/Git-repos/LeoRover-Team7/elephant_arm_ws/install/mycobot_description:/home/student36/RoboticsDesignProject/Git-repos/LeoRover-Team7/elephant_arm_ws/install/mycobot_bringup:/home/student36/RoboticsDesignProject/Git-repos/LeoRover-Team7/elephant_arm_ws/install/hello_moveit:/home/student36/ros2_tutorial_workspace/install/package_with_interfaces:/home/student36/ws_moveit/install/robotiq_hardware_tests:/home/student36/ws_moveit/install/robotiq_driver:/home/student36/ws_moveit/install/serial:/home/student36/ws_moveit/install/moveit2_tutorials:/home/student36/ws_moveit/install/hello_moveit:/home/student36/ws_moveit/install/moveit_visual_tools:/home/student36/ws_moveit/install/rviz_visual_tools:/home/student36/ws_moveit/install/mtc_tutorial:/home/student36/ws_moveit/install/moveit_task_constructor_demo:/home/student36/ws_moveit/install/moveit_task_constructor_visualization:/home/student36/ws_moveit/install/moveit_task_constructor_capabilities:/home/student36/ws_moveit/install/elephant:/home/student36/ws_moveit/install/moveit_task_constructor_core:/home/student36/ws_moveit/install/rviz_marker_tools:/home/student36/ws_moveit/install/kortex_bringup:/home/student36/ws_moveit/install/kinova_gen3_lite_moveit_config:/home/student36/ws_moveit/install/kinova_gen3_7dof_robotiq_2f_85_moveit_config:/home/student36/ws_moveit/install/kinova_gen3_6dof_robotiq_2f_85_moveit_config:/home/student36/ws_moveit/install/kortex_description:/home/student36/ws_moveit/install/robotiq_description:/home/student36/ws_moveit/install/robotiq_controllers:/home/student36/ws_moveit/install/pilz_industrial_motion_planner_testutils:/home/student36/ws_moveit/install/mycobot_280_moveit2:/home/student36/ws_moveit/install/moveit_runtime:/home/student36/ws_moveit/install/moveit:/home/student36/ws_moveit/install/elephant_arm:/home/student36/ws_moveit/install/moveit_planners:/home/student36/ws_moveit/install/pilz_industrial_motion_planner:/home/student36/ws_moveit/install/mycobot_description:/home/student36/ws_moveit/install/moveit_task_constructor_msgs:/home/student36/ws_moveit/install/moveit_ros_control_interface:/home/student36/ws_moveit/install/moveit_plugins:/home/student36/ws_moveit/install/moveit_simple_controller_manager:/home/student36/ws_moveit/install/moveit_setup_assistant:/home/student36/ws_moveit/install/moveit_setup_srdf_plugins:/home/student36/ws_moveit/install/moveit_setup_core_plugins:/home/student36/ws_moveit/install/moveit_setup_controllers:/home/student36/ws_moveit/install/moveit_setup_app_plugins:/home/student36/ws_moveit/install/moveit_setup_framework:/home/student36/ws_moveit/install/moveit_servo:/home/student36/ws_moveit/install/moveit_ros_trajectory_cache:/home/student36/ws_moveit/install/moveit_ros:/home/student36/ws_moveit/install/moveit_ros_visualization:/home/student36/ws_moveit/install/moveit_py:/home/student36/ws_moveit/install/moveit_hybrid_planning:/home/student36/ws_moveit/install/moveit_ros_planning_interface:/home/student36/ws_moveit/install/moveit_ros_benchmarks:/home/student36/ws_moveit/install/moveit_ros_warehouse:/home/student36/ws_moveit/install/moveit_ros_robot_interaction:/home/student36/ws_moveit/install/moveit_ros_perception:/home/student36/ws_moveit/install/moveit_resources_prbt_pg70_support:/home/student36/ws_moveit/install/moveit_resources_prbt_moveit_config:/home/student36/ws_moveit/install/moveit_ros_move_group:/home/student36/ws_moveit/install/moveit_planners_ompl:/home/student36/ws_moveit/install/moveit_kinematics:/home/student36/ws_moveit/install/moveit_ros_planning:/home/student36/ws_moveit/install/moveit_ros_occupancy_map_monitor:/home/student36/ws_moveit/install/moveit_resources_prbt_support:/home/student36/ws_moveit/install/moveit_resources_prbt_ikfast_manipulator_plugin:/home/student36/ws_moveit/install/moveit_resources:/home/student36/ws_moveit/install/moveit_resources_pr2_description:/home/student36/ws_moveit/install/moveit_resources_panda_moveit_config:/home/student36/ws_moveit/install/dual_arm_panda_moveit_config:/home/student36/ws_moveit/install/moveit_resources_panda_description:/home/student36/ws_moveit/install/moveit_resources_fanuc_moveit_config:/home/student36/ws_moveit/install/moveit_resources_fanuc_description:/home/student36/ws_moveit/install/moveit_planners_stomp:/home/student36/ws_moveit/install/moveit_planners_chomp:/home/student36/ws_moveit/install/chomp_motion_planner:/home/student36/ws_moveit/install/moveit_core:/home/student36/ws_moveit/install/moveit_msgs:/home/student36/ws_moveit/install/moveit_common:/home/student36/ws_moveit/install/kortex_driver:/home/student36/ws_moveit/install/kortex_api:/home/student36/rplidar_ws/install/rplidar_ros:/home/student36/elephant_arm_ws/install/mycobot_280_moveit2:/opt/ros/jazzy/opt/gz_sim_vendor:/opt/ros/jazzy/opt/gz_sensors_vendor:/opt/ros/jazzy/opt/gz_physics_vendor:/opt/ros/jazzy/opt/sdformat_vendor:/opt/ros/jazzy/opt/gz_gui_vendor:/opt/ros/jazzy/opt/gz_transport_vendor:/opt/ros/jazzy/opt/gz_rendering_vendor:/opt/ros/jazzy/opt/gz_plugin_vendor:/opt/ros/jazzy/opt/gz_fuel_tools_vendor:/opt/ros/jazzy/opt/gz_msgs_vendor:/opt/ros/jazzy/opt/gz_common_vendor:/opt/ros/jazzy/opt/gz_math_vendor:/opt/ros/jazzy/opt/gz_utils_vendor:/opt/ros/jazzy/opt/gz_tools_vendor:/opt/ros/jazzy/opt/gz_ogre_next_vendor:/opt/ros/jazzy/opt/gz_dartsim_vendor:/opt/ros/jazzy/opt/gz_cmake_vendor:/home/student36/ros2_tutorial_workspace/install/the_simplest_python_package:/home/student36/ros2_tutorial_workspace/install/python_package_with_a_node:/home/student36/ros2_tutorial_workspace/install/python_package_that_uses_the_library:/home/student36/ros2_tutorial_workspace/install/python_package_with_a_library:/home/student36/ros2_tutorial_workspace/install/python_package_that_uses_the_services:/home/student36/ros2_tutorial_workspace/install/python_package_that_uses_the_actions:/home/student36/ros2_tutorial_workspace/install/python_package_that_uses_tf2:/home/student36/ros2_tutorial_workspace/install/python_package_that_uses_parameters_and_launch_files:/home/student36/ros2_tutorial_workspace/install/python_package_that_uses_nottf2:/home/student36/ros2_tutorial_workspace/install/python_package_that_uses_nav2:/home/student36/ros2_tutorial_workspace/install/python_package_that_uses_messages:/home/student36/ros2_tutorial_workspace/install/python_package_that_uses_geometry_msgs:/home/student36/ros2_tutorial_workspace/install/python_package_that_uses_gazebo:/home/student36/ws_moveit/install/moveit_configs_utils:/home/student36/elephant_arm_ws/install/mycobot_description:/opt/ros/jazzy DEBUGINFOD_URLS=https://debuginfod.ubuntu.com LD_LIBRARY_PATH=/home/student36/RoboticsDesignProject/Git-repos/LeoRover-Team7/elephant_arm_ws/install/moveit_task_constructor_visualization/lib:/home/student36/RoboticsDesignProject/Git-repos/LeoRover-Team7/elephant_arm_ws/install/moveit_task_constructor_capabilities/lib:/home/student36/RoboticsDesignProject/Git-repos/LeoRover-Team7/elephant_arm_ws/install/moveit_task_constructor_core/lib:/home/student36/RoboticsDesignProject/Git-repos/LeoRover-Team7/elephant_arm_ws/install/rviz_marker_tools/lib:/home/student36/RoboticsDesignProject/Git-repos/LeoRover-Team7/elephant_arm_ws/install/moveit_task_constructor_msgs/lib:/home/student36/RoboticsDesignProject/Git-repos/LeoRover-Team7/elephant_arm_ws/install/moveit_task_constructor_demo/lib:/home/student36/ros2_tutorial_workspace/install/package_with_interfaces/lib:/home/student36/ws_moveit/install/robotiq_driver/lib:/home/student36/ws_moveit/install/serial/lib:/home/student36/ws_moveit/install/moveit_visual_tools/lib:/home/student36/ws_moveit/install/rviz_visual_tools/lib:/home/student36/ws_moveit/install/moveit_task_constructor_demo/lib:/home/student36/ws_moveit/install/moveit_task_constructor_visualization/lib:/home/student36/ws_moveit/install/moveit_task_constructor_capabilities/lib:/home/student36/ws_moveit/install/moveit_task_constructor_core/lib:/home/student36/ws_moveit/install/rviz_marker_tools/lib:/home/student36/ws_moveit/install/robotiq_controllers/lib:/home/student36/ws_moveit/install/pilz_industrial_motion_planner_testutils/lib:/home/student36/ws_moveit/install/pilz_industrial_motion_planner/lib:/home/student36/ws_moveit/install/moveit_task_constructor_msgs/lib:/home/student36/ws_moveit/install/moveit_ros_control_interface/lib:/home/student36/ws_moveit/install/moveit_simple_controller_manager/lib:/home/student36/ws_moveit/install/moveit_setup_assistant/lib:/home/student36/ws_moveit/install/moveit_setup_srdf_plugins/lib:/home/student36/ws_moveit/install/moveit_setup_core_plugins/lib:/home/student36/ws_moveit/install/moveit_setup_controllers/lib:/home/student36/ws_moveit/install/moveit_setup_app_plugins/lib:/home/student36/ws_moveit/install/moveit_setup_framework/lib:/home/student36/ws_moveit/install/moveit_servo/lib:/home/student36/ws_moveit/install/moveit_ros_trajectory_cache/lib:/home/student36/ws_moveit/install/moveit_ros_visualization/lib:/home/student36/ws_moveit/install/moveit_py/lib:/home/student36/ws_moveit/install/moveit_hybrid_planning/lib:/home/student36/ws_moveit/install/moveit_ros_planning_interface/lib:/home/student36/ws_moveit/install/moveit_ros_benchmarks/lib:/home/student36/ws_moveit/install/moveit_ros_warehouse/lib:/home/student36/ws_moveit/install/moveit_ros_robot_interaction/lib:/home/student36/ws_moveit/install/moveit_ros_perception/lib:/home/student36/ws_moveit/install/moveit_ros_move_group/lib:/home/student36/ws_moveit/install/moveit_planners_ompl/lib:/home/student36/ws_moveit/install/moveit_kinematics/lib:/home/student36/ws_moveit/install/moveit_ros_planning/lib:/home/student36/ws_moveit/install/moveit_ros_occupancy_map_monitor/lib:/home/student36/ws_moveit/install/moveit_resources_prbt_ikfast_manipulator_plugin/lib:/home/student36/ws_moveit/install/moveit_planners_stomp/lib:/home/student36/ws_moveit/install/moveit_planners_chomp/lib:/home/student36/ws_moveit/install/chomp_motion_planner/lib:/home/student36/ws_moveit/install/moveit_core/lib:/home/student36/ws_moveit/install/moveit_msgs/lib:/home/student36/ws_moveit/install/kortex_driver/lib:/opt/ros/jazzy/opt/gz_sim_vendor/lib:/opt/ros/jazzy/opt/gz_sensors_vendor/lib:/opt/ros/jazzy/opt/gz_physics_vendor/lib:/opt/ros/jazzy/opt/sdformat_vendor/lib:/opt/ros/jazzy/opt/rviz_ogre_vendor/lib:/opt/ros/jazzy/lib/x86_64-linux-gnu:/opt/ros/jazzy/opt/gz_gui_vendor/lib:/opt/ros/jazzy/opt/gz_transport_vendor/lib:/opt/ros/jazzy/opt/gz_rendering_vendor/lib:/opt/ros/jazzy/opt/gz_plugin_vendor/lib:/opt/ros/jazzy/opt/gz_fuel_tools_vendor/lib:/opt/ros/jazzy/opt/gz_msgs_vendor/lib:/opt/ros/jazzy/opt/gz_common_vendor/lib:/opt/ros/jazzy/opt/gz_math_vendor/lib:/opt/ros/jazzy/opt/gz_utils_vendor/lib:/opt/ros/jazzy/opt/gz_tools_vendor/lib:/opt/ros/jazzy/opt/gz_ogre_next_vendor/lib:/opt/ros/jazzy/opt/gz_dartsim_vendor/lib:/opt/ros/jazzy/opt/gz_cmake_vendor/lib:/opt/ros/jazzy/lib /usr/bin/cmake --build /home/student36/RoboticsDesignProject/Git-repos/LeoRover-Team7/elephant_arm_ws/build/moveit_task_constructor_demo -- -j12 -l12
[5.295s] DEBUG:colcon.colcon_core.event_handler.log_command:Invoked command in '/home/student36/RoboticsDesignProject/Git-repos/LeoRover-Team7/elephant_arm_ws/build/moveit_task_constructor_demo' returned '0': CMAKE_PREFIX_PATH=/home/student36/RoboticsDesignProject/Git-repos/LeoRover-Team7/elephant_arm_ws/install/moveit_task_constructor_visualization:/home/student36/RoboticsDesignProject/Git-repos/LeoRover-Team7/elephant_arm_ws/install/moveit_task_constructor_capabilities:/home/student36/RoboticsDesignProject/Git-repos/LeoRover-Team7/elephant_arm_ws/install/moveit_task_constructor_core:/home/student36/RoboticsDesignProject/Git-repos/LeoRover-Team7/elephant_arm_ws/install/rviz_marker_tools:/home/student36/RoboticsDesignProject/Git-repos/LeoRover-Team7/elephant_arm_ws/install/moveit_task_constructor_msgs:/home/student36/RoboticsDesignProject/Git-repos/LeoRover-Team7/elephant_arm_ws/install/mtc_tutorial:/home/student36/RoboticsDesignProject/Git-repos/LeoRover-Team7/elephant_arm_ws/install/moveit_task_constructor_demo:/home/student36/RoboticsDesignProject/Git-repos/LeoRover-Team7/elephant_arm_ws/install/mycobot_ros2:/home/student36/RoboticsDesignProject/Git-repos/LeoRover-Team7/elephant_arm_ws/install/mycobot_moveit_config:/home/student36/RoboticsDesignProject/Git-repos/LeoRover-Team7/elephant_arm_ws/install/mycobot_gazebo:/home/student36/RoboticsDesignProject/Git-repos/LeoRover-Team7/elephant_arm_ws/install/mycobot_description:/home/student36/RoboticsDesignProject/Git-repos/LeoRover-Team7/elephant_arm_ws/install/mycobot_bringup:/home/student36/RoboticsDesignProject/Git-repos/LeoRover-Team7/elephant_arm_ws/install/hello_moveit:/home/student36/ros2_tutorial_workspace/install/package_with_interfaces:/home/student36/ws_moveit/install/robotiq_hardware_tests:/home/student36/ws_moveit/install/robotiq_driver:/home/student36/ws_moveit/install/serial:/home/student36/ws_moveit/install/moveit2_tutorials:/home/student36/ws_moveit/install/hello_moveit:/home/student36/ws_moveit/install/moveit_visual_tools:/home/student36/ws_moveit/install/rviz_visual_tools:/home/student36/ws_moveit/install/mtc_tutorial:/home/student36/ws_moveit/install/moveit_task_constructor_demo:/home/student36/ws_moveit/install/moveit_task_constructor_visualization:/home/student36/ws_moveit/install/moveit_task_constructor_capabilities:/home/student36/ws_moveit/install/elephant:/home/student36/ws_moveit/install/moveit_task_constructor_core:/home/student36/ws_moveit/install/rviz_marker_tools:/home/student36/ws_moveit/install/kortex_bringup:/home/student36/ws_moveit/install/kinova_gen3_lite_moveit_config:/home/student36/ws_moveit/install/kinova_gen3_7dof_robotiq_2f_85_moveit_config:/home/student36/ws_moveit/install/kinova_gen3_6dof_robotiq_2f_85_moveit_config:/home/student36/ws_moveit/install/kortex_description:/home/student36/ws_moveit/install/robotiq_description:/home/student36/ws_moveit/install/robotiq_controllers:/home/student36/ws_moveit/install/pilz_industrial_motion_planner_testutils:/home/student36/ws_moveit/install/mycobot_280_moveit2:/home/student36/ws_moveit/install/moveit_runtime:/home/student36/ws_moveit/install/moveit:/home/student36/ws_moveit/install/elephant_arm:/home/student36/ws_moveit/install/moveit_planners:/home/student36/ws_moveit/install/pilz_industrial_motion_planner:/home/student36/ws_moveit/install/mycobot_description:/home/student36/ws_moveit/install/moveit_task_constructor_msgs:/home/student36/ws_moveit/install/moveit_ros_control_interface:/home/student36/ws_moveit/install/moveit_plugins:/home/student36/ws_moveit/install/moveit_simple_controller_manager:/home/student36/ws_moveit/install/moveit_setup_assistant:/home/student36/ws_moveit/install/moveit_setup_srdf_plugins:/home/student36/ws_moveit/install/moveit_setup_core_plugins:/home/student36/ws_moveit/install/moveit_setup_controllers:/home/student36/ws_moveit/install/moveit_setup_app_plugins:/home/student36/ws_moveit/install/moveit_setup_framework:/home/student36/ws_moveit/install/moveit_servo:/home/student36/ws_moveit/install/moveit_ros_trajectory_cache:/home/student36/ws_moveit/install/moveit_ros:/home/student36/ws_moveit/install/moveit_ros_visualization:/home/student36/ws_moveit/install/moveit_py:/home/student36/ws_moveit/install/moveit_hybrid_planning:/home/student36/ws_moveit/install/moveit_ros_planning_interface:/home/student36/ws_moveit/install/moveit_ros_benchmarks:/home/student36/ws_moveit/install/moveit_ros_warehouse:/home/student36/ws_moveit/install/moveit_ros_robot_interaction:/home/student36/ws_moveit/install/moveit_ros_perception:/home/student36/ws_moveit/install/moveit_resources_prbt_pg70_support:/home/student36/ws_moveit/install/moveit_resources_prbt_moveit_config:/home/student36/ws_moveit/install/moveit_ros_move_group:/home/student36/ws_moveit/install/moveit_planners_ompl:/home/student36/ws_moveit/install/moveit_kinematics:/home/student36/ws_moveit/install/moveit_ros_planning:/home/student36/ws_moveit/install/moveit_ros_occupancy_map_monitor:/home/student36/ws_moveit/install/moveit_resources_prbt_support:/home/student36/ws_moveit/install/moveit_resources_prbt_ikfast_manipulator_plugin:/home/student36/ws_moveit/install/moveit_resources:/home/student36/ws_moveit/install/moveit_resources_pr2_description:/home/student36/ws_moveit/install/moveit_resources_panda_moveit_config:/home/student36/ws_moveit/install/dual_arm_panda_moveit_config:/home/student36/ws_moveit/install/moveit_resources_panda_description:/home/student36/ws_moveit/install/moveit_resources_fanuc_moveit_config:/home/student36/ws_moveit/install/moveit_resources_fanuc_description:/home/student36/ws_moveit/install/moveit_planners_stomp:/home/student36/ws_moveit/install/moveit_planners_chomp:/home/student36/ws_moveit/install/chomp_motion_planner:/home/student36/ws_moveit/install/moveit_core:/home/student36/ws_moveit/install/moveit_msgs:/home/student36/ws_moveit/install/moveit_common:/home/student36/ws_moveit/install/kortex_driver:/home/student36/ws_moveit/install/kortex_api:/home/student36/rplidar_ws/install/rplidar_ros:/home/student36/elephant_arm_ws/install/mycobot_280_moveit2:/opt/ros/jazzy/opt/gz_sim_vendor:/opt/ros/jazzy/opt/gz_sensors_vendor:/opt/ros/jazzy/opt/gz_physics_vendor:/opt/ros/jazzy/opt/sdformat_vendor:/opt/ros/jazzy/opt/gz_gui_vendor:/opt/ros/jazzy/opt/gz_transport_vendor:/opt/ros/jazzy/opt/gz_rendering_vendor:/opt/ros/jazzy/opt/gz_plugin_vendor:/opt/ros/jazzy/opt/gz_fuel_tools_vendor:/opt/ros/jazzy/opt/gz_msgs_vendor:/opt/ros/jazzy/opt/gz_common_vendor:/opt/ros/jazzy/opt/gz_math_vendor:/opt/ros/jazzy/opt/gz_utils_vendor:/opt/ros/jazzy/opt/gz_tools_vendor:/opt/ros/jazzy/opt/gz_ogre_next_vendor:/opt/ros/jazzy/opt/gz_dartsim_vendor:/opt/ros/jazzy/opt/gz_cmake_vendor:/home/student36/ros2_tutorial_workspace/install/the_simplest_python_package:/home/student36/ros2_tutorial_workspace/install/python_package_with_a_node:/home/student36/ros2_tutorial_workspace/install/python_package_that_uses_the_library:/home/student36/ros2_tutorial_workspace/install/python_package_with_a_library:/home/student36/ros2_tutorial_workspace/install/python_package_that_uses_the_services:/home/student36/ros2_tutorial_workspace/install/python_package_that_uses_the_actions:/home/student36/ros2_tutorial_workspace/install/python_package_that_uses_tf2:/home/student36/ros2_tutorial_workspace/install/python_package_that_uses_parameters_and_launch_files:/home/student36/ros2_tutorial_workspace/install/python_package_that_uses_nottf2:/home/student36/ros2_tutorial_workspace/install/python_package_that_uses_nav2:/home/student36/ros2_tutorial_workspace/install/python_package_that_uses_messages:/home/student36/ros2_tutorial_workspace/install/python_package_that_uses_geometry_msgs:/home/student36/ros2_tutorial_workspace/install/python_package_that_uses_gazebo:/home/student36/ws_moveit/install/moveit_configs_utils:/home/student36/elephant_arm_ws/install/mycobot_description:/opt/ros/jazzy DEBUGINFOD_URLS=https://debuginfod.ubuntu.com LD_LIBRARY_PATH=/home/student36/RoboticsDesignProject/Git-repos/LeoRover-Team7/elephant_arm_ws/install/moveit_task_constructor_visualization/lib:/home/student36/RoboticsDesignProject/Git-repos/LeoRover-Team7/elephant_arm_ws/install/moveit_task_constructor_capabilities/lib:/home/student36/RoboticsDesignProject/Git-repos/LeoRover-Team7/elephant_arm_ws/install/moveit_task_constructor_core/lib:/home/student36/RoboticsDesignProject/Git-repos/LeoRover-Team7/elephant_arm_ws/install/rviz_marker_tools/lib:/home/student36/RoboticsDesignProject/Git-repos/LeoRover-Team7/elephant_arm_ws/install/moveit_task_constructor_msgs/lib:/home/student36/RoboticsDesignProject/Git-repos/LeoRover-Team7/elephant_arm_ws/install/moveit_task_constructor_demo/lib:/home/student36/ros2_tutorial_workspace/install/package_with_interfaces/lib:/home/student36/ws_moveit/install/robotiq_driver/lib:/home/student36/ws_moveit/install/serial/lib:/home/student36/ws_moveit/install/moveit_visual_tools/lib:/home/student36/ws_moveit/install/rviz_visual_tools/lib:/home/student36/ws_moveit/install/moveit_task_constructor_demo/lib:/home/student36/ws_moveit/install/moveit_task_constructor_visualization/lib:/home/student36/ws_moveit/install/moveit_task_constructor_capabilities/lib:/home/student36/ws_moveit/install/moveit_task_constructor_core/lib:/home/student36/ws_moveit/install/rviz_marker_tools/lib:/home/student36/ws_moveit/install/robotiq_controllers/lib:/home/student36/ws_moveit/install/pilz_industrial_motion_planner_testutils/lib:/home/student36/ws_moveit/install/pilz_industrial_motion_planner/lib:/home/student36/ws_moveit/install/moveit_task_constructor_msgs/lib:/home/student36/ws_moveit/install/moveit_ros_control_interface/lib:/home/student36/ws_moveit/install/moveit_simple_controller_manager/lib:/home/student36/ws_moveit/install/moveit_setup_assistant/lib:/home/student36/ws_moveit/install/moveit_setup_srdf_plugins/lib:/home/student36/ws_moveit/install/moveit_setup_core_plugins/lib:/home/student36/ws_moveit/install/moveit_setup_controllers/lib:/home/student36/ws_moveit/install/moveit_setup_app_plugins/lib:/home/student36/ws_moveit/install/moveit_setup_framework/lib:/home/student36/ws_moveit/install/moveit_servo/lib:/home/student36/ws_moveit/install/moveit_ros_trajectory_cache/lib:/home/student36/ws_moveit/install/moveit_ros_visualization/lib:/home/student36/ws_moveit/install/moveit_py/lib:/home/student36/ws_moveit/install/moveit_hybrid_planning/lib:/home/student36/ws_moveit/install/moveit_ros_planning_interface/lib:/home/student36/ws_moveit/install/moveit_ros_benchmarks/lib:/home/student36/ws_moveit/install/moveit_ros_warehouse/lib:/home/student36/ws_moveit/install/moveit_ros_robot_interaction/lib:/home/student36/ws_moveit/install/moveit_ros_perception/lib:/home/student36/ws_moveit/install/moveit_ros_move_group/lib:/home/student36/ws_moveit/install/moveit_planners_ompl/lib:/home/student36/ws_moveit/install/moveit_kinematics/lib:/home/student36/ws_moveit/install/moveit_ros_planning/lib:/home/student36/ws_moveit/install/moveit_ros_occupancy_map_monitor/lib:/home/student36/ws_moveit/install/moveit_resources_prbt_ikfast_manipulator_plugin/lib:/home/student36/ws_moveit/install/moveit_planners_stomp/lib:/home/student36/ws_moveit/install/moveit_planners_chomp/lib:/home/student36/ws_moveit/install/chomp_motion_planner/lib:/home/student36/ws_moveit/install/moveit_core/lib:/home/student36/ws_moveit/install/moveit_msgs/lib:/home/student36/ws_moveit/install/kortex_driver/lib:/opt/ros/jazzy/opt/gz_sim_vendor/lib:/opt/ros/jazzy/opt/gz_sensors_vendor/lib:/opt/ros/jazzy/opt/gz_physics_vendor/lib:/opt/ros/jazzy/opt/sdformat_vendor/lib:/opt/ros/jazzy/opt/rviz_ogre_vendor/lib:/opt/ros/jazzy/lib/x86_64-linux-gnu:/opt/ros/jazzy/opt/gz_gui_vendor/lib:/opt/ros/jazzy/opt/gz_transport_vendor/lib:/opt/ros/jazzy/opt/gz_rendering_vendor/lib:/opt/ros/jazzy/opt/gz_plugin_vendor/lib:/opt/ros/jazzy/opt/gz_fuel_tools_vendor/lib:/opt/ros/jazzy/opt/gz_msgs_vendor/lib:/opt/ros/jazzy/opt/gz_common_vendor/lib:/opt/ros/jazzy/opt/gz_math_vendor/lib:/opt/ros/jazzy/opt/gz_utils_vendor/lib:/opt/ros/jazzy/opt/gz_tools_vendor/lib:/opt/ros/jazzy/opt/gz_ogre_next_vendor/lib:/opt/ros/jazzy/opt/gz_dartsim_vendor/lib:/opt/ros/jazzy/opt/gz_cmake_vendor/lib:/opt/ros/jazzy/lib /usr/bin/cmake --build /home/student36/RoboticsDesignProject/Git-repos/LeoRover-Team7/elephant_arm_ws/build/moveit_task_constructor_demo -- -j12 -l12
[5.296s] DEBUG:colcon.colcon_core.event_handler.log_command:Invoking command in '/home/student36/RoboticsDesignProject/Git-repos/LeoRover-Team7/elephant_arm_ws/build/moveit_task_constructor_demo': CMAKE_PREFIX_PATH=/home/student36/RoboticsDesignProject/Git-repos/LeoRover-Team7/elephant_arm_ws/install/moveit_task_constructor_visualization:/home/student36/RoboticsDesignProject/Git-repos/LeoRover-Team7/elephant_arm_ws/install/moveit_task_constructor_capabilities:/home/student36/RoboticsDesignProject/Git-repos/LeoRover-Team7/elephant_arm_ws/install/moveit_task_constructor_core:/home/student36/RoboticsDesignProject/Git-repos/LeoRover-Team7/elephant_arm_ws/install/rviz_marker_tools:/home/student36/RoboticsDesignProject/Git-repos/LeoRover-Team7/elephant_arm_ws/install/moveit_task_constructor_msgs:/home/student36/RoboticsDesignProject/Git-repos/LeoRover-Team7/elephant_arm_ws/install/mtc_tutorial:/home/student36/RoboticsDesignProject/Git-repos/LeoRover-Team7/elephant_arm_ws/install/moveit_task_constructor_demo:/home/student36/RoboticsDesignProject/Git-repos/LeoRover-Team7/elephant_arm_ws/install/mycobot_ros2:/home/student36/RoboticsDesignProject/Git-repos/LeoRover-Team7/elephant_arm_ws/install/mycobot_moveit_config:/home/student36/RoboticsDesignProject/Git-repos/LeoRover-Team7/elephant_arm_ws/install/mycobot_gazebo:/home/student36/RoboticsDesignProject/Git-repos/LeoRover-Team7/elephant_arm_ws/install/mycobot_description:/home/student36/RoboticsDesignProject/Git-repos/LeoRover-Team7/elephant_arm_ws/install/mycobot_bringup:/home/student36/RoboticsDesignProject/Git-repos/LeoRover-Team7/elephant_arm_ws/install/hello_moveit:/home/student36/ros2_tutorial_workspace/install/package_with_interfaces:/home/student36/ws_moveit/install/robotiq_hardware_tests:/home/student36/ws_moveit/install/robotiq_driver:/home/student36/ws_moveit/install/serial:/home/student36/ws_moveit/install/moveit2_tutorials:/home/student36/ws_moveit/install/hello_moveit:/home/student36/ws_moveit/install/moveit_visual_tools:/home/student36/ws_moveit/install/rviz_visual_tools:/home/student36/ws_moveit/install/mtc_tutorial:/home/student36/ws_moveit/install/moveit_task_constructor_demo:/home/student36/ws_moveit/install/moveit_task_constructor_visualization:/home/student36/ws_moveit/install/moveit_task_constructor_capabilities:/home/student36/ws_moveit/install/elephant:/home/student36/ws_moveit/install/moveit_task_constructor_core:/home/student36/ws_moveit/install/rviz_marker_tools:/home/student36/ws_moveit/install/kortex_bringup:/home/student36/ws_moveit/install/kinova_gen3_lite_moveit_config:/home/student36/ws_moveit/install/kinova_gen3_7dof_robotiq_2f_85_moveit_config:/home/student36/ws_moveit/install/kinova_gen3_6dof_robotiq_2f_85_moveit_config:/home/student36/ws_moveit/install/kortex_description:/home/student36/ws_moveit/install/robotiq_description:/home/student36/ws_moveit/install/robotiq_controllers:/home/student36/ws_moveit/install/pilz_industrial_motion_planner_testutils:/home/student36/ws_moveit/install/mycobot_280_moveit2:/home/student36/ws_moveit/install/moveit_runtime:/home/student36/ws_moveit/install/moveit:/home/student36/ws_moveit/install/elephant_arm:/home/student36/ws_moveit/install/moveit_planners:/home/student36/ws_moveit/install/pilz_industrial_motion_planner:/home/student36/ws_moveit/install/mycobot_description:/home/student36/ws_moveit/install/moveit_task_constructor_msgs:/home/student36/ws_moveit/install/moveit_ros_control_interface:/home/student36/ws_moveit/install/moveit_plugins:/home/student36/ws_moveit/install/moveit_simple_controller_manager:/home/student36/ws_moveit/install/moveit_setup_assistant:/home/student36/ws_moveit/install/moveit_setup_srdf_plugins:/home/student36/ws_moveit/install/moveit_setup_core_plugins:/home/student36/ws_moveit/install/moveit_setup_controllers:/home/student36/ws_moveit/install/moveit_setup_app_plugins:/home/student36/ws_moveit/install/moveit_setup_framework:/home/student36/ws_moveit/install/moveit_servo:/home/student36/ws_moveit/install/moveit_ros_trajectory_cache:/home/student36/ws_moveit/install/moveit_ros:/home/student36/ws_moveit/install/moveit_ros_visualization:/home/student36/ws_moveit/install/moveit_py:/home/student36/ws_moveit/install/moveit_hybrid_planning:/home/student36/ws_moveit/install/moveit_ros_planning_interface:/home/student36/ws_moveit/install/moveit_ros_benchmarks:/home/student36/ws_moveit/install/moveit_ros_warehouse:/home/student36/ws_moveit/install/moveit_ros_robot_interaction:/home/student36/ws_moveit/install/moveit_ros_perception:/home/student36/ws_moveit/install/moveit_resources_prbt_pg70_support:/home/student36/ws_moveit/install/moveit_resources_prbt_moveit_config:/home/student36/ws_moveit/install/moveit_ros_move_group:/home/student36/ws_moveit/install/moveit_planners_ompl:/home/student36/ws_moveit/install/moveit_kinematics:/home/student36/ws_moveit/install/moveit_ros_planning:/home/student36/ws_moveit/install/moveit_ros_occupancy_map_monitor:/home/student36/ws_moveit/install/moveit_resources_prbt_support:/home/student36/ws_moveit/install/moveit_resources_prbt_ikfast_manipulator_plugin:/home/student36/ws_moveit/install/moveit_resources:/home/student36/ws_moveit/install/moveit_resources_pr2_description:/home/student36/ws_moveit/install/moveit_resources_panda_moveit_config:/home/student36/ws_moveit/install/dual_arm_panda_moveit_config:/home/student36/ws_moveit/install/moveit_resources_panda_description:/home/student36/ws_moveit/install/moveit_resources_fanuc_moveit_config:/home/student36/ws_moveit/install/moveit_resources_fanuc_description:/home/student36/ws_moveit/install/moveit_planners_stomp:/home/student36/ws_moveit/install/moveit_planners_chomp:/home/student36/ws_moveit/install/chomp_motion_planner:/home/student36/ws_moveit/install/moveit_core:/home/student36/ws_moveit/install/moveit_msgs:/home/student36/ws_moveit/install/moveit_common:/home/student36/ws_moveit/install/kortex_driver:/home/student36/ws_moveit/install/kortex_api:/home/student36/rplidar_ws/install/rplidar_ros:/home/student36/elephant_arm_ws/install/mycobot_280_moveit2:/opt/ros/jazzy/opt/gz_sim_vendor:/opt/ros/jazzy/opt/gz_sensors_vendor:/opt/ros/jazzy/opt/gz_physics_vendor:/opt/ros/jazzy/opt/sdformat_vendor:/opt/ros/jazzy/opt/gz_gui_vendor:/opt/ros/jazzy/opt/gz_transport_vendor:/opt/ros/jazzy/opt/gz_rendering_vendor:/opt/ros/jazzy/opt/gz_plugin_vendor:/opt/ros/jazzy/opt/gz_fuel_tools_vendor:/opt/ros/jazzy/opt/gz_msgs_vendor:/opt/ros/jazzy/opt/gz_common_vendor:/opt/ros/jazzy/opt/gz_math_vendor:/opt/ros/jazzy/opt/gz_utils_vendor:/opt/ros/jazzy/opt/gz_tools_vendor:/opt/ros/jazzy/opt/gz_ogre_next_vendor:/opt/ros/jazzy/opt/gz_dartsim_vendor:/opt/ros/jazzy/opt/gz_cmake_vendor:/home/student36/ros2_tutorial_workspace/install/the_simplest_python_package:/home/student36/ros2_tutorial_workspace/install/python_package_with_a_node:/home/student36/ros2_tutorial_workspace/install/python_package_that_uses_the_library:/home/student36/ros2_tutorial_workspace/install/python_package_with_a_library:/home/student36/ros2_tutorial_workspace/install/python_package_that_uses_the_services:/home/student36/ros2_tutorial_workspace/install/python_package_that_uses_the_actions:/home/student36/ros2_tutorial_workspace/install/python_package_that_uses_tf2:/home/student36/ros2_tutorial_workspace/install/python_package_that_uses_parameters_and_launch_files:/home/student36/ros2_tutorial_workspace/install/python_package_that_uses_nottf2:/home/student36/ros2_tutorial_workspace/install/python_package_that_uses_nav2:/home/student36/ros2_tutorial_workspace/install/python_package_that_uses_messages:/home/student36/ros2_tutorial_workspace/install/python_package_that_uses_geometry_msgs:/home/student36/ros2_tutorial_workspace/install/python_package_that_uses_gazebo:/home/student36/ws_moveit/install/moveit_configs_utils:/home/student36/elephant_arm_ws/install/mycobot_description:/opt/ros/jazzy DEBUGINFOD_URLS=https://debuginfod.ubuntu.com LD_LIBRARY_PATH=/home/student36/RoboticsDesignProject/Git-repos/LeoRover-Team7/elephant_arm_ws/install/moveit_task_constructor_visualization/lib:/home/student36/RoboticsDesignProject/Git-repos/LeoRover-Team7/elephant_arm_ws/install/moveit_task_constructor_capabilities/lib:/home/student36/RoboticsDesignProject/Git-repos/LeoRover-Team7/elephant_arm_ws/install/moveit_task_constructor_core/lib:/home/student36/RoboticsDesignProject/Git-repos/LeoRover-Team7/elephant_arm_ws/install/rviz_marker_tools/lib:/home/student36/RoboticsDesignProject/Git-repos/LeoRover-Team7/elephant_arm_ws/install/moveit_task_constructor_msgs/lib:/home/student36/RoboticsDesignProject/Git-repos/LeoRover-Team7/elephant_arm_ws/install/moveit_task_constructor_demo/lib:/home/student36/ros2_tutorial_workspace/install/package_with_interfaces/lib:/home/student36/ws_moveit/install/robotiq_driver/lib:/home/student36/ws_moveit/install/serial/lib:/home/student36/ws_moveit/install/moveit_visual_tools/lib:/home/student36/ws_moveit/install/rviz_visual_tools/lib:/home/student36/ws_moveit/install/moveit_task_constructor_demo/lib:/home/student36/ws_moveit/install/moveit_task_constructor_visualization/lib:/home/student36/ws_moveit/install/moveit_task_constructor_capabilities/lib:/home/student36/ws_moveit/install/moveit_task_constructor_core/lib:/home/student36/ws_moveit/install/rviz_marker_tools/lib:/home/student36/ws_moveit/install/robotiq_controllers/lib:/home/student36/ws_moveit/install/pilz_industrial_motion_planner_testutils/lib:/home/student36/ws_moveit/install/pilz_industrial_motion_planner/lib:/home/student36/ws_moveit/install/moveit_task_constructor_msgs/lib:/home/student36/ws_moveit/install/moveit_ros_control_interface/lib:/home/student36/ws_moveit/install/moveit_simple_controller_manager/lib:/home/student36/ws_moveit/install/moveit_setup_assistant/lib:/home/student36/ws_moveit/install/moveit_setup_srdf_plugins/lib:/home/student36/ws_moveit/install/moveit_setup_core_plugins/lib:/home/student36/ws_moveit/install/moveit_setup_controllers/lib:/home/student36/ws_moveit/install/moveit_setup_app_plugins/lib:/home/student36/ws_moveit/install/moveit_setup_framework/lib:/home/student36/ws_moveit/install/moveit_servo/lib:/home/student36/ws_moveit/install/moveit_ros_trajectory_cache/lib:/home/student36/ws_moveit/install/moveit_ros_visualization/lib:/home/student36/ws_moveit/install/moveit_py/lib:/home/student36/ws_moveit/install/moveit_hybrid_planning/lib:/home/student36/ws_moveit/install/moveit_ros_planning_interface/lib:/home/student36/ws_moveit/install/moveit_ros_benchmarks/lib:/home/student36/ws_moveit/install/moveit_ros_warehouse/lib:/home/student36/ws_moveit/install/moveit_ros_robot_interaction/lib:/home/student36/ws_moveit/install/moveit_ros_perception/lib:/home/student36/ws_moveit/install/moveit_ros_move_group/lib:/home/student36/ws_moveit/install/moveit_planners_ompl/lib:/home/student36/ws_moveit/install/moveit_kinematics/lib:/home/student36/ws_moveit/install/moveit_ros_planning/lib:/home/student36/ws_moveit/install/moveit_ros_occupancy_map_monitor/lib:/home/student36/ws_moveit/install/moveit_resources_prbt_ikfast_manipulator_plugin/lib:/home/student36/ws_moveit/install/moveit_planners_stomp/lib:/home/student36/ws_moveit/install/moveit_planners_chomp/lib:/home/student36/ws_moveit/install/chomp_motion_planner/lib:/home/student36/ws_moveit/install/moveit_core/lib:/home/student36/ws_moveit/install/moveit_msgs/lib:/home/student36/ws_moveit/install/kortex_driver/lib:/opt/ros/jazzy/opt/gz_sim_vendor/lib:/opt/ros/jazzy/opt/gz_sensors_vendor/lib:/opt/ros/jazzy/opt/gz_physics_vendor/lib:/opt/ros/jazzy/opt/sdformat_vendor/lib:/opt/ros/jazzy/opt/rviz_ogre_vendor/lib:/opt/ros/jazzy/lib/x86_64-linux-gnu:/opt/ros/jazzy/opt/gz_gui_vendor/lib:/opt/ros/jazzy/opt/gz_transport_vendor/lib:/opt/ros/jazzy/opt/gz_rendering_vendor/lib:/opt/ros/jazzy/opt/gz_plugin_vendor/lib:/opt/ros/jazzy/opt/gz_fuel_tools_vendor/lib:/opt/ros/jazzy/opt/gz_msgs_vendor/lib:/opt/ros/jazzy/opt/gz_common_vendor/lib:/opt/ros/jazzy/opt/gz_math_vendor/lib:/opt/ros/jazzy/opt/gz_utils_vendor/lib:/opt/ros/jazzy/opt/gz_tools_vendor/lib:/opt/ros/jazzy/opt/gz_ogre_next_vendor/lib:/opt/ros/jazzy/opt/gz_dartsim_vendor/lib:/opt/ros/jazzy/opt/gz_cmake_vendor/lib:/opt/ros/jazzy/lib /usr/bin/cmake --install /home/student36/RoboticsDesignProject/Git-repos/LeoRover-Team7/elephant_arm_ws/build/moveit_task_constructor_demo
[5.329s] Level 1:colcon.colcon_core.environment:create_environment_scripts_only(moveit_task_constructor_demo)
[5.329s] Level 1:colcon.colcon_core.environment:checking '/home/student36/RoboticsDesignProject/Git-repos/LeoRover-Team7/elephant_arm_ws/install/moveit_task_constructor_demo' for CMake module files
[5.331s] Level 1:colcon.colcon_core.environment:checking '/home/student36/RoboticsDesignProject/Git-repos/LeoRover-Team7/elephant_arm_ws/install/moveit_task_constructor_demo' for CMake config files
[5.331s] Level 1:colcon.colcon_core.shell:create_environment_hook('moveit_task_constructor_demo', 'cmake_prefix_path')
[5.332s] INFO:colcon.colcon_core.shell:Creating environment hook '/home/student36/RoboticsDesignProject/Git-repos/LeoRover-Team7/elephant_arm_ws/install/moveit_task_constructor_demo/share/moveit_task_constructor_demo/hook/cmake_prefix_path.ps1'
[5.333s] DEBUG:colcon.colcon_core.event_handler.log_command:Invoked command in '/home/student36/RoboticsDesignProject/Git-repos/LeoRover-Team7/elephant_arm_ws/build/moveit_task_constructor_demo' returned '0': CMAKE_PREFIX_PATH=/home/student36/RoboticsDesignProject/Git-repos/LeoRover-Team7/elephant_arm_ws/install/moveit_task_constructor_visualization:/home/student36/RoboticsDesignProject/Git-repos/LeoRover-Team7/elephant_arm_ws/install/moveit_task_constructor_capabilities:/home/student36/RoboticsDesignProject/Git-repos/LeoRover-Team7/elephant_arm_ws/install/moveit_task_constructor_core:/home/student36/RoboticsDesignProject/Git-repos/LeoRover-Team7/elephant_arm_ws/install/rviz_marker_tools:/home/student36/RoboticsDesignProject/Git-repos/LeoRover-Team7/elephant_arm_ws/install/moveit_task_constructor_msgs:/home/student36/RoboticsDesignProject/Git-repos/LeoRover-Team7/elephant_arm_ws/install/mtc_tutorial:/home/student36/RoboticsDesignProject/Git-repos/LeoRover-Team7/elephant_arm_ws/install/moveit_task_constructor_demo:/home/student36/RoboticsDesignProject/Git-repos/LeoRover-Team7/elephant_arm_ws/install/mycobot_ros2:/home/student36/RoboticsDesignProject/Git-repos/LeoRover-Team7/elephant_arm_ws/install/mycobot_moveit_config:/home/student36/RoboticsDesignProject/Git-repos/LeoRover-Team7/elephant_arm_ws/install/mycobot_gazebo:/home/student36/RoboticsDesignProject/Git-repos/LeoRover-Team7/elephant_arm_ws/install/mycobot_description:/home/student36/RoboticsDesignProject/Git-repos/LeoRover-Team7/elephant_arm_ws/install/mycobot_bringup:/home/student36/RoboticsDesignProject/Git-repos/LeoRover-Team7/elephant_arm_ws/install/hello_moveit:/home/student36/ros2_tutorial_workspace/install/package_with_interfaces:/home/student36/ws_moveit/install/robotiq_hardware_tests:/home/student36/ws_moveit/install/robotiq_driver:/home/student36/ws_moveit/install/serial:/home/student36/ws_moveit/install/moveit2_tutorials:/home/student36/ws_moveit/install/hello_moveit:/home/student36/ws_moveit/install/moveit_visual_tools:/home/student36/ws_moveit/install/rviz_visual_tools:/home/student36/ws_moveit/install/mtc_tutorial:/home/student36/ws_moveit/install/moveit_task_constructor_demo:/home/student36/ws_moveit/install/moveit_task_constructor_visualization:/home/student36/ws_moveit/install/moveit_task_constructor_capabilities:/home/student36/ws_moveit/install/elephant:/home/student36/ws_moveit/install/moveit_task_constructor_core:/home/student36/ws_moveit/install/rviz_marker_tools:/home/student36/ws_moveit/install/kortex_bringup:/home/student36/ws_moveit/install/kinova_gen3_lite_moveit_config:/home/student36/ws_moveit/install/kinova_gen3_7dof_robotiq_2f_85_moveit_config:/home/student36/ws_moveit/install/kinova_gen3_6dof_robotiq_2f_85_moveit_config:/home/student36/ws_moveit/install/kortex_description:/home/student36/ws_moveit/install/robotiq_description:/home/student36/ws_moveit/install/robotiq_controllers:/home/student36/ws_moveit/install/pilz_industrial_motion_planner_testutils:/home/student36/ws_moveit/install/mycobot_280_moveit2:/home/student36/ws_moveit/install/moveit_runtime:/home/student36/ws_moveit/install/moveit:/home/student36/ws_moveit/install/elephant_arm:/home/student36/ws_moveit/install/moveit_planners:/home/student36/ws_moveit/install/pilz_industrial_motion_planner:/home/student36/ws_moveit/install/mycobot_description:/home/student36/ws_moveit/install/moveit_task_constructor_msgs:/home/student36/ws_moveit/install/moveit_ros_control_interface:/home/student36/ws_moveit/install/moveit_plugins:/home/student36/ws_moveit/install/moveit_simple_controller_manager:/home/student36/ws_moveit/install/moveit_setup_assistant:/home/student36/ws_moveit/install/moveit_setup_srdf_plugins:/home/student36/ws_moveit/install/moveit_setup_core_plugins:/home/student36/ws_moveit/install/moveit_setup_controllers:/home/student36/ws_moveit/install/moveit_setup_app_plugins:/home/student36/ws_moveit/install/moveit_setup_framework:/home/student36/ws_moveit/install/moveit_servo:/home/student36/ws_moveit/install/moveit_ros_trajectory_cache:/home/student36/ws_moveit/install/moveit_ros:/home/student36/ws_moveit/install/moveit_ros_visualization:/home/student36/ws_moveit/install/moveit_py:/home/student36/ws_moveit/install/moveit_hybrid_planning:/home/student36/ws_moveit/install/moveit_ros_planning_interface:/home/student36/ws_moveit/install/moveit_ros_benchmarks:/home/student36/ws_moveit/install/moveit_ros_warehouse:/home/student36/ws_moveit/install/moveit_ros_robot_interaction:/home/student36/ws_moveit/install/moveit_ros_perception:/home/student36/ws_moveit/install/moveit_resources_prbt_pg70_support:/home/student36/ws_moveit/install/moveit_resources_prbt_moveit_config:/home/student36/ws_moveit/install/moveit_ros_move_group:/home/student36/ws_moveit/install/moveit_planners_ompl:/home/student36/ws_moveit/install/moveit_kinematics:/home/student36/ws_moveit/install/moveit_ros_planning:/home/student36/ws_moveit/install/moveit_ros_occupancy_map_monitor:/home/student36/ws_moveit/install/moveit_resources_prbt_support:/home/student36/ws_moveit/install/moveit_resources_prbt_ikfast_manipulator_plugin:/home/student36/ws_moveit/install/moveit_resources:/home/student36/ws_moveit/install/moveit_resources_pr2_description:/home/student36/ws_moveit/install/moveit_resources_panda_moveit_config:/home/student36/ws_moveit/install/dual_arm_panda_moveit_config:/home/student36/ws_moveit/install/moveit_resources_panda_description:/home/student36/ws_moveit/install/moveit_resources_fanuc_moveit_config:/home/student36/ws_moveit/install/moveit_resources_fanuc_description:/home/student36/ws_moveit/install/moveit_planners_stomp:/home/student36/ws_moveit/install/moveit_planners_chomp:/home/student36/ws_moveit/install/chomp_motion_planner:/home/student36/ws_moveit/install/moveit_core:/home/student36/ws_moveit/install/moveit_msgs:/home/student36/ws_moveit/install/moveit_common:/home/student36/ws_moveit/install/kortex_driver:/home/student36/ws_moveit/install/kortex_api:/home/student36/rplidar_ws/install/rplidar_ros:/home/student36/elephant_arm_ws/install/mycobot_280_moveit2:/opt/ros/jazzy/opt/gz_sim_vendor:/opt/ros/jazzy/opt/gz_sensors_vendor:/opt/ros/jazzy/opt/gz_physics_vendor:/opt/ros/jazzy/opt/sdformat_vendor:/opt/ros/jazzy/opt/gz_gui_vendor:/opt/ros/jazzy/opt/gz_transport_vendor:/opt/ros/jazzy/opt/gz_rendering_vendor:/opt/ros/jazzy/opt/gz_plugin_vendor:/opt/ros/jazzy/opt/gz_fuel_tools_vendor:/opt/ros/jazzy/opt/gz_msgs_vendor:/opt/ros/jazzy/opt/gz_common_vendor:/opt/ros/jazzy/opt/gz_math_vendor:/opt/ros/jazzy/opt/gz_utils_vendor:/opt/ros/jazzy/opt/gz_tools_vendor:/opt/ros/jazzy/opt/gz_ogre_next_vendor:/opt/ros/jazzy/opt/gz_dartsim_vendor:/opt/ros/jazzy/opt/gz_cmake_vendor:/home/student36/ros2_tutorial_workspace/install/the_simplest_python_package:/home/student36/ros2_tutorial_workspace/install/python_package_with_a_node:/home/student36/ros2_tutorial_workspace/install/python_package_that_uses_the_library:/home/student36/ros2_tutorial_workspace/install/python_package_with_a_library:/home/student36/ros2_tutorial_workspace/install/python_package_that_uses_the_services:/home/student36/ros2_tutorial_workspace/install/python_package_that_uses_the_actions:/home/student36/ros2_tutorial_workspace/install/python_package_that_uses_tf2:/home/student36/ros2_tutorial_workspace/install/python_package_that_uses_parameters_and_launch_files:/home/student36/ros2_tutorial_workspace/install/python_package_that_uses_nottf2:/home/student36/ros2_tutorial_workspace/install/python_package_that_uses_nav2:/home/student36/ros2_tutorial_workspace/install/python_package_that_uses_messages:/home/student36/ros2_tutorial_workspace/install/python_package_that_uses_geometry_msgs:/home/student36/ros2_tutorial_workspace/install/python_package_that_uses_gazebo:/home/student36/ws_moveit/install/moveit_configs_utils:/home/student36/elephant_arm_ws/install/mycobot_description:/opt/ros/jazzy DEBUGINFOD_URLS=https://debuginfod.ubuntu.com LD_LIBRARY_PATH=/home/student36/RoboticsDesignProject/Git-repos/LeoRover-Team7/elephant_arm_ws/install/moveit_task_constructor_visualization/lib:/home/student36/RoboticsDesignProject/Git-repos/LeoRover-Team7/elephant_arm_ws/install/moveit_task_constructor_capabilities/lib:/home/student36/RoboticsDesignProject/Git-repos/LeoRover-Team7/elephant_arm_ws/install/moveit_task_constructor_core/lib:/home/student36/RoboticsDesignProject/Git-repos/LeoRover-Team7/elephant_arm_ws/install/rviz_marker_tools/lib:/home/student36/RoboticsDesignProject/Git-repos/LeoRover-Team7/elephant_arm_ws/install/moveit_task_constructor_msgs/lib:/home/student36/RoboticsDesignProject/Git-repos/LeoRover-Team7/elephant_arm_ws/install/moveit_task_constructor_demo/lib:/home/student36/ros2_tutorial_workspace/install/package_with_interfaces/lib:/home/student36/ws_moveit/install/robotiq_driver/lib:/home/student36/ws_moveit/install/serial/lib:/home/student36/ws_moveit/install/moveit_visual_tools/lib:/home/student36/ws_moveit/install/rviz_visual_tools/lib:/home/student36/ws_moveit/install/moveit_task_constructor_demo/lib:/home/student36/ws_moveit/install/moveit_task_constructor_visualization/lib:/home/student36/ws_moveit/install/moveit_task_constructor_capabilities/lib:/home/student36/ws_moveit/install/moveit_task_constructor_core/lib:/home/student36/ws_moveit/install/rviz_marker_tools/lib:/home/student36/ws_moveit/install/robotiq_controllers/lib:/home/student36/ws_moveit/install/pilz_industrial_motion_planner_testutils/lib:/home/student36/ws_moveit/install/pilz_industrial_motion_planner/lib:/home/student36/ws_moveit/install/moveit_task_constructor_msgs/lib:/home/student36/ws_moveit/install/moveit_ros_control_interface/lib:/home/student36/ws_moveit/install/moveit_simple_controller_manager/lib:/home/student36/ws_moveit/install/moveit_setup_assistant/lib:/home/student36/ws_moveit/install/moveit_setup_srdf_plugins/lib:/home/student36/ws_moveit/install/moveit_setup_core_plugins/lib:/home/student36/ws_moveit/install/moveit_setup_controllers/lib:/home/student36/ws_moveit/install/moveit_setup_app_plugins/lib:/home/student36/ws_moveit/install/moveit_setup_framework/lib:/home/student36/ws_moveit/install/moveit_servo/lib:/home/student36/ws_moveit/install/moveit_ros_trajectory_cache/lib:/home/student36/ws_moveit/install/moveit_ros_visualization/lib:/home/student36/ws_moveit/install/moveit_py/lib:/home/student36/ws_moveit/install/moveit_hybrid_planning/lib:/home/student36/ws_moveit/install/moveit_ros_planning_interface/lib:/home/student36/ws_moveit/install/moveit_ros_benchmarks/lib:/home/student36/ws_moveit/install/moveit_ros_warehouse/lib:/home/student36/ws_moveit/install/moveit_ros_robot_interaction/lib:/home/student36/ws_moveit/install/moveit_ros_perception/lib:/home/student36/ws_moveit/install/moveit_ros_move_group/lib:/home/student36/ws_moveit/install/moveit_planners_ompl/lib:/home/student36/ws_moveit/install/moveit_kinematics/lib:/home/student36/ws_moveit/install/moveit_ros_planning/lib:/home/student36/ws_moveit/install/moveit_ros_occupancy_map_monitor/lib:/home/student36/ws_moveit/install/moveit_resources_prbt_ikfast_manipulator_plugin/lib:/home/student36/ws_moveit/install/moveit_planners_stomp/lib:/home/student36/ws_moveit/install/moveit_planners_chomp/lib:/home/student36/ws_moveit/install/chomp_motion_planner/lib:/home/student36/ws_moveit/install/moveit_core/lib:/home/student36/ws_moveit/install/moveit_msgs/lib:/home/student36/ws_moveit/install/kortex_driver/lib:/opt/ros/jazzy/opt/gz_sim_vendor/lib:/opt/ros/jazzy/opt/gz_sensors_vendor/lib:/opt/ros/jazzy/opt/gz_physics_vendor/lib:/opt/ros/jazzy/opt/sdformat_vendor/lib:/opt/ros/jazzy/opt/rviz_ogre_vendor/lib:/opt/ros/jazzy/lib/x86_64-linux-gnu:/opt/ros/jazzy/opt/gz_gui_vendor/lib:/opt/ros/jazzy/opt/gz_transport_vendor/lib:/opt/ros/jazzy/opt/gz_rendering_vendor/lib:/opt/ros/jazzy/opt/gz_plugin_vendor/lib:/opt/ros/jazzy/opt/gz_fuel_tools_vendor/lib:/opt/ros/jazzy/opt/gz_msgs_vendor/lib:/opt/ros/jazzy/opt/gz_common_vendor/lib:/opt/ros/jazzy/opt/gz_math_vendor/lib:/opt/ros/jazzy/opt/gz_utils_vendor/lib:/opt/ros/jazzy/opt/gz_tools_vendor/lib:/opt/ros/jazzy/opt/gz_ogre_next_vendor/lib:/opt/ros/jazzy/opt/gz_dartsim_vendor/lib:/opt/ros/jazzy/opt/gz_cmake_vendor/lib:/opt/ros/jazzy/lib /usr/bin/cmake --install /home/student36/RoboticsDesignProject/Git-repos/LeoRover-Team7/elephant_arm_ws/build/moveit_task_constructor_demo
[5.335s] INFO:colcon.colcon_core.shell:Creating environment descriptor '/home/student36/RoboticsDesignProject/Git-repos/LeoRover-Team7/elephant_arm_ws/install/moveit_task_constructor_demo/share/moveit_task_constructor_demo/hook/cmake_prefix_path.dsv'
[5.337s] INFO:colcon.colcon_core.shell:Creating environment hook '/home/student36/RoboticsDesignProject/Git-repos/LeoRover-Team7/elephant_arm_ws/install/moveit_task_constructor_demo/share/moveit_task_constructor_demo/hook/cmake_prefix_path.sh'
[5.339s] Level 1:colcon.colcon_core.environment:checking '/home/student36/RoboticsDesignProject/Git-repos/LeoRover-Team7/elephant_arm_ws/install/moveit_task_constructor_demo/lib'
[5.339s] Level 1:colcon.colcon_core.shell:create_environment_hook('moveit_task_constructor_demo', 'ld_library_path_lib')
[5.340s] INFO:colcon.colcon_core.shell:Creating environment hook '/home/student36/RoboticsDesignProject/Git-repos/LeoRover-Team7/elephant_arm_ws/install/moveit_task_constructor_demo/share/moveit_task_constructor_demo/hook/ld_library_path_lib.ps1'
[5.341s] INFO:colcon.colcon_core.shell:Creating environment descriptor '/home/student36/RoboticsDesignProject/Git-repos/LeoRover-Team7/elephant_arm_ws/install/moveit_task_constructor_demo/share/moveit_task_constructor_demo/hook/ld_library_path_lib.dsv'
[5.341s] INFO:colcon.colcon_core.shell:Creating environment hook '/home/student36/RoboticsDesignProject/Git-repos/LeoRover-Team7/elephant_arm_ws/install/moveit_task_constructor_demo/share/moveit_task_constructor_demo/hook/ld_library_path_lib.sh'
[5.343s] Level 1:colcon.colcon_core.environment:checking '/home/student36/RoboticsDesignProject/Git-repos/LeoRover-Team7/elephant_arm_ws/install/moveit_task_constructor_demo/bin'
[5.344s] Level 1:colcon.colcon_core.environment:checking '/home/student36/RoboticsDesignProject/Git-repos/LeoRover-Team7/elephant_arm_ws/install/moveit_task_constructor_demo/lib/pkgconfig/moveit_task_constructor_demo.pc'
[5.344s] Level 1:colcon.colcon_core.environment:checking '/home/student36/RoboticsDesignProject/Git-repos/LeoRover-Team7/elephant_arm_ws/install/moveit_task_constructor_demo/lib/python3.12/site-packages'
[5.345s] Level 1:colcon.colcon_core.environment:checking '/home/student36/RoboticsDesignProject/Git-repos/LeoRover-Team7/elephant_arm_ws/install/moveit_task_constructor_demo/bin'
[5.346s] INFO:colcon.colcon_core.shell:Creating package script '/home/student36/RoboticsDesignProject/Git-repos/LeoRover-Team7/elephant_arm_ws/install/moveit_task_constructor_demo/share/moveit_task_constructor_demo/package.ps1'
[5.348s] INFO:colcon.colcon_core.shell:Creating package descriptor '/home/student36/RoboticsDesignProject/Git-repos/LeoRover-Team7/elephant_arm_ws/install/moveit_task_constructor_demo/share/moveit_task_constructor_demo/package.dsv'
[5.348s] INFO:colcon.colcon_core.shell:Creating package script '/home/student36/RoboticsDesignProject/Git-repos/LeoRover-Team7/elephant_arm_ws/install/moveit_task_constructor_demo/share/moveit_task_constructor_demo/package.sh'
[5.349s] INFO:colcon.colcon_core.shell:Creating package script '/home/student36/RoboticsDesignProject/Git-repos/LeoRover-Team7/elephant_arm_ws/install/moveit_task_constructor_demo/share/moveit_task_constructor_demo/package.bash'
[5.349s] INFO:colcon.colcon_core.shell:Creating package script '/home/student36/RoboticsDesignProject/Git-repos/LeoRover-Team7/elephant_arm_ws/install/moveit_task_constructor_demo/share/moveit_task_constructor_demo/package.zsh'
[5.350s] Level 1:colcon.colcon_core.environment:create_file_with_runtime_dependencies(/home/student36/RoboticsDesignProject/Git-repos/LeoRover-Team7/elephant_arm_ws/install/moveit_task_constructor_demo/share/colcon-core/packages/moveit_task_constructor_demo)
[5.351s] Level 1:colcon.colcon_core.environment:create_environment_scripts_only(moveit_task_constructor_demo)
[5.351s] Level 1:colcon.colcon_core.environment:checking '/home/student36/RoboticsDesignProject/Git-repos/LeoRover-Team7/elephant_arm_ws/install/moveit_task_constructor_demo' for CMake module files
[5.352s] Level 1:colcon.colcon_core.environment:checking '/home/student36/RoboticsDesignProject/Git-repos/LeoRover-Team7/elephant_arm_ws/install/moveit_task_constructor_demo' for CMake config files
[5.352s] Level 1:colcon.colcon_core.shell:create_environment_hook('moveit_task_constructor_demo', 'cmake_prefix_path')
[5.353s] INFO:colcon.colcon_core.shell:Creating environment hook '/home/student36/RoboticsDesignProject/Git-repos/LeoRover-Team7/elephant_arm_ws/install/moveit_task_constructor_demo/share/moveit_task_constructor_demo/hook/cmake_prefix_path.ps1'
[5.354s] INFO:colcon.colcon_core.shell:Creating environment descriptor '/home/student36/RoboticsDesignProject/Git-repos/LeoRover-Team7/elephant_arm_ws/install/moveit_task_constructor_demo/share/moveit_task_constructor_demo/hook/cmake_prefix_path.dsv'
[5.354s] INFO:colcon.colcon_core.shell:Creating environment hook '/home/student36/RoboticsDesignProject/Git-repos/LeoRover-Team7/elephant_arm_ws/install/moveit_task_constructor_demo/share/moveit_task_constructor_demo/hook/cmake_prefix_path.sh'
[5.355s] Level 1:colcon.colcon_core.environment:checking '/home/student36/RoboticsDesignProject/Git-repos/LeoRover-Team7/elephant_arm_ws/install/moveit_task_constructor_demo/lib'
[5.355s] Level 1:colcon.colcon_core.shell:create_environment_hook('moveit_task_constructor_demo', 'ld_library_path_lib')
[5.355s] INFO:colcon.colcon_core.shell:Creating environment hook '/home/student36/RoboticsDesignProject/Git-repos/LeoRover-Team7/elephant_arm_ws/install/moveit_task_constructor_demo/share/moveit_task_constructor_demo/hook/ld_library_path_lib.ps1'
[5.356s] INFO:colcon.colcon_core.shell:Creating environment descriptor '/home/student36/RoboticsDesignProject/Git-repos/LeoRover-Team7/elephant_arm_ws/install/moveit_task_constructor_demo/share/moveit_task_constructor_demo/hook/ld_library_path_lib.dsv'
[5.357s] INFO:colcon.colcon_core.shell:Creating environment hook '/home/student36/RoboticsDesignProject/Git-repos/LeoRover-Team7/elephant_arm_ws/install/moveit_task_constructor_demo/share/moveit_task_constructor_demo/hook/ld_library_path_lib.sh'
[5.357s] Level 1:colcon.colcon_core.environment:checking '/home/student36/RoboticsDesignProject/Git-repos/LeoRover-Team7/elephant_arm_ws/install/moveit_task_constructor_demo/bin'
[5.357s] Level 1:colcon.colcon_core.environment:checking '/home/student36/RoboticsDesignProject/Git-repos/LeoRover-Team7/elephant_arm_ws/install/moveit_task_constructor_demo/lib/pkgconfig/moveit_task_constructor_demo.pc'
[5.358s] Level 1:colcon.colcon_core.environment:checking '/home/student36/RoboticsDesignProject/Git-repos/LeoRover-Team7/elephant_arm_ws/install/moveit_task_constructor_demo/lib/python3.12/site-packages'
[5.358s] Level 1:colcon.colcon_core.environment:checking '/home/student36/RoboticsDesignProject/Git-repos/LeoRover-Team7/elephant_arm_ws/install/moveit_task_constructor_demo/bin'
[5.358s] INFO:colcon.colcon_core.shell:Creating package script '/home/student36/RoboticsDesignProject/Git-repos/LeoRover-Team7/elephant_arm_ws/install/moveit_task_constructor_demo/share/moveit_task_constructor_demo/package.ps1'
[5.359s] INFO:colcon.colcon_core.shell:Creating package descriptor '/home/student36/RoboticsDesignProject/Git-repos/LeoRover-Team7/elephant_arm_ws/install/moveit_task_constructor_demo/share/moveit_task_constructor_demo/package.dsv'
[5.359s] INFO:colcon.colcon_core.shell:Creating package script '/home/student36/RoboticsDesignProject/Git-repos/LeoRover-Team7/elephant_arm_ws/install/moveit_task_constructor_demo/share/moveit_task_constructor_demo/package.sh'
[5.360s] INFO:colcon.colcon_core.shell:Creating package script '/home/student36/RoboticsDesignProject/Git-repos/LeoRover-Team7/elephant_arm_ws/install/moveit_task_constructor_demo/share/moveit_task_constructor_demo/package.bash'
[5.360s] INFO:colcon.colcon_core.shell:Creating package script '/home/student36/RoboticsDesignProject/Git-repos/LeoRover-Team7/elephant_arm_ws/install/moveit_task_constructor_demo/share/moveit_task_constructor_demo/package.zsh'
[5.360s] Level 1:colcon.colcon_core.environment:create_file_with_runtime_dependencies(/home/student36/RoboticsDesignProject/Git-repos/LeoRover-Team7/elephant_arm_ws/install/moveit_task_constructor_demo/share/colcon-core/packages/moveit_task_constructor_demo)
[5.361s] DEBUG:colcon.colcon_parallel_executor.executor.parallel:closing loop
[5.361s] DEBUG:colcon.colcon_parallel_executor.executor.parallel:loop closed
[5.361s] DEBUG:colcon.colcon_parallel_executor.executor.parallel:run_until_complete finished with '0'
[5.361s] DEBUG:colcon.colcon_core.event_reactor:joining thread
[5.377s] INFO:colcon.colcon_core.plugin_system:Skipping extension 'colcon_notification.desktop_notification.terminal_notifier': Not used on non-Darwin systems
[5.377s] INFO:colcon.colcon_core.plugin_system:Skipping extension 'colcon_notification.desktop_notification.win32': Not used on non-Windows systems
[5.377s] INFO:colcon.colcon_notification.desktop_notification:Sending desktop notification using 'notify2'
[5.411s] DEBUG:colcon.colcon_core.event_reactor:joined thread
[5.411s] INFO:colcon.colcon_core.shell:Creating prefix script '/home/student36/RoboticsDesignProject/Git-repos/LeoRover-Team7/elephant_arm_ws/install/local_setup.ps1'
[5.413s] INFO:colcon.colcon_core.shell:Creating prefix util module '/home/student36/RoboticsDesignProject/Git-repos/LeoRover-Team7/elephant_arm_ws/install/_local_setup_util_ps1.py'
[5.417s] INFO:colcon.colcon_core.shell:Creating prefix chain script '/home/student36/RoboticsDesignProject/Git-repos/LeoRover-Team7/elephant_arm_ws/install/setup.ps1'
[5.425s] INFO:colcon.colcon_core.shell:Creating prefix script '/home/student36/RoboticsDesignProject/Git-repos/LeoRover-Team7/elephant_arm_ws/install/local_setup.sh'
[5.427s] INFO:colcon.colcon_core.shell:Creating prefix util module '/home/student36/RoboticsDesignProject/Git-repos/LeoRover-Team7/elephant_arm_ws/install/_local_setup_util_sh.py'
[5.429s] INFO:colcon.colcon_core.shell:Creating prefix chain script '/home/student36/RoboticsDesignProject/Git-repos/LeoRover-Team7/elephant_arm_ws/install/setup.sh'
[5.436s] INFO:colcon.colcon_core.shell:Creating prefix script '/home/student36/RoboticsDesignProject/Git-repos/LeoRover-Team7/elephant_arm_ws/install/local_setup.bash'
[5.436s] INFO:colcon.colcon_core.shell:Creating prefix chain script '/home/student36/RoboticsDesignProject/Git-repos/LeoRover-Team7/elephant_arm_ws/install/setup.bash'
[5.441s] INFO:colcon.colcon_core.shell:Creating prefix script '/home/student36/RoboticsDesignProject/Git-repos/LeoRover-Team7/elephant_arm_ws/install/local_setup.zsh'
[5.441s] INFO:colcon.colcon_core.shell:Creating prefix chain script '/home/student36/RoboticsDesignProject/Git-repos/LeoRover-Team7/elephant_arm_ws/install/setup.zsh'
