[0.086s] Invoking command in '/home/student36/RoboticsDesignProject/Git-repos/LeoRover-Team7/elephant_arm_ws/build/moveit_task_constructor_msgs': CMAKE_PREFIX_PATH=${CMAKE_PREFIX_PATH}:/home/student36/ros2_tutorial_workspace/install/the_simplest_python_package:/home/student36/ros2_tutorial_workspace/install/python_package_with_a_node:/home/student36/ros2_tutorial_workspace/install/python_package_that_uses_the_library:/home/student36/ros2_tutorial_workspace/install/python_package_with_a_library:/home/student36/ros2_tutorial_workspace/install/python_package_that_uses_the_services:/home/student36/ros2_tutorial_workspace/install/python_package_that_uses_the_actions:/home/student36/ros2_tutorial_workspace/install/python_package_that_uses_tf2:/home/student36/ros2_tutorial_workspace/install/python_package_that_uses_parameters_and_launch_files:/home/student36/ros2_tutorial_workspace/install/python_package_that_uses_nottf2:/home/student36/ros2_tutorial_workspace/install/python_package_that_uses_nav2:/home/student36/ros2_tutorial_workspace/install/python_package_that_uses_messages:/home/student36/ros2_tutorial_workspace/install/python_package_that_uses_geometry_msgs:/home/student36/ros2_tutorial_workspace/install/python_package_that_uses_gazebo:/home/student36/ws_moveit/install/moveit_configs_utils:/home/student36/elephant_arm_ws/install/mycobot_description:/opt/ros/jazzy DEBUGINFOD_URLS=https://debuginfod.ubuntu.com /usr/bin/cmake /home/student36/RoboticsDesignProject/Git-repos/LeoRover-Team7/elephant_arm_ws/src/moveit_task_constructor/msgs -DCMAKE_INSTALL_PREFIX=/home/student36/RoboticsDesignProject/Git-repos/LeoRover-Team7/elephant_arm_ws/install/moveit_task_constructor_msgs
[0.195s] -- The C compiler identification is GNU 13.3.0
[0.277s] -- The CXX compiler identification is GNU 13.3.0
[0.298s] -- Detecting C compiler ABI info
[0.407s] -- Detecting C compiler ABI info - done
[0.447s] -- Check for working C compiler: /usr/bin/cc - skipped
[0.448s] -- Detecting C compile features
[0.448s] -- Detecting C compile features - done
[0.461s] -- Detecting CXX compiler ABI info
[0.627s] -- Detecting CXX compiler ABI info - done
[0.645s] -- Check for working CXX compiler: /usr/bin/c++ - skipped
[0.646s] -- Detecting CXX compile features
[0.646s] -- Detecting CXX compile features - done
[0.661s] -- Found ament_cmake: 2.5.5 (/opt/ros/jazzy/share/ament_cmake/cmake)
[1.027s] -- Found Python3: /usr/bin/python3 (found version "3.12.3") found components: Interpreter 
[1.288s] -- Found builtin_interfaces: 2.0.3 (/opt/ros/jazzy/share/builtin_interfaces/cmake)
[1.436s] -- Found rosidl_generator_c: 4.6.7 (/opt/ros/jazzy/share/rosidl_generator_c/cmake)
[1.455s] -- Found rosidl_generator_cpp: 4.6.7 (/opt/ros/jazzy/share/rosidl_generator_cpp/cmake)
[1.486s] -- Using all available rosidl_typesupport_c: rosidl_typesupport_fastrtps_c;rosidl_typesupport_introspection_c
[1.557s] -- Using all available rosidl_typesupport_cpp: rosidl_typesupport_fastrtps_cpp;rosidl_typesupport_introspection_cpp
[1.582s] -- Found moveit_msgs: 2.7.1 (/home/student36/ws_moveit/install/moveit_msgs/share/moveit_msgs/cmake)
[1.994s] -- Found rosidl_default_generators: 1.6.0 (/opt/ros/jazzy/share/rosidl_default_generators/cmake)
[2.067s] -- Found rosidl_adapter: 4.6.7 (/opt/ros/jazzy/share/rosidl_adapter/cmake)
[2.086s] -- Found visualization_msgs: 5.3.6 (/opt/ros/jazzy/share/visualization_msgs/cmake)
[3.414s] -- Found ament_cmake_ros: 0.12.0 (/opt/ros/jazzy/share/ament_cmake_ros/cmake)
[5.238s] -- Using all available rosidl_typesupport_c: rosidl_typesupport_fastrtps_c;rosidl_typesupport_introspection_c
[5.833s] -- Using all available rosidl_typesupport_cpp: rosidl_typesupport_fastrtps_cpp;rosidl_typesupport_introspection_cpp
[5.853s] -- Found python_cmake_module: 0.11.1 (/opt/ros/jazzy/share/python_cmake_module/cmake)
[6.077s] -- Found PythonExtra: /usr/bin/python3  
[6.904s] -- Found Python3: /usr/bin/python3 (found version "3.12.3") found components: Interpreter Development NumPy Development.Module Development.Embed 
[7.067s] -- Configuring done (7.0s)
[7.164s] -- Generating done (0.1s)
[7.185s] -- Build files have been written to: /home/student36/RoboticsDesignProject/Git-repos/LeoRover-Team7/elephant_arm_ws/build/moveit_task_constructor_msgs
[7.200s] Invoked command in '/home/student36/RoboticsDesignProject/Git-repos/LeoRover-Team7/elephant_arm_ws/build/moveit_task_constructor_msgs' returned '0': CMAKE_PREFIX_PATH=${CMAKE_PREFIX_PATH}:/home/student36/ros2_tutorial_workspace/install/the_simplest_python_package:/home/student36/ros2_tutorial_workspace/install/python_package_with_a_node:/home/student36/ros2_tutorial_workspace/install/python_package_that_uses_the_library:/home/student36/ros2_tutorial_workspace/install/python_package_with_a_library:/home/student36/ros2_tutorial_workspace/install/python_package_that_uses_the_services:/home/student36/ros2_tutorial_workspace/install/python_package_that_uses_the_actions:/home/student36/ros2_tutorial_workspace/install/python_package_that_uses_tf2:/home/student36/ros2_tutorial_workspace/install/python_package_that_uses_parameters_and_launch_files:/home/student36/ros2_tutorial_workspace/install/python_package_that_uses_nottf2:/home/student36/ros2_tutorial_workspace/install/python_package_that_uses_nav2:/home/student36/ros2_tutorial_workspace/install/python_package_that_uses_messages:/home/student36/ros2_tutorial_workspace/install/python_package_that_uses_geometry_msgs:/home/student36/ros2_tutorial_workspace/install/python_package_that_uses_gazebo:/home/student36/ws_moveit/install/moveit_configs_utils:/home/student36/elephant_arm_ws/install/mycobot_description:/opt/ros/jazzy DEBUGINFOD_URLS=https://debuginfod.ubuntu.com /usr/bin/cmake /home/student36/RoboticsDesignProject/Git-repos/LeoRover-Team7/elephant_arm_ws/src/moveit_task_constructor/msgs -DCMAKE_INSTALL_PREFIX=/home/student36/RoboticsDesignProject/Git-repos/LeoRover-Team7/elephant_arm_ws/install/moveit_task_constructor_msgs
[7.202s] Invoking command in '/home/student36/RoboticsDesignProject/Git-repos/LeoRover-Team7/elephant_arm_ws/build/moveit_task_constructor_msgs': CMAKE_PREFIX_PATH=${CMAKE_PREFIX_PATH}:/home/student36/ros2_tutorial_workspace/install/the_simplest_python_package:/home/student36/ros2_tutorial_workspace/install/python_package_with_a_node:/home/student36/ros2_tutorial_workspace/install/python_package_that_uses_the_library:/home/student36/ros2_tutorial_workspace/install/python_package_with_a_library:/home/student36/ros2_tutorial_workspace/install/python_package_that_uses_the_services:/home/student36/ros2_tutorial_workspace/install/python_package_that_uses_the_actions:/home/student36/ros2_tutorial_workspace/install/python_package_that_uses_tf2:/home/student36/ros2_tutorial_workspace/install/python_package_that_uses_parameters_and_launch_files:/home/student36/ros2_tutorial_workspace/install/python_package_that_uses_nottf2:/home/student36/ros2_tutorial_workspace/install/python_package_that_uses_nav2:/home/student36/ros2_tutorial_workspace/install/python_package_that_uses_messages:/home/student36/ros2_tutorial_workspace/install/python_package_that_uses_geometry_msgs:/home/student36/ros2_tutorial_workspace/install/python_package_that_uses_gazebo:/home/student36/ws_moveit/install/moveit_configs_utils:/home/student36/elephant_arm_ws/install/mycobot_description:/opt/ros/jazzy DEBUGINFOD_URLS=https://debuginfod.ubuntu.com /usr/bin/cmake --build /home/student36/RoboticsDesignProject/Git-repos/LeoRover-Team7/elephant_arm_ws/build/moveit_task_constructor_msgs -- -j12 -l12
[7.303s] [  1%] [34m[1mGenerating type hashes for ROS interfaces[0m
[7.324s] [  1%] Built target ament_cmake_python_copy_moveit_task_constructor_msgs
[7.650s] running egg_info
[7.651s] creating moveit_task_constructor_msgs.egg-info
[7.695s] writing moveit_task_constructor_msgs.egg-info/PKG-INFO
[7.695s] writing dependency_links to moveit_task_constructor_msgs.egg-info/dependency_links.txt
[7.695s] writing top-level names to moveit_task_constructor_msgs.egg-info/top_level.txt
[7.696s] writing manifest file 'moveit_task_constructor_msgs.egg-info/SOURCES.txt'
[7.834s] reading manifest file 'moveit_task_constructor_msgs.egg-info/SOURCES.txt'
[7.835s] writing manifest file 'moveit_task_constructor_msgs.egg-info/SOURCES.txt'
[7.878s] [  1%] Built target ament_cmake_python_build_moveit_task_constructor_msgs_egg
[8.082s] [  1%] Built target moveit_task_constructor_msgs__rosidl_generator_type_description
[8.101s] [  2%] [34m[1mGenerating C code for ROS interfaces[0m
[8.132s] [  2%] [34m[1mGenerating C++ code for ROS interfaces[0m
[9.252s] [  2%] Built target moveit_task_constructor_msgs__cpp
[9.643s] [  2%] [32mBuilding C object CMakeFiles/moveit_task_constructor_msgs__rosidl_generator_c.dir/rosidl_generator_c/moveit_task_constructor_msgs/msg/detail/property__description.c.o[0m
[9.644s] [  5%] [32mBuilding C object CMakeFiles/moveit_task_constructor_msgs__rosidl_generator_c.dir/rosidl_generator_c/moveit_task_constructor_msgs/msg/detail/solution__functions.c.o[0m
[9.644s] [  5%] [32mBuilding C object CMakeFiles/moveit_task_constructor_msgs__rosidl_generator_c.dir/rosidl_generator_c/moveit_task_constructor_msgs/msg/detail/solution__description.c.o[0m
[9.644s] [  5%] [32mBuilding C object CMakeFiles/moveit_task_constructor_msgs__rosidl_generator_c.dir/rosidl_generator_c/moveit_task_constructor_msgs/msg/detail/solution_info__type_support.c.o[0m
[9.647s] [  5%] [32mBuilding C object CMakeFiles/moveit_task_constructor_msgs__rosidl_generator_c.dir/rosidl_generator_c/moveit_task_constructor_msgs/msg/detail/property__type_support.c.o[0m
[9.647s] [  6%] [32mBuilding C object CMakeFiles/moveit_task_constructor_msgs__rosidl_generator_c.dir/rosidl_generator_c/moveit_task_constructor_msgs/msg/detail/solution__type_support.c.o[0m
[9.647s] [  6%] [32mBuilding C object CMakeFiles/moveit_task_constructor_msgs__rosidl_generator_c.dir/rosidl_generator_c/moveit_task_constructor_msgs/msg/detail/solution_info__description.c.o[0m
[9.647s] [  6%] [32mBuilding C object CMakeFiles/moveit_task_constructor_msgs__rosidl_generator_c.dir/rosidl_generator_c/moveit_task_constructor_msgs/msg/detail/stage_description__functions.c.o[0m
[9.647s] [  9%] [32mBuilding C object CMakeFiles/moveit_task_constructor_msgs__rosidl_generator_c.dir/rosidl_generator_c/moveit_task_constructor_msgs/msg/detail/stage_description__description.c.o[0m
[9.647s] [  9%] [32mBuilding C object CMakeFiles/moveit_task_constructor_msgs__rosidl_generator_c.dir/rosidl_generator_c/moveit_task_constructor_msgs/msg/detail/property__functions.c.o[0m
[9.647s] [  9%] [32mBuilding C object CMakeFiles/moveit_task_constructor_msgs__rosidl_generator_c.dir/rosidl_generator_c/moveit_task_constructor_msgs/msg/detail/solution_info__functions.c.o[0m
[9.650s] [ 10%] [32mBuilding C object CMakeFiles/moveit_task_constructor_msgs__rosidl_generator_c.dir/rosidl_generator_c/moveit_task_constructor_msgs/msg/detail/stage_description__type_support.c.o[0m
[9.691s] [ 11%] [32mBuilding C object CMakeFiles/moveit_task_constructor_msgs__rosidl_generator_c.dir/rosidl_generator_c/moveit_task_constructor_msgs/msg/detail/stage_statistics__description.c.o[0m
[9.697s] [ 11%] [32mBuilding C object CMakeFiles/moveit_task_constructor_msgs__rosidl_generator_c.dir/rosidl_generator_c/moveit_task_constructor_msgs/msg/detail/stage_statistics__functions.c.o[0m
[9.699s] [ 12%] [32mBuilding C object CMakeFiles/moveit_task_constructor_msgs__rosidl_generator_c.dir/rosidl_generator_c/moveit_task_constructor_msgs/msg/detail/stage_statistics__type_support.c.o[0m
[9.706s] [ 13%] [32mBuilding C object CMakeFiles/moveit_task_constructor_msgs__rosidl_generator_c.dir/rosidl_generator_c/moveit_task_constructor_msgs/msg/detail/sub_solution__description.c.o[0m
[9.706s] [ 13%] [32mBuilding C object CMakeFiles/moveit_task_constructor_msgs__rosidl_generator_c.dir/rosidl_generator_c/moveit_task_constructor_msgs/msg/detail/sub_solution__functions.c.o[0m
[9.746s] [ 14%] [32mBuilding C object CMakeFiles/moveit_task_constructor_msgs__rosidl_generator_c.dir/rosidl_generator_c/moveit_task_constructor_msgs/msg/detail/sub_solution__type_support.c.o[0m
[9.752s] [ 15%] [32mBuilding C object CMakeFiles/moveit_task_constructor_msgs__rosidl_generator_c.dir/rosidl_generator_c/moveit_task_constructor_msgs/msg/detail/sub_trajectory__description.c.o[0m
[9.755s] [ 15%] [32mBuilding C object CMakeFiles/moveit_task_constructor_msgs__rosidl_generator_c.dir/rosidl_generator_c/moveit_task_constructor_msgs/msg/detail/sub_trajectory__functions.c.o[0m
[9.761s] [ 16%] [32mBuilding C object CMakeFiles/moveit_task_constructor_msgs__rosidl_generator_c.dir/rosidl_generator_c/moveit_task_constructor_msgs/msg/detail/sub_trajectory__type_support.c.o[0m
[9.768s] [ 17%] [32mBuilding C object CMakeFiles/moveit_task_constructor_msgs__rosidl_generator_c.dir/rosidl_generator_c/moveit_task_constructor_msgs/msg/detail/task_description__description.c.o[0m
[9.776s] [ 18%] [32mBuilding C object CMakeFiles/moveit_task_constructor_msgs__rosidl_generator_c.dir/rosidl_generator_c/moveit_task_constructor_msgs/msg/detail/task_description__functions.c.o[0m
[9.784s] [ 18%] [32mBuilding C object CMakeFiles/moveit_task_constructor_msgs__rosidl_generator_c.dir/rosidl_generator_c/moveit_task_constructor_msgs/msg/detail/task_description__type_support.c.o[0m
[9.789s] [ 19%] [32mBuilding C object CMakeFiles/moveit_task_constructor_msgs__rosidl_generator_c.dir/rosidl_generator_c/moveit_task_constructor_msgs/msg/detail/task_statistics__description.c.o[0m
[9.797s] [ 20%] [32mBuilding C object CMakeFiles/moveit_task_constructor_msgs__rosidl_generator_c.dir/rosidl_generator_c/moveit_task_constructor_msgs/msg/detail/trajectory_execution_info__description.c.o[0m
[9.801s] [ 21%] [32mBuilding C object CMakeFiles/moveit_task_constructor_msgs__rosidl_generator_c.dir/rosidl_generator_c/moveit_task_constructor_msgs/msg/detail/task_statistics__functions.c.o[0m
[9.801s] [ 21%] [32mBuilding C object CMakeFiles/moveit_task_constructor_msgs__rosidl_generator_c.dir/rosidl_generator_c/moveit_task_constructor_msgs/msg/detail/task_statistics__type_support.c.o[0m
[9.808s] [ 21%] [32mBuilding C object CMakeFiles/moveit_task_constructor_msgs__rosidl_generator_c.dir/rosidl_generator_c/moveit_task_constructor_msgs/msg/detail/trajectory_execution_info__type_support.c.o[0m
[9.809s] [ 22%] [32mBuilding C object CMakeFiles/moveit_task_constructor_msgs__rosidl_generator_c.dir/rosidl_generator_c/moveit_task_constructor_msgs/msg/detail/trajectory_execution_info__functions.c.o[0m
[9.845s] [ 23%] [32mBuilding C object CMakeFiles/moveit_task_constructor_msgs__rosidl_generator_c.dir/rosidl_generator_c/moveit_task_constructor_msgs/srv/detail/get_solution__description.c.o[0m
[9.865s] [ 24%] [32mBuilding C object CMakeFiles/moveit_task_constructor_msgs__rosidl_generator_c.dir/rosidl_generator_c/moveit_task_constructor_msgs/srv/detail/get_solution__functions.c.o[0m
[9.868s] [ 25%] [32mBuilding C object CMakeFiles/moveit_task_constructor_msgs__rosidl_generator_c.dir/rosidl_generator_c/moveit_task_constructor_msgs/action/detail/execute_task_solution__functions.c.o[0m
[9.869s] [ 26%] [32mBuilding C object CMakeFiles/moveit_task_constructor_msgs__rosidl_generator_c.dir/rosidl_generator_c/moveit_task_constructor_msgs/srv/detail/get_solution__type_support.c.o[0m
[9.869s] [ 26%] [32mBuilding C object CMakeFiles/moveit_task_constructor_msgs__rosidl_generator_c.dir/rosidl_generator_c/moveit_task_constructor_msgs/action/detail/execute_task_solution__description.c.o[0m
[9.876s] [ 27%] [32mBuilding C object CMakeFiles/moveit_task_constructor_msgs__rosidl_generator_c.dir/rosidl_generator_c/moveit_task_constructor_msgs/action/detail/execute_task_solution__type_support.c.o[0m
[10.126s] [ 27%] [32m[1mLinking C shared library libmoveit_task_constructor_msgs__rosidl_generator_c.so[0m
[10.199s] [ 27%] Built target moveit_task_constructor_msgs__rosidl_generator_c
[10.220s] [ 27%] [34m[1mGenerating C++ introspection for ROS interfaces[0m
[10.223s] [ 28%] [34m[1mGenerating C++ type support for eProsima Fast-RTPS[0m
[10.233s] [ 29%] [34m[1mGenerating C introspection for ROS interfaces[0m
[10.233s] [ 30%] [34m[1mGenerating C type support dispatch for ROS interfaces[0m
[10.234s] [ 30%] [34m[1mGenerating C++ type support dispatch for ROS interfaces[0m
[10.237s] [ 31%] [34m[1mGenerating C type support for eProsima Fast-RTPS[0m
[10.955s] [ 34%] [32mBuilding CXX object CMakeFiles/moveit_task_constructor_msgs__rosidl_typesupport_cpp.dir/rosidl_typesupport_cpp/moveit_task_constructor_msgs/msg/solution_info__type_support.cpp.o[0m
[10.956s] [ 34%] [32mBuilding CXX object CMakeFiles/moveit_task_constructor_msgs__rosidl_typesupport_cpp.dir/rosidl_typesupport_cpp/moveit_task_constructor_msgs/msg/property__type_support.cpp.o[0m
[10.956s] [ 34%] [32mBuilding CXX object CMakeFiles/moveit_task_constructor_msgs__rosidl_typesupport_cpp.dir/rosidl_typesupport_cpp/moveit_task_constructor_msgs/msg/solution__type_support.cpp.o[0m
[10.959s] [ 35%] [32mBuilding CXX object CMakeFiles/moveit_task_constructor_msgs__rosidl_typesupport_cpp.dir/rosidl_typesupport_cpp/moveit_task_constructor_msgs/msg/stage_statistics__type_support.cpp.o[0m
[10.962s] [ 35%] [32mBuilding CXX object CMakeFiles/moveit_task_constructor_msgs__rosidl_typesupport_cpp.dir/rosidl_typesupport_cpp/moveit_task_constructor_msgs/msg/stage_description__type_support.cpp.o[0m
[10.965s] [ 36%] [32mBuilding CXX object CMakeFiles/moveit_task_constructor_msgs__rosidl_typesupport_cpp.dir/rosidl_typesupport_cpp/moveit_task_constructor_msgs/msg/sub_solution__type_support.cpp.o[0m
[10.979s] [ 36%] [32mBuilding CXX object CMakeFiles/moveit_task_constructor_msgs__rosidl_typesupport_cpp.dir/rosidl_typesupport_cpp/moveit_task_constructor_msgs/msg/sub_trajectory__type_support.cpp.o[0m
[11.385s] [ 37%] [32mBuilding CXX object CMakeFiles/moveit_task_constructor_msgs__rosidl_typesupport_cpp.dir/rosidl_typesupport_cpp/moveit_task_constructor_msgs/msg/task_description__type_support.cpp.o[0m
[11.505s] [ 38%] [32mBuilding CXX object CMakeFiles/moveit_task_constructor_msgs__rosidl_typesupport_cpp.dir/rosidl_typesupport_cpp/moveit_task_constructor_msgs/msg/task_statistics__type_support.cpp.o[0m
[11.511s] [ 38%] [32mBuilding CXX object CMakeFiles/moveit_task_constructor_msgs__rosidl_typesupport_cpp.dir/rosidl_typesupport_cpp/moveit_task_constructor_msgs/msg/trajectory_execution_info__type_support.cpp.o[0m
[11.579s] [ 39%] [32mBuilding CXX object CMakeFiles/moveit_task_constructor_msgs__rosidl_typesupport_cpp.dir/rosidl_typesupport_cpp/moveit_task_constructor_msgs/srv/get_solution__type_support.cpp.o[0m
[11.610s] [ 39%] [32mBuilding CXX object CMakeFiles/moveit_task_constructor_msgs__rosidl_typesupport_c.dir/rosidl_typesupport_c/moveit_task_constructor_msgs/msg/property__type_support.cpp.o[0m
[11.678s] [ 40%] [32mBuilding CXX object CMakeFiles/moveit_task_constructor_msgs__rosidl_typesupport_c.dir/rosidl_typesupport_c/moveit_task_constructor_msgs/msg/solution__type_support.cpp.o[0m
[11.739s] [ 41%] [32mBuilding CXX object CMakeFiles/moveit_task_constructor_msgs__rosidl_typesupport_c.dir/rosidl_typesupport_c/moveit_task_constructor_msgs/msg/solution_info__type_support.cpp.o[0m
[11.774s] [ 42%] [32mBuilding CXX object CMakeFiles/moveit_task_constructor_msgs__rosidl_typesupport_cpp.dir/rosidl_typesupport_cpp/moveit_task_constructor_msgs/action/execute_task_solution__type_support.cpp.o[0m
[11.794s] [ 42%] [32mBuilding CXX object CMakeFiles/moveit_task_constructor_msgs__rosidl_typesupport_c.dir/rosidl_typesupport_c/moveit_task_constructor_msgs/msg/stage_description__type_support.cpp.o[0m
[11.796s] [ 43%] [32mBuilding CXX object CMakeFiles/moveit_task_constructor_msgs__rosidl_typesupport_c.dir/rosidl_typesupport_c/moveit_task_constructor_msgs/msg/stage_statistics__type_support.cpp.o[0m
[11.863s] [ 44%] [32mBuilding CXX object CMakeFiles/moveit_task_constructor_msgs__rosidl_typesupport_introspection_cpp.dir/rosidl_typesupport_introspection_cpp/moveit_task_constructor_msgs/msg/detail/property__type_support.cpp.o[0m
[11.875s] [ 45%] [32mBuilding CXX object CMakeFiles/moveit_task_constructor_msgs__rosidl_typesupport_introspection_cpp.dir/rosidl_typesupport_introspection_cpp/moveit_task_constructor_msgs/msg/detail/solution__type_support.cpp.o[0m
[11.888s] [ 46%] [32mBuilding CXX object CMakeFiles/moveit_task_constructor_msgs__rosidl_typesupport_c.dir/rosidl_typesupport_c/moveit_task_constructor_msgs/msg/sub_solution__type_support.cpp.o[0m
[11.905s] [ 46%] [32mBuilding CXX object CMakeFiles/moveit_task_constructor_msgs__rosidl_typesupport_introspection_cpp.dir/rosidl_typesupport_introspection_cpp/moveit_task_constructor_msgs/msg/detail/solution_info__type_support.cpp.o[0m
[11.910s] [ 47%] [32mBuilding CXX object CMakeFiles/moveit_task_constructor_msgs__rosidl_typesupport_c.dir/rosidl_typesupport_c/moveit_task_constructor_msgs/msg/sub_trajectory__type_support.cpp.o[0m
[12.045s] [ 47%] [32mBuilding CXX object CMakeFiles/moveit_task_constructor_msgs__rosidl_typesupport_c.dir/rosidl_typesupport_c/moveit_task_constructor_msgs/msg/task_description__type_support.cpp.o[0m
[12.050s] [ 48%] [32mBuilding CXX object CMakeFiles/moveit_task_constructor_msgs__rosidl_typesupport_introspection_cpp.dir/rosidl_typesupport_introspection_cpp/moveit_task_constructor_msgs/msg/detail/stage_description__type_support.cpp.o[0m
[12.114s] [ 49%] [32mBuilding CXX object CMakeFiles/moveit_task_constructor_msgs__rosidl_typesupport_introspection_cpp.dir/rosidl_typesupport_introspection_cpp/moveit_task_constructor_msgs/msg/detail/stage_statistics__type_support.cpp.o[0m
[12.160s] [ 50%] [32mBuilding CXX object CMakeFiles/moveit_task_constructor_msgs__rosidl_typesupport_c.dir/rosidl_typesupport_c/moveit_task_constructor_msgs/msg/task_statistics__type_support.cpp.o[0m
[12.211s] [ 50%] [32mBuilding C object CMakeFiles/moveit_task_constructor_msgs__rosidl_typesupport_introspection_c.dir/rosidl_typesupport_introspection_c/moveit_task_constructor_msgs/msg/detail/property__type_support.c.o[0m
[12.237s] [ 50%] [32mBuilding CXX object CMakeFiles/moveit_task_constructor_msgs__rosidl_typesupport_introspection_cpp.dir/rosidl_typesupport_introspection_cpp/moveit_task_constructor_msgs/msg/detail/sub_solution__type_support.cpp.o[0m
[12.242s] [ 51%] [32mBuilding CXX object CMakeFiles/moveit_task_constructor_msgs__rosidl_typesupport_c.dir/rosidl_typesupport_c/moveit_task_constructor_msgs/msg/trajectory_execution_info__type_support.cpp.o[0m
[12.307s] [ 52%] [32mBuilding C object CMakeFiles/moveit_task_constructor_msgs__rosidl_typesupport_introspection_c.dir/rosidl_typesupport_introspection_c/moveit_task_constructor_msgs/msg/detail/solution__type_support.c.o[0m
[12.340s] [ 52%] [32mBuilding CXX object CMakeFiles/moveit_task_constructor_msgs__rosidl_typesupport_c.dir/rosidl_typesupport_c/moveit_task_constructor_msgs/srv/get_solution__type_support.cpp.o[0m
[12.470s] [ 53%] [32mBuilding C object CMakeFiles/moveit_task_constructor_msgs__rosidl_typesupport_introspection_c.dir/rosidl_typesupport_introspection_c/moveit_task_constructor_msgs/msg/detail/solution_info__type_support.c.o[0m
[12.524s] [ 53%] [32mBuilding C object CMakeFiles/moveit_task_constructor_msgs__rosidl_typesupport_introspection_c.dir/rosidl_typesupport_introspection_c/moveit_task_constructor_msgs/msg/detail/stage_description__type_support.c.o[0m
[12.527s] [ 54%] [32mBuilding CXX object CMakeFiles/moveit_task_constructor_msgs__rosidl_typesupport_c.dir/rosidl_typesupport_c/moveit_task_constructor_msgs/action/execute_task_solution__type_support.cpp.o[0m
[12.556s] [ 55%] [32mBuilding CXX object CMakeFiles/moveit_task_constructor_msgs__rosidl_typesupport_introspection_cpp.dir/rosidl_typesupport_introspection_cpp/moveit_task_constructor_msgs/msg/detail/sub_trajectory__type_support.cpp.o[0m
[12.650s] [ 56%] [32mBuilding C object CMakeFiles/moveit_task_constructor_msgs__rosidl_typesupport_introspection_c.dir/rosidl_typesupport_introspection_c/moveit_task_constructor_msgs/msg/detail/stage_statistics__type_support.c.o[0m
[12.684s] [ 57%] [32m[1mLinking CXX shared library libmoveit_task_constructor_msgs__rosidl_typesupport_c.so[0m
[12.750s] [ 58%] [32mBuilding C object CMakeFiles/moveit_task_constructor_msgs__rosidl_typesupport_introspection_c.dir/rosidl_typesupport_introspection_c/moveit_task_constructor_msgs/msg/detail/sub_solution__type_support.c.o[0m
[12.759s] [ 59%] [32mBuilding CXX object CMakeFiles/moveit_task_constructor_msgs__rosidl_typesupport_introspection_cpp.dir/rosidl_typesupport_introspection_cpp/moveit_task_constructor_msgs/msg/detail/task_statistics__type_support.cpp.o[0m
[12.760s] [ 60%] [32mBuilding CXX object CMakeFiles/moveit_task_constructor_msgs__rosidl_typesupport_introspection_cpp.dir/rosidl_typesupport_introspection_cpp/moveit_task_constructor_msgs/msg/detail/task_description__type_support.cpp.o[0m
[12.795s] [ 60%] Built target moveit_task_constructor_msgs__rosidl_typesupport_c
[12.810s] [ 62%] [32mBuilding CXX object CMakeFiles/moveit_task_constructor_msgs__rosidl_typesupport_fastrtps_c.dir/rosidl_typesupport_fastrtps_c/moveit_task_constructor_msgs/msg/detail/solution__type_support_c.cpp.o[0m
[12.811s] [ 62%] [32mBuilding CXX object CMakeFiles/moveit_task_constructor_msgs__rosidl_typesupport_fastrtps_cpp.dir/rosidl_typesupport_fastrtps_cpp/moveit_task_constructor_msgs/msg/detail/dds_fastrtps/property__type_support.cpp.o[0m
[12.825s] [ 63%] [32mBuilding CXX object CMakeFiles/moveit_task_constructor_msgs__rosidl_typesupport_fastrtps_c.dir/rosidl_typesupport_fastrtps_c/moveit_task_constructor_msgs/msg/detail/property__type_support_c.cpp.o[0m
[12.838s] [ 63%] [32mBuilding C object CMakeFiles/moveit_task_constructor_msgs__rosidl_typesupport_introspection_c.dir/rosidl_typesupport_introspection_c/moveit_task_constructor_msgs/msg/detail/sub_trajectory__type_support.c.o[0m
[12.975s] [ 64%] [32mBuilding C object CMakeFiles/moveit_task_constructor_msgs__rosidl_typesupport_introspection_c.dir/rosidl_typesupport_introspection_c/moveit_task_constructor_msgs/msg/detail/task_description__type_support.c.o[0m
[13.044s] [ 64%] [32mBuilding CXX object CMakeFiles/moveit_task_constructor_msgs__rosidl_typesupport_fastrtps_c.dir/rosidl_typesupport_fastrtps_c/moveit_task_constructor_msgs/msg/detail/solution_info__type_support_c.cpp.o[0m
[13.058s] [ 65%] [32mBuilding C object CMakeFiles/moveit_task_constructor_msgs__rosidl_typesupport_introspection_c.dir/rosidl_typesupport_introspection_c/moveit_task_constructor_msgs/msg/detail/task_statistics__type_support.c.o[0m
[13.077s] [ 65%] [32mBuilding CXX object CMakeFiles/moveit_task_constructor_msgs__rosidl_typesupport_fastrtps_cpp.dir/rosidl_typesupport_fastrtps_cpp/moveit_task_constructor_msgs/msg/detail/dds_fastrtps/solution__type_support.cpp.o[0m
[13.133s] [ 66%] [32mBuilding C object CMakeFiles/moveit_task_constructor_msgs__rosidl_typesupport_introspection_c.dir/rosidl_typesupport_introspection_c/moveit_task_constructor_msgs/msg/detail/trajectory_execution_info__type_support.c.o[0m
[13.205s] [ 66%] [32mBuilding C object CMakeFiles/moveit_task_constructor_msgs__rosidl_typesupport_introspection_c.dir/rosidl_typesupport_introspection_c/moveit_task_constructor_msgs/srv/detail/get_solution__type_support.c.o[0m
[13.319s] [ 67%] [32mBuilding C object CMakeFiles/moveit_task_constructor_msgs__rosidl_typesupport_introspection_c.dir/rosidl_typesupport_introspection_c/moveit_task_constructor_msgs/action/detail/execute_task_solution__type_support.c.o[0m
[13.570s] [ 68%] [32mBuilding CXX object CMakeFiles/moveit_task_constructor_msgs__rosidl_typesupport_fastrtps_c.dir/rosidl_typesupport_fastrtps_c/moveit_task_constructor_msgs/msg/detail/stage_description__type_support_c.cpp.o[0m
[13.571s] [ 69%] [32mBuilding CXX object CMakeFiles/moveit_task_constructor_msgs__rosidl_typesupport_fastrtps_cpp.dir/rosidl_typesupport_fastrtps_cpp/moveit_task_constructor_msgs/msg/detail/dds_fastrtps/solution_info__type_support.cpp.o[0m
[13.636s] [ 70%] [32m[1mLinking C shared library libmoveit_task_constructor_msgs__rosidl_typesupport_introspection_c.so[0m
[13.687s] [ 71%] [32mBuilding CXX object CMakeFiles/moveit_task_constructor_msgs__rosidl_typesupport_fastrtps_c.dir/rosidl_typesupport_fastrtps_c/moveit_task_constructor_msgs/msg/detail/stage_statistics__type_support_c.cpp.o[0m
[13.786s] [ 71%] Built target moveit_task_constructor_msgs__rosidl_typesupport_introspection_c
[13.801s] [ 71%] [32mBuilding CXX object CMakeFiles/moveit_task_constructor_msgs__rosidl_typesupport_introspection_cpp.dir/rosidl_typesupport_introspection_cpp/moveit_task_constructor_msgs/msg/detail/trajectory_execution_info__type_support.cpp.o[0m
[13.915s] [ 72%] [32mBuilding CXX object CMakeFiles/moveit_task_constructor_msgs__rosidl_typesupport_introspection_cpp.dir/rosidl_typesupport_introspection_cpp/moveit_task_constructor_msgs/srv/detail/get_solution__type_support.cpp.o[0m
[13.947s] [ 73%] [32mBuilding CXX object CMakeFiles/moveit_task_constructor_msgs__rosidl_typesupport_fastrtps_cpp.dir/rosidl_typesupport_fastrtps_cpp/moveit_task_constructor_msgs/msg/detail/dds_fastrtps/stage_description__type_support.cpp.o[0m
[13.948s] [ 74%] [32mBuilding CXX object CMakeFiles/moveit_task_constructor_msgs__rosidl_typesupport_introspection_cpp.dir/rosidl_typesupport_introspection_cpp/moveit_task_constructor_msgs/action/detail/execute_task_solution__type_support.cpp.o[0m
[14.245s] [ 74%] [32mBuilding CXX object CMakeFiles/moveit_task_constructor_msgs__rosidl_typesupport_fastrtps_c.dir/rosidl_typesupport_fastrtps_c/moveit_task_constructor_msgs/msg/detail/sub_solution__type_support_c.cpp.o[0m
[14.407s] [ 75%] [32mBuilding CXX object CMakeFiles/moveit_task_constructor_msgs__rosidl_typesupport_fastrtps_c.dir/rosidl_typesupport_fastrtps_c/moveit_task_constructor_msgs/msg/detail/sub_trajectory__type_support_c.cpp.o[0m
[14.488s] [ 75%] [32mBuilding CXX object CMakeFiles/moveit_task_constructor_msgs__rosidl_typesupport_fastrtps_cpp.dir/rosidl_typesupport_fastrtps_cpp/moveit_task_constructor_msgs/msg/detail/dds_fastrtps/stage_statistics__type_support.cpp.o[0m
[14.543s] [ 76%] [32mBuilding CXX object CMakeFiles/moveit_task_constructor_msgs__rosidl_typesupport_fastrtps_cpp.dir/rosidl_typesupport_fastrtps_cpp/moveit_task_constructor_msgs/msg/detail/dds_fastrtps/sub_solution__type_support.cpp.o[0m
[14.557s] [ 77%] [32mBuilding CXX object CMakeFiles/moveit_task_constructor_msgs__rosidl_typesupport_fastrtps_c.dir/rosidl_typesupport_fastrtps_c/moveit_task_constructor_msgs/msg/detail/task_description__type_support_c.cpp.o[0m
[14.853s] [ 78%] [32mBuilding CXX object CMakeFiles/moveit_task_constructor_msgs__rosidl_typesupport_fastrtps_cpp.dir/rosidl_typesupport_fastrtps_cpp/moveit_task_constructor_msgs/msg/detail/dds_fastrtps/sub_trajectory__type_support.cpp.o[0m
[14.894s] [ 78%] [32m[1mLinking CXX shared library libmoveit_task_constructor_msgs__rosidl_typesupport_cpp.so[0m
[15.107s] [ 78%] [32mBuilding CXX object CMakeFiles/moveit_task_constructor_msgs__rosidl_typesupport_fastrtps_cpp.dir/rosidl_typesupport_fastrtps_cpp/moveit_task_constructor_msgs/msg/detail/dds_fastrtps/task_description__type_support.cpp.o[0m
[15.186s] [ 78%] Built target moveit_task_constructor_msgs__rosidl_typesupport_cpp
[15.204s] [ 78%] [32mBuilding CXX object CMakeFiles/moveit_task_constructor_msgs__rosidl_typesupport_fastrtps_c.dir/rosidl_typesupport_fastrtps_c/moveit_task_constructor_msgs/msg/detail/task_statistics__type_support_c.cpp.o[0m
[15.265s] [ 79%] [32mBuilding CXX object CMakeFiles/moveit_task_constructor_msgs__rosidl_typesupport_fastrtps_cpp.dir/rosidl_typesupport_fastrtps_cpp/moveit_task_constructor_msgs/msg/detail/dds_fastrtps/task_statistics__type_support.cpp.o[0m
[15.384s] [ 80%] [32mBuilding CXX object CMakeFiles/moveit_task_constructor_msgs__rosidl_typesupport_fastrtps_cpp.dir/rosidl_typesupport_fastrtps_cpp/moveit_task_constructor_msgs/msg/detail/dds_fastrtps/trajectory_execution_info__type_support.cpp.o[0m
[15.397s] [ 81%] [32mBuilding CXX object CMakeFiles/moveit_task_constructor_msgs__rosidl_typesupport_fastrtps_c.dir/rosidl_typesupport_fastrtps_c/moveit_task_constructor_msgs/msg/detail/trajectory_execution_info__type_support_c.cpp.o[0m
[15.409s] [ 82%] [32mBuilding CXX object CMakeFiles/moveit_task_constructor_msgs__rosidl_typesupport_fastrtps_c.dir/rosidl_typesupport_fastrtps_c/moveit_task_constructor_msgs/srv/detail/get_solution__type_support_c.cpp.o[0m
[15.610s] [ 83%] [32mBuilding CXX object CMakeFiles/moveit_task_constructor_msgs__rosidl_typesupport_fastrtps_cpp.dir/rosidl_typesupport_fastrtps_cpp/moveit_task_constructor_msgs/srv/detail/dds_fastrtps/get_solution__type_support.cpp.o[0m
[15.707s] [ 83%] [32mBuilding CXX object CMakeFiles/moveit_task_constructor_msgs__rosidl_typesupport_fastrtps_c.dir/rosidl_typesupport_fastrtps_c/moveit_task_constructor_msgs/action/detail/execute_task_solution__type_support_c.cpp.o[0m
[15.899s] [ 83%] [32mBuilding CXX object CMakeFiles/moveit_task_constructor_msgs__rosidl_typesupport_fastrtps_cpp.dir/rosidl_typesupport_fastrtps_cpp/moveit_task_constructor_msgs/action/detail/dds_fastrtps/execute_task_solution__type_support.cpp.o[0m
[16.749s] [ 84%] [32m[1mLinking CXX shared library libmoveit_task_constructor_msgs__rosidl_typesupport_fastrtps_c.so[0m
[16.933s] [ 84%] Built target moveit_task_constructor_msgs__rosidl_typesupport_fastrtps_c
[18.029s] [ 84%] [32m[1mLinking CXX shared library libmoveit_task_constructor_msgs__rosidl_typesupport_introspection_cpp.so[0m
[18.122s] [ 85%] [32m[1mLinking CXX shared library libmoveit_task_constructor_msgs__rosidl_typesupport_fastrtps_cpp.so[0m
[18.294s] [ 85%] Built target moveit_task_constructor_msgs__rosidl_typesupport_introspection_cpp
[18.330s] [ 85%] Built target moveit_task_constructor_msgs__rosidl_typesupport_fastrtps_cpp
[18.363s] [ 85%] Built target moveit_task_constructor_msgs
[18.395s] [ 86%] [34m[1mGenerating Python code for ROS interfaces[0m
[19.885s] [ 86%] Built target moveit_task_constructor_msgs__py
[19.933s] [ 87%] [32mBuilding C object CMakeFiles/moveit_task_constructor_msgs__rosidl_generator_py.dir/rosidl_generator_py/moveit_task_constructor_msgs/msg/_solution_info_s.c.o[0m
[19.934s] [ 87%] [32mBuilding C object CMakeFiles/moveit_task_constructor_msgs__rosidl_generator_py.dir/rosidl_generator_py/moveit_task_constructor_msgs/msg/_sub_trajectory_s.c.o[0m
[19.934s] [ 87%] [32mBuilding C object CMakeFiles/moveit_task_constructor_msgs__rosidl_generator_py.dir/rosidl_generator_py/moveit_task_constructor_msgs/msg/_sub_solution_s.c.o[0m
[19.936s] [ 88%] [32mBuilding C object CMakeFiles/moveit_task_constructor_msgs__rosidl_generator_py.dir/rosidl_generator_py/moveit_task_constructor_msgs/msg/_stage_statistics_s.c.o[0m
[19.937s] [ 89%] [32mBuilding C object CMakeFiles/moveit_task_constructor_msgs__rosidl_generator_py.dir/rosidl_generator_py/moveit_task_constructor_msgs/msg/_task_statistics_s.c.o[0m
[19.943s] [ 90%] [32mBuilding C object CMakeFiles/moveit_task_constructor_msgs__rosidl_generator_py.dir/rosidl_generator_py/moveit_task_constructor_msgs/msg/_solution_s.c.o[0m
[19.944s] [ 91%] [32mBuilding C object CMakeFiles/moveit_task_constructor_msgs__rosidl_generator_py.dir/rosidl_generator_py/moveit_task_constructor_msgs/msg/_property_s.c.o[0m
[19.948s] [ 92%] [32mBuilding C object CMakeFiles/moveit_task_constructor_msgs__rosidl_generator_py.dir/rosidl_generator_py/moveit_task_constructor_msgs/srv/_get_solution_s.c.o[0m
[19.949s] [ 93%] [32mBuilding C object CMakeFiles/moveit_task_constructor_msgs__rosidl_generator_py.dir/rosidl_generator_py/moveit_task_constructor_msgs/msg/_stage_description_s.c.o[0m
[19.950s] [ 94%] [32mBuilding C object CMakeFiles/moveit_task_constructor_msgs__rosidl_generator_py.dir/rosidl_generator_py/moveit_task_constructor_msgs/msg/_task_description_s.c.o[0m
[19.952s] [ 94%] [32mBuilding C object CMakeFiles/moveit_task_constructor_msgs__rosidl_generator_py.dir/rosidl_generator_py/moveit_task_constructor_msgs/msg/_trajectory_execution_info_s.c.o[0m
[19.961s] [ 95%] [32mBuilding C object CMakeFiles/moveit_task_constructor_msgs__rosidl_generator_py.dir/rosidl_generator_py/moveit_task_constructor_msgs/action/_execute_task_solution_s.c.o[0m
[20.294s] [ 95%] [32m[1mLinking C shared library libmoveit_task_constructor_msgs__rosidl_generator_py.so[0m
[20.387s] [ 95%] Built target moveit_task_constructor_msgs__rosidl_generator_py
[20.419s] [ 96%] [32mBuilding C object CMakeFiles/moveit_task_constructor_msgs_s__rosidl_typesupport_introspection_c.dir/rosidl_generator_py/moveit_task_constructor_msgs/_moveit_task_constructor_msgs_s.ep.rosidl_typesupport_introspection_c.c.o[0m
[20.425s] [ 97%] [32mBuilding C object CMakeFiles/moveit_task_constructor_msgs_s__rosidl_typesupport_c.dir/rosidl_generator_py/moveit_task_constructor_msgs/_moveit_task_constructor_msgs_s.ep.rosidl_typesupport_c.c.o[0m
[20.425s] [ 97%] [32mBuilding C object CMakeFiles/moveit_task_constructor_msgs_s__rosidl_typesupport_fastrtps_c.dir/rosidl_generator_py/moveit_task_constructor_msgs/_moveit_task_constructor_msgs_s.ep.rosidl_typesupport_fastrtps_c.c.o[0m
[20.602s] [ 98%] [32m[1mLinking C shared module rosidl_generator_py/moveit_task_constructor_msgs/moveit_task_constructor_msgs_s__rosidl_typesupport_fastrtps_c.so[0m
[20.623s] [ 99%] [32m[1mLinking C shared module rosidl_generator_py/moveit_task_constructor_msgs/moveit_task_constructor_msgs_s__rosidl_typesupport_c.so[0m
[20.660s] [ 99%] Built target moveit_task_constructor_msgs_s__rosidl_typesupport_fastrtps_c
[20.671s] [ 99%] Built target moveit_task_constructor_msgs_s__rosidl_typesupport_c
[20.673s] [100%] [32m[1mLinking C shared module rosidl_generator_py/moveit_task_constructor_msgs/moveit_task_constructor_msgs_s__rosidl_typesupport_introspection_c.so[0m
[20.725s] [100%] Built target moveit_task_constructor_msgs_s__rosidl_typesupport_introspection_c
[20.744s] Invoked command in '/home/student36/RoboticsDesignProject/Git-repos/LeoRover-Team7/elephant_arm_ws/build/moveit_task_constructor_msgs' returned '0': CMAKE_PREFIX_PATH=${CMAKE_PREFIX_PATH}:/home/student36/ros2_tutorial_workspace/install/the_simplest_python_package:/home/student36/ros2_tutorial_workspace/install/python_package_with_a_node:/home/student36/ros2_tutorial_workspace/install/python_package_that_uses_the_library:/home/student36/ros2_tutorial_workspace/install/python_package_with_a_library:/home/student36/ros2_tutorial_workspace/install/python_package_that_uses_the_services:/home/student36/ros2_tutorial_workspace/install/python_package_that_uses_the_actions:/home/student36/ros2_tutorial_workspace/install/python_package_that_uses_tf2:/home/student36/ros2_tutorial_workspace/install/python_package_that_uses_parameters_and_launch_files:/home/student36/ros2_tutorial_workspace/install/python_package_that_uses_nottf2:/home/student36/ros2_tutorial_workspace/install/python_package_that_uses_nav2:/home/student36/ros2_tutorial_workspace/install/python_package_that_uses_messages:/home/student36/ros2_tutorial_workspace/install/python_package_that_uses_geometry_msgs:/home/student36/ros2_tutorial_workspace/install/python_package_that_uses_gazebo:/home/student36/ws_moveit/install/moveit_configs_utils:/home/student36/elephant_arm_ws/install/mycobot_description:/opt/ros/jazzy DEBUGINFOD_URLS=https://debuginfod.ubuntu.com /usr/bin/cmake --build /home/student36/RoboticsDesignProject/Git-repos/LeoRover-Team7/elephant_arm_ws/build/moveit_task_constructor_msgs -- -j12 -l12
[20.745s] Invoking command in '/home/student36/RoboticsDesignProject/Git-repos/LeoRover-Team7/elephant_arm_ws/build/moveit_task_constructor_msgs': CMAKE_PREFIX_PATH=${CMAKE_PREFIX_PATH}:/home/student36/ros2_tutorial_workspace/install/the_simplest_python_package:/home/student36/ros2_tutorial_workspace/install/python_package_with_a_node:/home/student36/ros2_tutorial_workspace/install/python_package_that_uses_the_library:/home/student36/ros2_tutorial_workspace/install/python_package_with_a_library:/home/student36/ros2_tutorial_workspace/install/python_package_that_uses_the_services:/home/student36/ros2_tutorial_workspace/install/python_package_that_uses_the_actions:/home/student36/ros2_tutorial_workspace/install/python_package_that_uses_tf2:/home/student36/ros2_tutorial_workspace/install/python_package_that_uses_parameters_and_launch_files:/home/student36/ros2_tutorial_workspace/install/python_package_that_uses_nottf2:/home/student36/ros2_tutorial_workspace/install/python_package_that_uses_nav2:/home/student36/ros2_tutorial_workspace/install/python_package_that_uses_messages:/home/student36/ros2_tutorial_workspace/install/python_package_that_uses_geometry_msgs:/home/student36/ros2_tutorial_workspace/install/python_package_that_uses_gazebo:/home/student36/ws_moveit/install/moveit_configs_utils:/home/student36/elephant_arm_ws/install/mycobot_description:/opt/ros/jazzy DEBUGINFOD_URLS=https://debuginfod.ubuntu.com /usr/bin/cmake --install /home/student36/RoboticsDesignProject/Git-repos/LeoRover-Team7/elephant_arm_ws/build/moveit_task_constructor_msgs
[20.761s] -- Install configuration: ""
[20.761s] -- Installing: /home/student36/RoboticsDesignProject/Git-repos/LeoRover-Team7/elephant_arm_ws/install/moveit_task_constructor_msgs/share/ament_index/resource_index/rosidl_interfaces/moveit_task_constructor_msgs
[20.761s] -- Installing: /home/student36/RoboticsDesignProject/Git-repos/LeoRover-Team7/elephant_arm_ws/install/moveit_task_constructor_msgs/share/moveit_task_constructor_msgs/msg/Property.json
[20.761s] -- Installing: /home/student36/RoboticsDesignProject/Git-repos/LeoRover-Team7/elephant_arm_ws/install/moveit_task_constructor_msgs/share/moveit_task_constructor_msgs/msg/Solution.json
[20.762s] -- Installing: /home/student36/RoboticsDesignProject/Git-repos/LeoRover-Team7/elephant_arm_ws/install/moveit_task_constructor_msgs/share/moveit_task_constructor_msgs/msg/SolutionInfo.json
[20.762s] -- Installing: /home/student36/RoboticsDesignProject/Git-repos/LeoRover-Team7/elephant_arm_ws/install/moveit_task_constructor_msgs/share/moveit_task_constructor_msgs/msg/StageDescription.json
[20.762s] -- Installing: /home/student36/RoboticsDesignProject/Git-repos/LeoRover-Team7/elephant_arm_ws/install/moveit_task_constructor_msgs/share/moveit_task_constructor_msgs/msg/StageStatistics.json
[20.762s] -- Installing: /home/student36/RoboticsDesignProject/Git-repos/LeoRover-Team7/elephant_arm_ws/install/moveit_task_constructor_msgs/share/moveit_task_constructor_msgs/msg/SubSolution.json
[20.762s] -- Installing: /home/student36/RoboticsDesignProject/Git-repos/LeoRover-Team7/elephant_arm_ws/install/moveit_task_constructor_msgs/share/moveit_task_constructor_msgs/msg/SubTrajectory.json
[20.762s] -- Installing: /home/student36/RoboticsDesignProject/Git-repos/LeoRover-Team7/elephant_arm_ws/install/moveit_task_constructor_msgs/share/moveit_task_constructor_msgs/msg/TaskDescription.json
[20.763s] -- Installing: /home/student36/RoboticsDesignProject/Git-repos/LeoRover-Team7/elephant_arm_ws/install/moveit_task_constructor_msgs/share/moveit_task_constructor_msgs/msg/TaskStatistics.json
[20.763s] -- Installing: /home/student36/RoboticsDesignProject/Git-repos/LeoRover-Team7/elephant_arm_ws/install/moveit_task_constructor_msgs/share/moveit_task_constructor_msgs/msg/TrajectoryExecutionInfo.json
[20.763s] -- Installing: /home/student36/RoboticsDesignProject/Git-repos/LeoRover-Team7/elephant_arm_ws/install/moveit_task_constructor_msgs/share/moveit_task_constructor_msgs/srv/GetSolution.json
[20.763s] -- Installing: /home/student36/RoboticsDesignProject/Git-repos/LeoRover-Team7/elephant_arm_ws/install/moveit_task_constructor_msgs/share/moveit_task_constructor_msgs/action/ExecuteTaskSolution.json
[20.763s] -- Installing: /home/student36/RoboticsDesignProject/Git-repos/LeoRover-Team7/elephant_arm_ws/install/moveit_task_constructor_msgs/include/moveit_task_constructor_msgs/moveit_task_constructor_msgs
[20.763s] -- Installing: /home/student36/RoboticsDesignProject/Git-repos/LeoRover-Team7/elephant_arm_ws/install/moveit_task_constructor_msgs/include/moveit_task_constructor_msgs/moveit_task_constructor_msgs/action
[20.764s] -- Installing: /home/student36/RoboticsDesignProject/Git-repos/LeoRover-Team7/elephant_arm_ws/install/moveit_task_constructor_msgs/include/moveit_task_constructor_msgs/moveit_task_constructor_msgs/action/detail
[20.764s] -- Installing: /home/student36/RoboticsDesignProject/Git-repos/LeoRover-Team7/elephant_arm_ws/install/moveit_task_constructor_msgs/include/moveit_task_constructor_msgs/moveit_task_constructor_msgs/action/detail/execute_task_solution__type_support.c
[20.764s] -- Installing: /home/student36/RoboticsDesignProject/Git-repos/LeoRover-Team7/elephant_arm_ws/install/moveit_task_constructor_msgs/include/moveit_task_constructor_msgs/moveit_task_constructor_msgs/action/detail/execute_task_solution__functions.c
[20.764s] -- Installing: /home/student36/RoboticsDesignProject/Git-repos/LeoRover-Team7/elephant_arm_ws/install/moveit_task_constructor_msgs/include/moveit_task_constructor_msgs/moveit_task_constructor_msgs/action/detail/execute_task_solution__functions.h
[20.764s] -- Installing: /home/student36/RoboticsDesignProject/Git-repos/LeoRover-Team7/elephant_arm_ws/install/moveit_task_constructor_msgs/include/moveit_task_constructor_msgs/moveit_task_constructor_msgs/action/detail/execute_task_solution__description.c
[20.765s] -- Installing: /home/student36/RoboticsDesignProject/Git-repos/LeoRover-Team7/elephant_arm_ws/install/moveit_task_constructor_msgs/include/moveit_task_constructor_msgs/moveit_task_constructor_msgs/action/detail/execute_task_solution__type_support.h
[20.765s] -- Installing: /home/student36/RoboticsDesignProject/Git-repos/LeoRover-Team7/elephant_arm_ws/install/moveit_task_constructor_msgs/include/moveit_task_constructor_msgs/moveit_task_constructor_msgs/action/detail/execute_task_solution__struct.h
[20.765s] -- Installing: /home/student36/RoboticsDesignProject/Git-repos/LeoRover-Team7/elephant_arm_ws/install/moveit_task_constructor_msgs/include/moveit_task_constructor_msgs/moveit_task_constructor_msgs/action/execute_task_solution.h
[20.765s] -- Installing: /home/student36/RoboticsDesignProject/Git-repos/LeoRover-Team7/elephant_arm_ws/install/moveit_task_constructor_msgs/include/moveit_task_constructor_msgs/moveit_task_constructor_msgs/msg
[20.765s] -- Installing: /home/student36/RoboticsDesignProject/Git-repos/LeoRover-Team7/elephant_arm_ws/install/moveit_task_constructor_msgs/include/moveit_task_constructor_msgs/moveit_task_constructor_msgs/msg/property.h
[20.766s] -- Installing: /home/student36/RoboticsDesignProject/Git-repos/LeoRover-Team7/elephant_arm_ws/install/moveit_task_constructor_msgs/include/moveit_task_constructor_msgs/moveit_task_constructor_msgs/msg/detail
[20.766s] -- Installing: /home/student36/RoboticsDesignProject/Git-repos/LeoRover-Team7/elephant_arm_ws/install/moveit_task_constructor_msgs/include/moveit_task_constructor_msgs/moveit_task_constructor_msgs/msg/detail/solution__struct.h
[20.766s] -- Installing: /home/student36/RoboticsDesignProject/Git-repos/LeoRover-Team7/elephant_arm_ws/install/moveit_task_constructor_msgs/include/moveit_task_constructor_msgs/moveit_task_constructor_msgs/msg/detail/stage_description__type_support.c
[20.766s] -- Installing: /home/student36/RoboticsDesignProject/Git-repos/LeoRover-Team7/elephant_arm_ws/install/moveit_task_constructor_msgs/include/moveit_task_constructor_msgs/moveit_task_constructor_msgs/msg/detail/task_statistics__struct.h
[20.766s] -- Installing: /home/student36/RoboticsDesignProject/Git-repos/LeoRover-Team7/elephant_arm_ws/install/moveit_task_constructor_msgs/include/moveit_task_constructor_msgs/moveit_task_constructor_msgs/msg/detail/solution__description.c
[20.766s] -- Installing: /home/student36/RoboticsDesignProject/Git-repos/LeoRover-Team7/elephant_arm_ws/install/moveit_task_constructor_msgs/include/moveit_task_constructor_msgs/moveit_task_constructor_msgs/msg/detail/solution_info__struct.h
[20.766s] -- Installing: /home/student36/RoboticsDesignProject/Git-repos/LeoRover-Team7/elephant_arm_ws/install/moveit_task_constructor_msgs/include/moveit_task_constructor_msgs/moveit_task_constructor_msgs/msg/detail/solution_info__functions.c
[20.767s] -- Installing: /home/student36/RoboticsDesignProject/Git-repos/LeoRover-Team7/elephant_arm_ws/install/moveit_task_constructor_msgs/include/moveit_task_constructor_msgs/moveit_task_constructor_msgs/msg/detail/sub_solution__type_support.h
[20.767s] -- Installing: /home/student36/RoboticsDesignProject/Git-repos/LeoRover-Team7/elephant_arm_ws/install/moveit_task_constructor_msgs/include/moveit_task_constructor_msgs/moveit_task_constructor_msgs/msg/detail/property__functions.c
[20.767s] -- Installing: /home/student36/RoboticsDesignProject/Git-repos/LeoRover-Team7/elephant_arm_ws/install/moveit_task_constructor_msgs/include/moveit_task_constructor_msgs/moveit_task_constructor_msgs/msg/detail/solution_info__functions.h
[20.767s] -- Installing: /home/student36/RoboticsDesignProject/Git-repos/LeoRover-Team7/elephant_arm_ws/install/moveit_task_constructor_msgs/include/moveit_task_constructor_msgs/moveit_task_constructor_msgs/msg/detail/trajectory_execution_info__functions.h
[20.767s] -- Installing: /home/student36/RoboticsDesignProject/Git-repos/LeoRover-Team7/elephant_arm_ws/install/moveit_task_constructor_msgs/include/moveit_task_constructor_msgs/moveit_task_constructor_msgs/msg/detail/task_description__functions.h
[20.767s] -- Installing: /home/student36/RoboticsDesignProject/Git-repos/LeoRover-Team7/elephant_arm_ws/install/moveit_task_constructor_msgs/include/moveit_task_constructor_msgs/moveit_task_constructor_msgs/msg/detail/stage_description__type_support.h
[20.767s] -- Installing: /home/student36/RoboticsDesignProject/Git-repos/LeoRover-Team7/elephant_arm_ws/install/moveit_task_constructor_msgs/include/moveit_task_constructor_msgs/moveit_task_constructor_msgs/msg/detail/sub_solution__type_support.c
[20.767s] -- Installing: /home/student36/RoboticsDesignProject/Git-repos/LeoRover-Team7/elephant_arm_ws/install/moveit_task_constructor_msgs/include/moveit_task_constructor_msgs/moveit_task_constructor_msgs/msg/detail/task_description__functions.c
[20.768s] -- Installing: /home/student36/RoboticsDesignProject/Git-repos/LeoRover-Team7/elephant_arm_ws/install/moveit_task_constructor_msgs/include/moveit_task_constructor_msgs/moveit_task_constructor_msgs/msg/detail/sub_solution__struct.h
[20.768s] -- Installing: /home/student36/RoboticsDesignProject/Git-repos/LeoRover-Team7/elephant_arm_ws/install/moveit_task_constructor_msgs/include/moveit_task_constructor_msgs/moveit_task_constructor_msgs/msg/detail/task_description__type_support.c
[20.768s] -- Installing: /home/student36/RoboticsDesignProject/Git-repos/LeoRover-Team7/elephant_arm_ws/install/moveit_task_constructor_msgs/include/moveit_task_constructor_msgs/moveit_task_constructor_msgs/msg/detail/trajectory_execution_info__type_support.h
[20.768s] -- Installing: /home/student36/RoboticsDesignProject/Git-repos/LeoRover-Team7/elephant_arm_ws/install/moveit_task_constructor_msgs/include/moveit_task_constructor_msgs/moveit_task_constructor_msgs/msg/detail/solution__functions.h
[20.768s] -- Installing: /home/student36/RoboticsDesignProject/Git-repos/LeoRover-Team7/elephant_arm_ws/install/moveit_task_constructor_msgs/include/moveit_task_constructor_msgs/moveit_task_constructor_msgs/msg/detail/stage_statistics__functions.h
[20.768s] -- Installing: /home/student36/RoboticsDesignProject/Git-repos/LeoRover-Team7/elephant_arm_ws/install/moveit_task_constructor_msgs/include/moveit_task_constructor_msgs/moveit_task_constructor_msgs/msg/detail/sub_solution__functions.h
[20.768s] -- Installing: /home/student36/RoboticsDesignProject/Git-repos/LeoRover-Team7/elephant_arm_ws/install/moveit_task_constructor_msgs/include/moveit_task_constructor_msgs/moveit_task_constructor_msgs/msg/detail/sub_solution__functions.c
[20.768s] -- Installing: /home/student36/RoboticsDesignProject/Git-repos/LeoRover-Team7/elephant_arm_ws/install/moveit_task_constructor_msgs/include/moveit_task_constructor_msgs/moveit_task_constructor_msgs/msg/detail/trajectory_execution_info__struct.h
[20.769s] -- Installing: /home/student36/RoboticsDesignProject/Git-repos/LeoRover-Team7/elephant_arm_ws/install/moveit_task_constructor_msgs/include/moveit_task_constructor_msgs/moveit_task_constructor_msgs/msg/detail/solution_info__description.c
[20.769s] -- Installing: /home/student36/RoboticsDesignProject/Git-repos/LeoRover-Team7/elephant_arm_ws/install/moveit_task_constructor_msgs/include/moveit_task_constructor_msgs/moveit_task_constructor_msgs/msg/detail/property__functions.h
[20.769s] -- Installing: /home/student36/RoboticsDesignProject/Git-repos/LeoRover-Team7/elephant_arm_ws/install/moveit_task_constructor_msgs/include/moveit_task_constructor_msgs/moveit_task_constructor_msgs/msg/detail/solution__type_support.c
[20.769s] -- Installing: /home/student36/RoboticsDesignProject/Git-repos/LeoRover-Team7/elephant_arm_ws/install/moveit_task_constructor_msgs/include/moveit_task_constructor_msgs/moveit_task_constructor_msgs/msg/detail/task_statistics__type_support.c
[20.769s] -- Installing: /home/student36/RoboticsDesignProject/Git-repos/LeoRover-Team7/elephant_arm_ws/install/moveit_task_constructor_msgs/include/moveit_task_constructor_msgs/moveit_task_constructor_msgs/msg/detail/task_description__struct.h
[20.769s] -- Installing: /home/student36/RoboticsDesignProject/Git-repos/LeoRover-Team7/elephant_arm_ws/install/moveit_task_constructor_msgs/include/moveit_task_constructor_msgs/moveit_task_constructor_msgs/msg/detail/solution__type_support.h
[20.769s] -- Installing: /home/student36/RoboticsDesignProject/Git-repos/LeoRover-Team7/elephant_arm_ws/install/moveit_task_constructor_msgs/include/moveit_task_constructor_msgs/moveit_task_constructor_msgs/msg/detail/stage_description__functions.h
[20.770s] -- Installing: /home/student36/RoboticsDesignProject/Git-repos/LeoRover-Team7/elephant_arm_ws/install/moveit_task_constructor_msgs/include/moveit_task_constructor_msgs/moveit_task_constructor_msgs/msg/detail/stage_description__description.c
[20.770s] -- Installing: /home/student36/RoboticsDesignProject/Git-repos/LeoRover-Team7/elephant_arm_ws/install/moveit_task_constructor_msgs/include/moveit_task_constructor_msgs/moveit_task_constructor_msgs/msg/detail/property__struct.h
[20.770s] -- Installing: /home/student36/RoboticsDesignProject/Git-repos/LeoRover-Team7/elephant_arm_ws/install/moveit_task_constructor_msgs/include/moveit_task_constructor_msgs/moveit_task_constructor_msgs/msg/detail/trajectory_execution_info__functions.c
[20.770s] -- Installing: /home/student36/RoboticsDesignProject/Git-repos/LeoRover-Team7/elephant_arm_ws/install/moveit_task_constructor_msgs/include/moveit_task_constructor_msgs/moveit_task_constructor_msgs/msg/detail/sub_trajectory__struct.h
[20.770s] -- Installing: /home/student36/RoboticsDesignProject/Git-repos/LeoRover-Team7/elephant_arm_ws/install/moveit_task_constructor_msgs/include/moveit_task_constructor_msgs/moveit_task_constructor_msgs/msg/detail/sub_trajectory__type_support.c
[20.770s] -- Installing: /home/student36/RoboticsDesignProject/Git-repos/LeoRover-Team7/elephant_arm_ws/install/moveit_task_constructor_msgs/include/moveit_task_constructor_msgs/moveit_task_constructor_msgs/msg/detail/sub_trajectory__description.c
[20.770s] -- Installing: /home/student36/RoboticsDesignProject/Git-repos/LeoRover-Team7/elephant_arm_ws/install/moveit_task_constructor_msgs/include/moveit_task_constructor_msgs/moveit_task_constructor_msgs/msg/detail/property__type_support.h
[20.770s] -- Installing: /home/student36/RoboticsDesignProject/Git-repos/LeoRover-Team7/elephant_arm_ws/install/moveit_task_constructor_msgs/include/moveit_task_constructor_msgs/moveit_task_constructor_msgs/msg/detail/task_statistics__functions.c
[20.770s] -- Installing: /home/student36/RoboticsDesignProject/Git-repos/LeoRover-Team7/elephant_arm_ws/install/moveit_task_constructor_msgs/include/moveit_task_constructor_msgs/moveit_task_constructor_msgs/msg/detail/stage_statistics__description.c
[20.770s] -- Installing: /home/student36/RoboticsDesignProject/Git-repos/LeoRover-Team7/elephant_arm_ws/install/moveit_task_constructor_msgs/include/moveit_task_constructor_msgs/moveit_task_constructor_msgs/msg/detail/property__type_support.c
[20.770s] -- Installing: /home/student36/RoboticsDesignProject/Git-repos/LeoRover-Team7/elephant_arm_ws/install/moveit_task_constructor_msgs/include/moveit_task_constructor_msgs/moveit_task_constructor_msgs/msg/detail/sub_solution__description.c
[20.771s] -- Installing: /home/student36/RoboticsDesignProject/Git-repos/LeoRover-Team7/elephant_arm_ws/install/moveit_task_constructor_msgs/include/moveit_task_constructor_msgs/moveit_task_constructor_msgs/msg/detail/property__description.c
[20.771s] -- Installing: /home/student36/RoboticsDesignProject/Git-repos/LeoRover-Team7/elephant_arm_ws/install/moveit_task_constructor_msgs/include/moveit_task_constructor_msgs/moveit_task_constructor_msgs/msg/detail/stage_description__struct.h
[20.771s] -- Installing: /home/student36/RoboticsDesignProject/Git-repos/LeoRover-Team7/elephant_arm_ws/install/moveit_task_constructor_msgs/include/moveit_task_constructor_msgs/moveit_task_constructor_msgs/msg/detail/sub_trajectory__functions.h
[20.771s] -- Installing: /home/student36/RoboticsDesignProject/Git-repos/LeoRover-Team7/elephant_arm_ws/install/moveit_task_constructor_msgs/include/moveit_task_constructor_msgs/moveit_task_constructor_msgs/msg/detail/task_statistics__description.c
[20.771s] -- Installing: /home/student36/RoboticsDesignProject/Git-repos/LeoRover-Team7/elephant_arm_ws/install/moveit_task_constructor_msgs/include/moveit_task_constructor_msgs/moveit_task_constructor_msgs/msg/detail/solution__functions.c
[20.771s] -- Installing: /home/student36/RoboticsDesignProject/Git-repos/LeoRover-Team7/elephant_arm_ws/install/moveit_task_constructor_msgs/include/moveit_task_constructor_msgs/moveit_task_constructor_msgs/msg/detail/task_statistics__type_support.h
[20.771s] -- Installing: /home/student36/RoboticsDesignProject/Git-repos/LeoRover-Team7/elephant_arm_ws/install/moveit_task_constructor_msgs/include/moveit_task_constructor_msgs/moveit_task_constructor_msgs/msg/detail/stage_statistics__type_support.c
[20.771s] -- Installing: /home/student36/RoboticsDesignProject/Git-repos/LeoRover-Team7/elephant_arm_ws/install/moveit_task_constructor_msgs/include/moveit_task_constructor_msgs/moveit_task_constructor_msgs/msg/detail/trajectory_execution_info__description.c
[20.771s] -- Installing: /home/student36/RoboticsDesignProject/Git-repos/LeoRover-Team7/elephant_arm_ws/install/moveit_task_constructor_msgs/include/moveit_task_constructor_msgs/moveit_task_constructor_msgs/msg/detail/task_description__description.c
[20.771s] -- Installing: /home/student36/RoboticsDesignProject/Git-repos/LeoRover-Team7/elephant_arm_ws/install/moveit_task_constructor_msgs/include/moveit_task_constructor_msgs/moveit_task_constructor_msgs/msg/detail/stage_statistics__functions.c
[20.772s] -- Installing: /home/student36/RoboticsDesignProject/Git-repos/LeoRover-Team7/elephant_arm_ws/install/moveit_task_constructor_msgs/include/moveit_task_constructor_msgs/moveit_task_constructor_msgs/msg/detail/task_statistics__functions.h
[20.772s] -- Installing: /home/student36/RoboticsDesignProject/Git-repos/LeoRover-Team7/elephant_arm_ws/install/moveit_task_constructor_msgs/include/moveit_task_constructor_msgs/moveit_task_constructor_msgs/msg/detail/solution_info__type_support.h
[20.772s] -- Installing: /home/student36/RoboticsDesignProject/Git-repos/LeoRover-Team7/elephant_arm_ws/install/moveit_task_constructor_msgs/include/moveit_task_constructor_msgs/moveit_task_constructor_msgs/msg/detail/sub_trajectory__functions.c
[20.772s] -- Installing: /home/student36/RoboticsDesignProject/Git-repos/LeoRover-Team7/elephant_arm_ws/install/moveit_task_constructor_msgs/include/moveit_task_constructor_msgs/moveit_task_constructor_msgs/msg/detail/sub_trajectory__type_support.h
[20.772s] -- Installing: /home/student36/RoboticsDesignProject/Git-repos/LeoRover-Team7/elephant_arm_ws/install/moveit_task_constructor_msgs/include/moveit_task_constructor_msgs/moveit_task_constructor_msgs/msg/detail/stage_statistics__type_support.h
[20.772s] -- Installing: /home/student36/RoboticsDesignProject/Git-repos/LeoRover-Team7/elephant_arm_ws/install/moveit_task_constructor_msgs/include/moveit_task_constructor_msgs/moveit_task_constructor_msgs/msg/detail/task_description__type_support.h
[20.772s] -- Installing: /home/student36/RoboticsDesignProject/Git-repos/LeoRover-Team7/elephant_arm_ws/install/moveit_task_constructor_msgs/include/moveit_task_constructor_msgs/moveit_task_constructor_msgs/msg/detail/solution_info__type_support.c
[20.772s] -- Installing: /home/student36/RoboticsDesignProject/Git-repos/LeoRover-Team7/elephant_arm_ws/install/moveit_task_constructor_msgs/include/moveit_task_constructor_msgs/moveit_task_constructor_msgs/msg/detail/stage_description__functions.c
[20.772s] -- Installing: /home/student36/RoboticsDesignProject/Git-repos/LeoRover-Team7/elephant_arm_ws/install/moveit_task_constructor_msgs/include/moveit_task_constructor_msgs/moveit_task_constructor_msgs/msg/detail/stage_statistics__struct.h
[20.773s] -- Installing: /home/student36/RoboticsDesignProject/Git-repos/LeoRover-Team7/elephant_arm_ws/install/moveit_task_constructor_msgs/include/moveit_task_constructor_msgs/moveit_task_constructor_msgs/msg/detail/trajectory_execution_info__type_support.c
[20.773s] -- Installing: /home/student36/RoboticsDesignProject/Git-repos/LeoRover-Team7/elephant_arm_ws/install/moveit_task_constructor_msgs/include/moveit_task_constructor_msgs/moveit_task_constructor_msgs/msg/trajectory_execution_info.h
[20.773s] -- Installing: /home/student36/RoboticsDesignProject/Git-repos/LeoRover-Team7/elephant_arm_ws/install/moveit_task_constructor_msgs/include/moveit_task_constructor_msgs/moveit_task_constructor_msgs/msg/stage_statistics.h
[20.773s] -- Installing: /home/student36/RoboticsDesignProject/Git-repos/LeoRover-Team7/elephant_arm_ws/install/moveit_task_constructor_msgs/include/moveit_task_constructor_msgs/moveit_task_constructor_msgs/msg/solution_info.h
[20.773s] -- Installing: /home/student36/RoboticsDesignProject/Git-repos/LeoRover-Team7/elephant_arm_ws/install/moveit_task_constructor_msgs/include/moveit_task_constructor_msgs/moveit_task_constructor_msgs/msg/sub_trajectory.h
[20.773s] -- Installing: /home/student36/RoboticsDesignProject/Git-repos/LeoRover-Team7/elephant_arm_ws/install/moveit_task_constructor_msgs/include/moveit_task_constructor_msgs/moveit_task_constructor_msgs/msg/rosidl_generator_c__visibility_control.h
[20.773s] -- Installing: /home/student36/RoboticsDesignProject/Git-repos/LeoRover-Team7/elephant_arm_ws/install/moveit_task_constructor_msgs/include/moveit_task_constructor_msgs/moveit_task_constructor_msgs/msg/sub_solution.h
[20.773s] -- Installing: /home/student36/RoboticsDesignProject/Git-repos/LeoRover-Team7/elephant_arm_ws/install/moveit_task_constructor_msgs/include/moveit_task_constructor_msgs/moveit_task_constructor_msgs/msg/solution.h
[20.774s] -- Installing: /home/student36/RoboticsDesignProject/Git-repos/LeoRover-Team7/elephant_arm_ws/install/moveit_task_constructor_msgs/include/moveit_task_constructor_msgs/moveit_task_constructor_msgs/msg/task_statistics.h
[20.774s] -- Installing: /home/student36/RoboticsDesignProject/Git-repos/LeoRover-Team7/elephant_arm_ws/install/moveit_task_constructor_msgs/include/moveit_task_constructor_msgs/moveit_task_constructor_msgs/msg/stage_description.h
[20.774s] -- Installing: /home/student36/RoboticsDesignProject/Git-repos/LeoRover-Team7/elephant_arm_ws/install/moveit_task_constructor_msgs/include/moveit_task_constructor_msgs/moveit_task_constructor_msgs/msg/task_description.h
[20.774s] -- Installing: /home/student36/RoboticsDesignProject/Git-repos/LeoRover-Team7/elephant_arm_ws/install/moveit_task_constructor_msgs/include/moveit_task_constructor_msgs/moveit_task_constructor_msgs/srv
[20.774s] -- Installing: /home/student36/RoboticsDesignProject/Git-repos/LeoRover-Team7/elephant_arm_ws/install/moveit_task_constructor_msgs/include/moveit_task_constructor_msgs/moveit_task_constructor_msgs/srv/detail
[20.774s] -- Installing: /home/student36/RoboticsDesignProject/Git-repos/LeoRover-Team7/elephant_arm_ws/install/moveit_task_constructor_msgs/include/moveit_task_constructor_msgs/moveit_task_constructor_msgs/srv/detail/get_solution__type_support.h
[20.774s] -- Installing: /home/student36/RoboticsDesignProject/Git-repos/LeoRover-Team7/elephant_arm_ws/install/moveit_task_constructor_msgs/include/moveit_task_constructor_msgs/moveit_task_constructor_msgs/srv/detail/get_solution__struct.h
[20.774s] -- Installing: /home/student36/RoboticsDesignProject/Git-repos/LeoRover-Team7/elephant_arm_ws/install/moveit_task_constructor_msgs/include/moveit_task_constructor_msgs/moveit_task_constructor_msgs/srv/detail/get_solution__functions.h
[20.774s] -- Installing: /home/student36/RoboticsDesignProject/Git-repos/LeoRover-Team7/elephant_arm_ws/install/moveit_task_constructor_msgs/include/moveit_task_constructor_msgs/moveit_task_constructor_msgs/srv/detail/get_solution__functions.c
[20.774s] -- Installing: /home/student36/RoboticsDesignProject/Git-repos/LeoRover-Team7/elephant_arm_ws/install/moveit_task_constructor_msgs/include/moveit_task_constructor_msgs/moveit_task_constructor_msgs/srv/detail/get_solution__description.c
[20.775s] -- Installing: /home/student36/RoboticsDesignProject/Git-repos/LeoRover-Team7/elephant_arm_ws/install/moveit_task_constructor_msgs/include/moveit_task_constructor_msgs/moveit_task_constructor_msgs/srv/detail/get_solution__type_support.c
[20.775s] -- Installing: /home/student36/RoboticsDesignProject/Git-repos/LeoRover-Team7/elephant_arm_ws/install/moveit_task_constructor_msgs/include/moveit_task_constructor_msgs/moveit_task_constructor_msgs/srv/get_solution.h
[20.775s] -- Installing: /home/student36/RoboticsDesignProject/Git-repos/LeoRover-Team7/elephant_arm_ws/install/moveit_task_constructor_msgs/share/moveit_task_constructor_msgs/environment/library_path.sh
[20.775s] -- Installing: /home/student36/RoboticsDesignProject/Git-repos/LeoRover-Team7/elephant_arm_ws/install/moveit_task_constructor_msgs/share/moveit_task_constructor_msgs/environment/library_path.dsv
[20.775s] -- Installing: /home/student36/RoboticsDesignProject/Git-repos/LeoRover-Team7/elephant_arm_ws/install/moveit_task_constructor_msgs/lib/libmoveit_task_constructor_msgs__rosidl_generator_c.so
[20.776s] -- Set non-toolchain portion of runtime path of "/home/student36/RoboticsDesignProject/Git-repos/LeoRover-Team7/elephant_arm_ws/install/moveit_task_constructor_msgs/lib/libmoveit_task_constructor_msgs__rosidl_generator_c.so" to ""
[20.777s] -- Up-to-date: /home/student36/RoboticsDesignProject/Git-repos/LeoRover-Team7/elephant_arm_ws/install/moveit_task_constructor_msgs/include/moveit_task_constructor_msgs/moveit_task_constructor_msgs
[20.777s] -- Up-to-date: /home/student36/RoboticsDesignProject/Git-repos/LeoRover-Team7/elephant_arm_ws/install/moveit_task_constructor_msgs/include/moveit_task_constructor_msgs/moveit_task_constructor_msgs/action
[20.777s] -- Up-to-date: /home/student36/RoboticsDesignProject/Git-repos/LeoRover-Team7/elephant_arm_ws/install/moveit_task_constructor_msgs/include/moveit_task_constructor_msgs/moveit_task_constructor_msgs/action/detail
[20.777s] -- Installing: /home/student36/RoboticsDesignProject/Git-repos/LeoRover-Team7/elephant_arm_ws/install/moveit_task_constructor_msgs/include/moveit_task_constructor_msgs/moveit_task_constructor_msgs/action/detail/execute_task_solution__rosidl_typesupport_fastrtps_c.h
[20.777s] -- Up-to-date: /home/student36/RoboticsDesignProject/Git-repos/LeoRover-Team7/elephant_arm_ws/install/moveit_task_constructor_msgs/include/moveit_task_constructor_msgs/moveit_task_constructor_msgs/msg
[20.777s] -- Up-to-date: /home/student36/RoboticsDesignProject/Git-repos/LeoRover-Team7/elephant_arm_ws/install/moveit_task_constructor_msgs/include/moveit_task_constructor_msgs/moveit_task_constructor_msgs/msg/detail
[20.777s] -- Installing: /home/student36/RoboticsDesignProject/Git-repos/LeoRover-Team7/elephant_arm_ws/install/moveit_task_constructor_msgs/include/moveit_task_constructor_msgs/moveit_task_constructor_msgs/msg/detail/solution__rosidl_typesupport_fastrtps_c.h
[20.777s] -- Installing: /home/student36/RoboticsDesignProject/Git-repos/LeoRover-Team7/elephant_arm_ws/install/moveit_task_constructor_msgs/include/moveit_task_constructor_msgs/moveit_task_constructor_msgs/msg/detail/sub_trajectory__rosidl_typesupport_fastrtps_c.h
[20.777s] -- Installing: /home/student36/RoboticsDesignProject/Git-repos/LeoRover-Team7/elephant_arm_ws/install/moveit_task_constructor_msgs/include/moveit_task_constructor_msgs/moveit_task_constructor_msgs/msg/detail/solution_info__rosidl_typesupport_fastrtps_c.h
[20.777s] -- Installing: /home/student36/RoboticsDesignProject/Git-repos/LeoRover-Team7/elephant_arm_ws/install/moveit_task_constructor_msgs/include/moveit_task_constructor_msgs/moveit_task_constructor_msgs/msg/detail/property__rosidl_typesupport_fastrtps_c.h
[20.777s] -- Installing: /home/student36/RoboticsDesignProject/Git-repos/LeoRover-Team7/elephant_arm_ws/install/moveit_task_constructor_msgs/include/moveit_task_constructor_msgs/moveit_task_constructor_msgs/msg/detail/sub_solution__rosidl_typesupport_fastrtps_c.h
[20.777s] -- Installing: /home/student36/RoboticsDesignProject/Git-repos/LeoRover-Team7/elephant_arm_ws/install/moveit_task_constructor_msgs/include/moveit_task_constructor_msgs/moveit_task_constructor_msgs/msg/detail/stage_description__rosidl_typesupport_fastrtps_c.h
[20.778s] -- Installing: /home/student36/RoboticsDesignProject/Git-repos/LeoRover-Team7/elephant_arm_ws/install/moveit_task_constructor_msgs/include/moveit_task_constructor_msgs/moveit_task_constructor_msgs/msg/detail/task_statistics__rosidl_typesupport_fastrtps_c.h
[20.778s] -- Installing: /home/student36/RoboticsDesignProject/Git-repos/LeoRover-Team7/elephant_arm_ws/install/moveit_task_constructor_msgs/include/moveit_task_constructor_msgs/moveit_task_constructor_msgs/msg/detail/stage_statistics__rosidl_typesupport_fastrtps_c.h
[20.778s] -- Installing: /home/student36/RoboticsDesignProject/Git-repos/LeoRover-Team7/elephant_arm_ws/install/moveit_task_constructor_msgs/include/moveit_task_constructor_msgs/moveit_task_constructor_msgs/msg/detail/trajectory_execution_info__rosidl_typesupport_fastrtps_c.h
[20.778s] -- Installing: /home/student36/RoboticsDesignProject/Git-repos/LeoRover-Team7/elephant_arm_ws/install/moveit_task_constructor_msgs/include/moveit_task_constructor_msgs/moveit_task_constructor_msgs/msg/detail/task_description__rosidl_typesupport_fastrtps_c.h
[20.778s] -- Installing: /home/student36/RoboticsDesignProject/Git-repos/LeoRover-Team7/elephant_arm_ws/install/moveit_task_constructor_msgs/include/moveit_task_constructor_msgs/moveit_task_constructor_msgs/msg/rosidl_typesupport_fastrtps_c__visibility_control.h
[20.778s] -- Up-to-date: /home/student36/RoboticsDesignProject/Git-repos/LeoRover-Team7/elephant_arm_ws/install/moveit_task_constructor_msgs/include/moveit_task_constructor_msgs/moveit_task_constructor_msgs/srv
[20.778s] -- Up-to-date: /home/student36/RoboticsDesignProject/Git-repos/LeoRover-Team7/elephant_arm_ws/install/moveit_task_constructor_msgs/include/moveit_task_constructor_msgs/moveit_task_constructor_msgs/srv/detail
[20.778s] -- Installing: /home/student36/RoboticsDesignProject/Git-repos/LeoRover-Team7/elephant_arm_ws/install/moveit_task_constructor_msgs/include/moveit_task_constructor_msgs/moveit_task_constructor_msgs/srv/detail/get_solution__rosidl_typesupport_fastrtps_c.h
[20.778s] -- Installing: /home/student36/RoboticsDesignProject/Git-repos/LeoRover-Team7/elephant_arm_ws/install/moveit_task_constructor_msgs/lib/libmoveit_task_constructor_msgs__rosidl_typesupport_fastrtps_c.so
[20.779s] -- Set non-toolchain portion of runtime path of "/home/student36/RoboticsDesignProject/Git-repos/LeoRover-Team7/elephant_arm_ws/install/moveit_task_constructor_msgs/lib/libmoveit_task_constructor_msgs__rosidl_typesupport_fastrtps_c.so" to ""
[20.779s] -- Up-to-date: /home/student36/RoboticsDesignProject/Git-repos/LeoRover-Team7/elephant_arm_ws/install/moveit_task_constructor_msgs/include/moveit_task_constructor_msgs/moveit_task_constructor_msgs
[20.779s] -- Up-to-date: /home/student36/RoboticsDesignProject/Git-repos/LeoRover-Team7/elephant_arm_ws/install/moveit_task_constructor_msgs/include/moveit_task_constructor_msgs/moveit_task_constructor_msgs/action
[20.779s] -- Installing: /home/student36/RoboticsDesignProject/Git-repos/LeoRover-Team7/elephant_arm_ws/install/moveit_task_constructor_msgs/include/moveit_task_constructor_msgs/moveit_task_constructor_msgs/action/execute_task_solution.hpp
[20.779s] -- Up-to-date: /home/student36/RoboticsDesignProject/Git-repos/LeoRover-Team7/elephant_arm_ws/install/moveit_task_constructor_msgs/include/moveit_task_constructor_msgs/moveit_task_constructor_msgs/action/detail
[20.779s] -- Installing: /home/student36/RoboticsDesignProject/Git-repos/LeoRover-Team7/elephant_arm_ws/install/moveit_task_constructor_msgs/include/moveit_task_constructor_msgs/moveit_task_constructor_msgs/action/detail/execute_task_solution__struct.hpp
[20.780s] -- Installing: /home/student36/RoboticsDesignProject/Git-repos/LeoRover-Team7/elephant_arm_ws/install/moveit_task_constructor_msgs/include/moveit_task_constructor_msgs/moveit_task_constructor_msgs/action/detail/execute_task_solution__type_support.hpp
[20.780s] -- Installing: /home/student36/RoboticsDesignProject/Git-repos/LeoRover-Team7/elephant_arm_ws/install/moveit_task_constructor_msgs/include/moveit_task_constructor_msgs/moveit_task_constructor_msgs/action/detail/execute_task_solution__traits.hpp
[20.780s] -- Installing: /home/student36/RoboticsDesignProject/Git-repos/LeoRover-Team7/elephant_arm_ws/install/moveit_task_constructor_msgs/include/moveit_task_constructor_msgs/moveit_task_constructor_msgs/action/detail/execute_task_solution__builder.hpp
[20.780s] -- Up-to-date: /home/student36/RoboticsDesignProject/Git-repos/LeoRover-Team7/elephant_arm_ws/install/moveit_task_constructor_msgs/include/moveit_task_constructor_msgs/moveit_task_constructor_msgs/msg
[20.780s] -- Installing: /home/student36/RoboticsDesignProject/Git-repos/LeoRover-Team7/elephant_arm_ws/install/moveit_task_constructor_msgs/include/moveit_task_constructor_msgs/moveit_task_constructor_msgs/msg/sub_solution.hpp
[20.780s] -- Installing: /home/student36/RoboticsDesignProject/Git-repos/LeoRover-Team7/elephant_arm_ws/install/moveit_task_constructor_msgs/include/moveit_task_constructor_msgs/moveit_task_constructor_msgs/msg/task_statistics.hpp
[20.780s] -- Up-to-date: /home/student36/RoboticsDesignProject/Git-repos/LeoRover-Team7/elephant_arm_ws/install/moveit_task_constructor_msgs/include/moveit_task_constructor_msgs/moveit_task_constructor_msgs/msg/detail
[20.780s] -- Installing: /home/student36/RoboticsDesignProject/Git-repos/LeoRover-Team7/elephant_arm_ws/install/moveit_task_constructor_msgs/include/moveit_task_constructor_msgs/moveit_task_constructor_msgs/msg/detail/stage_statistics__type_support.hpp
[20.780s] -- Installing: /home/student36/RoboticsDesignProject/Git-repos/LeoRover-Team7/elephant_arm_ws/install/moveit_task_constructor_msgs/include/moveit_task_constructor_msgs/moveit_task_constructor_msgs/msg/detail/task_statistics__builder.hpp
[20.780s] -- Installing: /home/student36/RoboticsDesignProject/Git-repos/LeoRover-Team7/elephant_arm_ws/install/moveit_task_constructor_msgs/include/moveit_task_constructor_msgs/moveit_task_constructor_msgs/msg/detail/sub_trajectory__traits.hpp
[20.781s] -- Installing: /home/student36/RoboticsDesignProject/Git-repos/LeoRover-Team7/elephant_arm_ws/install/moveit_task_constructor_msgs/include/moveit_task_constructor_msgs/moveit_task_constructor_msgs/msg/detail/stage_statistics__traits.hpp
[20.781s] -- Installing: /home/student36/RoboticsDesignProject/Git-repos/LeoRover-Team7/elephant_arm_ws/install/moveit_task_constructor_msgs/include/moveit_task_constructor_msgs/moveit_task_constructor_msgs/msg/detail/stage_description__traits.hpp
[20.781s] -- Installing: /home/student36/RoboticsDesignProject/Git-repos/LeoRover-Team7/elephant_arm_ws/install/moveit_task_constructor_msgs/include/moveit_task_constructor_msgs/moveit_task_constructor_msgs/msg/detail/task_statistics__struct.hpp
[20.781s] -- Installing: /home/student36/RoboticsDesignProject/Git-repos/LeoRover-Team7/elephant_arm_ws/install/moveit_task_constructor_msgs/include/moveit_task_constructor_msgs/moveit_task_constructor_msgs/msg/detail/property__traits.hpp
[20.781s] -- Installing: /home/student36/RoboticsDesignProject/Git-repos/LeoRover-Team7/elephant_arm_ws/install/moveit_task_constructor_msgs/include/moveit_task_constructor_msgs/moveit_task_constructor_msgs/msg/detail/sub_solution__builder.hpp
[20.781s] -- Installing: /home/student36/RoboticsDesignProject/Git-repos/LeoRover-Team7/elephant_arm_ws/install/moveit_task_constructor_msgs/include/moveit_task_constructor_msgs/moveit_task_constructor_msgs/msg/detail/property__type_support.hpp
[20.781s] -- Installing: /home/student36/RoboticsDesignProject/Git-repos/LeoRover-Team7/elephant_arm_ws/install/moveit_task_constructor_msgs/include/moveit_task_constructor_msgs/moveit_task_constructor_msgs/msg/detail/sub_solution__struct.hpp
[20.781s] -- Installing: /home/student36/RoboticsDesignProject/Git-repos/LeoRover-Team7/elephant_arm_ws/install/moveit_task_constructor_msgs/include/moveit_task_constructor_msgs/moveit_task_constructor_msgs/msg/detail/task_description__struct.hpp
[20.782s] -- Installing: /home/student36/RoboticsDesignProject/Git-repos/LeoRover-Team7/elephant_arm_ws/install/moveit_task_constructor_msgs/include/moveit_task_constructor_msgs/moveit_task_constructor_msgs/msg/detail/stage_description__struct.hpp
[20.782s] -- Installing: /home/student36/RoboticsDesignProject/Git-repos/LeoRover-Team7/elephant_arm_ws/install/moveit_task_constructor_msgs/include/moveit_task_constructor_msgs/moveit_task_constructor_msgs/msg/detail/trajectory_execution_info__builder.hpp
[20.782s] -- Installing: /home/student36/RoboticsDesignProject/Git-repos/LeoRover-Team7/elephant_arm_ws/install/moveit_task_constructor_msgs/include/moveit_task_constructor_msgs/moveit_task_constructor_msgs/msg/detail/property__builder.hpp
[20.782s] -- Installing: /home/student36/RoboticsDesignProject/Git-repos/LeoRover-Team7/elephant_arm_ws/install/moveit_task_constructor_msgs/include/moveit_task_constructor_msgs/moveit_task_constructor_msgs/msg/detail/sub_trajectory__type_support.hpp
[20.782s] -- Installing: /home/student36/RoboticsDesignProject/Git-repos/LeoRover-Team7/elephant_arm_ws/install/moveit_task_constructor_msgs/include/moveit_task_constructor_msgs/moveit_task_constructor_msgs/msg/detail/solution_info__traits.hpp
[20.782s] -- Installing: /home/student36/RoboticsDesignProject/Git-repos/LeoRover-Team7/elephant_arm_ws/install/moveit_task_constructor_msgs/include/moveit_task_constructor_msgs/moveit_task_constructor_msgs/msg/detail/sub_trajectory__struct.hpp
[20.782s] -- Installing: /home/student36/RoboticsDesignProject/Git-repos/LeoRover-Team7/elephant_arm_ws/install/moveit_task_constructor_msgs/include/moveit_task_constructor_msgs/moveit_task_constructor_msgs/msg/detail/sub_solution__type_support.hpp
[20.782s] -- Installing: /home/student36/RoboticsDesignProject/Git-repos/LeoRover-Team7/elephant_arm_ws/install/moveit_task_constructor_msgs/include/moveit_task_constructor_msgs/moveit_task_constructor_msgs/msg/detail/solution_info__type_support.hpp
[20.783s] -- Installing: /home/student36/RoboticsDesignProject/Git-repos/LeoRover-Team7/elephant_arm_ws/install/moveit_task_constructor_msgs/include/moveit_task_constructor_msgs/moveit_task_constructor_msgs/msg/detail/trajectory_execution_info__struct.hpp
[20.783s] -- Installing: /home/student36/RoboticsDesignProject/Git-repos/LeoRover-Team7/elephant_arm_ws/install/moveit_task_constructor_msgs/include/moveit_task_constructor_msgs/moveit_task_constructor_msgs/msg/detail/stage_statistics__builder.hpp
[20.783s] -- Installing: /home/student36/RoboticsDesignProject/Git-repos/LeoRover-Team7/elephant_arm_ws/install/moveit_task_constructor_msgs/include/moveit_task_constructor_msgs/moveit_task_constructor_msgs/msg/detail/stage_statistics__struct.hpp
[20.783s] -- Installing: /home/student36/RoboticsDesignProject/Git-repos/LeoRover-Team7/elephant_arm_ws/install/moveit_task_constructor_msgs/include/moveit_task_constructor_msgs/moveit_task_constructor_msgs/msg/detail/task_description__traits.hpp
[20.783s] -- Installing: /home/student36/RoboticsDesignProject/Git-repos/LeoRover-Team7/elephant_arm_ws/install/moveit_task_constructor_msgs/include/moveit_task_constructor_msgs/moveit_task_constructor_msgs/msg/detail/trajectory_execution_info__type_support.hpp
[20.783s] -- Installing: /home/student36/RoboticsDesignProject/Git-repos/LeoRover-Team7/elephant_arm_ws/install/moveit_task_constructor_msgs/include/moveit_task_constructor_msgs/moveit_task_constructor_msgs/msg/detail/task_statistics__type_support.hpp
[20.783s] -- Installing: /home/student36/RoboticsDesignProject/Git-repos/LeoRover-Team7/elephant_arm_ws/install/moveit_task_constructor_msgs/include/moveit_task_constructor_msgs/moveit_task_constructor_msgs/msg/detail/sub_solution__traits.hpp
[20.783s] -- Installing: /home/student36/RoboticsDesignProject/Git-repos/LeoRover-Team7/elephant_arm_ws/install/moveit_task_constructor_msgs/include/moveit_task_constructor_msgs/moveit_task_constructor_msgs/msg/detail/trajectory_execution_info__traits.hpp
[20.784s] -- Installing: /home/student36/RoboticsDesignProject/Git-repos/LeoRover-Team7/elephant_arm_ws/install/moveit_task_constructor_msgs/include/moveit_task_constructor_msgs/moveit_task_constructor_msgs/msg/detail/stage_description__builder.hpp
[20.784s] -- Installing: /home/student36/RoboticsDesignProject/Git-repos/LeoRover-Team7/elephant_arm_ws/install/moveit_task_constructor_msgs/include/moveit_task_constructor_msgs/moveit_task_constructor_msgs/msg/detail/solution__traits.hpp
[20.784s] -- Installing: /home/student36/RoboticsDesignProject/Git-repos/LeoRover-Team7/elephant_arm_ws/install/moveit_task_constructor_msgs/include/moveit_task_constructor_msgs/moveit_task_constructor_msgs/msg/detail/solution__type_support.hpp
[20.784s] -- Installing: /home/student36/RoboticsDesignProject/Git-repos/LeoRover-Team7/elephant_arm_ws/install/moveit_task_constructor_msgs/include/moveit_task_constructor_msgs/moveit_task_constructor_msgs/msg/detail/task_description__type_support.hpp
[20.784s] -- Installing: /home/student36/RoboticsDesignProject/Git-repos/LeoRover-Team7/elephant_arm_ws/install/moveit_task_constructor_msgs/include/moveit_task_constructor_msgs/moveit_task_constructor_msgs/msg/detail/task_description__builder.hpp
[20.784s] -- Installing: /home/student36/RoboticsDesignProject/Git-repos/LeoRover-Team7/elephant_arm_ws/install/moveit_task_constructor_msgs/include/moveit_task_constructor_msgs/moveit_task_constructor_msgs/msg/detail/solution__builder.hpp
[20.784s] -- Installing: /home/student36/RoboticsDesignProject/Git-repos/LeoRover-Team7/elephant_arm_ws/install/moveit_task_constructor_msgs/include/moveit_task_constructor_msgs/moveit_task_constructor_msgs/msg/detail/solution_info__builder.hpp
[20.785s] -- Installing: /home/student36/RoboticsDesignProject/Git-repos/LeoRover-Team7/elephant_arm_ws/install/moveit_task_constructor_msgs/include/moveit_task_constructor_msgs/moveit_task_constructor_msgs/msg/detail/task_statistics__traits.hpp
[20.785s] -- Installing: /home/student36/RoboticsDesignProject/Git-repos/LeoRover-Team7/elephant_arm_ws/install/moveit_task_constructor_msgs/include/moveit_task_constructor_msgs/moveit_task_constructor_msgs/msg/detail/property__struct.hpp
[20.785s] -- Installing: /home/student36/RoboticsDesignProject/Git-repos/LeoRover-Team7/elephant_arm_ws/install/moveit_task_constructor_msgs/include/moveit_task_constructor_msgs/moveit_task_constructor_msgs/msg/detail/sub_trajectory__builder.hpp
[20.785s] -- Installing: /home/student36/RoboticsDesignProject/Git-repos/LeoRover-Team7/elephant_arm_ws/install/moveit_task_constructor_msgs/include/moveit_task_constructor_msgs/moveit_task_constructor_msgs/msg/detail/solution__struct.hpp
[20.785s] -- Installing: /home/student36/RoboticsDesignProject/Git-repos/LeoRover-Team7/elephant_arm_ws/install/moveit_task_constructor_msgs/include/moveit_task_constructor_msgs/moveit_task_constructor_msgs/msg/detail/stage_description__type_support.hpp
[20.785s] -- Installing: /home/student36/RoboticsDesignProject/Git-repos/LeoRover-Team7/elephant_arm_ws/install/moveit_task_constructor_msgs/include/moveit_task_constructor_msgs/moveit_task_constructor_msgs/msg/detail/solution_info__struct.hpp
[20.785s] -- Installing: /home/student36/RoboticsDesignProject/Git-repos/LeoRover-Team7/elephant_arm_ws/install/moveit_task_constructor_msgs/include/moveit_task_constructor_msgs/moveit_task_constructor_msgs/msg/solution_info.hpp
[20.785s] -- Installing: /home/student36/RoboticsDesignProject/Git-repos/LeoRover-Team7/elephant_arm_ws/install/moveit_task_constructor_msgs/include/moveit_task_constructor_msgs/moveit_task_constructor_msgs/msg/task_description.hpp
[20.786s] -- Installing: /home/student36/RoboticsDesignProject/Git-repos/LeoRover-Team7/elephant_arm_ws/install/moveit_task_constructor_msgs/include/moveit_task_constructor_msgs/moveit_task_constructor_msgs/msg/trajectory_execution_info.hpp
[20.786s] -- Installing: /home/student36/RoboticsDesignProject/Git-repos/LeoRover-Team7/elephant_arm_ws/install/moveit_task_constructor_msgs/include/moveit_task_constructor_msgs/moveit_task_constructor_msgs/msg/rosidl_generator_cpp__visibility_control.hpp
[20.786s] -- Installing: /home/student36/RoboticsDesignProject/Git-repos/LeoRover-Team7/elephant_arm_ws/install/moveit_task_constructor_msgs/include/moveit_task_constructor_msgs/moveit_task_constructor_msgs/msg/property.hpp
[20.786s] -- Installing: /home/student36/RoboticsDesignProject/Git-repos/LeoRover-Team7/elephant_arm_ws/install/moveit_task_constructor_msgs/include/moveit_task_constructor_msgs/moveit_task_constructor_msgs/msg/stage_description.hpp
[20.786s] -- Installing: /home/student36/RoboticsDesignProject/Git-repos/LeoRover-Team7/elephant_arm_ws/install/moveit_task_constructor_msgs/include/moveit_task_constructor_msgs/moveit_task_constructor_msgs/msg/solution.hpp
[20.786s] -- Installing: /home/student36/RoboticsDesignProject/Git-repos/LeoRover-Team7/elephant_arm_ws/install/moveit_task_constructor_msgs/include/moveit_task_constructor_msgs/moveit_task_constructor_msgs/msg/stage_statistics.hpp
[20.786s] -- Installing: /home/student36/RoboticsDesignProject/Git-repos/LeoRover-Team7/elephant_arm_ws/install/moveit_task_constructor_msgs/include/moveit_task_constructor_msgs/moveit_task_constructor_msgs/msg/sub_trajectory.hpp
[20.786s] -- Up-to-date: /home/student36/RoboticsDesignProject/Git-repos/LeoRover-Team7/elephant_arm_ws/install/moveit_task_constructor_msgs/include/moveit_task_constructor_msgs/moveit_task_constructor_msgs/srv
[20.786s] -- Up-to-date: /home/student36/RoboticsDesignProject/Git-repos/LeoRover-Team7/elephant_arm_ws/install/moveit_task_constructor_msgs/include/moveit_task_constructor_msgs/moveit_task_constructor_msgs/srv/detail
[20.786s] -- Installing: /home/student36/RoboticsDesignProject/Git-repos/LeoRover-Team7/elephant_arm_ws/install/moveit_task_constructor_msgs/include/moveit_task_constructor_msgs/moveit_task_constructor_msgs/srv/detail/get_solution__builder.hpp
[20.786s] -- Installing: /home/student36/RoboticsDesignProject/Git-repos/LeoRover-Team7/elephant_arm_ws/install/moveit_task_constructor_msgs/include/moveit_task_constructor_msgs/moveit_task_constructor_msgs/srv/detail/get_solution__struct.hpp
[20.787s] -- Installing: /home/student36/RoboticsDesignProject/Git-repos/LeoRover-Team7/elephant_arm_ws/install/moveit_task_constructor_msgs/include/moveit_task_constructor_msgs/moveit_task_constructor_msgs/srv/detail/get_solution__traits.hpp
[20.787s] -- Installing: /home/student36/RoboticsDesignProject/Git-repos/LeoRover-Team7/elephant_arm_ws/install/moveit_task_constructor_msgs/include/moveit_task_constructor_msgs/moveit_task_constructor_msgs/srv/detail/get_solution__type_support.hpp
[20.787s] -- Installing: /home/student36/RoboticsDesignProject/Git-repos/LeoRover-Team7/elephant_arm_ws/install/moveit_task_constructor_msgs/include/moveit_task_constructor_msgs/moveit_task_constructor_msgs/srv/get_solution.hpp
[20.787s] -- Up-to-date: /home/student36/RoboticsDesignProject/Git-repos/LeoRover-Team7/elephant_arm_ws/install/moveit_task_constructor_msgs/include/moveit_task_constructor_msgs/moveit_task_constructor_msgs
[20.787s] -- Up-to-date: /home/student36/RoboticsDesignProject/Git-repos/LeoRover-Team7/elephant_arm_ws/install/moveit_task_constructor_msgs/include/moveit_task_constructor_msgs/moveit_task_constructor_msgs/action
[20.787s] -- Up-to-date: /home/student36/RoboticsDesignProject/Git-repos/LeoRover-Team7/elephant_arm_ws/install/moveit_task_constructor_msgs/include/moveit_task_constructor_msgs/moveit_task_constructor_msgs/action/detail
[20.787s] -- Installing: /home/student36/RoboticsDesignProject/Git-repos/LeoRover-Team7/elephant_arm_ws/install/moveit_task_constructor_msgs/include/moveit_task_constructor_msgs/moveit_task_constructor_msgs/action/detail/dds_fastrtps
[20.787s] -- Installing: /home/student36/RoboticsDesignProject/Git-repos/LeoRover-Team7/elephant_arm_ws/install/moveit_task_constructor_msgs/include/moveit_task_constructor_msgs/moveit_task_constructor_msgs/action/detail/execute_task_solution__rosidl_typesupport_fastrtps_cpp.hpp
[20.787s] -- Up-to-date: /home/student36/RoboticsDesignProject/Git-repos/LeoRover-Team7/elephant_arm_ws/install/moveit_task_constructor_msgs/include/moveit_task_constructor_msgs/moveit_task_constructor_msgs/msg
[20.787s] -- Up-to-date: /home/student36/RoboticsDesignProject/Git-repos/LeoRover-Team7/elephant_arm_ws/install/moveit_task_constructor_msgs/include/moveit_task_constructor_msgs/moveit_task_constructor_msgs/msg/detail
[20.788s] -- Installing: /home/student36/RoboticsDesignProject/Git-repos/LeoRover-Team7/elephant_arm_ws/install/moveit_task_constructor_msgs/include/moveit_task_constructor_msgs/moveit_task_constructor_msgs/msg/detail/task_description__rosidl_typesupport_fastrtps_cpp.hpp
[20.788s] -- Installing: /home/student36/RoboticsDesignProject/Git-repos/LeoRover-Team7/elephant_arm_ws/install/moveit_task_constructor_msgs/include/moveit_task_constructor_msgs/moveit_task_constructor_msgs/msg/detail/sub_solution__rosidl_typesupport_fastrtps_cpp.hpp
[20.788s] -- Installing: /home/student36/RoboticsDesignProject/Git-repos/LeoRover-Team7/elephant_arm_ws/install/moveit_task_constructor_msgs/include/moveit_task_constructor_msgs/moveit_task_constructor_msgs/msg/detail/stage_description__rosidl_typesupport_fastrtps_cpp.hpp
[20.788s] -- Installing: /home/student36/RoboticsDesignProject/Git-repos/LeoRover-Team7/elephant_arm_ws/install/moveit_task_constructor_msgs/include/moveit_task_constructor_msgs/moveit_task_constructor_msgs/msg/detail/task_statistics__rosidl_typesupport_fastrtps_cpp.hpp
[20.788s] -- Installing: /home/student36/RoboticsDesignProject/Git-repos/LeoRover-Team7/elephant_arm_ws/install/moveit_task_constructor_msgs/include/moveit_task_constructor_msgs/moveit_task_constructor_msgs/msg/detail/stage_statistics__rosidl_typesupport_fastrtps_cpp.hpp
[20.788s] -- Installing: /home/student36/RoboticsDesignProject/Git-repos/LeoRover-Team7/elephant_arm_ws/install/moveit_task_constructor_msgs/include/moveit_task_constructor_msgs/moveit_task_constructor_msgs/msg/detail/dds_fastrtps
[20.788s] -- Installing: /home/student36/RoboticsDesignProject/Git-repos/LeoRover-Team7/elephant_arm_ws/install/moveit_task_constructor_msgs/include/moveit_task_constructor_msgs/moveit_task_constructor_msgs/msg/detail/trajectory_execution_info__rosidl_typesupport_fastrtps_cpp.hpp
[20.788s] -- Installing: /home/student36/RoboticsDesignProject/Git-repos/LeoRover-Team7/elephant_arm_ws/install/moveit_task_constructor_msgs/include/moveit_task_constructor_msgs/moveit_task_constructor_msgs/msg/detail/solution__rosidl_typesupport_fastrtps_cpp.hpp
[20.788s] -- Installing: /home/student36/RoboticsDesignProject/Git-repos/LeoRover-Team7/elephant_arm_ws/install/moveit_task_constructor_msgs/include/moveit_task_constructor_msgs/moveit_task_constructor_msgs/msg/detail/property__rosidl_typesupport_fastrtps_cpp.hpp
[20.789s] -- Installing: /home/student36/RoboticsDesignProject/Git-repos/LeoRover-Team7/elephant_arm_ws/install/moveit_task_constructor_msgs/include/moveit_task_constructor_msgs/moveit_task_constructor_msgs/msg/detail/sub_trajectory__rosidl_typesupport_fastrtps_cpp.hpp
[20.789s] -- Installing: /home/student36/RoboticsDesignProject/Git-repos/LeoRover-Team7/elephant_arm_ws/install/moveit_task_constructor_msgs/include/moveit_task_constructor_msgs/moveit_task_constructor_msgs/msg/detail/solution_info__rosidl_typesupport_fastrtps_cpp.hpp
[20.789s] -- Installing: /home/student36/RoboticsDesignProject/Git-repos/LeoRover-Team7/elephant_arm_ws/install/moveit_task_constructor_msgs/include/moveit_task_constructor_msgs/moveit_task_constructor_msgs/msg/rosidl_typesupport_fastrtps_cpp__visibility_control.h
[20.789s] -- Up-to-date: /home/student36/RoboticsDesignProject/Git-repos/LeoRover-Team7/elephant_arm_ws/install/moveit_task_constructor_msgs/include/moveit_task_constructor_msgs/moveit_task_constructor_msgs/srv
[20.789s] -- Up-to-date: /home/student36/RoboticsDesignProject/Git-repos/LeoRover-Team7/elephant_arm_ws/install/moveit_task_constructor_msgs/include/moveit_task_constructor_msgs/moveit_task_constructor_msgs/srv/detail
[20.789s] -- Installing: /home/student36/RoboticsDesignProject/Git-repos/LeoRover-Team7/elephant_arm_ws/install/moveit_task_constructor_msgs/include/moveit_task_constructor_msgs/moveit_task_constructor_msgs/srv/detail/dds_fastrtps
[20.789s] -- Installing: /home/student36/RoboticsDesignProject/Git-repos/LeoRover-Team7/elephant_arm_ws/install/moveit_task_constructor_msgs/include/moveit_task_constructor_msgs/moveit_task_constructor_msgs/srv/detail/get_solution__rosidl_typesupport_fastrtps_cpp.hpp
[20.789s] -- Installing: /home/student36/RoboticsDesignProject/Git-repos/LeoRover-Team7/elephant_arm_ws/install/moveit_task_constructor_msgs/lib/libmoveit_task_constructor_msgs__rosidl_typesupport_fastrtps_cpp.so
[20.790s] -- Set non-toolchain portion of runtime path of "/home/student36/RoboticsDesignProject/Git-repos/LeoRover-Team7/elephant_arm_ws/install/moveit_task_constructor_msgs/lib/libmoveit_task_constructor_msgs__rosidl_typesupport_fastrtps_cpp.so" to ""
[20.790s] -- Up-to-date: /home/student36/RoboticsDesignProject/Git-repos/LeoRover-Team7/elephant_arm_ws/install/moveit_task_constructor_msgs/include/moveit_task_constructor_msgs/moveit_task_constructor_msgs
[20.790s] -- Up-to-date: /home/student36/RoboticsDesignProject/Git-repos/LeoRover-Team7/elephant_arm_ws/install/moveit_task_constructor_msgs/include/moveit_task_constructor_msgs/moveit_task_constructor_msgs/action
[20.790s] -- Up-to-date: /home/student36/RoboticsDesignProject/Git-repos/LeoRover-Team7/elephant_arm_ws/install/moveit_task_constructor_msgs/include/moveit_task_constructor_msgs/moveit_task_constructor_msgs/action/detail
[20.791s] -- Installing: /home/student36/RoboticsDesignProject/Git-repos/LeoRover-Team7/elephant_arm_ws/install/moveit_task_constructor_msgs/include/moveit_task_constructor_msgs/moveit_task_constructor_msgs/action/detail/execute_task_solution__type_support.c
[20.791s] -- Installing: /home/student36/RoboticsDesignProject/Git-repos/LeoRover-Team7/elephant_arm_ws/install/moveit_task_constructor_msgs/include/moveit_task_constructor_msgs/moveit_task_constructor_msgs/action/detail/execute_task_solution__rosidl_typesupport_introspection_c.h
[20.791s] -- Up-to-date: /home/student36/RoboticsDesignProject/Git-repos/LeoRover-Team7/elephant_arm_ws/install/moveit_task_constructor_msgs/include/moveit_task_constructor_msgs/moveit_task_constructor_msgs/msg
[20.791s] -- Up-to-date: /home/student36/RoboticsDesignProject/Git-repos/LeoRover-Team7/elephant_arm_ws/install/moveit_task_constructor_msgs/include/moveit_task_constructor_msgs/moveit_task_constructor_msgs/msg/detail
[20.791s] -- Installing: /home/student36/RoboticsDesignProject/Git-repos/LeoRover-Team7/elephant_arm_ws/install/moveit_task_constructor_msgs/include/moveit_task_constructor_msgs/moveit_task_constructor_msgs/msg/detail/stage_description__type_support.c
[20.791s] -- Installing: /home/student36/RoboticsDesignProject/Git-repos/LeoRover-Team7/elephant_arm_ws/install/moveit_task_constructor_msgs/include/moveit_task_constructor_msgs/moveit_task_constructor_msgs/msg/detail/property__rosidl_typesupport_introspection_c.h
[20.791s] -- Installing: /home/student36/RoboticsDesignProject/Git-repos/LeoRover-Team7/elephant_arm_ws/install/moveit_task_constructor_msgs/include/moveit_task_constructor_msgs/moveit_task_constructor_msgs/msg/detail/sub_solution__type_support.c
[20.791s] -- Installing: /home/student36/RoboticsDesignProject/Git-repos/LeoRover-Team7/elephant_arm_ws/install/moveit_task_constructor_msgs/include/moveit_task_constructor_msgs/moveit_task_constructor_msgs/msg/detail/task_description__type_support.c
[20.791s] -- Installing: /home/student36/RoboticsDesignProject/Git-repos/LeoRover-Team7/elephant_arm_ws/install/moveit_task_constructor_msgs/include/moveit_task_constructor_msgs/moveit_task_constructor_msgs/msg/detail/sub_solution__rosidl_typesupport_introspection_c.h
[20.791s] -- Installing: /home/student36/RoboticsDesignProject/Git-repos/LeoRover-Team7/elephant_arm_ws/install/moveit_task_constructor_msgs/include/moveit_task_constructor_msgs/moveit_task_constructor_msgs/msg/detail/solution__rosidl_typesupport_introspection_c.h
[20.791s] -- Installing: /home/student36/RoboticsDesignProject/Git-repos/LeoRover-Team7/elephant_arm_ws/install/moveit_task_constructor_msgs/include/moveit_task_constructor_msgs/moveit_task_constructor_msgs/msg/detail/solution__type_support.c
[20.791s] -- Installing: /home/student36/RoboticsDesignProject/Git-repos/LeoRover-Team7/elephant_arm_ws/install/moveit_task_constructor_msgs/include/moveit_task_constructor_msgs/moveit_task_constructor_msgs/msg/detail/task_statistics__type_support.c
[20.791s] -- Installing: /home/student36/RoboticsDesignProject/Git-repos/LeoRover-Team7/elephant_arm_ws/install/moveit_task_constructor_msgs/include/moveit_task_constructor_msgs/moveit_task_constructor_msgs/msg/detail/sub_trajectory__type_support.c
[20.791s] -- Installing: /home/student36/RoboticsDesignProject/Git-repos/LeoRover-Team7/elephant_arm_ws/install/moveit_task_constructor_msgs/include/moveit_task_constructor_msgs/moveit_task_constructor_msgs/msg/detail/stage_description__rosidl_typesupport_introspection_c.h
[20.791s] -- Installing: /home/student36/RoboticsDesignProject/Git-repos/LeoRover-Team7/elephant_arm_ws/install/moveit_task_constructor_msgs/include/moveit_task_constructor_msgs/moveit_task_constructor_msgs/msg/detail/sub_trajectory__rosidl_typesupport_introspection_c.h
[20.791s] -- Installing: /home/student36/RoboticsDesignProject/Git-repos/LeoRover-Team7/elephant_arm_ws/install/moveit_task_constructor_msgs/include/moveit_task_constructor_msgs/moveit_task_constructor_msgs/msg/detail/property__type_support.c
[20.791s] -- Installing: /home/student36/RoboticsDesignProject/Git-repos/LeoRover-Team7/elephant_arm_ws/install/moveit_task_constructor_msgs/include/moveit_task_constructor_msgs/moveit_task_constructor_msgs/msg/detail/task_statistics__rosidl_typesupport_introspection_c.h
[20.791s] -- Installing: /home/student36/RoboticsDesignProject/Git-repos/LeoRover-Team7/elephant_arm_ws/install/moveit_task_constructor_msgs/include/moveit_task_constructor_msgs/moveit_task_constructor_msgs/msg/detail/task_description__rosidl_typesupport_introspection_c.h
[20.791s] -- Installing: /home/student36/RoboticsDesignProject/Git-repos/LeoRover-Team7/elephant_arm_ws/install/moveit_task_constructor_msgs/include/moveit_task_constructor_msgs/moveit_task_constructor_msgs/msg/detail/stage_statistics__rosidl_typesupport_introspection_c.h
[20.791s] -- Installing: /home/student36/RoboticsDesignProject/Git-repos/LeoRover-Team7/elephant_arm_ws/install/moveit_task_constructor_msgs/include/moveit_task_constructor_msgs/moveit_task_constructor_msgs/msg/detail/stage_statistics__type_support.c
[20.792s] -- Installing: /home/student36/RoboticsDesignProject/Git-repos/LeoRover-Team7/elephant_arm_ws/install/moveit_task_constructor_msgs/include/moveit_task_constructor_msgs/moveit_task_constructor_msgs/msg/detail/solution_info__rosidl_typesupport_introspection_c.h
[20.792s] -- Installing: /home/student36/RoboticsDesignProject/Git-repos/LeoRover-Team7/elephant_arm_ws/install/moveit_task_constructor_msgs/include/moveit_task_constructor_msgs/moveit_task_constructor_msgs/msg/detail/solution_info__type_support.c
[20.792s] -- Installing: /home/student36/RoboticsDesignProject/Git-repos/LeoRover-Team7/elephant_arm_ws/install/moveit_task_constructor_msgs/include/moveit_task_constructor_msgs/moveit_task_constructor_msgs/msg/detail/trajectory_execution_info__rosidl_typesupport_introspection_c.h
[20.792s] -- Installing: /home/student36/RoboticsDesignProject/Git-repos/LeoRover-Team7/elephant_arm_ws/install/moveit_task_constructor_msgs/include/moveit_task_constructor_msgs/moveit_task_constructor_msgs/msg/detail/trajectory_execution_info__type_support.c
[20.792s] -- Installing: /home/student36/RoboticsDesignProject/Git-repos/LeoRover-Team7/elephant_arm_ws/install/moveit_task_constructor_msgs/include/moveit_task_constructor_msgs/moveit_task_constructor_msgs/msg/rosidl_typesupport_introspection_c__visibility_control.h
[20.792s] -- Up-to-date: /home/student36/RoboticsDesignProject/Git-repos/LeoRover-Team7/elephant_arm_ws/install/moveit_task_constructor_msgs/include/moveit_task_constructor_msgs/moveit_task_constructor_msgs/srv
[20.792s] -- Up-to-date: /home/student36/RoboticsDesignProject/Git-repos/LeoRover-Team7/elephant_arm_ws/install/moveit_task_constructor_msgs/include/moveit_task_constructor_msgs/moveit_task_constructor_msgs/srv/detail
[20.792s] -- Installing: /home/student36/RoboticsDesignProject/Git-repos/LeoRover-Team7/elephant_arm_ws/install/moveit_task_constructor_msgs/include/moveit_task_constructor_msgs/moveit_task_constructor_msgs/srv/detail/get_solution__type_support.c
[20.792s] -- Installing: /home/student36/RoboticsDesignProject/Git-repos/LeoRover-Team7/elephant_arm_ws/install/moveit_task_constructor_msgs/include/moveit_task_constructor_msgs/moveit_task_constructor_msgs/srv/detail/get_solution__rosidl_typesupport_introspection_c.h
[20.792s] -- Installing: /home/student36/RoboticsDesignProject/Git-repos/LeoRover-Team7/elephant_arm_ws/install/moveit_task_constructor_msgs/lib/libmoveit_task_constructor_msgs__rosidl_typesupport_introspection_c.so
[20.792s] -- Set non-toolchain portion of runtime path of "/home/student36/RoboticsDesignProject/Git-repos/LeoRover-Team7/elephant_arm_ws/install/moveit_task_constructor_msgs/lib/libmoveit_task_constructor_msgs__rosidl_typesupport_introspection_c.so" to ""
[20.792s] -- Installing: /home/student36/RoboticsDesignProject/Git-repos/LeoRover-Team7/elephant_arm_ws/install/moveit_task_constructor_msgs/lib/libmoveit_task_constructor_msgs__rosidl_typesupport_c.so
[20.792s] -- Set non-toolchain portion of runtime path of "/home/student36/RoboticsDesignProject/Git-repos/LeoRover-Team7/elephant_arm_ws/install/moveit_task_constructor_msgs/lib/libmoveit_task_constructor_msgs__rosidl_typesupport_c.so" to ""
[20.792s] -- Up-to-date: /home/student36/RoboticsDesignProject/Git-repos/LeoRover-Team7/elephant_arm_ws/install/moveit_task_constructor_msgs/include/moveit_task_constructor_msgs/moveit_task_constructor_msgs
[20.792s] -- Up-to-date: /home/student36/RoboticsDesignProject/Git-repos/LeoRover-Team7/elephant_arm_ws/install/moveit_task_constructor_msgs/include/moveit_task_constructor_msgs/moveit_task_constructor_msgs/action
[20.792s] -- Up-to-date: /home/student36/RoboticsDesignProject/Git-repos/LeoRover-Team7/elephant_arm_ws/install/moveit_task_constructor_msgs/include/moveit_task_constructor_msgs/moveit_task_constructor_msgs/action/detail
[20.793s] -- Installing: /home/student36/RoboticsDesignProject/Git-repos/LeoRover-Team7/elephant_arm_ws/install/moveit_task_constructor_msgs/include/moveit_task_constructor_msgs/moveit_task_constructor_msgs/action/detail/execute_task_solution__rosidl_typesupport_introspection_cpp.hpp
[20.793s] -- Installing: /home/student36/RoboticsDesignProject/Git-repos/LeoRover-Team7/elephant_arm_ws/install/moveit_task_constructor_msgs/include/moveit_task_constructor_msgs/moveit_task_constructor_msgs/action/detail/execute_task_solution__type_support.cpp
[20.793s] -- Up-to-date: /home/student36/RoboticsDesignProject/Git-repos/LeoRover-Team7/elephant_arm_ws/install/moveit_task_constructor_msgs/include/moveit_task_constructor_msgs/moveit_task_constructor_msgs/msg
[20.793s] -- Up-to-date: /home/student36/RoboticsDesignProject/Git-repos/LeoRover-Team7/elephant_arm_ws/install/moveit_task_constructor_msgs/include/moveit_task_constructor_msgs/moveit_task_constructor_msgs/msg/detail
[20.793s] -- Installing: /home/student36/RoboticsDesignProject/Git-repos/LeoRover-Team7/elephant_arm_ws/install/moveit_task_constructor_msgs/include/moveit_task_constructor_msgs/moveit_task_constructor_msgs/msg/detail/solution__type_support.cpp
[20.793s] -- Installing: /home/student36/RoboticsDesignProject/Git-repos/LeoRover-Team7/elephant_arm_ws/install/moveit_task_constructor_msgs/include/moveit_task_constructor_msgs/moveit_task_constructor_msgs/msg/detail/sub_trajectory__type_support.cpp
[20.793s] -- Installing: /home/student36/RoboticsDesignProject/Git-repos/LeoRover-Team7/elephant_arm_ws/install/moveit_task_constructor_msgs/include/moveit_task_constructor_msgs/moveit_task_constructor_msgs/msg/detail/solution_info__type_support.cpp
[20.793s] -- Installing: /home/student36/RoboticsDesignProject/Git-repos/LeoRover-Team7/elephant_arm_ws/install/moveit_task_constructor_msgs/include/moveit_task_constructor_msgs/moveit_task_constructor_msgs/msg/detail/sub_trajectory__rosidl_typesupport_introspection_cpp.hpp
[20.793s] -- Installing: /home/student36/RoboticsDesignProject/Git-repos/LeoRover-Team7/elephant_arm_ws/install/moveit_task_constructor_msgs/include/moveit_task_constructor_msgs/moveit_task_constructor_msgs/msg/detail/solution__rosidl_typesupport_introspection_cpp.hpp
[20.793s] -- Installing: /home/student36/RoboticsDesignProject/Git-repos/LeoRover-Team7/elephant_arm_ws/install/moveit_task_constructor_msgs/include/moveit_task_constructor_msgs/moveit_task_constructor_msgs/msg/detail/task_statistics__rosidl_typesupport_introspection_cpp.hpp
[20.793s] -- Installing: /home/student36/RoboticsDesignProject/Git-repos/LeoRover-Team7/elephant_arm_ws/install/moveit_task_constructor_msgs/include/moveit_task_constructor_msgs/moveit_task_constructor_msgs/msg/detail/trajectory_execution_info__rosidl_typesupport_introspection_cpp.hpp
[20.793s] -- Installing: /home/student36/RoboticsDesignProject/Git-repos/LeoRover-Team7/elephant_arm_ws/install/moveit_task_constructor_msgs/include/moveit_task_constructor_msgs/moveit_task_constructor_msgs/msg/detail/stage_description__type_support.cpp
[20.793s] -- Installing: /home/student36/RoboticsDesignProject/Git-repos/LeoRover-Team7/elephant_arm_ws/install/moveit_task_constructor_msgs/include/moveit_task_constructor_msgs/moveit_task_constructor_msgs/msg/detail/task_description__type_support.cpp
[20.793s] -- Installing: /home/student36/RoboticsDesignProject/Git-repos/LeoRover-Team7/elephant_arm_ws/install/moveit_task_constructor_msgs/include/moveit_task_constructor_msgs/moveit_task_constructor_msgs/msg/detail/sub_solution__rosidl_typesupport_introspection_cpp.hpp
[20.793s] -- Installing: /home/student36/RoboticsDesignProject/Git-repos/LeoRover-Team7/elephant_arm_ws/install/moveit_task_constructor_msgs/include/moveit_task_constructor_msgs/moveit_task_constructor_msgs/msg/detail/task_description__rosidl_typesupport_introspection_cpp.hpp
[20.793s] -- Installing: /home/student36/RoboticsDesignProject/Git-repos/LeoRover-Team7/elephant_arm_ws/install/moveit_task_constructor_msgs/include/moveit_task_constructor_msgs/moveit_task_constructor_msgs/msg/detail/stage_statistics__rosidl_typesupport_introspection_cpp.hpp
[20.793s] -- Installing: /home/student36/RoboticsDesignProject/Git-repos/LeoRover-Team7/elephant_arm_ws/install/moveit_task_constructor_msgs/include/moveit_task_constructor_msgs/moveit_task_constructor_msgs/msg/detail/sub_solution__type_support.cpp
[20.793s] -- Installing: /home/student36/RoboticsDesignProject/Git-repos/LeoRover-Team7/elephant_arm_ws/install/moveit_task_constructor_msgs/include/moveit_task_constructor_msgs/moveit_task_constructor_msgs/msg/detail/task_statistics__type_support.cpp
[20.793s] -- Installing: /home/student36/RoboticsDesignProject/Git-repos/LeoRover-Team7/elephant_arm_ws/install/moveit_task_constructor_msgs/include/moveit_task_constructor_msgs/moveit_task_constructor_msgs/msg/detail/trajectory_execution_info__type_support.cpp
[20.793s] -- Installing: /home/student36/RoboticsDesignProject/Git-repos/LeoRover-Team7/elephant_arm_ws/install/moveit_task_constructor_msgs/include/moveit_task_constructor_msgs/moveit_task_constructor_msgs/msg/detail/stage_description__rosidl_typesupport_introspection_cpp.hpp
[20.794s] -- Installing: /home/student36/RoboticsDesignProject/Git-repos/LeoRover-Team7/elephant_arm_ws/install/moveit_task_constructor_msgs/include/moveit_task_constructor_msgs/moveit_task_constructor_msgs/msg/detail/property__rosidl_typesupport_introspection_cpp.hpp
[20.794s] -- Installing: /home/student36/RoboticsDesignProject/Git-repos/LeoRover-Team7/elephant_arm_ws/install/moveit_task_constructor_msgs/include/moveit_task_constructor_msgs/moveit_task_constructor_msgs/msg/detail/solution_info__rosidl_typesupport_introspection_cpp.hpp
[20.794s] -- Installing: /home/student36/RoboticsDesignProject/Git-repos/LeoRover-Team7/elephant_arm_ws/install/moveit_task_constructor_msgs/include/moveit_task_constructor_msgs/moveit_task_constructor_msgs/msg/detail/property__type_support.cpp
[20.794s] -- Installing: /home/student36/RoboticsDesignProject/Git-repos/LeoRover-Team7/elephant_arm_ws/install/moveit_task_constructor_msgs/include/moveit_task_constructor_msgs/moveit_task_constructor_msgs/msg/detail/stage_statistics__type_support.cpp
[20.794s] -- Up-to-date: /home/student36/RoboticsDesignProject/Git-repos/LeoRover-Team7/elephant_arm_ws/install/moveit_task_constructor_msgs/include/moveit_task_constructor_msgs/moveit_task_constructor_msgs/srv
[20.794s] -- Up-to-date: /home/student36/RoboticsDesignProject/Git-repos/LeoRover-Team7/elephant_arm_ws/install/moveit_task_constructor_msgs/include/moveit_task_constructor_msgs/moveit_task_constructor_msgs/srv/detail
[20.794s] -- Installing: /home/student36/RoboticsDesignProject/Git-repos/LeoRover-Team7/elephant_arm_ws/install/moveit_task_constructor_msgs/include/moveit_task_constructor_msgs/moveit_task_constructor_msgs/srv/detail/get_solution__rosidl_typesupport_introspection_cpp.hpp
[20.794s] -- Installing: /home/student36/RoboticsDesignProject/Git-repos/LeoRover-Team7/elephant_arm_ws/install/moveit_task_constructor_msgs/include/moveit_task_constructor_msgs/moveit_task_constructor_msgs/srv/detail/get_solution__type_support.cpp
[20.794s] -- Installing: /home/student36/RoboticsDesignProject/Git-repos/LeoRover-Team7/elephant_arm_ws/install/moveit_task_constructor_msgs/lib/libmoveit_task_constructor_msgs__rosidl_typesupport_introspection_cpp.so
[20.795s] -- Set non-toolchain portion of runtime path of "/home/student36/RoboticsDesignProject/Git-repos/LeoRover-Team7/elephant_arm_ws/install/moveit_task_constructor_msgs/lib/libmoveit_task_constructor_msgs__rosidl_typesupport_introspection_cpp.so" to ""
[20.795s] -- Installing: /home/student36/RoboticsDesignProject/Git-repos/LeoRover-Team7/elephant_arm_ws/install/moveit_task_constructor_msgs/lib/libmoveit_task_constructor_msgs__rosidl_typesupport_cpp.so
[20.796s] -- Set non-toolchain portion of runtime path of "/home/student36/RoboticsDesignProject/Git-repos/LeoRover-Team7/elephant_arm_ws/install/moveit_task_constructor_msgs/lib/libmoveit_task_constructor_msgs__rosidl_typesupport_cpp.so" to ""
[20.796s] -- Installing: /home/student36/RoboticsDesignProject/Git-repos/LeoRover-Team7/elephant_arm_ws/install/moveit_task_constructor_msgs/share/moveit_task_constructor_msgs/environment/pythonpath.sh
[20.796s] -- Installing: /home/student36/RoboticsDesignProject/Git-repos/LeoRover-Team7/elephant_arm_ws/install/moveit_task_constructor_msgs/share/moveit_task_constructor_msgs/environment/pythonpath.dsv
[20.796s] -- Installing: /home/student36/RoboticsDesignProject/Git-repos/LeoRover-Team7/elephant_arm_ws/install/moveit_task_constructor_msgs/lib/python3.12/site-packages/moveit_task_constructor_msgs-0.1.4-py3.12.egg-info
[20.796s] -- Installing: /home/student36/RoboticsDesignProject/Git-repos/LeoRover-Team7/elephant_arm_ws/install/moveit_task_constructor_msgs/lib/python3.12/site-packages/moveit_task_constructor_msgs-0.1.4-py3.12.egg-info/dependency_links.txt
[20.796s] -- Installing: /home/student36/RoboticsDesignProject/Git-repos/LeoRover-Team7/elephant_arm_ws/install/moveit_task_constructor_msgs/lib/python3.12/site-packages/moveit_task_constructor_msgs-0.1.4-py3.12.egg-info/top_level.txt
[20.796s] -- Installing: /home/student36/RoboticsDesignProject/Git-repos/LeoRover-Team7/elephant_arm_ws/install/moveit_task_constructor_msgs/lib/python3.12/site-packages/moveit_task_constructor_msgs-0.1.4-py3.12.egg-info/PKG-INFO
[20.796s] -- Installing: /home/student36/RoboticsDesignProject/Git-repos/LeoRover-Team7/elephant_arm_ws/install/moveit_task_constructor_msgs/lib/python3.12/site-packages/moveit_task_constructor_msgs-0.1.4-py3.12.egg-info/SOURCES.txt
[20.796s] -- Installing: /home/student36/RoboticsDesignProject/Git-repos/LeoRover-Team7/elephant_arm_ws/install/moveit_task_constructor_msgs/lib/python3.12/site-packages/moveit_task_constructor_msgs
[20.796s] -- Installing: /home/student36/RoboticsDesignProject/Git-repos/LeoRover-Team7/elephant_arm_ws/install/moveit_task_constructor_msgs/lib/python3.12/site-packages/moveit_task_constructor_msgs/__init__.py
[20.796s] -- Installing: /home/student36/RoboticsDesignProject/Git-repos/LeoRover-Team7/elephant_arm_ws/install/moveit_task_constructor_msgs/lib/python3.12/site-packages/moveit_task_constructor_msgs/_moveit_task_constructor_msgs_s.ep.rosidl_typesupport_introspection_c.c
[20.796s] -- Installing: /home/student36/RoboticsDesignProject/Git-repos/LeoRover-Team7/elephant_arm_ws/install/moveit_task_constructor_msgs/lib/python3.12/site-packages/moveit_task_constructor_msgs/action
[20.796s] -- Installing: /home/student36/RoboticsDesignProject/Git-repos/LeoRover-Team7/elephant_arm_ws/install/moveit_task_constructor_msgs/lib/python3.12/site-packages/moveit_task_constructor_msgs/action/__init__.py
[20.796s] -- Installing: /home/student36/RoboticsDesignProject/Git-repos/LeoRover-Team7/elephant_arm_ws/install/moveit_task_constructor_msgs/lib/python3.12/site-packages/moveit_task_constructor_msgs/action/_execute_task_solution_s.c
[20.796s] -- Installing: /home/student36/RoboticsDesignProject/Git-repos/LeoRover-Team7/elephant_arm_ws/install/moveit_task_constructor_msgs/lib/python3.12/site-packages/moveit_task_constructor_msgs/action/_execute_task_solution.py
[20.796s] -- Installing: /home/student36/RoboticsDesignProject/Git-repos/LeoRover-Team7/elephant_arm_ws/install/moveit_task_constructor_msgs/lib/python3.12/site-packages/moveit_task_constructor_msgs/msg
[20.796s] -- Installing: /home/student36/RoboticsDesignProject/Git-repos/LeoRover-Team7/elephant_arm_ws/install/moveit_task_constructor_msgs/lib/python3.12/site-packages/moveit_task_constructor_msgs/msg/_trajectory_execution_info_s.c
[20.796s] -- Installing: /home/student36/RoboticsDesignProject/Git-repos/LeoRover-Team7/elephant_arm_ws/install/moveit_task_constructor_msgs/lib/python3.12/site-packages/moveit_task_constructor_msgs/msg/_task_description_s.c
[20.797s] -- Installing: /home/student36/RoboticsDesignProject/Git-repos/LeoRover-Team7/elephant_arm_ws/install/moveit_task_constructor_msgs/lib/python3.12/site-packages/moveit_task_constructor_msgs/msg/__init__.py
[20.797s] -- Installing: /home/student36/RoboticsDesignProject/Git-repos/LeoRover-Team7/elephant_arm_ws/install/moveit_task_constructor_msgs/lib/python3.12/site-packages/moveit_task_constructor_msgs/msg/_trajectory_execution_info.py
[20.797s] -- Installing: /home/student36/RoboticsDesignProject/Git-repos/LeoRover-Team7/elephant_arm_ws/install/moveit_task_constructor_msgs/lib/python3.12/site-packages/moveit_task_constructor_msgs/msg/_stage_description_s.c
[20.797s] -- Installing: /home/student36/RoboticsDesignProject/Git-repos/LeoRover-Team7/elephant_arm_ws/install/moveit_task_constructor_msgs/lib/python3.12/site-packages/moveit_task_constructor_msgs/msg/_solution_info_s.c
[20.797s] -- Installing: /home/student36/RoboticsDesignProject/Git-repos/LeoRover-Team7/elephant_arm_ws/install/moveit_task_constructor_msgs/lib/python3.12/site-packages/moveit_task_constructor_msgs/msg/_property_s.c
[20.797s] -- Installing: /home/student36/RoboticsDesignProject/Git-repos/LeoRover-Team7/elephant_arm_ws/install/moveit_task_constructor_msgs/lib/python3.12/site-packages/moveit_task_constructor_msgs/msg/_solution.py
[20.797s] -- Installing: /home/student36/RoboticsDesignProject/Git-repos/LeoRover-Team7/elephant_arm_ws/install/moveit_task_constructor_msgs/lib/python3.12/site-packages/moveit_task_constructor_msgs/msg/_sub_trajectory_s.c
[20.797s] -- Installing: /home/student36/RoboticsDesignProject/Git-repos/LeoRover-Team7/elephant_arm_ws/install/moveit_task_constructor_msgs/lib/python3.12/site-packages/moveit_task_constructor_msgs/msg/_sub_trajectory.py
[20.797s] -- Installing: /home/student36/RoboticsDesignProject/Git-repos/LeoRover-Team7/elephant_arm_ws/install/moveit_task_constructor_msgs/lib/python3.12/site-packages/moveit_task_constructor_msgs/msg/_sub_solution_s.c
[20.797s] -- Installing: /home/student36/RoboticsDesignProject/Git-repos/LeoRover-Team7/elephant_arm_ws/install/moveit_task_constructor_msgs/lib/python3.12/site-packages/moveit_task_constructor_msgs/msg/_stage_statistics.py
[20.797s] -- Installing: /home/student36/RoboticsDesignProject/Git-repos/LeoRover-Team7/elephant_arm_ws/install/moveit_task_constructor_msgs/lib/python3.12/site-packages/moveit_task_constructor_msgs/msg/_task_description.py
[20.797s] -- Installing: /home/student36/RoboticsDesignProject/Git-repos/LeoRover-Team7/elephant_arm_ws/install/moveit_task_constructor_msgs/lib/python3.12/site-packages/moveit_task_constructor_msgs/msg/_stage_description.py
[20.797s] -- Installing: /home/student36/RoboticsDesignProject/Git-repos/LeoRover-Team7/elephant_arm_ws/install/moveit_task_constructor_msgs/lib/python3.12/site-packages/moveit_task_constructor_msgs/msg/_property.py
[20.797s] -- Installing: /home/student36/RoboticsDesignProject/Git-repos/LeoRover-Team7/elephant_arm_ws/install/moveit_task_constructor_msgs/lib/python3.12/site-packages/moveit_task_constructor_msgs/msg/_task_statistics_s.c
[20.797s] -- Installing: /home/student36/RoboticsDesignProject/Git-repos/LeoRover-Team7/elephant_arm_ws/install/moveit_task_constructor_msgs/lib/python3.12/site-packages/moveit_task_constructor_msgs/msg/_solution_s.c
[20.797s] -- Installing: /home/student36/RoboticsDesignProject/Git-repos/LeoRover-Team7/elephant_arm_ws/install/moveit_task_constructor_msgs/lib/python3.12/site-packages/moveit_task_constructor_msgs/msg/_task_statistics.py
[20.797s] -- Installing: /home/student36/RoboticsDesignProject/Git-repos/LeoRover-Team7/elephant_arm_ws/install/moveit_task_constructor_msgs/lib/python3.12/site-packages/moveit_task_constructor_msgs/msg/_solution_info.py
[20.797s] -- Installing: /home/student36/RoboticsDesignProject/Git-repos/LeoRover-Team7/elephant_arm_ws/install/moveit_task_constructor_msgs/lib/python3.12/site-packages/moveit_task_constructor_msgs/msg/_stage_statistics_s.c
[20.797s] -- Installing: /home/student36/RoboticsDesignProject/Git-repos/LeoRover-Team7/elephant_arm_ws/install/moveit_task_constructor_msgs/lib/python3.12/site-packages/moveit_task_constructor_msgs/msg/_sub_solution.py
[20.798s] -- Installing: /home/student36/RoboticsDesignProject/Git-repos/LeoRover-Team7/elephant_arm_ws/install/moveit_task_constructor_msgs/lib/python3.12/site-packages/moveit_task_constructor_msgs/srv
[20.798s] -- Installing: /home/student36/RoboticsDesignProject/Git-repos/LeoRover-Team7/elephant_arm_ws/install/moveit_task_constructor_msgs/lib/python3.12/site-packages/moveit_task_constructor_msgs/srv/__init__.py
[20.798s] -- Installing: /home/student36/RoboticsDesignProject/Git-repos/LeoRover-Team7/elephant_arm_ws/install/moveit_task_constructor_msgs/lib/python3.12/site-packages/moveit_task_constructor_msgs/srv/_get_solution_s.c
[20.798s] -- Installing: /home/student36/RoboticsDesignProject/Git-repos/LeoRover-Team7/elephant_arm_ws/install/moveit_task_constructor_msgs/lib/python3.12/site-packages/moveit_task_constructor_msgs/srv/_get_solution.py
[20.798s] -- Installing: /home/student36/RoboticsDesignProject/Git-repos/LeoRover-Team7/elephant_arm_ws/install/moveit_task_constructor_msgs/lib/python3.12/site-packages/moveit_task_constructor_msgs/_moveit_task_constructor_msgs_s.ep.rosidl_typesupport_fastrtps_c.c
[20.798s] -- Installing: /home/student36/RoboticsDesignProject/Git-repos/LeoRover-Team7/elephant_arm_ws/install/moveit_task_constructor_msgs/lib/python3.12/site-packages/moveit_task_constructor_msgs/moveit_task_constructor_msgs_s__rosidl_typesupport_fastrtps_c.so
[20.798s] -- Installing: /home/student36/RoboticsDesignProject/Git-repos/LeoRover-Team7/elephant_arm_ws/install/moveit_task_constructor_msgs/lib/python3.12/site-packages/moveit_task_constructor_msgs/moveit_task_constructor_msgs_s__rosidl_typesupport_introspection_c.so
[20.798s] -- Installing: /home/student36/RoboticsDesignProject/Git-repos/LeoRover-Team7/elephant_arm_ws/install/moveit_task_constructor_msgs/lib/python3.12/site-packages/moveit_task_constructor_msgs/moveit_task_constructor_msgs_s__rosidl_typesupport_c.so
[20.798s] -- Installing: /home/student36/RoboticsDesignProject/Git-repos/LeoRover-Team7/elephant_arm_ws/install/moveit_task_constructor_msgs/lib/python3.12/site-packages/moveit_task_constructor_msgs/_moveit_task_constructor_msgs_s.ep.rosidl_typesupport_c.c
[20.876s] Listing '/home/student36/RoboticsDesignProject/Git-repos/LeoRover-Team7/elephant_arm_ws/install/moveit_task_constructor_msgs/lib/python3.12/site-packages/moveit_task_constructor_msgs'...
[20.876s] Compiling '/home/student36/RoboticsDesignProject/Git-repos/LeoRover-Team7/elephant_arm_ws/install/moveit_task_constructor_msgs/lib/python3.12/site-packages/moveit_task_constructor_msgs/__init__.py'...
[20.876s] Listing '/home/student36/RoboticsDesignProject/Git-repos/LeoRover-Team7/elephant_arm_ws/install/moveit_task_constructor_msgs/lib/python3.12/site-packages/moveit_task_constructor_msgs/action'...
[20.877s] Compiling '/home/student36/RoboticsDesignProject/Git-repos/LeoRover-Team7/elephant_arm_ws/install/moveit_task_constructor_msgs/lib/python3.12/site-packages/moveit_task_constructor_msgs/action/__init__.py'...
[20.877s] Compiling '/home/student36/RoboticsDesignProject/Git-repos/LeoRover-Team7/elephant_arm_ws/install/moveit_task_constructor_msgs/lib/python3.12/site-packages/moveit_task_constructor_msgs/action/_execute_task_solution.py'...
[20.877s] Listing '/home/student36/RoboticsDesignProject/Git-repos/LeoRover-Team7/elephant_arm_ws/install/moveit_task_constructor_msgs/lib/python3.12/site-packages/moveit_task_constructor_msgs/msg'...
[20.877s] Compiling '/home/student36/RoboticsDesignProject/Git-repos/LeoRover-Team7/elephant_arm_ws/install/moveit_task_constructor_msgs/lib/python3.12/site-packages/moveit_task_constructor_msgs/msg/__init__.py'...
[20.877s] Compiling '/home/student36/RoboticsDesignProject/Git-repos/LeoRover-Team7/elephant_arm_ws/install/moveit_task_constructor_msgs/lib/python3.12/site-packages/moveit_task_constructor_msgs/msg/_property.py'...
[20.877s] Compiling '/home/student36/RoboticsDesignProject/Git-repos/LeoRover-Team7/elephant_arm_ws/install/moveit_task_constructor_msgs/lib/python3.12/site-packages/moveit_task_constructor_msgs/msg/_solution.py'...
[20.877s] Compiling '/home/student36/RoboticsDesignProject/Git-repos/LeoRover-Team7/elephant_arm_ws/install/moveit_task_constructor_msgs/lib/python3.12/site-packages/moveit_task_constructor_msgs/msg/_solution_info.py'...
[20.877s] Compiling '/home/student36/RoboticsDesignProject/Git-repos/LeoRover-Team7/elephant_arm_ws/install/moveit_task_constructor_msgs/lib/python3.12/site-packages/moveit_task_constructor_msgs/msg/_stage_description.py'...
[20.877s] Compiling '/home/student36/RoboticsDesignProject/Git-repos/LeoRover-Team7/elephant_arm_ws/install/moveit_task_constructor_msgs/lib/python3.12/site-packages/moveit_task_constructor_msgs/msg/_stage_statistics.py'...
[20.877s] Compiling '/home/student36/RoboticsDesignProject/Git-repos/LeoRover-Team7/elephant_arm_ws/install/moveit_task_constructor_msgs/lib/python3.12/site-packages/moveit_task_constructor_msgs/msg/_sub_solution.py'...
[20.877s] Compiling '/home/student36/RoboticsDesignProject/Git-repos/LeoRover-Team7/elephant_arm_ws/install/moveit_task_constructor_msgs/lib/python3.12/site-packages/moveit_task_constructor_msgs/msg/_sub_trajectory.py'...
[20.877s] Compiling '/home/student36/RoboticsDesignProject/Git-repos/LeoRover-Team7/elephant_arm_ws/install/moveit_task_constructor_msgs/lib/python3.12/site-packages/moveit_task_constructor_msgs/msg/_task_description.py'...
[20.877s] Compiling '/home/student36/RoboticsDesignProject/Git-repos/LeoRover-Team7/elephant_arm_ws/install/moveit_task_constructor_msgs/lib/python3.12/site-packages/moveit_task_constructor_msgs/msg/_task_statistics.py'...
[20.877s] Compiling '/home/student36/RoboticsDesignProject/Git-repos/LeoRover-Team7/elephant_arm_ws/install/moveit_task_constructor_msgs/lib/python3.12/site-packages/moveit_task_constructor_msgs/msg/_trajectory_execution_info.py'...
[20.877s] Listing '/home/student36/RoboticsDesignProject/Git-repos/LeoRover-Team7/elephant_arm_ws/install/moveit_task_constructor_msgs/lib/python3.12/site-packages/moveit_task_constructor_msgs/srv'...
[20.877s] Compiling '/home/student36/RoboticsDesignProject/Git-repos/LeoRover-Team7/elephant_arm_ws/install/moveit_task_constructor_msgs/lib/python3.12/site-packages/moveit_task_constructor_msgs/srv/__init__.py'...
[20.877s] Compiling '/home/student36/RoboticsDesignProject/Git-repos/LeoRover-Team7/elephant_arm_ws/install/moveit_task_constructor_msgs/lib/python3.12/site-packages/moveit_task_constructor_msgs/srv/_get_solution.py'...
[20.881s] -- Installing: /home/student36/RoboticsDesignProject/Git-repos/LeoRover-Team7/elephant_arm_ws/install/moveit_task_constructor_msgs/lib/python3.12/site-packages/moveit_task_constructor_msgs/moveit_task_constructor_msgs_s__rosidl_typesupport_fastrtps_c.so
[20.882s] -- Set non-toolchain portion of runtime path of "/home/student36/RoboticsDesignProject/Git-repos/LeoRover-Team7/elephant_arm_ws/install/moveit_task_constructor_msgs/lib/python3.12/site-packages/moveit_task_constructor_msgs/moveit_task_constructor_msgs_s__rosidl_typesupport_fastrtps_c.so" to ""
[20.882s] -- Installing: /home/student36/RoboticsDesignProject/Git-repos/LeoRover-Team7/elephant_arm_ws/install/moveit_task_constructor_msgs/lib/python3.12/site-packages/moveit_task_constructor_msgs/moveit_task_constructor_msgs_s__rosidl_typesupport_introspection_c.so
[20.882s] -- Set non-toolchain portion of runtime path of "/home/student36/RoboticsDesignProject/Git-repos/LeoRover-Team7/elephant_arm_ws/install/moveit_task_constructor_msgs/lib/python3.12/site-packages/moveit_task_constructor_msgs/moveit_task_constructor_msgs_s__rosidl_typesupport_introspection_c.so" to ""
[20.882s] -- Installing: /home/student36/RoboticsDesignProject/Git-repos/LeoRover-Team7/elephant_arm_ws/install/moveit_task_constructor_msgs/lib/python3.12/site-packages/moveit_task_constructor_msgs/moveit_task_constructor_msgs_s__rosidl_typesupport_c.so
[20.882s] -- Set non-toolchain portion of runtime path of "/home/student36/RoboticsDesignProject/Git-repos/LeoRover-Team7/elephant_arm_ws/install/moveit_task_constructor_msgs/lib/python3.12/site-packages/moveit_task_constructor_msgs/moveit_task_constructor_msgs_s__rosidl_typesupport_c.so" to ""
[20.882s] -- Installing: /home/student36/RoboticsDesignProject/Git-repos/LeoRover-Team7/elephant_arm_ws/install/moveit_task_constructor_msgs/lib/libmoveit_task_constructor_msgs__rosidl_generator_py.so
[20.883s] -- Set non-toolchain portion of runtime path of "/home/student36/RoboticsDesignProject/Git-repos/LeoRover-Team7/elephant_arm_ws/install/moveit_task_constructor_msgs/lib/libmoveit_task_constructor_msgs__rosidl_generator_py.so" to ""
[20.883s] -- Installing: /home/student36/RoboticsDesignProject/Git-repos/LeoRover-Team7/elephant_arm_ws/install/moveit_task_constructor_msgs/share/moveit_task_constructor_msgs/msg/Property.idl
[20.883s] -- Installing: /home/student36/RoboticsDesignProject/Git-repos/LeoRover-Team7/elephant_arm_ws/install/moveit_task_constructor_msgs/share/moveit_task_constructor_msgs/msg/Solution.idl
[20.883s] -- Installing: /home/student36/RoboticsDesignProject/Git-repos/LeoRover-Team7/elephant_arm_ws/install/moveit_task_constructor_msgs/share/moveit_task_constructor_msgs/msg/SolutionInfo.idl
[20.883s] -- Installing: /home/student36/RoboticsDesignProject/Git-repos/LeoRover-Team7/elephant_arm_ws/install/moveit_task_constructor_msgs/share/moveit_task_constructor_msgs/msg/StageDescription.idl
[20.883s] -- Installing: /home/student36/RoboticsDesignProject/Git-repos/LeoRover-Team7/elephant_arm_ws/install/moveit_task_constructor_msgs/share/moveit_task_constructor_msgs/msg/StageStatistics.idl
[20.883s] -- Installing: /home/student36/RoboticsDesignProject/Git-repos/LeoRover-Team7/elephant_arm_ws/install/moveit_task_constructor_msgs/share/moveit_task_constructor_msgs/msg/SubSolution.idl
[20.883s] -- Installing: /home/student36/RoboticsDesignProject/Git-repos/LeoRover-Team7/elephant_arm_ws/install/moveit_task_constructor_msgs/share/moveit_task_constructor_msgs/msg/SubTrajectory.idl
[20.884s] -- Installing: /home/student36/RoboticsDesignProject/Git-repos/LeoRover-Team7/elephant_arm_ws/install/moveit_task_constructor_msgs/share/moveit_task_constructor_msgs/msg/TaskDescription.idl
[20.884s] -- Installing: /home/student36/RoboticsDesignProject/Git-repos/LeoRover-Team7/elephant_arm_ws/install/moveit_task_constructor_msgs/share/moveit_task_constructor_msgs/msg/TaskStatistics.idl
[20.884s] -- Installing: /home/student36/RoboticsDesignProject/Git-repos/LeoRover-Team7/elephant_arm_ws/install/moveit_task_constructor_msgs/share/moveit_task_constructor_msgs/msg/TrajectoryExecutionInfo.idl
[20.884s] -- Installing: /home/student36/RoboticsDesignProject/Git-repos/LeoRover-Team7/elephant_arm_ws/install/moveit_task_constructor_msgs/share/moveit_task_constructor_msgs/srv/GetSolution.idl
[20.884s] -- Installing: /home/student36/RoboticsDesignProject/Git-repos/LeoRover-Team7/elephant_arm_ws/install/moveit_task_constructor_msgs/share/moveit_task_constructor_msgs/action/ExecuteTaskSolution.idl
[20.884s] -- Installing: /home/student36/RoboticsDesignProject/Git-repos/LeoRover-Team7/elephant_arm_ws/install/moveit_task_constructor_msgs/share/moveit_task_constructor_msgs/msg/Property.msg
[20.884s] -- Installing: /home/student36/RoboticsDesignProject/Git-repos/LeoRover-Team7/elephant_arm_ws/install/moveit_task_constructor_msgs/share/moveit_task_constructor_msgs/msg/Solution.msg
[20.884s] -- Installing: /home/student36/RoboticsDesignProject/Git-repos/LeoRover-Team7/elephant_arm_ws/install/moveit_task_constructor_msgs/share/moveit_task_constructor_msgs/msg/SolutionInfo.msg
[20.885s] -- Installing: /home/student36/RoboticsDesignProject/Git-repos/LeoRover-Team7/elephant_arm_ws/install/moveit_task_constructor_msgs/share/moveit_task_constructor_msgs/msg/StageDescription.msg
[20.885s] -- Installing: /home/student36/RoboticsDesignProject/Git-repos/LeoRover-Team7/elephant_arm_ws/install/moveit_task_constructor_msgs/share/moveit_task_constructor_msgs/msg/StageStatistics.msg
[20.885s] -- Installing: /home/student36/RoboticsDesignProject/Git-repos/LeoRover-Team7/elephant_arm_ws/install/moveit_task_constructor_msgs/share/moveit_task_constructor_msgs/msg/SubSolution.msg
[20.885s] -- Installing: /home/student36/RoboticsDesignProject/Git-repos/LeoRover-Team7/elephant_arm_ws/install/moveit_task_constructor_msgs/share/moveit_task_constructor_msgs/msg/SubTrajectory.msg
[20.885s] -- Installing: /home/student36/RoboticsDesignProject/Git-repos/LeoRover-Team7/elephant_arm_ws/install/moveit_task_constructor_msgs/share/moveit_task_constructor_msgs/msg/TaskDescription.msg
[20.885s] -- Installing: /home/student36/RoboticsDesignProject/Git-repos/LeoRover-Team7/elephant_arm_ws/install/moveit_task_constructor_msgs/share/moveit_task_constructor_msgs/msg/TaskStatistics.msg
[20.885s] -- Installing: /home/student36/RoboticsDesignProject/Git-repos/LeoRover-Team7/elephant_arm_ws/install/moveit_task_constructor_msgs/share/moveit_task_constructor_msgs/msg/TrajectoryExecutionInfo.msg
[20.885s] -- Installing: /home/student36/RoboticsDesignProject/Git-repos/LeoRover-Team7/elephant_arm_ws/install/moveit_task_constructor_msgs/share/moveit_task_constructor_msgs/srv/GetSolution.srv
[20.886s] -- Installing: /home/student36/RoboticsDesignProject/Git-repos/LeoRover-Team7/elephant_arm_ws/install/moveit_task_constructor_msgs/share/moveit_task_constructor_msgs/action/ExecuteTaskSolution.action
[20.886s] -- Installing: /home/student36/RoboticsDesignProject/Git-repos/LeoRover-Team7/elephant_arm_ws/install/moveit_task_constructor_msgs/share/ament_index/resource_index/package_run_dependencies/moveit_task_constructor_msgs
[20.886s] -- Installing: /home/student36/RoboticsDesignProject/Git-repos/LeoRover-Team7/elephant_arm_ws/install/moveit_task_constructor_msgs/share/ament_index/resource_index/parent_prefix_path/moveit_task_constructor_msgs
[20.886s] -- Installing: /home/student36/RoboticsDesignProject/Git-repos/LeoRover-Team7/elephant_arm_ws/install/moveit_task_constructor_msgs/share/moveit_task_constructor_msgs/environment/ament_prefix_path.sh
[20.886s] -- Installing: /home/student36/RoboticsDesignProject/Git-repos/LeoRover-Team7/elephant_arm_ws/install/moveit_task_constructor_msgs/share/moveit_task_constructor_msgs/environment/ament_prefix_path.dsv
[20.886s] -- Installing: /home/student36/RoboticsDesignProject/Git-repos/LeoRover-Team7/elephant_arm_ws/install/moveit_task_constructor_msgs/share/moveit_task_constructor_msgs/environment/path.sh
[20.886s] -- Installing: /home/student36/RoboticsDesignProject/Git-repos/LeoRover-Team7/elephant_arm_ws/install/moveit_task_constructor_msgs/share/moveit_task_constructor_msgs/environment/path.dsv
[20.886s] -- Installing: /home/student36/RoboticsDesignProject/Git-repos/LeoRover-Team7/elephant_arm_ws/install/moveit_task_constructor_msgs/share/moveit_task_constructor_msgs/local_setup.bash
[20.887s] -- Installing: /home/student36/RoboticsDesignProject/Git-repos/LeoRover-Team7/elephant_arm_ws/install/moveit_task_constructor_msgs/share/moveit_task_constructor_msgs/local_setup.sh
[20.887s] -- Installing: /home/student36/RoboticsDesignProject/Git-repos/LeoRover-Team7/elephant_arm_ws/install/moveit_task_constructor_msgs/share/moveit_task_constructor_msgs/local_setup.zsh
[20.887s] -- Installing: /home/student36/RoboticsDesignProject/Git-repos/LeoRover-Team7/elephant_arm_ws/install/moveit_task_constructor_msgs/share/moveit_task_constructor_msgs/local_setup.dsv
[20.887s] -- Installing: /home/student36/RoboticsDesignProject/Git-repos/LeoRover-Team7/elephant_arm_ws/install/moveit_task_constructor_msgs/share/moveit_task_constructor_msgs/package.dsv
[20.887s] -- Installing: /home/student36/RoboticsDesignProject/Git-repos/LeoRover-Team7/elephant_arm_ws/install/moveit_task_constructor_msgs/share/ament_index/resource_index/packages/moveit_task_constructor_msgs
[20.887s] -- Installing: /home/student36/RoboticsDesignProject/Git-repos/LeoRover-Team7/elephant_arm_ws/install/moveit_task_constructor_msgs/share/moveit_task_constructor_msgs/cmake/export_moveit_task_constructor_msgs__rosidl_generator_cExport.cmake
[20.887s] -- Installing: /home/student36/RoboticsDesignProject/Git-repos/LeoRover-Team7/elephant_arm_ws/install/moveit_task_constructor_msgs/share/moveit_task_constructor_msgs/cmake/export_moveit_task_constructor_msgs__rosidl_generator_cExport-noconfig.cmake
[20.887s] -- Installing: /home/student36/RoboticsDesignProject/Git-repos/LeoRover-Team7/elephant_arm_ws/install/moveit_task_constructor_msgs/share/moveit_task_constructor_msgs/cmake/export_moveit_task_constructor_msgs__rosidl_typesupport_fastrtps_cExport.cmake
[20.888s] -- Installing: /home/student36/RoboticsDesignProject/Git-repos/LeoRover-Team7/elephant_arm_ws/install/moveit_task_constructor_msgs/share/moveit_task_constructor_msgs/cmake/export_moveit_task_constructor_msgs__rosidl_typesupport_fastrtps_cExport-noconfig.cmake
[20.888s] -- Installing: /home/student36/RoboticsDesignProject/Git-repos/LeoRover-Team7/elephant_arm_ws/install/moveit_task_constructor_msgs/share/moveit_task_constructor_msgs/cmake/export_moveit_task_constructor_msgs__rosidl_generator_cppExport.cmake
[20.888s] -- Installing: /home/student36/RoboticsDesignProject/Git-repos/LeoRover-Team7/elephant_arm_ws/install/moveit_task_constructor_msgs/share/moveit_task_constructor_msgs/cmake/export_moveit_task_constructor_msgs__rosidl_typesupport_fastrtps_cppExport.cmake
[20.888s] -- Installing: /home/student36/RoboticsDesignProject/Git-repos/LeoRover-Team7/elephant_arm_ws/install/moveit_task_constructor_msgs/share/moveit_task_constructor_msgs/cmake/export_moveit_task_constructor_msgs__rosidl_typesupport_fastrtps_cppExport-noconfig.cmake
[20.888s] -- Installing: /home/student36/RoboticsDesignProject/Git-repos/LeoRover-Team7/elephant_arm_ws/install/moveit_task_constructor_msgs/share/moveit_task_constructor_msgs/cmake/moveit_task_constructor_msgs__rosidl_typesupport_introspection_cExport.cmake
[20.888s] -- Installing: /home/student36/RoboticsDesignProject/Git-repos/LeoRover-Team7/elephant_arm_ws/install/moveit_task_constructor_msgs/share/moveit_task_constructor_msgs/cmake/moveit_task_constructor_msgs__rosidl_typesupport_introspection_cExport-noconfig.cmake
[20.888s] -- Installing: /home/student36/RoboticsDesignProject/Git-repos/LeoRover-Team7/elephant_arm_ws/install/moveit_task_constructor_msgs/share/moveit_task_constructor_msgs/cmake/moveit_task_constructor_msgs__rosidl_typesupport_cExport.cmake
[20.889s] -- Installing: /home/student36/RoboticsDesignProject/Git-repos/LeoRover-Team7/elephant_arm_ws/install/moveit_task_constructor_msgs/share/moveit_task_constructor_msgs/cmake/moveit_task_constructor_msgs__rosidl_typesupport_cExport-noconfig.cmake
[20.889s] -- Installing: /home/student36/RoboticsDesignProject/Git-repos/LeoRover-Team7/elephant_arm_ws/install/moveit_task_constructor_msgs/share/moveit_task_constructor_msgs/cmake/moveit_task_constructor_msgs__rosidl_typesupport_introspection_cppExport.cmake
[20.889s] -- Installing: /home/student36/RoboticsDesignProject/Git-repos/LeoRover-Team7/elephant_arm_ws/install/moveit_task_constructor_msgs/share/moveit_task_constructor_msgs/cmake/moveit_task_constructor_msgs__rosidl_typesupport_introspection_cppExport-noconfig.cmake
[20.889s] -- Installing: /home/student36/RoboticsDesignProject/Git-repos/LeoRover-Team7/elephant_arm_ws/install/moveit_task_constructor_msgs/share/moveit_task_constructor_msgs/cmake/moveit_task_constructor_msgs__rosidl_typesupport_cppExport.cmake
[20.889s] -- Installing: /home/student36/RoboticsDesignProject/Git-repos/LeoRover-Team7/elephant_arm_ws/install/moveit_task_constructor_msgs/share/moveit_task_constructor_msgs/cmake/moveit_task_constructor_msgs__rosidl_typesupport_cppExport-noconfig.cmake
[20.889s] -- Installing: /home/student36/RoboticsDesignProject/Git-repos/LeoRover-Team7/elephant_arm_ws/install/moveit_task_constructor_msgs/share/moveit_task_constructor_msgs/cmake/export_moveit_task_constructor_msgs__rosidl_generator_pyExport.cmake
[20.889s] -- Installing: /home/student36/RoboticsDesignProject/Git-repos/LeoRover-Team7/elephant_arm_ws/install/moveit_task_constructor_msgs/share/moveit_task_constructor_msgs/cmake/export_moveit_task_constructor_msgs__rosidl_generator_pyExport-noconfig.cmake
[20.889s] -- Installing: /home/student36/RoboticsDesignProject/Git-repos/LeoRover-Team7/elephant_arm_ws/install/moveit_task_constructor_msgs/share/moveit_task_constructor_msgs/cmake/rosidl_cmake-extras.cmake
[20.890s] -- Installing: /home/student36/RoboticsDesignProject/Git-repos/LeoRover-Team7/elephant_arm_ws/install/moveit_task_constructor_msgs/share/moveit_task_constructor_msgs/cmake/ament_cmake_export_dependencies-extras.cmake
[20.890s] -- Installing: /home/student36/RoboticsDesignProject/Git-repos/LeoRover-Team7/elephant_arm_ws/install/moveit_task_constructor_msgs/share/moveit_task_constructor_msgs/cmake/ament_cmake_export_include_directories-extras.cmake
[20.890s] -- Installing: /home/student36/RoboticsDesignProject/Git-repos/LeoRover-Team7/elephant_arm_ws/install/moveit_task_constructor_msgs/share/moveit_task_constructor_msgs/cmake/ament_cmake_export_libraries-extras.cmake
[20.890s] -- Installing: /home/student36/RoboticsDesignProject/Git-repos/LeoRover-Team7/elephant_arm_ws/install/moveit_task_constructor_msgs/share/moveit_task_constructor_msgs/cmake/ament_cmake_export_targets-extras.cmake
[20.890s] -- Installing: /home/student36/RoboticsDesignProject/Git-repos/LeoRover-Team7/elephant_arm_ws/install/moveit_task_constructor_msgs/share/moveit_task_constructor_msgs/cmake/rosidl_cmake_export_typesupport_targets-extras.cmake
[20.890s] -- Installing: /home/student36/RoboticsDesignProject/Git-repos/LeoRover-Team7/elephant_arm_ws/install/moveit_task_constructor_msgs/share/moveit_task_constructor_msgs/cmake/rosidl_cmake_export_typesupport_libraries-extras.cmake
[20.890s] -- Installing: /home/student36/RoboticsDesignProject/Git-repos/LeoRover-Team7/elephant_arm_ws/install/moveit_task_constructor_msgs/share/moveit_task_constructor_msgs/cmake/moveit_task_constructor_msgsConfig.cmake
[20.890s] -- Installing: /home/student36/RoboticsDesignProject/Git-repos/LeoRover-Team7/elephant_arm_ws/install/moveit_task_constructor_msgs/share/moveit_task_constructor_msgs/cmake/moveit_task_constructor_msgsConfig-version.cmake
[20.891s] -- Installing: /home/student36/RoboticsDesignProject/Git-repos/LeoRover-Team7/elephant_arm_ws/install/moveit_task_constructor_msgs/share/moveit_task_constructor_msgs/package.xml
[20.892s] Invoked command in '/home/student36/RoboticsDesignProject/Git-repos/LeoRover-Team7/elephant_arm_ws/build/moveit_task_constructor_msgs' returned '0': CMAKE_PREFIX_PATH=${CMAKE_PREFIX_PATH}:/home/student36/ros2_tutorial_workspace/install/the_simplest_python_package:/home/student36/ros2_tutorial_workspace/install/python_package_with_a_node:/home/student36/ros2_tutorial_workspace/install/python_package_that_uses_the_library:/home/student36/ros2_tutorial_workspace/install/python_package_with_a_library:/home/student36/ros2_tutorial_workspace/install/python_package_that_uses_the_services:/home/student36/ros2_tutorial_workspace/install/python_package_that_uses_the_actions:/home/student36/ros2_tutorial_workspace/install/python_package_that_uses_tf2:/home/student36/ros2_tutorial_workspace/install/python_package_that_uses_parameters_and_launch_files:/home/student36/ros2_tutorial_workspace/install/python_package_that_uses_nottf2:/home/student36/ros2_tutorial_workspace/install/python_package_that_uses_nav2:/home/student36/ros2_tutorial_workspace/install/python_package_that_uses_messages:/home/student36/ros2_tutorial_workspace/install/python_package_that_uses_geometry_msgs:/home/student36/ros2_tutorial_workspace/install/python_package_that_uses_gazebo:/home/student36/ws_moveit/install/moveit_configs_utils:/home/student36/elephant_arm_ws/install/mycobot_description:/opt/ros/jazzy DEBUGINFOD_URLS=https://debuginfod.ubuntu.com /usr/bin/cmake --install /home/student36/RoboticsDesignProject/Git-repos/LeoRover-Team7/elephant_arm_ws/build/moveit_task_constructor_msgs
