[0.226s] DEBUG:colcon:Command line arguments: ['/usr/bin/colcon', 'build']
[0.226s] DEBUG:colcon:Parsed command line arguments: Namespace(log_base=None, log_level=None, verb_name='build', build_base='build', install_base='install', merge_install=False, symlink_install=False, test_result_base=None, continue_on_error=False, executor='parallel', parallel_workers=12, event_handlers=None, ignore_user_meta=False, metas=['./colcon.meta'], base_paths=['.'], packages_ignore=None, packages_ignore_regex=None, paths=None, packages_up_to=None, packages_up_to_regex=None, packages_above=None, packages_above_and_dependencies=None, packages_above_depth=None, packages_select_by_dep=None, packages_skip_by_dep=None, packages_skip_up_to=None, packages_select_build_failed=False, packages_skip_build_finished=False, packages_select_test_failures=False, packages_skip_test_passed=False, packages_select=None, packages_skip=None, packages_select_regex=None, packages_skip_regex=None, packages_start=None, packages_end=None, allow_overriding=[], cmake_args=None, cmake_target=None, cmake_target_skip_unavailable=False, cmake_clean_cache=False, cmake_clean_first=False, cmake_force_configure=False, ament_cmake_args=None, catkin_cmake_args=None, catkin_skip_building_tests=False, mixin_files=None, mixin=None, verb_parser=<colcon_mixin.mixin.mixin_argument.MixinArgumentDecorator object at 0x7315032e9ee0>, verb_extension=<colcon_core.verb.build.BuildVerb object at 0x7315032e9c10>, main=<bound method BuildVerb.main of <colcon_core.verb.build.BuildVerb object at 0x7315032e9c10>>, mixin_verb=('build',))
[0.293s] Level 1:colcon.colcon_core.package_discovery:discover_packages(colcon_meta) check parameters
[0.293s] Level 1:colcon.colcon_core.package_discovery:discover_packages(recursive) check parameters
[0.293s] Level 1:colcon.colcon_core.package_discovery:discover_packages(ignore) check parameters
[0.293s] Level 1:colcon.colcon_core.package_discovery:discover_packages(path) check parameters
[0.293s] Level 1:colcon.colcon_core.package_discovery:discover_packages(colcon_meta) discover
[0.293s] Level 1:colcon.colcon_core.package_discovery:discover_packages(recursive) discover
[0.293s] INFO:colcon.colcon_core.package_discovery:Crawling recursively for packages in '/home/student36/RoboticsDesignProject/Git-repos/LeoRover-Team7/elephant_arm_ws'
[0.293s] Level 1:colcon.colcon_core.package_identification:_identify(.) by extensions ['ignore', 'ignore_ament_install']
[0.294s] Level 1:colcon.colcon_core.package_identification:_identify(.) by extension 'ignore'
[0.294s] Level 1:colcon.colcon_core.package_identification:_identify(.) by extension 'ignore_ament_install'
[0.294s] Level 1:colcon.colcon_core.package_identification:_identify(.) by extensions ['colcon_pkg']
[0.294s] Level 1:colcon.colcon_core.package_identification:_identify(.) by extension 'colcon_pkg'
[0.294s] Level 1:colcon.colcon_core.package_identification:_identify(.) by extensions ['colcon_meta']
[0.294s] Level 1:colcon.colcon_core.package_identification:_identify(.) by extension 'colcon_meta'
[0.294s] Level 1:colcon.colcon_core.package_identification:_identify(.) by extensions ['ros']
[0.294s] Level 1:colcon.colcon_core.package_identification:_identify(.) by extension 'ros'
[0.364s] Level 1:colcon.colcon_core.package_identification:_identify(.) by extensions ['cmake', 'python']
[0.364s] Level 1:colcon.colcon_core.package_identification:_identify(.) by extension 'cmake'
[0.364s] Level 1:colcon.colcon_core.package_identification:_identify(.) by extension 'python'
[0.364s] Level 1:colcon.colcon_core.package_identification:_identify(.) by extensions ['python_setup_py']
[0.364s] Level 1:colcon.colcon_core.package_identification:_identify(.) by extension 'python_setup_py'
[0.364s] Level 1:colcon.colcon_core.package_identification:_identify(build) by extensions ['ignore', 'ignore_ament_install']
[0.364s] Level 1:colcon.colcon_core.package_identification:_identify(build) by extension 'ignore'
[0.364s] Level 1:colcon.colcon_core.package_identification:_identify(build) ignored
[0.365s] Level 1:colcon.colcon_core.package_identification:_identify(install) by extensions ['ignore', 'ignore_ament_install']
[0.365s] Level 1:colcon.colcon_core.package_identification:_identify(install) by extension 'ignore'
[0.365s] Level 1:colcon.colcon_core.package_identification:_identify(install) ignored
[0.365s] Level 1:colcon.colcon_core.package_identification:_identify(log) by extensions ['ignore', 'ignore_ament_install']
[0.365s] Level 1:colcon.colcon_core.package_identification:_identify(log) by extension 'ignore'
[0.365s] Level 1:colcon.colcon_core.package_identification:_identify(log) ignored
[0.365s] Level 1:colcon.colcon_core.package_identification:_identify(src) by extensions ['ignore', 'ignore_ament_install']
[0.365s] Level 1:colcon.colcon_core.package_identification:_identify(src) by extension 'ignore'
[0.365s] Level 1:colcon.colcon_core.package_identification:_identify(src) by extension 'ignore_ament_install'
[0.365s] Level 1:colcon.colcon_core.package_identification:_identify(src) by extensions ['colcon_pkg']
[0.365s] Level 1:colcon.colcon_core.package_identification:_identify(src) by extension 'colcon_pkg'
[0.366s] Level 1:colcon.colcon_core.package_identification:_identify(src) by extensions ['colcon_meta']
[0.366s] Level 1:colcon.colcon_core.package_identification:_identify(src) by extension 'colcon_meta'
[0.366s] Level 1:colcon.colcon_core.package_identification:_identify(src) by extensions ['ros']
[0.366s] Level 1:colcon.colcon_core.package_identification:_identify(src) by extension 'ros'
[0.366s] Level 1:colcon.colcon_core.package_identification:_identify(src) by extensions ['cmake', 'python']
[0.366s] Level 1:colcon.colcon_core.package_identification:_identify(src) by extension 'cmake'
[0.366s] Level 1:colcon.colcon_core.package_identification:_identify(src) by extension 'python'
[0.366s] Level 1:colcon.colcon_core.package_identification:_identify(src) by extensions ['python_setup_py']
[0.366s] Level 1:colcon.colcon_core.package_identification:_identify(src) by extension 'python_setup_py'
[0.366s] Level 1:colcon.colcon_core.package_identification:_identify(src/build) by extensions ['ignore', 'ignore_ament_install']
[0.366s] Level 1:colcon.colcon_core.package_identification:_identify(src/build) by extension 'ignore'
[0.366s] Level 1:colcon.colcon_core.package_identification:_identify(src/build) ignored
[0.366s] Level 1:colcon.colcon_core.package_identification:_identify(src/hello_moveit) by extensions ['ignore', 'ignore_ament_install']
[0.366s] Level 1:colcon.colcon_core.package_identification:_identify(src/hello_moveit) by extension 'ignore'
[0.366s] Level 1:colcon.colcon_core.package_identification:_identify(src/hello_moveit) by extension 'ignore_ament_install'
[0.366s] Level 1:colcon.colcon_core.package_identification:_identify(src/hello_moveit) by extensions ['colcon_pkg']
[0.367s] Level 1:colcon.colcon_core.package_identification:_identify(src/hello_moveit) by extension 'colcon_pkg'
[0.367s] Level 1:colcon.colcon_core.package_identification:_identify(src/hello_moveit) by extensions ['colcon_meta']
[0.367s] Level 1:colcon.colcon_core.package_identification:_identify(src/hello_moveit) by extension 'colcon_meta'
[0.367s] Level 1:colcon.colcon_core.package_identification:_identify(src/hello_moveit) by extensions ['ros']
[0.367s] Level 1:colcon.colcon_core.package_identification:_identify(src/hello_moveit) by extension 'ros'
[0.372s] DEBUG:colcon.colcon_core.package_identification:Package 'src/hello_moveit' with type 'ros.ament_cmake' and name 'hello_moveit'
[0.372s] Level 1:colcon.colcon_core.package_identification:_identify(src/install) by extensions ['ignore', 'ignore_ament_install']
[0.373s] Level 1:colcon.colcon_core.package_identification:_identify(src/install) by extension 'ignore'
[0.373s] Level 1:colcon.colcon_core.package_identification:_identify(src/install) ignored
[0.373s] Level 1:colcon.colcon_core.package_identification:_identify(src/log) by extensions ['ignore', 'ignore_ament_install']
[0.373s] Level 1:colcon.colcon_core.package_identification:_identify(src/log) by extension 'ignore'
[0.373s] Level 1:colcon.colcon_core.package_identification:_identify(src/log) ignored
[0.373s] Level 1:colcon.colcon_core.package_identification:_identify(src/moveit_task_constructor) by extensions ['ignore', 'ignore_ament_install']
[0.373s] Level 1:colcon.colcon_core.package_identification:_identify(src/moveit_task_constructor) by extension 'ignore'
[0.373s] Level 1:colcon.colcon_core.package_identification:_identify(src/moveit_task_constructor) by extension 'ignore_ament_install'
[0.374s] Level 1:colcon.colcon_core.package_identification:_identify(src/moveit_task_constructor) by extensions ['colcon_pkg']
[0.374s] Level 1:colcon.colcon_core.package_identification:_identify(src/moveit_task_constructor) by extension 'colcon_pkg'
[0.374s] Level 1:colcon.colcon_core.package_identification:_identify(src/moveit_task_constructor) by extensions ['colcon_meta']
[0.374s] Level 1:colcon.colcon_core.package_identification:_identify(src/moveit_task_constructor) by extension 'colcon_meta'
[0.374s] Level 1:colcon.colcon_core.package_identification:_identify(src/moveit_task_constructor) by extensions ['ros']
[0.374s] Level 1:colcon.colcon_core.package_identification:_identify(src/moveit_task_constructor) by extension 'ros'
[0.374s] Level 1:colcon.colcon_core.package_identification:_identify(src/moveit_task_constructor) by extensions ['cmake', 'python']
[0.374s] Level 1:colcon.colcon_core.package_identification:_identify(src/moveit_task_constructor) by extension 'cmake'
[0.374s] Level 1:colcon.colcon_core.package_identification:_identify(src/moveit_task_constructor) by extension 'python'
[0.374s] Level 1:colcon.colcon_core.package_identification:_identify(src/moveit_task_constructor) by extensions ['python_setup_py']
[0.374s] Level 1:colcon.colcon_core.package_identification:_identify(src/moveit_task_constructor) by extension 'python_setup_py'
[0.374s] Level 1:colcon.colcon_core.package_identification:_identify(src/moveit_task_constructor/capabilities) by extensions ['ignore', 'ignore_ament_install']
[0.374s] Level 1:colcon.colcon_core.package_identification:_identify(src/moveit_task_constructor/capabilities) by extension 'ignore'
[0.374s] Level 1:colcon.colcon_core.package_identification:_identify(src/moveit_task_constructor/capabilities) by extension 'ignore_ament_install'
[0.374s] Level 1:colcon.colcon_core.package_identification:_identify(src/moveit_task_constructor/capabilities) by extensions ['colcon_pkg']
[0.374s] Level 1:colcon.colcon_core.package_identification:_identify(src/moveit_task_constructor/capabilities) by extension 'colcon_pkg'
[0.374s] Level 1:colcon.colcon_core.package_identification:_identify(src/moveit_task_constructor/capabilities) by extensions ['colcon_meta']
[0.375s] Level 1:colcon.colcon_core.package_identification:_identify(src/moveit_task_constructor/capabilities) by extension 'colcon_meta'
[0.375s] Level 1:colcon.colcon_core.package_identification:_identify(src/moveit_task_constructor/capabilities) by extensions ['ros']
[0.375s] Level 1:colcon.colcon_core.package_identification:_identify(src/moveit_task_constructor/capabilities) by extension 'ros'
[0.376s] DEBUG:colcon.colcon_core.package_identification:Package 'src/moveit_task_constructor/capabilities' with type 'ros.ament_cmake' and name 'moveit_task_constructor_capabilities'
[0.376s] Level 1:colcon.colcon_core.package_identification:_identify(src/moveit_task_constructor/core) by extensions ['ignore', 'ignore_ament_install']
[0.376s] Level 1:colcon.colcon_core.package_identification:_identify(src/moveit_task_constructor/core) by extension 'ignore'
[0.376s] Level 1:colcon.colcon_core.package_identification:_identify(src/moveit_task_constructor/core) by extension 'ignore_ament_install'
[0.376s] Level 1:colcon.colcon_core.package_identification:_identify(src/moveit_task_constructor/core) by extensions ['colcon_pkg']
[0.376s] Level 1:colcon.colcon_core.package_identification:_identify(src/moveit_task_constructor/core) by extension 'colcon_pkg'
[0.376s] Level 1:colcon.colcon_core.package_identification:_identify(src/moveit_task_constructor/core) by extensions ['colcon_meta']
[0.376s] Level 1:colcon.colcon_core.package_identification:_identify(src/moveit_task_constructor/core) by extension 'colcon_meta'
[0.377s] Level 1:colcon.colcon_core.package_identification:_identify(src/moveit_task_constructor/core) by extensions ['ros']
[0.377s] Level 1:colcon.colcon_core.package_identification:_identify(src/moveit_task_constructor/core) by extension 'ros'
[0.378s] DEBUG:colcon.colcon_core.package_identification:Package 'src/moveit_task_constructor/core' with type 'ros.ament_cmake' and name 'moveit_task_constructor_core'
[0.378s] Level 1:colcon.colcon_core.package_identification:_identify(src/moveit_task_constructor/demo) by extensions ['ignore', 'ignore_ament_install']
[0.378s] Level 1:colcon.colcon_core.package_identification:_identify(src/moveit_task_constructor/demo) by extension 'ignore'
[0.379s] Level 1:colcon.colcon_core.package_identification:_identify(src/moveit_task_constructor/demo) by extension 'ignore_ament_install'
[0.379s] Level 1:colcon.colcon_core.package_identification:_identify(src/moveit_task_constructor/demo) by extensions ['colcon_pkg']
[0.379s] Level 1:colcon.colcon_core.package_identification:_identify(src/moveit_task_constructor/demo) by extension 'colcon_pkg'
[0.379s] Level 1:colcon.colcon_core.package_identification:_identify(src/moveit_task_constructor/demo) by extensions ['colcon_meta']
[0.379s] Level 1:colcon.colcon_core.package_identification:_identify(src/moveit_task_constructor/demo) by extension 'colcon_meta'
[0.379s] Level 1:colcon.colcon_core.package_identification:_identify(src/moveit_task_constructor/demo) by extensions ['ros']
[0.379s] Level 1:colcon.colcon_core.package_identification:_identify(src/moveit_task_constructor/demo) by extension 'ros'
[0.380s] DEBUG:colcon.colcon_core.package_identification:Package 'src/moveit_task_constructor/demo' with type 'ros.ament_cmake' and name 'moveit_task_constructor_demo'
[0.380s] Level 1:colcon.colcon_core.package_identification:_identify(src/moveit_task_constructor/msgs) by extensions ['ignore', 'ignore_ament_install']
[0.380s] Level 1:colcon.colcon_core.package_identification:_identify(src/moveit_task_constructor/msgs) by extension 'ignore'
[0.380s] Level 1:colcon.colcon_core.package_identification:_identify(src/moveit_task_constructor/msgs) by extension 'ignore_ament_install'
[0.380s] Level 1:colcon.colcon_core.package_identification:_identify(src/moveit_task_constructor/msgs) by extensions ['colcon_pkg']
[0.380s] Level 1:colcon.colcon_core.package_identification:_identify(src/moveit_task_constructor/msgs) by extension 'colcon_pkg'
[0.380s] Level 1:colcon.colcon_core.package_identification:_identify(src/moveit_task_constructor/msgs) by extensions ['colcon_meta']
[0.380s] Level 1:colcon.colcon_core.package_identification:_identify(src/moveit_task_constructor/msgs) by extension 'colcon_meta'
[0.380s] Level 1:colcon.colcon_core.package_identification:_identify(src/moveit_task_constructor/msgs) by extensions ['ros']
[0.380s] Level 1:colcon.colcon_core.package_identification:_identify(src/moveit_task_constructor/msgs) by extension 'ros'
[0.381s] DEBUG:colcon.colcon_core.package_identification:Package 'src/moveit_task_constructor/msgs' with type 'ros.ament_cmake' and name 'moveit_task_constructor_msgs'
[0.381s] Level 1:colcon.colcon_core.package_identification:_identify(src/moveit_task_constructor/rviz_marker_tools) by extensions ['ignore', 'ignore_ament_install']
[0.381s] Level 1:colcon.colcon_core.package_identification:_identify(src/moveit_task_constructor/rviz_marker_tools) by extension 'ignore'
[0.381s] Level 1:colcon.colcon_core.package_identification:_identify(src/moveit_task_constructor/rviz_marker_tools) by extension 'ignore_ament_install'
[0.381s] Level 1:colcon.colcon_core.package_identification:_identify(src/moveit_task_constructor/rviz_marker_tools) by extensions ['colcon_pkg']
[0.381s] Level 1:colcon.colcon_core.package_identification:_identify(src/moveit_task_constructor/rviz_marker_tools) by extension 'colcon_pkg'
[0.381s] Level 1:colcon.colcon_core.package_identification:_identify(src/moveit_task_constructor/rviz_marker_tools) by extensions ['colcon_meta']
[0.382s] Level 1:colcon.colcon_core.package_identification:_identify(src/moveit_task_constructor/rviz_marker_tools) by extension 'colcon_meta'
[0.382s] Level 1:colcon.colcon_core.package_identification:_identify(src/moveit_task_constructor/rviz_marker_tools) by extensions ['ros']
[0.382s] Level 1:colcon.colcon_core.package_identification:_identify(src/moveit_task_constructor/rviz_marker_tools) by extension 'ros'
[0.383s] DEBUG:colcon.colcon_core.package_identification:Package 'src/moveit_task_constructor/rviz_marker_tools' with type 'ros.ament_cmake' and name 'rviz_marker_tools'
[0.383s] Level 1:colcon.colcon_core.package_identification:_identify(src/moveit_task_constructor/visualization) by extensions ['ignore', 'ignore_ament_install']
[0.383s] Level 1:colcon.colcon_core.package_identification:_identify(src/moveit_task_constructor/visualization) by extension 'ignore'
[0.383s] Level 1:colcon.colcon_core.package_identification:_identify(src/moveit_task_constructor/visualization) by extension 'ignore_ament_install'
[0.383s] Level 1:colcon.colcon_core.package_identification:_identify(src/moveit_task_constructor/visualization) by extensions ['colcon_pkg']
[0.383s] Level 1:colcon.colcon_core.package_identification:_identify(src/moveit_task_constructor/visualization) by extension 'colcon_pkg'
[0.383s] Level 1:colcon.colcon_core.package_identification:_identify(src/moveit_task_constructor/visualization) by extensions ['colcon_meta']
[0.383s] Level 1:colcon.colcon_core.package_identification:_identify(src/moveit_task_constructor/visualization) by extension 'colcon_meta'
[0.383s] Level 1:colcon.colcon_core.package_identification:_identify(src/moveit_task_constructor/visualization) by extensions ['ros']
[0.383s] Level 1:colcon.colcon_core.package_identification:_identify(src/moveit_task_constructor/visualization) by extension 'ros'
[0.384s] DEBUG:colcon.colcon_core.package_identification:Package 'src/moveit_task_constructor/visualization' with type 'ros.ament_cmake' and name 'moveit_task_constructor_visualization'
[0.385s] Level 1:colcon.colcon_core.package_identification:_identify(src/mtc_tutorial) by extensions ['ignore', 'ignore_ament_install']
[0.385s] Level 1:colcon.colcon_core.package_identification:_identify(src/mtc_tutorial) by extension 'ignore'
[0.385s] Level 1:colcon.colcon_core.package_identification:_identify(src/mtc_tutorial) by extension 'ignore_ament_install'
[0.385s] Level 1:colcon.colcon_core.package_identification:_identify(src/mtc_tutorial) by extensions ['colcon_pkg']
[0.385s] Level 1:colcon.colcon_core.package_identification:_identify(src/mtc_tutorial) by extension 'colcon_pkg'
[0.385s] Level 1:colcon.colcon_core.package_identification:_identify(src/mtc_tutorial) by extensions ['colcon_meta']
[0.385s] Level 1:colcon.colcon_core.package_identification:_identify(src/mtc_tutorial) by extension 'colcon_meta'
[0.385s] Level 1:colcon.colcon_core.package_identification:_identify(src/mtc_tutorial) by extensions ['ros']
[0.385s] Level 1:colcon.colcon_core.package_identification:_identify(src/mtc_tutorial) by extension 'ros'
[0.386s] DEBUG:colcon.colcon_core.package_identification:Package 'src/mtc_tutorial' with type 'ros.ament_cmake' and name 'mtc_tutorial'
[0.386s] Level 1:colcon.colcon_core.package_identification:_identify(src/mycobot_ros2) by extensions ['ignore', 'ignore_ament_install']
[0.387s] Level 1:colcon.colcon_core.package_identification:_identify(src/mycobot_ros2) by extension 'ignore'
[0.387s] Level 1:colcon.colcon_core.package_identification:_identify(src/mycobot_ros2) by extension 'ignore_ament_install'
[0.387s] Level 1:colcon.colcon_core.package_identification:_identify(src/mycobot_ros2) by extensions ['colcon_pkg']
[0.387s] Level 1:colcon.colcon_core.package_identification:_identify(src/mycobot_ros2) by extension 'colcon_pkg'
[0.387s] Level 1:colcon.colcon_core.package_identification:_identify(src/mycobot_ros2) by extensions ['colcon_meta']
[0.387s] Level 1:colcon.colcon_core.package_identification:_identify(src/mycobot_ros2) by extension 'colcon_meta'
[0.387s] Level 1:colcon.colcon_core.package_identification:_identify(src/mycobot_ros2) by extensions ['ros']
[0.387s] Level 1:colcon.colcon_core.package_identification:_identify(src/mycobot_ros2) by extension 'ros'
[0.387s] Level 1:colcon.colcon_core.package_identification:_identify(src/mycobot_ros2) by extensions ['cmake', 'python']
[0.387s] Level 1:colcon.colcon_core.package_identification:_identify(src/mycobot_ros2) by extension 'cmake'
[0.387s] Level 1:colcon.colcon_core.package_identification:_identify(src/mycobot_ros2) by extension 'python'
[0.387s] Level 1:colcon.colcon_core.package_identification:_identify(src/mycobot_ros2) by extensions ['python_setup_py']
[0.387s] Level 1:colcon.colcon_core.package_identification:_identify(src/mycobot_ros2) by extension 'python_setup_py'
[0.387s] Level 1:colcon.colcon_core.package_identification:_identify(src/mycobot_ros2/mycobot_bringup) by extensions ['ignore', 'ignore_ament_install']
[0.387s] Level 1:colcon.colcon_core.package_identification:_identify(src/mycobot_ros2/mycobot_bringup) by extension 'ignore'
[0.388s] Level 1:colcon.colcon_core.package_identification:_identify(src/mycobot_ros2/mycobot_bringup) by extension 'ignore_ament_install'
[0.388s] Level 1:colcon.colcon_core.package_identification:_identify(src/mycobot_ros2/mycobot_bringup) by extensions ['colcon_pkg']
[0.388s] Level 1:colcon.colcon_core.package_identification:_identify(src/mycobot_ros2/mycobot_bringup) by extension 'colcon_pkg'
[0.388s] Level 1:colcon.colcon_core.package_identification:_identify(src/mycobot_ros2/mycobot_bringup) by extensions ['colcon_meta']
[0.388s] Level 1:colcon.colcon_core.package_identification:_identify(src/mycobot_ros2/mycobot_bringup) by extension 'colcon_meta'
[0.388s] Level 1:colcon.colcon_core.package_identification:_identify(src/mycobot_ros2/mycobot_bringup) by extensions ['ros']
[0.388s] Level 1:colcon.colcon_core.package_identification:_identify(src/mycobot_ros2/mycobot_bringup) by extension 'ros'
[0.389s] DEBUG:colcon.colcon_core.package_identification:Package 'src/mycobot_ros2/mycobot_bringup' with type 'ros.ament_cmake' and name 'mycobot_bringup'
[0.389s] Level 1:colcon.colcon_core.package_identification:_identify(src/mycobot_ros2/mycobot_description) by extensions ['ignore', 'ignore_ament_install']
[0.389s] Level 1:colcon.colcon_core.package_identification:_identify(src/mycobot_ros2/mycobot_description) by extension 'ignore'
[0.389s] Level 1:colcon.colcon_core.package_identification:_identify(src/mycobot_ros2/mycobot_description) by extension 'ignore_ament_install'
[0.389s] Level 1:colcon.colcon_core.package_identification:_identify(src/mycobot_ros2/mycobot_description) by extensions ['colcon_pkg']
[0.389s] Level 1:colcon.colcon_core.package_identification:_identify(src/mycobot_ros2/mycobot_description) by extension 'colcon_pkg'
[0.389s] Level 1:colcon.colcon_core.package_identification:_identify(src/mycobot_ros2/mycobot_description) by extensions ['colcon_meta']
[0.389s] Level 1:colcon.colcon_core.package_identification:_identify(src/mycobot_ros2/mycobot_description) by extension 'colcon_meta'
[0.389s] Level 1:colcon.colcon_core.package_identification:_identify(src/mycobot_ros2/mycobot_description) by extensions ['ros']
[0.389s] Level 1:colcon.colcon_core.package_identification:_identify(src/mycobot_ros2/mycobot_description) by extension 'ros'
[0.390s] DEBUG:colcon.colcon_core.package_identification:Package 'src/mycobot_ros2/mycobot_description' with type 'ros.ament_cmake' and name 'mycobot_description'
[0.390s] Level 1:colcon.colcon_core.package_identification:_identify(src/mycobot_ros2/mycobot_gazebo) by extensions ['ignore', 'ignore_ament_install']
[0.391s] Level 1:colcon.colcon_core.package_identification:_identify(src/mycobot_ros2/mycobot_gazebo) by extension 'ignore'
[0.391s] Level 1:colcon.colcon_core.package_identification:_identify(src/mycobot_ros2/mycobot_gazebo) by extension 'ignore_ament_install'
[0.391s] Level 1:colcon.colcon_core.package_identification:_identify(src/mycobot_ros2/mycobot_gazebo) by extensions ['colcon_pkg']
[0.391s] Level 1:colcon.colcon_core.package_identification:_identify(src/mycobot_ros2/mycobot_gazebo) by extension 'colcon_pkg'
[0.391s] Level 1:colcon.colcon_core.package_identification:_identify(src/mycobot_ros2/mycobot_gazebo) by extensions ['colcon_meta']
[0.391s] Level 1:colcon.colcon_core.package_identification:_identify(src/mycobot_ros2/mycobot_gazebo) by extension 'colcon_meta'
[0.391s] Level 1:colcon.colcon_core.package_identification:_identify(src/mycobot_ros2/mycobot_gazebo) by extensions ['ros']
[0.391s] Level 1:colcon.colcon_core.package_identification:_identify(src/mycobot_ros2/mycobot_gazebo) by extension 'ros'
[0.393s] DEBUG:colcon.colcon_core.package_identification:Package 'src/mycobot_ros2/mycobot_gazebo' with type 'ros.ament_cmake' and name 'mycobot_gazebo'
[0.393s] Level 1:colcon.colcon_core.package_identification:_identify(src/mycobot_ros2/mycobot_moveit_config) by extensions ['ignore', 'ignore_ament_install']
[0.393s] Level 1:colcon.colcon_core.package_identification:_identify(src/mycobot_ros2/mycobot_moveit_config) by extension 'ignore'
[0.393s] Level 1:colcon.colcon_core.package_identification:_identify(src/mycobot_ros2/mycobot_moveit_config) by extension 'ignore_ament_install'
[0.393s] Level 1:colcon.colcon_core.package_identification:_identify(src/mycobot_ros2/mycobot_moveit_config) by extensions ['colcon_pkg']
[0.393s] Level 1:colcon.colcon_core.package_identification:_identify(src/mycobot_ros2/mycobot_moveit_config) by extension 'colcon_pkg'
[0.393s] Level 1:colcon.colcon_core.package_identification:_identify(src/mycobot_ros2/mycobot_moveit_config) by extensions ['colcon_meta']
[0.393s] Level 1:colcon.colcon_core.package_identification:_identify(src/mycobot_ros2/mycobot_moveit_config) by extension 'colcon_meta'
[0.393s] Level 1:colcon.colcon_core.package_identification:_identify(src/mycobot_ros2/mycobot_moveit_config) by extensions ['ros']
[0.393s] Level 1:colcon.colcon_core.package_identification:_identify(src/mycobot_ros2/mycobot_moveit_config) by extension 'ros'
[0.395s] DEBUG:colcon.colcon_core.package_identification:Package 'src/mycobot_ros2/mycobot_moveit_config' with type 'ros.ament_cmake' and name 'mycobot_moveit_config'
[0.395s] Level 1:colcon.colcon_core.package_identification:_identify(src/mycobot_ros2/mycobot_ros2) by extensions ['ignore', 'ignore_ament_install']
[0.395s] Level 1:colcon.colcon_core.package_identification:_identify(src/mycobot_ros2/mycobot_ros2) by extension 'ignore'
[0.395s] Level 1:colcon.colcon_core.package_identification:_identify(src/mycobot_ros2/mycobot_ros2) by extension 'ignore_ament_install'
[0.395s] Level 1:colcon.colcon_core.package_identification:_identify(src/mycobot_ros2/mycobot_ros2) by extensions ['colcon_pkg']
[0.395s] Level 1:colcon.colcon_core.package_identification:_identify(src/mycobot_ros2/mycobot_ros2) by extension 'colcon_pkg'
[0.395s] Level 1:colcon.colcon_core.package_identification:_identify(src/mycobot_ros2/mycobot_ros2) by extensions ['colcon_meta']
[0.395s] Level 1:colcon.colcon_core.package_identification:_identify(src/mycobot_ros2/mycobot_ros2) by extension 'colcon_meta'
[0.395s] Level 1:colcon.colcon_core.package_identification:_identify(src/mycobot_ros2/mycobot_ros2) by extensions ['ros']
[0.395s] Level 1:colcon.colcon_core.package_identification:_identify(src/mycobot_ros2/mycobot_ros2) by extension 'ros'
[0.396s] DEBUG:colcon.colcon_core.package_identification:Package 'src/mycobot_ros2/mycobot_ros2' with type 'ros.ament_cmake' and name 'mycobot_ros2'
[0.396s] Level 1:colcon.colcon_core.package_discovery:discover_packages(recursive) using defaults
[0.396s] Level 1:colcon.colcon_core.package_discovery:discover_packages(ignore) discover
[0.396s] Level 1:colcon.colcon_core.package_discovery:discover_packages(ignore) using defaults
[0.396s] Level 1:colcon.colcon_core.package_discovery:discover_packages(path) discover
[0.396s] Level 1:colcon.colcon_core.package_discovery:discover_packages(path) using defaults
[0.439s] Level 1:colcon.colcon_core.package_discovery:discover_packages(prefix_path) check parameters
[0.439s] Level 1:colcon.colcon_core.package_discovery:discover_packages(prefix_path) discover
[0.447s] DEBUG:colcon.colcon_installed_package_information.package_discovery:Found 13 installed packages in /home/student36/RoboticsDesignProject/Git-repos/LeoRover-Team7/elephant_arm_ws/install
[0.448s] DEBUG:colcon.colcon_installed_package_information.package_discovery:Found 14 installed packages in /home/student36/ros2_tutorial_workspace/install
[0.450s] DEBUG:colcon.colcon_installed_package_information.package_discovery:Found 76 installed packages in /home/student36/ws_moveit/install
[0.451s] DEBUG:colcon.colcon_installed_package_information.package_discovery:Found 1 installed packages in /home/student36/rplidar_ws/install
[0.451s] DEBUG:colcon.colcon_installed_package_information.package_discovery:Found 2 installed packages in /home/student36/elephant_arm_ws/install
[0.454s] DEBUG:colcon.colcon_installed_package_information.package_discovery:Found 460 installed packages in /opt/ros/jazzy
[0.455s] Level 1:colcon.colcon_core.package_discovery:discover_packages(prefix_path) using defaults
[0.582s] WARNING:colcon.colcon_core.package_selection:Some selected packages are already built in one or more underlay workspaces:
	'mycobot_description' is in: /home/student36/ws_moveit/install/mycobot_description, /home/student36/elephant_arm_ws/install/mycobot_description, /home/student36/RoboticsDesignProject/Git-repos/LeoRover-Team7/elephant_arm_ws/install/mycobot_description
	'moveit_task_constructor_core' is in: /home/student36/RoboticsDesignProject/Git-repos/LeoRover-Team7/elephant_arm_ws/install/moveit_task_constructor_core, /home/student36/ws_moveit/install/moveit_task_constructor_core
If a package in a merged underlay workspace is overridden and it installs headers, then all packages in the overlay must sort their include directories by workspace order. Failure to do so may result in build failures or undefined behavior at run time.
If the overridden package is used by another package in any underlay, then the overriding package in the overlay must be API and ABI compatible or undefined behavior at run time may occur.

If you understand the risks and want to override a package anyways, add the following to the command line:
	--allow-overriding moveit_task_constructor_core mycobot_description

This may be promoted to an error in a future release of colcon-override-check.
[0.584s] Level 5:colcon.colcon_core.verb:set package 'hello_moveit' build argument 'cmake_args' from command line to 'None'
[0.584s] Level 5:colcon.colcon_core.verb:set package 'hello_moveit' build argument 'cmake_target' from command line to 'None'
[0.584s] Level 5:colcon.colcon_core.verb:set package 'hello_moveit' build argument 'cmake_target_skip_unavailable' from command line to 'False'
[0.584s] Level 5:colcon.colcon_core.verb:set package 'hello_moveit' build argument 'cmake_clean_cache' from command line to 'False'
[0.584s] Level 5:colcon.colcon_core.verb:set package 'hello_moveit' build argument 'cmake_clean_first' from command line to 'False'
[0.584s] Level 5:colcon.colcon_core.verb:set package 'hello_moveit' build argument 'cmake_force_configure' from command line to 'False'
[0.584s] Level 5:colcon.colcon_core.verb:set package 'hello_moveit' build argument 'ament_cmake_args' from command line to 'None'
[0.584s] Level 5:colcon.colcon_core.verb:set package 'hello_moveit' build argument 'catkin_cmake_args' from command line to 'None'
[0.584s] Level 5:colcon.colcon_core.verb:set package 'hello_moveit' build argument 'catkin_skip_building_tests' from command line to 'False'
[0.584s] DEBUG:colcon.colcon_core.verb:Building package 'hello_moveit' with the following arguments: {'ament_cmake_args': None, 'build_base': '/home/student36/RoboticsDesignProject/Git-repos/LeoRover-Team7/elephant_arm_ws/build/hello_moveit', 'catkin_cmake_args': None, 'catkin_skip_building_tests': False, 'cmake_args': None, 'cmake_clean_cache': False, 'cmake_clean_first': False, 'cmake_force_configure': False, 'cmake_target': None, 'cmake_target_skip_unavailable': False, 'install_base': '/home/student36/RoboticsDesignProject/Git-repos/LeoRover-Team7/elephant_arm_ws/install/hello_moveit', 'merge_install': False, 'path': '/home/student36/RoboticsDesignProject/Git-repos/LeoRover-Team7/elephant_arm_ws/src/hello_moveit', 'symlink_install': False, 'test_result_base': None}
[0.584s] Level 5:colcon.colcon_core.verb:set package 'moveit_task_constructor_msgs' build argument 'cmake_args' from command line to 'None'
[0.585s] Level 5:colcon.colcon_core.verb:set package 'moveit_task_constructor_msgs' build argument 'cmake_target' from command line to 'None'
[0.585s] Level 5:colcon.colcon_core.verb:set package 'moveit_task_constructor_msgs' build argument 'cmake_target_skip_unavailable' from command line to 'False'
[0.585s] Level 5:colcon.colcon_core.verb:set package 'moveit_task_constructor_msgs' build argument 'cmake_clean_cache' from command line to 'False'
[0.585s] Level 5:colcon.colcon_core.verb:set package 'moveit_task_constructor_msgs' build argument 'cmake_clean_first' from command line to 'False'
[0.585s] Level 5:colcon.colcon_core.verb:set package 'moveit_task_constructor_msgs' build argument 'cmake_force_configure' from command line to 'False'
[0.585s] Level 5:colcon.colcon_core.verb:set package 'moveit_task_constructor_msgs' build argument 'ament_cmake_args' from command line to 'None'
[0.585s] Level 5:colcon.colcon_core.verb:set package 'moveit_task_constructor_msgs' build argument 'catkin_cmake_args' from command line to 'None'
[0.585s] Level 5:colcon.colcon_core.verb:set package 'moveit_task_constructor_msgs' build argument 'catkin_skip_building_tests' from command line to 'False'
[0.585s] DEBUG:colcon.colcon_core.verb:Building package 'moveit_task_constructor_msgs' with the following arguments: {'ament_cmake_args': None, 'build_base': '/home/student36/RoboticsDesignProject/Git-repos/LeoRover-Team7/elephant_arm_ws/build/moveit_task_constructor_msgs', 'catkin_cmake_args': None, 'catkin_skip_building_tests': False, 'cmake_args': None, 'cmake_clean_cache': False, 'cmake_clean_first': False, 'cmake_force_configure': False, 'cmake_target': None, 'cmake_target_skip_unavailable': False, 'install_base': '/home/student36/RoboticsDesignProject/Git-repos/LeoRover-Team7/elephant_arm_ws/install/moveit_task_constructor_msgs', 'merge_install': False, 'path': '/home/student36/RoboticsDesignProject/Git-repos/LeoRover-Team7/elephant_arm_ws/src/moveit_task_constructor/msgs', 'symlink_install': False, 'test_result_base': None}
[0.585s] Level 5:colcon.colcon_core.verb:set package 'mycobot_bringup' build argument 'cmake_args' from command line to 'None'
[0.585s] Level 5:colcon.colcon_core.verb:set package 'mycobot_bringup' build argument 'cmake_target' from command line to 'None'
[0.585s] Level 5:colcon.colcon_core.verb:set package 'mycobot_bringup' build argument 'cmake_target_skip_unavailable' from command line to 'False'
[0.585s] Level 5:colcon.colcon_core.verb:set package 'mycobot_bringup' build argument 'cmake_clean_cache' from command line to 'False'
[0.585s] Level 5:colcon.colcon_core.verb:set package 'mycobot_bringup' build argument 'cmake_clean_first' from command line to 'False'
[0.585s] Level 5:colcon.colcon_core.verb:set package 'mycobot_bringup' build argument 'cmake_force_configure' from command line to 'False'
[0.585s] Level 5:colcon.colcon_core.verb:set package 'mycobot_bringup' build argument 'ament_cmake_args' from command line to 'None'
[0.585s] Level 5:colcon.colcon_core.verb:set package 'mycobot_bringup' build argument 'catkin_cmake_args' from command line to 'None'
[0.585s] Level 5:colcon.colcon_core.verb:set package 'mycobot_bringup' build argument 'catkin_skip_building_tests' from command line to 'False'
[0.585s] DEBUG:colcon.colcon_core.verb:Building package 'mycobot_bringup' with the following arguments: {'ament_cmake_args': None, 'build_base': '/home/student36/RoboticsDesignProject/Git-repos/LeoRover-Team7/elephant_arm_ws/build/mycobot_bringup', 'catkin_cmake_args': None, 'catkin_skip_building_tests': False, 'cmake_args': None, 'cmake_clean_cache': False, 'cmake_clean_first': False, 'cmake_force_configure': False, 'cmake_target': None, 'cmake_target_skip_unavailable': False, 'install_base': '/home/student36/RoboticsDesignProject/Git-repos/LeoRover-Team7/elephant_arm_ws/install/mycobot_bringup', 'merge_install': False, 'path': '/home/student36/RoboticsDesignProject/Git-repos/LeoRover-Team7/elephant_arm_ws/src/mycobot_ros2/mycobot_bringup', 'symlink_install': False, 'test_result_base': None}
[0.585s] Level 5:colcon.colcon_core.verb:set package 'mycobot_description' build argument 'cmake_args' from command line to 'None'
[0.586s] Level 5:colcon.colcon_core.verb:set package 'mycobot_description' build argument 'cmake_target' from command line to 'None'
[0.586s] Level 5:colcon.colcon_core.verb:set package 'mycobot_description' build argument 'cmake_target_skip_unavailable' from command line to 'False'
[0.586s] Level 5:colcon.colcon_core.verb:set package 'mycobot_description' build argument 'cmake_clean_cache' from command line to 'False'
[0.586s] Level 5:colcon.colcon_core.verb:set package 'mycobot_description' build argument 'cmake_clean_first' from command line to 'False'
[0.586s] Level 5:colcon.colcon_core.verb:set package 'mycobot_description' build argument 'cmake_force_configure' from command line to 'False'
[0.586s] Level 5:colcon.colcon_core.verb:set package 'mycobot_description' build argument 'ament_cmake_args' from command line to 'None'
[0.586s] Level 5:colcon.colcon_core.verb:set package 'mycobot_description' build argument 'catkin_cmake_args' from command line to 'None'
[0.586s] Level 5:colcon.colcon_core.verb:set package 'mycobot_description' build argument 'catkin_skip_building_tests' from command line to 'False'
[0.586s] DEBUG:colcon.colcon_core.verb:Building package 'mycobot_description' with the following arguments: {'ament_cmake_args': None, 'build_base': '/home/student36/RoboticsDesignProject/Git-repos/LeoRover-Team7/elephant_arm_ws/build/mycobot_description', 'catkin_cmake_args': None, 'catkin_skip_building_tests': False, 'cmake_args': None, 'cmake_clean_cache': False, 'cmake_clean_first': False, 'cmake_force_configure': False, 'cmake_target': None, 'cmake_target_skip_unavailable': False, 'install_base': '/home/student36/RoboticsDesignProject/Git-repos/LeoRover-Team7/elephant_arm_ws/install/mycobot_description', 'merge_install': False, 'path': '/home/student36/RoboticsDesignProject/Git-repos/LeoRover-Team7/elephant_arm_ws/src/mycobot_ros2/mycobot_description', 'symlink_install': False, 'test_result_base': None}
[0.586s] Level 5:colcon.colcon_core.verb:set package 'mycobot_gazebo' build argument 'cmake_args' from command line to 'None'
[0.586s] Level 5:colcon.colcon_core.verb:set package 'mycobot_gazebo' build argument 'cmake_target' from command line to 'None'
[0.586s] Level 5:colcon.colcon_core.verb:set package 'mycobot_gazebo' build argument 'cmake_target_skip_unavailable' from command line to 'False'
[0.586s] Level 5:colcon.colcon_core.verb:set package 'mycobot_gazebo' build argument 'cmake_clean_cache' from command line to 'False'
[0.586s] Level 5:colcon.colcon_core.verb:set package 'mycobot_gazebo' build argument 'cmake_clean_first' from command line to 'False'
[0.586s] Level 5:colcon.colcon_core.verb:set package 'mycobot_gazebo' build argument 'cmake_force_configure' from command line to 'False'
[0.586s] Level 5:colcon.colcon_core.verb:set package 'mycobot_gazebo' build argument 'ament_cmake_args' from command line to 'None'
[0.586s] Level 5:colcon.colcon_core.verb:set package 'mycobot_gazebo' build argument 'catkin_cmake_args' from command line to 'None'
[0.586s] Level 5:colcon.colcon_core.verb:set package 'mycobot_gazebo' build argument 'catkin_skip_building_tests' from command line to 'False'
[0.586s] DEBUG:colcon.colcon_core.verb:Building package 'mycobot_gazebo' with the following arguments: {'ament_cmake_args': None, 'build_base': '/home/student36/RoboticsDesignProject/Git-repos/LeoRover-Team7/elephant_arm_ws/build/mycobot_gazebo', 'catkin_cmake_args': None, 'catkin_skip_building_tests': False, 'cmake_args': None, 'cmake_clean_cache': False, 'cmake_clean_first': False, 'cmake_force_configure': False, 'cmake_target': None, 'cmake_target_skip_unavailable': False, 'install_base': '/home/student36/RoboticsDesignProject/Git-repos/LeoRover-Team7/elephant_arm_ws/install/mycobot_gazebo', 'merge_install': False, 'path': '/home/student36/RoboticsDesignProject/Git-repos/LeoRover-Team7/elephant_arm_ws/src/mycobot_ros2/mycobot_gazebo', 'symlink_install': False, 'test_result_base': None}
[0.586s] Level 5:colcon.colcon_core.verb:set package 'mycobot_moveit_config' build argument 'cmake_args' from command line to 'None'
[0.587s] Level 5:colcon.colcon_core.verb:set package 'mycobot_moveit_config' build argument 'cmake_target' from command line to 'None'
[0.587s] Level 5:colcon.colcon_core.verb:set package 'mycobot_moveit_config' build argument 'cmake_target_skip_unavailable' from command line to 'False'
[0.587s] Level 5:colcon.colcon_core.verb:set package 'mycobot_moveit_config' build argument 'cmake_clean_cache' from command line to 'False'
[0.587s] Level 5:colcon.colcon_core.verb:set package 'mycobot_moveit_config' build argument 'cmake_clean_first' from command line to 'False'
[0.587s] Level 5:colcon.colcon_core.verb:set package 'mycobot_moveit_config' build argument 'cmake_force_configure' from command line to 'False'
[0.587s] Level 5:colcon.colcon_core.verb:set package 'mycobot_moveit_config' build argument 'ament_cmake_args' from command line to 'None'
[0.587s] Level 5:colcon.colcon_core.verb:set package 'mycobot_moveit_config' build argument 'catkin_cmake_args' from command line to 'None'
[0.587s] Level 5:colcon.colcon_core.verb:set package 'mycobot_moveit_config' build argument 'catkin_skip_building_tests' from command line to 'False'
[0.587s] DEBUG:colcon.colcon_core.verb:Building package 'mycobot_moveit_config' with the following arguments: {'ament_cmake_args': None, 'build_base': '/home/student36/RoboticsDesignProject/Git-repos/LeoRover-Team7/elephant_arm_ws/build/mycobot_moveit_config', 'catkin_cmake_args': None, 'catkin_skip_building_tests': False, 'cmake_args': None, 'cmake_clean_cache': False, 'cmake_clean_first': False, 'cmake_force_configure': False, 'cmake_target': None, 'cmake_target_skip_unavailable': False, 'install_base': '/home/student36/RoboticsDesignProject/Git-repos/LeoRover-Team7/elephant_arm_ws/install/mycobot_moveit_config', 'merge_install': False, 'path': '/home/student36/RoboticsDesignProject/Git-repos/LeoRover-Team7/elephant_arm_ws/src/mycobot_ros2/mycobot_moveit_config', 'symlink_install': False, 'test_result_base': None}
[0.587s] Level 5:colcon.colcon_core.verb:set package 'rviz_marker_tools' build argument 'cmake_args' from command line to 'None'
[0.587s] Level 5:colcon.colcon_core.verb:set package 'rviz_marker_tools' build argument 'cmake_target' from command line to 'None'
[0.587s] Level 5:colcon.colcon_core.verb:set package 'rviz_marker_tools' build argument 'cmake_target_skip_unavailable' from command line to 'False'
[0.587s] Level 5:colcon.colcon_core.verb:set package 'rviz_marker_tools' build argument 'cmake_clean_cache' from command line to 'False'
[0.587s] Level 5:colcon.colcon_core.verb:set package 'rviz_marker_tools' build argument 'cmake_clean_first' from command line to 'False'
[0.587s] Level 5:colcon.colcon_core.verb:set package 'rviz_marker_tools' build argument 'cmake_force_configure' from command line to 'False'
[0.587s] Level 5:colcon.colcon_core.verb:set package 'rviz_marker_tools' build argument 'ament_cmake_args' from command line to 'None'
[0.587s] Level 5:colcon.colcon_core.verb:set package 'rviz_marker_tools' build argument 'catkin_cmake_args' from command line to 'None'
[0.587s] Level 5:colcon.colcon_core.verb:set package 'rviz_marker_tools' build argument 'catkin_skip_building_tests' from command line to 'False'
[0.587s] DEBUG:colcon.colcon_core.verb:Building package 'rviz_marker_tools' with the following arguments: {'ament_cmake_args': None, 'build_base': '/home/student36/RoboticsDesignProject/Git-repos/LeoRover-Team7/elephant_arm_ws/build/rviz_marker_tools', 'catkin_cmake_args': None, 'catkin_skip_building_tests': False, 'cmake_args': None, 'cmake_clean_cache': False, 'cmake_clean_first': False, 'cmake_force_configure': False, 'cmake_target': None, 'cmake_target_skip_unavailable': False, 'install_base': '/home/student36/RoboticsDesignProject/Git-repos/LeoRover-Team7/elephant_arm_ws/install/rviz_marker_tools', 'merge_install': False, 'path': '/home/student36/RoboticsDesignProject/Git-repos/LeoRover-Team7/elephant_arm_ws/src/moveit_task_constructor/rviz_marker_tools', 'symlink_install': False, 'test_result_base': None}
[0.587s] Level 5:colcon.colcon_core.verb:set package 'moveit_task_constructor_core' build argument 'cmake_args' from command line to 'None'
[0.587s] Level 5:colcon.colcon_core.verb:set package 'moveit_task_constructor_core' build argument 'cmake_target' from command line to 'None'
[0.587s] Level 5:colcon.colcon_core.verb:set package 'moveit_task_constructor_core' build argument 'cmake_target_skip_unavailable' from command line to 'False'
[0.587s] Level 5:colcon.colcon_core.verb:set package 'moveit_task_constructor_core' build argument 'cmake_clean_cache' from command line to 'False'
[0.587s] Level 5:colcon.colcon_core.verb:set package 'moveit_task_constructor_core' build argument 'cmake_clean_first' from command line to 'False'
[0.588s] Level 5:colcon.colcon_core.verb:set package 'moveit_task_constructor_core' build argument 'cmake_force_configure' from command line to 'False'
[0.588s] Level 5:colcon.colcon_core.verb:set package 'moveit_task_constructor_core' build argument 'ament_cmake_args' from command line to 'None'
[0.588s] Level 5:colcon.colcon_core.verb:set package 'moveit_task_constructor_core' build argument 'catkin_cmake_args' from command line to 'None'
[0.588s] Level 5:colcon.colcon_core.verb:set package 'moveit_task_constructor_core' build argument 'catkin_skip_building_tests' from command line to 'False'
[0.588s] DEBUG:colcon.colcon_core.verb:Building package 'moveit_task_constructor_core' with the following arguments: {'ament_cmake_args': None, 'build_base': '/home/student36/RoboticsDesignProject/Git-repos/LeoRover-Team7/elephant_arm_ws/build/moveit_task_constructor_core', 'catkin_cmake_args': None, 'catkin_skip_building_tests': False, 'cmake_args': None, 'cmake_clean_cache': False, 'cmake_clean_first': False, 'cmake_force_configure': False, 'cmake_target': None, 'cmake_target_skip_unavailable': False, 'install_base': '/home/student36/RoboticsDesignProject/Git-repos/LeoRover-Team7/elephant_arm_ws/install/moveit_task_constructor_core', 'merge_install': False, 'path': '/home/student36/RoboticsDesignProject/Git-repos/LeoRover-Team7/elephant_arm_ws/src/moveit_task_constructor/core', 'symlink_install': False, 'test_result_base': None}
[0.588s] Level 5:colcon.colcon_core.verb:set package 'mycobot_ros2' build argument 'cmake_args' from command line to 'None'
[0.588s] Level 5:colcon.colcon_core.verb:set package 'mycobot_ros2' build argument 'cmake_target' from command line to 'None'
[0.588s] Level 5:colcon.colcon_core.verb:set package 'mycobot_ros2' build argument 'cmake_target_skip_unavailable' from command line to 'False'
[0.588s] Level 5:colcon.colcon_core.verb:set package 'mycobot_ros2' build argument 'cmake_clean_cache' from command line to 'False'
[0.588s] Level 5:colcon.colcon_core.verb:set package 'mycobot_ros2' build argument 'cmake_clean_first' from command line to 'False'
[0.588s] Level 5:colcon.colcon_core.verb:set package 'mycobot_ros2' build argument 'cmake_force_configure' from command line to 'False'
[0.588s] Level 5:colcon.colcon_core.verb:set package 'mycobot_ros2' build argument 'ament_cmake_args' from command line to 'None'
[0.588s] Level 5:colcon.colcon_core.verb:set package 'mycobot_ros2' build argument 'catkin_cmake_args' from command line to 'None'
[0.588s] Level 5:colcon.colcon_core.verb:set package 'mycobot_ros2' build argument 'catkin_skip_building_tests' from command line to 'False'
[0.588s] DEBUG:colcon.colcon_core.verb:Building package 'mycobot_ros2' with the following arguments: {'ament_cmake_args': None, 'build_base': '/home/student36/RoboticsDesignProject/Git-repos/LeoRover-Team7/elephant_arm_ws/build/mycobot_ros2', 'catkin_cmake_args': None, 'catkin_skip_building_tests': False, 'cmake_args': None, 'cmake_clean_cache': False, 'cmake_clean_first': False, 'cmake_force_configure': False, 'cmake_target': None, 'cmake_target_skip_unavailable': False, 'install_base': '/home/student36/RoboticsDesignProject/Git-repos/LeoRover-Team7/elephant_arm_ws/install/mycobot_ros2', 'merge_install': False, 'path': '/home/student36/RoboticsDesignProject/Git-repos/LeoRover-Team7/elephant_arm_ws/src/mycobot_ros2/mycobot_ros2', 'symlink_install': False, 'test_result_base': None}
[0.588s] Level 5:colcon.colcon_core.verb:set package 'moveit_task_constructor_capabilities' build argument 'cmake_args' from command line to 'None'
[0.588s] Level 5:colcon.colcon_core.verb:set package 'moveit_task_constructor_capabilities' build argument 'cmake_target' from command line to 'None'
[0.588s] Level 5:colcon.colcon_core.verb:set package 'moveit_task_constructor_capabilities' build argument 'cmake_target_skip_unavailable' from command line to 'False'
[0.588s] Level 5:colcon.colcon_core.verb:set package 'moveit_task_constructor_capabilities' build argument 'cmake_clean_cache' from command line to 'False'
[0.588s] Level 5:colcon.colcon_core.verb:set package 'moveit_task_constructor_capabilities' build argument 'cmake_clean_first' from command line to 'False'
[0.588s] Level 5:colcon.colcon_core.verb:set package 'moveit_task_constructor_capabilities' build argument 'cmake_force_configure' from command line to 'False'
[0.588s] Level 5:colcon.colcon_core.verb:set package 'moveit_task_constructor_capabilities' build argument 'ament_cmake_args' from command line to 'None'
[0.588s] Level 5:colcon.colcon_core.verb:set package 'moveit_task_constructor_capabilities' build argument 'catkin_cmake_args' from command line to 'None'
[0.588s] Level 5:colcon.colcon_core.verb:set package 'moveit_task_constructor_capabilities' build argument 'catkin_skip_building_tests' from command line to 'False'
[0.588s] DEBUG:colcon.colcon_core.verb:Building package 'moveit_task_constructor_capabilities' with the following arguments: {'ament_cmake_args': None, 'build_base': '/home/student36/RoboticsDesignProject/Git-repos/LeoRover-Team7/elephant_arm_ws/build/moveit_task_constructor_capabilities', 'catkin_cmake_args': None, 'catkin_skip_building_tests': False, 'cmake_args': None, 'cmake_clean_cache': False, 'cmake_clean_first': False, 'cmake_force_configure': False, 'cmake_target': None, 'cmake_target_skip_unavailable': False, 'install_base': '/home/student36/RoboticsDesignProject/Git-repos/LeoRover-Team7/elephant_arm_ws/install/moveit_task_constructor_capabilities', 'merge_install': False, 'path': '/home/student36/RoboticsDesignProject/Git-repos/LeoRover-Team7/elephant_arm_ws/src/moveit_task_constructor/capabilities', 'symlink_install': False, 'test_result_base': None}
[0.589s] Level 5:colcon.colcon_core.verb:set package 'moveit_task_constructor_visualization' build argument 'cmake_args' from command line to 'None'
[0.589s] Level 5:colcon.colcon_core.verb:set package 'moveit_task_constructor_visualization' build argument 'cmake_target' from command line to 'None'
[0.589s] Level 5:colcon.colcon_core.verb:set package 'moveit_task_constructor_visualization' build argument 'cmake_target_skip_unavailable' from command line to 'False'
[0.589s] Level 5:colcon.colcon_core.verb:set package 'moveit_task_constructor_visualization' build argument 'cmake_clean_cache' from command line to 'False'
[0.589s] Level 5:colcon.colcon_core.verb:set package 'moveit_task_constructor_visualization' build argument 'cmake_clean_first' from command line to 'False'
[0.589s] Level 5:colcon.colcon_core.verb:set package 'moveit_task_constructor_visualization' build argument 'cmake_force_configure' from command line to 'False'
[0.589s] Level 5:colcon.colcon_core.verb:set package 'moveit_task_constructor_visualization' build argument 'ament_cmake_args' from command line to 'None'
[0.589s] Level 5:colcon.colcon_core.verb:set package 'moveit_task_constructor_visualization' build argument 'catkin_cmake_args' from command line to 'None'
[0.589s] Level 5:colcon.colcon_core.verb:set package 'moveit_task_constructor_visualization' build argument 'catkin_skip_building_tests' from command line to 'False'
[0.589s] DEBUG:colcon.colcon_core.verb:Building package 'moveit_task_constructor_visualization' with the following arguments: {'ament_cmake_args': None, 'build_base': '/home/student36/RoboticsDesignProject/Git-repos/LeoRover-Team7/elephant_arm_ws/build/moveit_task_constructor_visualization', 'catkin_cmake_args': None, 'catkin_skip_building_tests': False, 'cmake_args': None, 'cmake_clean_cache': False, 'cmake_clean_first': False, 'cmake_force_configure': False, 'cmake_target': None, 'cmake_target_skip_unavailable': False, 'install_base': '/home/student36/RoboticsDesignProject/Git-repos/LeoRover-Team7/elephant_arm_ws/install/moveit_task_constructor_visualization', 'merge_install': False, 'path': '/home/student36/RoboticsDesignProject/Git-repos/LeoRover-Team7/elephant_arm_ws/src/moveit_task_constructor/visualization', 'symlink_install': False, 'test_result_base': None}
[0.589s] Level 5:colcon.colcon_core.verb:set package 'mtc_tutorial' build argument 'cmake_args' from command line to 'None'
[0.589s] Level 5:colcon.colcon_core.verb:set package 'mtc_tutorial' build argument 'cmake_target' from command line to 'None'
[0.589s] Level 5:colcon.colcon_core.verb:set package 'mtc_tutorial' build argument 'cmake_target_skip_unavailable' from command line to 'False'
[0.589s] Level 5:colcon.colcon_core.verb:set package 'mtc_tutorial' build argument 'cmake_clean_cache' from command line to 'False'
[0.589s] Level 5:colcon.colcon_core.verb:set package 'mtc_tutorial' build argument 'cmake_clean_first' from command line to 'False'
[0.589s] Level 5:colcon.colcon_core.verb:set package 'mtc_tutorial' build argument 'cmake_force_configure' from command line to 'False'
[0.589s] Level 5:colcon.colcon_core.verb:set package 'mtc_tutorial' build argument 'ament_cmake_args' from command line to 'None'
[0.589s] Level 5:colcon.colcon_core.verb:set package 'mtc_tutorial' build argument 'catkin_cmake_args' from command line to 'None'
[0.589s] Level 5:colcon.colcon_core.verb:set package 'mtc_tutorial' build argument 'catkin_skip_building_tests' from command line to 'False'
[0.589s] DEBUG:colcon.colcon_core.verb:Building package 'mtc_tutorial' with the following arguments: {'ament_cmake_args': None, 'build_base': '/home/student36/RoboticsDesignProject/Git-repos/LeoRover-Team7/elephant_arm_ws/build/mtc_tutorial', 'catkin_cmake_args': None, 'catkin_skip_building_tests': False, 'cmake_args': None, 'cmake_clean_cache': False, 'cmake_clean_first': False, 'cmake_force_configure': False, 'cmake_target': None, 'cmake_target_skip_unavailable': False, 'install_base': '/home/student36/RoboticsDesignProject/Git-repos/LeoRover-Team7/elephant_arm_ws/install/mtc_tutorial', 'merge_install': False, 'path': '/home/student36/RoboticsDesignProject/Git-repos/LeoRover-Team7/elephant_arm_ws/src/mtc_tutorial', 'symlink_install': False, 'test_result_base': None}
[0.590s] Level 5:colcon.colcon_core.verb:set package 'moveit_task_constructor_demo' build argument 'cmake_args' from command line to 'None'
[0.590s] Level 5:colcon.colcon_core.verb:set package 'moveit_task_constructor_demo' build argument 'cmake_target' from command line to 'None'
[0.590s] Level 5:colcon.colcon_core.verb:set package 'moveit_task_constructor_demo' build argument 'cmake_target_skip_unavailable' from command line to 'False'
[0.590s] Level 5:colcon.colcon_core.verb:set package 'moveit_task_constructor_demo' build argument 'cmake_clean_cache' from command line to 'False'
[0.590s] Level 5:colcon.colcon_core.verb:set package 'moveit_task_constructor_demo' build argument 'cmake_clean_first' from command line to 'False'
[0.590s] Level 5:colcon.colcon_core.verb:set package 'moveit_task_constructor_demo' build argument 'cmake_force_configure' from command line to 'False'
[0.590s] Level 5:colcon.colcon_core.verb:set package 'moveit_task_constructor_demo' build argument 'ament_cmake_args' from command line to 'None'
[0.590s] Level 5:colcon.colcon_core.verb:set package 'moveit_task_constructor_demo' build argument 'catkin_cmake_args' from command line to 'None'
[0.590s] Level 5:colcon.colcon_core.verb:set package 'moveit_task_constructor_demo' build argument 'catkin_skip_building_tests' from command line to 'False'
[0.590s] DEBUG:colcon.colcon_core.verb:Building package 'moveit_task_constructor_demo' with the following arguments: {'ament_cmake_args': None, 'build_base': '/home/student36/RoboticsDesignProject/Git-repos/LeoRover-Team7/elephant_arm_ws/build/moveit_task_constructor_demo', 'catkin_cmake_args': None, 'catkin_skip_building_tests': False, 'cmake_args': None, 'cmake_clean_cache': False, 'cmake_clean_first': False, 'cmake_force_configure': False, 'cmake_target': None, 'cmake_target_skip_unavailable': False, 'install_base': '/home/student36/RoboticsDesignProject/Git-repos/LeoRover-Team7/elephant_arm_ws/install/moveit_task_constructor_demo', 'merge_install': False, 'path': '/home/student36/RoboticsDesignProject/Git-repos/LeoRover-Team7/elephant_arm_ws/src/moveit_task_constructor/demo', 'symlink_install': False, 'test_result_base': None}
[0.590s] INFO:colcon.colcon_core.executor:Executing jobs using 'parallel' executor
[0.592s] DEBUG:colcon.colcon_parallel_executor.executor.parallel:run_until_complete
[0.592s] INFO:colcon.colcon_ros.task.ament_cmake.build:Building ROS package in '/home/student36/RoboticsDesignProject/Git-repos/LeoRover-Team7/elephant_arm_ws/src/moveit_task_constructor/msgs' with build type 'ament_cmake'
[0.592s] INFO:colcon.colcon_cmake.task.cmake.build:Building CMake package in '/home/student36/RoboticsDesignProject/Git-repos/LeoRover-Team7/elephant_arm_ws/src/moveit_task_constructor/msgs'
[0.600s] INFO:colcon.colcon_core.plugin_system:Skipping extension 'colcon_core.shell.bat': Not used on non-Windows systems
[0.600s] INFO:colcon.colcon_core.shell:Skip shell extension 'powershell' for command environment: Not usable outside of PowerShell
[0.600s] DEBUG:colcon.colcon_core.shell:Skip shell extension 'dsv' for command environment
[0.613s] INFO:colcon.colcon_ros.task.ament_cmake.build:Building ROS package in '/home/student36/RoboticsDesignProject/Git-repos/LeoRover-Team7/elephant_arm_ws/src/moveit_task_constructor/rviz_marker_tools' with build type 'ament_cmake'
[0.614s] INFO:colcon.colcon_cmake.task.cmake.build:Building CMake package in '/home/student36/RoboticsDesignProject/Git-repos/LeoRover-Team7/elephant_arm_ws/src/moveit_task_constructor/rviz_marker_tools'
[0.614s] INFO:colcon.colcon_core.shell:Skip shell extension 'powershell' for command environment: Not usable outside of PowerShell
[0.615s] DEBUG:colcon.colcon_core.shell:Skip shell extension 'dsv' for command environment
[0.636s] INFO:colcon.colcon_ros.task.ament_cmake.build:Building ROS package in '/home/student36/RoboticsDesignProject/Git-repos/LeoRover-Team7/elephant_arm_ws/src/mycobot_ros2/mycobot_description' with build type 'ament_cmake'
[0.636s] INFO:colcon.colcon_cmake.task.cmake.build:Building CMake package in '/home/student36/RoboticsDesignProject/Git-repos/LeoRover-Team7/elephant_arm_ws/src/mycobot_ros2/mycobot_description'
[0.637s] INFO:colcon.colcon_core.shell:Skip shell extension 'powershell' for command environment: Not usable outside of PowerShell
[0.637s] DEBUG:colcon.colcon_core.shell:Skip shell extension 'dsv' for command environment
[0.660s] INFO:colcon.colcon_ros.task.ament_cmake.build:Building ROS package in '/home/student36/RoboticsDesignProject/Git-repos/LeoRover-Team7/elephant_arm_ws/src/hello_moveit' with build type 'ament_cmake'
[0.661s] INFO:colcon.colcon_cmake.task.cmake.build:Building CMake package in '/home/student36/RoboticsDesignProject/Git-repos/LeoRover-Team7/elephant_arm_ws/src/hello_moveit'
[0.661s] INFO:colcon.colcon_core.shell:Skip shell extension 'powershell' for command environment: Not usable outside of PowerShell
[0.661s] DEBUG:colcon.colcon_core.shell:Skip shell extension 'dsv' for command environment
[0.694s] INFO:colcon.colcon_ros.task.ament_cmake.build:Building ROS package in '/home/student36/RoboticsDesignProject/Git-repos/LeoRover-Team7/elephant_arm_ws/src/mycobot_ros2/mycobot_bringup' with build type 'ament_cmake'
[0.695s] INFO:colcon.colcon_cmake.task.cmake.build:Building CMake package in '/home/student36/RoboticsDesignProject/Git-repos/LeoRover-Team7/elephant_arm_ws/src/mycobot_ros2/mycobot_bringup'
[0.696s] INFO:colcon.colcon_core.shell:Skip shell extension 'powershell' for command environment: Not usable outside of PowerShell
[0.696s] DEBUG:colcon.colcon_core.shell:Skip shell extension 'dsv' for command environment
[0.723s] INFO:colcon.colcon_ros.task.ament_cmake.build:Building ROS package in '/home/student36/RoboticsDesignProject/Git-repos/LeoRover-Team7/elephant_arm_ws/src/mycobot_ros2/mycobot_gazebo' with build type 'ament_cmake'
[0.723s] INFO:colcon.colcon_cmake.task.cmake.build:Building CMake package in '/home/student36/RoboticsDesignProject/Git-repos/LeoRover-Team7/elephant_arm_ws/src/mycobot_ros2/mycobot_gazebo'
[0.723s] INFO:colcon.colcon_core.shell:Skip shell extension 'powershell' for command environment: Not usable outside of PowerShell
[0.723s] DEBUG:colcon.colcon_core.shell:Skip shell extension 'dsv' for command environment
[0.752s] INFO:colcon.colcon_ros.task.ament_cmake.build:Building ROS package in '/home/student36/RoboticsDesignProject/Git-repos/LeoRover-Team7/elephant_arm_ws/src/mycobot_ros2/mycobot_moveit_config' with build type 'ament_cmake'
[0.752s] INFO:colcon.colcon_cmake.task.cmake.build:Building CMake package in '/home/student36/RoboticsDesignProject/Git-repos/LeoRover-Team7/elephant_arm_ws/src/mycobot_ros2/mycobot_moveit_config'
[0.754s] INFO:colcon.colcon_core.shell:Skip shell extension 'powershell' for command environment: Not usable outside of PowerShell
[0.754s] DEBUG:colcon.colcon_core.shell:Skip shell extension 'dsv' for command environment
[0.793s] DEBUG:colcon.colcon_core.event_handler.log_command:Invoking command in '/home/student36/RoboticsDesignProject/Git-repos/LeoRover-Team7/elephant_arm_ws/build/moveit_task_constructor_msgs': CMAKE_PREFIX_PATH=${CMAKE_PREFIX_PATH}:/home/student36/ros2_tutorial_workspace/install/the_simplest_python_package:/home/student36/ros2_tutorial_workspace/install/python_package_with_a_node:/home/student36/ros2_tutorial_workspace/install/python_package_that_uses_the_library:/home/student36/ros2_tutorial_workspace/install/python_package_with_a_library:/home/student36/ros2_tutorial_workspace/install/python_package_that_uses_the_services:/home/student36/ros2_tutorial_workspace/install/python_package_that_uses_the_actions:/home/student36/ros2_tutorial_workspace/install/python_package_that_uses_tf2:/home/student36/ros2_tutorial_workspace/install/python_package_that_uses_parameters_and_launch_files:/home/student36/ros2_tutorial_workspace/install/python_package_that_uses_nottf2:/home/student36/ros2_tutorial_workspace/install/python_package_that_uses_nav2:/home/student36/ros2_tutorial_workspace/install/python_package_that_uses_messages:/home/student36/ros2_tutorial_workspace/install/python_package_that_uses_geometry_msgs:/home/student36/ros2_tutorial_workspace/install/python_package_that_uses_gazebo:/home/student36/ws_moveit/install/moveit_configs_utils:/home/student36/elephant_arm_ws/install/mycobot_description:/opt/ros/jazzy DEBUGINFOD_URLS=https://debuginfod.ubuntu.com /usr/bin/cmake --build /home/student36/RoboticsDesignProject/Git-repos/LeoRover-Team7/elephant_arm_ws/build/moveit_task_constructor_msgs -- -j12 -l12
[0.803s] DEBUG:colcon.colcon_core.event_handler.log_command:Invoking command in '/home/student36/RoboticsDesignProject/Git-repos/LeoRover-Team7/elephant_arm_ws/build/rviz_marker_tools': CMAKE_PREFIX_PATH=${CMAKE_PREFIX_PATH}:/home/student36/ros2_tutorial_workspace/install/the_simplest_python_package:/home/student36/ros2_tutorial_workspace/install/python_package_with_a_node:/home/student36/ros2_tutorial_workspace/install/python_package_that_uses_the_library:/home/student36/ros2_tutorial_workspace/install/python_package_with_a_library:/home/student36/ros2_tutorial_workspace/install/python_package_that_uses_the_services:/home/student36/ros2_tutorial_workspace/install/python_package_that_uses_the_actions:/home/student36/ros2_tutorial_workspace/install/python_package_that_uses_tf2:/home/student36/ros2_tutorial_workspace/install/python_package_that_uses_parameters_and_launch_files:/home/student36/ros2_tutorial_workspace/install/python_package_that_uses_nottf2:/home/student36/ros2_tutorial_workspace/install/python_package_that_uses_nav2:/home/student36/ros2_tutorial_workspace/install/python_package_that_uses_messages:/home/student36/ros2_tutorial_workspace/install/python_package_that_uses_geometry_msgs:/home/student36/ros2_tutorial_workspace/install/python_package_that_uses_gazebo:/home/student36/ws_moveit/install/moveit_configs_utils:/home/student36/elephant_arm_ws/install/mycobot_description:/opt/ros/jazzy DEBUGINFOD_URLS=https://debuginfod.ubuntu.com /usr/bin/cmake --build /home/student36/RoboticsDesignProject/Git-repos/LeoRover-Team7/elephant_arm_ws/build/rviz_marker_tools -- -j12 -l12
[0.809s] DEBUG:colcon.colcon_core.event_handler.log_command:Invoking command in '/home/student36/RoboticsDesignProject/Git-repos/LeoRover-Team7/elephant_arm_ws/build/mycobot_description': CMAKE_PREFIX_PATH=${CMAKE_PREFIX_PATH}:/home/student36/ros2_tutorial_workspace/install/the_simplest_python_package:/home/student36/ros2_tutorial_workspace/install/python_package_with_a_node:/home/student36/ros2_tutorial_workspace/install/python_package_that_uses_the_library:/home/student36/ros2_tutorial_workspace/install/python_package_with_a_library:/home/student36/ros2_tutorial_workspace/install/python_package_that_uses_the_services:/home/student36/ros2_tutorial_workspace/install/python_package_that_uses_the_actions:/home/student36/ros2_tutorial_workspace/install/python_package_that_uses_tf2:/home/student36/ros2_tutorial_workspace/install/python_package_that_uses_parameters_and_launch_files:/home/student36/ros2_tutorial_workspace/install/python_package_that_uses_nottf2:/home/student36/ros2_tutorial_workspace/install/python_package_that_uses_nav2:/home/student36/ros2_tutorial_workspace/install/python_package_that_uses_messages:/home/student36/ros2_tutorial_workspace/install/python_package_that_uses_geometry_msgs:/home/student36/ros2_tutorial_workspace/install/python_package_that_uses_gazebo:/home/student36/ws_moveit/install/moveit_configs_utils:/home/student36/elephant_arm_ws/install/mycobot_description:/opt/ros/jazzy DEBUGINFOD_URLS=https://debuginfod.ubuntu.com /usr/bin/cmake --build /home/student36/RoboticsDesignProject/Git-repos/LeoRover-Team7/elephant_arm_ws/build/mycobot_description -- -j12 -l12
[0.818s] DEBUG:colcon.colcon_core.event_handler.log_command:Invoking command in '/home/student36/RoboticsDesignProject/Git-repos/LeoRover-Team7/elephant_arm_ws/build/hello_moveit': CMAKE_PREFIX_PATH=${CMAKE_PREFIX_PATH}:/home/student36/ros2_tutorial_workspace/install/the_simplest_python_package:/home/student36/ros2_tutorial_workspace/install/python_package_with_a_node:/home/student36/ros2_tutorial_workspace/install/python_package_that_uses_the_library:/home/student36/ros2_tutorial_workspace/install/python_package_with_a_library:/home/student36/ros2_tutorial_workspace/install/python_package_that_uses_the_services:/home/student36/ros2_tutorial_workspace/install/python_package_that_uses_the_actions:/home/student36/ros2_tutorial_workspace/install/python_package_that_uses_tf2:/home/student36/ros2_tutorial_workspace/install/python_package_that_uses_parameters_and_launch_files:/home/student36/ros2_tutorial_workspace/install/python_package_that_uses_nottf2:/home/student36/ros2_tutorial_workspace/install/python_package_that_uses_nav2:/home/student36/ros2_tutorial_workspace/install/python_package_that_uses_messages:/home/student36/ros2_tutorial_workspace/install/python_package_that_uses_geometry_msgs:/home/student36/ros2_tutorial_workspace/install/python_package_that_uses_gazebo:/home/student36/ws_moveit/install/moveit_configs_utils:/home/student36/elephant_arm_ws/install/mycobot_description:/opt/ros/jazzy DEBUGINFOD_URLS=https://debuginfod.ubuntu.com /usr/bin/cmake --build /home/student36/RoboticsDesignProject/Git-repos/LeoRover-Team7/elephant_arm_ws/build/hello_moveit -- -j12 -l12
[0.831s] DEBUG:colcon.colcon_core.event_handler.log_command:Invoking command in '/home/student36/RoboticsDesignProject/Git-repos/LeoRover-Team7/elephant_arm_ws/build/mycobot_bringup': CMAKE_PREFIX_PATH=${CMAKE_PREFIX_PATH}:/home/student36/ros2_tutorial_workspace/install/the_simplest_python_package:/home/student36/ros2_tutorial_workspace/install/python_package_with_a_node:/home/student36/ros2_tutorial_workspace/install/python_package_that_uses_the_library:/home/student36/ros2_tutorial_workspace/install/python_package_with_a_library:/home/student36/ros2_tutorial_workspace/install/python_package_that_uses_the_services:/home/student36/ros2_tutorial_workspace/install/python_package_that_uses_the_actions:/home/student36/ros2_tutorial_workspace/install/python_package_that_uses_tf2:/home/student36/ros2_tutorial_workspace/install/python_package_that_uses_parameters_and_launch_files:/home/student36/ros2_tutorial_workspace/install/python_package_that_uses_nottf2:/home/student36/ros2_tutorial_workspace/install/python_package_that_uses_nav2:/home/student36/ros2_tutorial_workspace/install/python_package_that_uses_messages:/home/student36/ros2_tutorial_workspace/install/python_package_that_uses_geometry_msgs:/home/student36/ros2_tutorial_workspace/install/python_package_that_uses_gazebo:/home/student36/ws_moveit/install/moveit_configs_utils:/home/student36/elephant_arm_ws/install/mycobot_description:/opt/ros/jazzy DEBUGINFOD_URLS=https://debuginfod.ubuntu.com /usr/bin/cmake --build /home/student36/RoboticsDesignProject/Git-repos/LeoRover-Team7/elephant_arm_ws/build/mycobot_bringup -- -j12 -l12
[0.864s] DEBUG:colcon.colcon_core.event_handler.log_command:Invoking command in '/home/student36/RoboticsDesignProject/Git-repos/LeoRover-Team7/elephant_arm_ws/build/mycobot_gazebo': CMAKE_PREFIX_PATH=${CMAKE_PREFIX_PATH}:/home/student36/ros2_tutorial_workspace/install/the_simplest_python_package:/home/student36/ros2_tutorial_workspace/install/python_package_with_a_node:/home/student36/ros2_tutorial_workspace/install/python_package_that_uses_the_library:/home/student36/ros2_tutorial_workspace/install/python_package_with_a_library:/home/student36/ros2_tutorial_workspace/install/python_package_that_uses_the_services:/home/student36/ros2_tutorial_workspace/install/python_package_that_uses_the_actions:/home/student36/ros2_tutorial_workspace/install/python_package_that_uses_tf2:/home/student36/ros2_tutorial_workspace/install/python_package_that_uses_parameters_and_launch_files:/home/student36/ros2_tutorial_workspace/install/python_package_that_uses_nottf2:/home/student36/ros2_tutorial_workspace/install/python_package_that_uses_nav2:/home/student36/ros2_tutorial_workspace/install/python_package_that_uses_messages:/home/student36/ros2_tutorial_workspace/install/python_package_that_uses_geometry_msgs:/home/student36/ros2_tutorial_workspace/install/python_package_that_uses_gazebo:/home/student36/ws_moveit/install/moveit_configs_utils:/home/student36/elephant_arm_ws/install/mycobot_description:/opt/ros/jazzy DEBUGINFOD_URLS=https://debuginfod.ubuntu.com /usr/bin/cmake --build /home/student36/RoboticsDesignProject/Git-repos/LeoRover-Team7/elephant_arm_ws/build/mycobot_gazebo -- -j12 -l12
[0.886s] DEBUG:colcon.colcon_core.event_handler.log_command:Invoking command in '/home/student36/RoboticsDesignProject/Git-repos/LeoRover-Team7/elephant_arm_ws/build/mycobot_moveit_config': CMAKE_PREFIX_PATH=${CMAKE_PREFIX_PATH}:/home/student36/ros2_tutorial_workspace/install/the_simplest_python_package:/home/student36/ros2_tutorial_workspace/install/python_package_with_a_node:/home/student36/ros2_tutorial_workspace/install/python_package_that_uses_the_library:/home/student36/ros2_tutorial_workspace/install/python_package_with_a_library:/home/student36/ros2_tutorial_workspace/install/python_package_that_uses_the_services:/home/student36/ros2_tutorial_workspace/install/python_package_that_uses_the_actions:/home/student36/ros2_tutorial_workspace/install/python_package_that_uses_tf2:/home/student36/ros2_tutorial_workspace/install/python_package_that_uses_parameters_and_launch_files:/home/student36/ros2_tutorial_workspace/install/python_package_that_uses_nottf2:/home/student36/ros2_tutorial_workspace/install/python_package_that_uses_nav2:/home/student36/ros2_tutorial_workspace/install/python_package_that_uses_messages:/home/student36/ros2_tutorial_workspace/install/python_package_that_uses_geometry_msgs:/home/student36/ros2_tutorial_workspace/install/python_package_that_uses_gazebo:/home/student36/ws_moveit/install/moveit_configs_utils:/home/student36/elephant_arm_ws/install/mycobot_description:/opt/ros/jazzy DEBUGINFOD_URLS=https://debuginfod.ubuntu.com /usr/bin/cmake --build /home/student36/RoboticsDesignProject/Git-repos/LeoRover-Team7/elephant_arm_ws/build/mycobot_moveit_config -- -j12 -l12
[0.990s] DEBUG:colcon.colcon_core.event_handler.log_command:Invoked command in '/home/student36/RoboticsDesignProject/Git-repos/LeoRover-Team7/elephant_arm_ws/build/mycobot_description' returned '0': CMAKE_PREFIX_PATH=${CMAKE_PREFIX_PATH}:/home/student36/ros2_tutorial_workspace/install/the_simplest_python_package:/home/student36/ros2_tutorial_workspace/install/python_package_with_a_node:/home/student36/ros2_tutorial_workspace/install/python_package_that_uses_the_library:/home/student36/ros2_tutorial_workspace/install/python_package_with_a_library:/home/student36/ros2_tutorial_workspace/install/python_package_that_uses_the_services:/home/student36/ros2_tutorial_workspace/install/python_package_that_uses_the_actions:/home/student36/ros2_tutorial_workspace/install/python_package_that_uses_tf2:/home/student36/ros2_tutorial_workspace/install/python_package_that_uses_parameters_and_launch_files:/home/student36/ros2_tutorial_workspace/install/python_package_that_uses_nottf2:/home/student36/ros2_tutorial_workspace/install/python_package_that_uses_nav2:/home/student36/ros2_tutorial_workspace/install/python_package_that_uses_messages:/home/student36/ros2_tutorial_workspace/install/python_package_that_uses_geometry_msgs:/home/student36/ros2_tutorial_workspace/install/python_package_that_uses_gazebo:/home/student36/ws_moveit/install/moveit_configs_utils:/home/student36/elephant_arm_ws/install/mycobot_description:/opt/ros/jazzy DEBUGINFOD_URLS=https://debuginfod.ubuntu.com /usr/bin/cmake --build /home/student36/RoboticsDesignProject/Git-repos/LeoRover-Team7/elephant_arm_ws/build/mycobot_description -- -j12 -l12
[1.049s] DEBUG:colcon.colcon_core.event_handler.log_command:Invoking command in '/home/student36/RoboticsDesignProject/Git-repos/LeoRover-Team7/elephant_arm_ws/build/mycobot_description': CMAKE_PREFIX_PATH=${CMAKE_PREFIX_PATH}:/home/student36/ros2_tutorial_workspace/install/the_simplest_python_package:/home/student36/ros2_tutorial_workspace/install/python_package_with_a_node:/home/student36/ros2_tutorial_workspace/install/python_package_that_uses_the_library:/home/student36/ros2_tutorial_workspace/install/python_package_with_a_library:/home/student36/ros2_tutorial_workspace/install/python_package_that_uses_the_services:/home/student36/ros2_tutorial_workspace/install/python_package_that_uses_the_actions:/home/student36/ros2_tutorial_workspace/install/python_package_that_uses_tf2:/home/student36/ros2_tutorial_workspace/install/python_package_that_uses_parameters_and_launch_files:/home/student36/ros2_tutorial_workspace/install/python_package_that_uses_nottf2:/home/student36/ros2_tutorial_workspace/install/python_package_that_uses_nav2:/home/student36/ros2_tutorial_workspace/install/python_package_that_uses_messages:/home/student36/ros2_tutorial_workspace/install/python_package_that_uses_geometry_msgs:/home/student36/ros2_tutorial_workspace/install/python_package_that_uses_gazebo:/home/student36/ws_moveit/install/moveit_configs_utils:/home/student36/elephant_arm_ws/install/mycobot_description:/opt/ros/jazzy DEBUGINFOD_URLS=https://debuginfod.ubuntu.com /usr/bin/cmake --install /home/student36/RoboticsDesignProject/Git-repos/LeoRover-Team7/elephant_arm_ws/build/mycobot_description
[1.061s] DEBUG:colcon.colcon_core.event_handler.log_command:Invoked command in '/home/student36/RoboticsDesignProject/Git-repos/LeoRover-Team7/elephant_arm_ws/build/mycobot_bringup' returned '0': CMAKE_PREFIX_PATH=${CMAKE_PREFIX_PATH}:/home/student36/ros2_tutorial_workspace/install/the_simplest_python_package:/home/student36/ros2_tutorial_workspace/install/python_package_with_a_node:/home/student36/ros2_tutorial_workspace/install/python_package_that_uses_the_library:/home/student36/ros2_tutorial_workspace/install/python_package_with_a_library:/home/student36/ros2_tutorial_workspace/install/python_package_that_uses_the_services:/home/student36/ros2_tutorial_workspace/install/python_package_that_uses_the_actions:/home/student36/ros2_tutorial_workspace/install/python_package_that_uses_tf2:/home/student36/ros2_tutorial_workspace/install/python_package_that_uses_parameters_and_launch_files:/home/student36/ros2_tutorial_workspace/install/python_package_that_uses_nottf2:/home/student36/ros2_tutorial_workspace/install/python_package_that_uses_nav2:/home/student36/ros2_tutorial_workspace/install/python_package_that_uses_messages:/home/student36/ros2_tutorial_workspace/install/python_package_that_uses_geometry_msgs:/home/student36/ros2_tutorial_workspace/install/python_package_that_uses_gazebo:/home/student36/ws_moveit/install/moveit_configs_utils:/home/student36/elephant_arm_ws/install/mycobot_description:/opt/ros/jazzy DEBUGINFOD_URLS=https://debuginfod.ubuntu.com /usr/bin/cmake --build /home/student36/RoboticsDesignProject/Git-repos/LeoRover-Team7/elephant_arm_ws/build/mycobot_bringup -- -j12 -l12
[1.066s] DEBUG:colcon.colcon_core.event_handler.log_command:Invoking command in '/home/student36/RoboticsDesignProject/Git-repos/LeoRover-Team7/elephant_arm_ws/build/mycobot_bringup': CMAKE_PREFIX_PATH=${CMAKE_PREFIX_PATH}:/home/student36/ros2_tutorial_workspace/install/the_simplest_python_package:/home/student36/ros2_tutorial_workspace/install/python_package_with_a_node:/home/student36/ros2_tutorial_workspace/install/python_package_that_uses_the_library:/home/student36/ros2_tutorial_workspace/install/python_package_with_a_library:/home/student36/ros2_tutorial_workspace/install/python_package_that_uses_the_services:/home/student36/ros2_tutorial_workspace/install/python_package_that_uses_the_actions:/home/student36/ros2_tutorial_workspace/install/python_package_that_uses_tf2:/home/student36/ros2_tutorial_workspace/install/python_package_that_uses_parameters_and_launch_files:/home/student36/ros2_tutorial_workspace/install/python_package_that_uses_nottf2:/home/student36/ros2_tutorial_workspace/install/python_package_that_uses_nav2:/home/student36/ros2_tutorial_workspace/install/python_package_that_uses_messages:/home/student36/ros2_tutorial_workspace/install/python_package_that_uses_geometry_msgs:/home/student36/ros2_tutorial_workspace/install/python_package_that_uses_gazebo:/home/student36/ws_moveit/install/moveit_configs_utils:/home/student36/elephant_arm_ws/install/mycobot_description:/opt/ros/jazzy DEBUGINFOD_URLS=https://debuginfod.ubuntu.com /usr/bin/cmake --install /home/student36/RoboticsDesignProject/Git-repos/LeoRover-Team7/elephant_arm_ws/build/mycobot_bringup
[1.071s] DEBUG:colcon.colcon_core.event_handler.log_command:Invoked command in '/home/student36/RoboticsDesignProject/Git-repos/LeoRover-Team7/elephant_arm_ws/build/mycobot_gazebo' returned '0': CMAKE_PREFIX_PATH=${CMAKE_PREFIX_PATH}:/home/student36/ros2_tutorial_workspace/install/the_simplest_python_package:/home/student36/ros2_tutorial_workspace/install/python_package_with_a_node:/home/student36/ros2_tutorial_workspace/install/python_package_that_uses_the_library:/home/student36/ros2_tutorial_workspace/install/python_package_with_a_library:/home/student36/ros2_tutorial_workspace/install/python_package_that_uses_the_services:/home/student36/ros2_tutorial_workspace/install/python_package_that_uses_the_actions:/home/student36/ros2_tutorial_workspace/install/python_package_that_uses_tf2:/home/student36/ros2_tutorial_workspace/install/python_package_that_uses_parameters_and_launch_files:/home/student36/ros2_tutorial_workspace/install/python_package_that_uses_nottf2:/home/student36/ros2_tutorial_workspace/install/python_package_that_uses_nav2:/home/student36/ros2_tutorial_workspace/install/python_package_that_uses_messages:/home/student36/ros2_tutorial_workspace/install/python_package_that_uses_geometry_msgs:/home/student36/ros2_tutorial_workspace/install/python_package_that_uses_gazebo:/home/student36/ws_moveit/install/moveit_configs_utils:/home/student36/elephant_arm_ws/install/mycobot_description:/opt/ros/jazzy DEBUGINFOD_URLS=https://debuginfod.ubuntu.com /usr/bin/cmake --build /home/student36/RoboticsDesignProject/Git-repos/LeoRover-Team7/elephant_arm_ws/build/mycobot_gazebo -- -j12 -l12
[1.077s] DEBUG:colcon.colcon_core.event_handler.log_command:Invoking command in '/home/student36/RoboticsDesignProject/Git-repos/LeoRover-Team7/elephant_arm_ws/build/mycobot_gazebo': CMAKE_PREFIX_PATH=${CMAKE_PREFIX_PATH}:/home/student36/ros2_tutorial_workspace/install/the_simplest_python_package:/home/student36/ros2_tutorial_workspace/install/python_package_with_a_node:/home/student36/ros2_tutorial_workspace/install/python_package_that_uses_the_library:/home/student36/ros2_tutorial_workspace/install/python_package_with_a_library:/home/student36/ros2_tutorial_workspace/install/python_package_that_uses_the_services:/home/student36/ros2_tutorial_workspace/install/python_package_that_uses_the_actions:/home/student36/ros2_tutorial_workspace/install/python_package_that_uses_tf2:/home/student36/ros2_tutorial_workspace/install/python_package_that_uses_parameters_and_launch_files:/home/student36/ros2_tutorial_workspace/install/python_package_that_uses_nottf2:/home/student36/ros2_tutorial_workspace/install/python_package_that_uses_nav2:/home/student36/ros2_tutorial_workspace/install/python_package_that_uses_messages:/home/student36/ros2_tutorial_workspace/install/python_package_that_uses_geometry_msgs:/home/student36/ros2_tutorial_workspace/install/python_package_that_uses_gazebo:/home/student36/ws_moveit/install/moveit_configs_utils:/home/student36/elephant_arm_ws/install/mycobot_description:/opt/ros/jazzy DEBUGINFOD_URLS=https://debuginfod.ubuntu.com /usr/bin/cmake --install /home/student36/RoboticsDesignProject/Git-repos/LeoRover-Team7/elephant_arm_ws/build/mycobot_gazebo
[1.095s] Level 1:colcon.colcon_core.environment:create_environment_scripts_only(mycobot_description)
[1.109s] DEBUG:colcon.colcon_core.event_handler.log_command:Invoked command in '/home/student36/RoboticsDesignProject/Git-repos/LeoRover-Team7/elephant_arm_ws/build/mycobot_description' returned '0': CMAKE_PREFIX_PATH=${CMAKE_PREFIX_PATH}:/home/student36/ros2_tutorial_workspace/install/the_simplest_python_package:/home/student36/ros2_tutorial_workspace/install/python_package_with_a_node:/home/student36/ros2_tutorial_workspace/install/python_package_that_uses_the_library:/home/student36/ros2_tutorial_workspace/install/python_package_with_a_library:/home/student36/ros2_tutorial_workspace/install/python_package_that_uses_the_services:/home/student36/ros2_tutorial_workspace/install/python_package_that_uses_the_actions:/home/student36/ros2_tutorial_workspace/install/python_package_that_uses_tf2:/home/student36/ros2_tutorial_workspace/install/python_package_that_uses_parameters_and_launch_files:/home/student36/ros2_tutorial_workspace/install/python_package_that_uses_nottf2:/home/student36/ros2_tutorial_workspace/install/python_package_that_uses_nav2:/home/student36/ros2_tutorial_workspace/install/python_package_that_uses_messages:/home/student36/ros2_tutorial_workspace/install/python_package_that_uses_geometry_msgs:/home/student36/ros2_tutorial_workspace/install/python_package_that_uses_gazebo:/home/student36/ws_moveit/install/moveit_configs_utils:/home/student36/elephant_arm_ws/install/mycobot_description:/opt/ros/jazzy DEBUGINFOD_URLS=https://debuginfod.ubuntu.com /usr/bin/cmake --install /home/student36/RoboticsDesignProject/Git-repos/LeoRover-Team7/elephant_arm_ws/build/mycobot_description
[1.130s] Level 1:colcon.colcon_core.environment:checking '/home/student36/RoboticsDesignProject/Git-repos/LeoRover-Team7/elephant_arm_ws/install/mycobot_description' for CMake module files
[1.133s] Level 1:colcon.colcon_core.environment:checking '/home/student36/RoboticsDesignProject/Git-repos/LeoRover-Team7/elephant_arm_ws/install/mycobot_description' for CMake config files
[1.135s] Level 1:colcon.colcon_core.shell:create_environment_hook('mycobot_description', 'cmake_prefix_path')
[1.137s] INFO:colcon.colcon_core.shell:Creating environment hook '/home/student36/RoboticsDesignProject/Git-repos/LeoRover-Team7/elephant_arm_ws/install/mycobot_description/share/mycobot_description/hook/cmake_prefix_path.ps1'
[1.144s] INFO:colcon.colcon_core.shell:Creating environment descriptor '/home/student36/RoboticsDesignProject/Git-repos/LeoRover-Team7/elephant_arm_ws/install/mycobot_description/share/mycobot_description/hook/cmake_prefix_path.dsv'
[1.153s] INFO:colcon.colcon_core.shell:Creating environment hook '/home/student36/RoboticsDesignProject/Git-repos/LeoRover-Team7/elephant_arm_ws/install/mycobot_description/share/mycobot_description/hook/cmake_prefix_path.sh'
[1.156s] Level 1:colcon.colcon_core.environment:checking '/home/student36/RoboticsDesignProject/Git-repos/LeoRover-Team7/elephant_arm_ws/install/mycobot_description/bin'
[1.156s] Level 1:colcon.colcon_core.environment:checking '/home/student36/RoboticsDesignProject/Git-repos/LeoRover-Team7/elephant_arm_ws/install/mycobot_description/lib/pkgconfig/mycobot_description.pc'
[1.158s] Level 1:colcon.colcon_core.environment:checking '/home/student36/RoboticsDesignProject/Git-repos/LeoRover-Team7/elephant_arm_ws/install/mycobot_description/lib/python3.12/site-packages'
[1.159s] Level 1:colcon.colcon_core.environment:checking '/home/student36/RoboticsDesignProject/Git-repos/LeoRover-Team7/elephant_arm_ws/install/mycobot_description/bin'
[1.159s] INFO:colcon.colcon_core.shell:Creating package script '/home/student36/RoboticsDesignProject/Git-repos/LeoRover-Team7/elephant_arm_ws/install/mycobot_description/share/mycobot_description/package.ps1'
[1.161s] INFO:colcon.colcon_core.shell:Creating package descriptor '/home/student36/RoboticsDesignProject/Git-repos/LeoRover-Team7/elephant_arm_ws/install/mycobot_description/share/mycobot_description/package.dsv'
[1.165s] INFO:colcon.colcon_core.shell:Creating package script '/home/student36/RoboticsDesignProject/Git-repos/LeoRover-Team7/elephant_arm_ws/install/mycobot_description/share/mycobot_description/package.sh'
[1.168s] INFO:colcon.colcon_core.shell:Creating package script '/home/student36/RoboticsDesignProject/Git-repos/LeoRover-Team7/elephant_arm_ws/install/mycobot_description/share/mycobot_description/package.bash'
[1.171s] INFO:colcon.colcon_core.shell:Creating package script '/home/student36/RoboticsDesignProject/Git-repos/LeoRover-Team7/elephant_arm_ws/install/mycobot_description/share/mycobot_description/package.zsh'
[1.177s] Level 1:colcon.colcon_core.environment:create_file_with_runtime_dependencies(/home/student36/RoboticsDesignProject/Git-repos/LeoRover-Team7/elephant_arm_ws/install/mycobot_description/share/colcon-core/packages/mycobot_description)
[1.180s] Level 1:colcon.colcon_core.environment:create_environment_scripts_only(mycobot_description)
[1.180s] Level 1:colcon.colcon_core.environment:checking '/home/student36/RoboticsDesignProject/Git-repos/LeoRover-Team7/elephant_arm_ws/install/mycobot_description' for CMake module files
[1.182s] Level 1:colcon.colcon_core.environment:checking '/home/student36/RoboticsDesignProject/Git-repos/LeoRover-Team7/elephant_arm_ws/install/mycobot_description' for CMake config files
[1.184s] Level 1:colcon.colcon_core.shell:create_environment_hook('mycobot_description', 'cmake_prefix_path')
[1.185s] INFO:colcon.colcon_core.shell:Creating environment hook '/home/student36/RoboticsDesignProject/Git-repos/LeoRover-Team7/elephant_arm_ws/install/mycobot_description/share/mycobot_description/hook/cmake_prefix_path.ps1'
[1.187s] INFO:colcon.colcon_core.shell:Creating environment descriptor '/home/student36/RoboticsDesignProject/Git-repos/LeoRover-Team7/elephant_arm_ws/install/mycobot_description/share/mycobot_description/hook/cmake_prefix_path.dsv'
[1.189s] INFO:colcon.colcon_core.shell:Creating environment hook '/home/student36/RoboticsDesignProject/Git-repos/LeoRover-Team7/elephant_arm_ws/install/mycobot_description/share/mycobot_description/hook/cmake_prefix_path.sh'
[1.191s] Level 1:colcon.colcon_core.environment:checking '/home/student36/RoboticsDesignProject/Git-repos/LeoRover-Team7/elephant_arm_ws/install/mycobot_description/bin'
[1.191s] Level 1:colcon.colcon_core.environment:checking '/home/student36/RoboticsDesignProject/Git-repos/LeoRover-Team7/elephant_arm_ws/install/mycobot_description/lib/pkgconfig/mycobot_description.pc'
[1.192s] Level 1:colcon.colcon_core.environment:checking '/home/student36/RoboticsDesignProject/Git-repos/LeoRover-Team7/elephant_arm_ws/install/mycobot_description/lib/python3.12/site-packages'
[1.193s] Level 1:colcon.colcon_core.environment:checking '/home/student36/RoboticsDesignProject/Git-repos/LeoRover-Team7/elephant_arm_ws/install/mycobot_description/bin'
[1.194s] INFO:colcon.colcon_core.shell:Creating package script '/home/student36/RoboticsDesignProject/Git-repos/LeoRover-Team7/elephant_arm_ws/install/mycobot_description/share/mycobot_description/package.ps1'
[1.196s] INFO:colcon.colcon_core.shell:Creating package descriptor '/home/student36/RoboticsDesignProject/Git-repos/LeoRover-Team7/elephant_arm_ws/install/mycobot_description/share/mycobot_description/package.dsv'
[1.199s] INFO:colcon.colcon_core.shell:Creating package script '/home/student36/RoboticsDesignProject/Git-repos/LeoRover-Team7/elephant_arm_ws/install/mycobot_description/share/mycobot_description/package.sh'
[1.201s] INFO:colcon.colcon_core.shell:Creating package script '/home/student36/RoboticsDesignProject/Git-repos/LeoRover-Team7/elephant_arm_ws/install/mycobot_description/share/mycobot_description/package.bash'
[1.203s] INFO:colcon.colcon_core.shell:Creating package script '/home/student36/RoboticsDesignProject/Git-repos/LeoRover-Team7/elephant_arm_ws/install/mycobot_description/share/mycobot_description/package.zsh'
[1.206s] Level 1:colcon.colcon_core.environment:create_file_with_runtime_dependencies(/home/student36/RoboticsDesignProject/Git-repos/LeoRover-Team7/elephant_arm_ws/install/mycobot_description/share/colcon-core/packages/mycobot_description)
[1.209s] INFO:colcon.colcon_ros.task.ament_cmake.build:Building ROS package in '/home/student36/RoboticsDesignProject/Git-repos/LeoRover-Team7/elephant_arm_ws/src/mycobot_ros2/mycobot_ros2' with build type 'ament_cmake'
[1.209s] INFO:colcon.colcon_cmake.task.cmake.build:Building CMake package in '/home/student36/RoboticsDesignProject/Git-repos/LeoRover-Team7/elephant_arm_ws/src/mycobot_ros2/mycobot_ros2'
[1.209s] INFO:colcon.colcon_core.shell:Skip shell extension 'powershell' for command environment: Not usable outside of PowerShell
[1.209s] DEBUG:colcon.colcon_core.shell:Skip shell extension 'dsv' for command environment
[1.348s] Level 1:colcon.colcon_core.environment:create_environment_scripts_only(mycobot_bringup)
[1.348s] Level 1:colcon.colcon_core.environment:checking '/home/student36/RoboticsDesignProject/Git-repos/LeoRover-Team7/elephant_arm_ws/install/mycobot_bringup' for CMake module files
[1.351s] Level 1:colcon.colcon_core.environment:checking '/home/student36/RoboticsDesignProject/Git-repos/LeoRover-Team7/elephant_arm_ws/install/mycobot_bringup' for CMake config files
[1.353s] Level 1:colcon.colcon_core.shell:create_environment_hook('mycobot_bringup', 'cmake_prefix_path')
[1.354s] INFO:colcon.colcon_core.shell:Creating environment hook '/home/student36/RoboticsDesignProject/Git-repos/LeoRover-Team7/elephant_arm_ws/install/mycobot_bringup/share/mycobot_bringup/hook/cmake_prefix_path.ps1'
[1.356s] INFO:colcon.colcon_core.shell:Creating environment descriptor '/home/student36/RoboticsDesignProject/Git-repos/LeoRover-Team7/elephant_arm_ws/install/mycobot_bringup/share/mycobot_bringup/hook/cmake_prefix_path.dsv'
[1.358s] INFO:colcon.colcon_core.shell:Creating environment hook '/home/student36/RoboticsDesignProject/Git-repos/LeoRover-Team7/elephant_arm_ws/install/mycobot_bringup/share/mycobot_bringup/hook/cmake_prefix_path.sh'
[1.360s] Level 1:colcon.colcon_core.environment:checking '/home/student36/RoboticsDesignProject/Git-repos/LeoRover-Team7/elephant_arm_ws/install/mycobot_bringup/bin'
[1.360s] Level 1:colcon.colcon_core.environment:checking '/home/student36/RoboticsDesignProject/Git-repos/LeoRover-Team7/elephant_arm_ws/install/mycobot_bringup/lib/pkgconfig/mycobot_bringup.pc'
[1.361s] Level 1:colcon.colcon_core.environment:checking '/home/student36/RoboticsDesignProject/Git-repos/LeoRover-Team7/elephant_arm_ws/install/mycobot_bringup/lib/python3.12/site-packages'
[1.362s] Level 1:colcon.colcon_core.environment:checking '/home/student36/RoboticsDesignProject/Git-repos/LeoRover-Team7/elephant_arm_ws/install/mycobot_bringup/bin'
[1.363s] INFO:colcon.colcon_core.shell:Creating package script '/home/student36/RoboticsDesignProject/Git-repos/LeoRover-Team7/elephant_arm_ws/install/mycobot_bringup/share/mycobot_bringup/package.ps1'
[1.364s] INFO:colcon.colcon_core.shell:Creating package descriptor '/home/student36/RoboticsDesignProject/Git-repos/LeoRover-Team7/elephant_arm_ws/install/mycobot_bringup/share/mycobot_bringup/package.dsv'
[1.365s] INFO:colcon.colcon_core.shell:Creating package script '/home/student36/RoboticsDesignProject/Git-repos/LeoRover-Team7/elephant_arm_ws/install/mycobot_bringup/share/mycobot_bringup/package.sh'
[1.366s] INFO:colcon.colcon_core.shell:Creating package script '/home/student36/RoboticsDesignProject/Git-repos/LeoRover-Team7/elephant_arm_ws/install/mycobot_bringup/share/mycobot_bringup/package.bash'
[1.367s] INFO:colcon.colcon_core.shell:Creating package script '/home/student36/RoboticsDesignProject/Git-repos/LeoRover-Team7/elephant_arm_ws/install/mycobot_bringup/share/mycobot_bringup/package.zsh'
[1.368s] Level 1:colcon.colcon_core.environment:create_file_with_runtime_dependencies(/home/student36/RoboticsDesignProject/Git-repos/LeoRover-Team7/elephant_arm_ws/install/mycobot_bringup/share/colcon-core/packages/mycobot_bringup)
[1.369s] Level 1:colcon.colcon_core.environment:create_environment_scripts_only(mycobot_bringup)
[1.370s] Level 1:colcon.colcon_core.environment:checking '/home/student36/RoboticsDesignProject/Git-repos/LeoRover-Team7/elephant_arm_ws/install/mycobot_bringup' for CMake module files
[1.371s] Level 1:colcon.colcon_core.environment:checking '/home/student36/RoboticsDesignProject/Git-repos/LeoRover-Team7/elephant_arm_ws/install/mycobot_bringup' for CMake config files
[1.375s] Level 1:colcon.colcon_core.shell:create_environment_hook('mycobot_bringup', 'cmake_prefix_path')
[1.375s] INFO:colcon.colcon_core.shell:Creating environment hook '/home/student36/RoboticsDesignProject/Git-repos/LeoRover-Team7/elephant_arm_ws/install/mycobot_bringup/share/mycobot_bringup/hook/cmake_prefix_path.ps1'
[1.378s] INFO:colcon.colcon_core.shell:Creating environment descriptor '/home/student36/RoboticsDesignProject/Git-repos/LeoRover-Team7/elephant_arm_ws/install/mycobot_bringup/share/mycobot_bringup/hook/cmake_prefix_path.dsv'
[1.379s] INFO:colcon.colcon_core.shell:Creating environment hook '/home/student36/RoboticsDesignProject/Git-repos/LeoRover-Team7/elephant_arm_ws/install/mycobot_bringup/share/mycobot_bringup/hook/cmake_prefix_path.sh'
[1.382s] Level 1:colcon.colcon_core.environment:checking '/home/student36/RoboticsDesignProject/Git-repos/LeoRover-Team7/elephant_arm_ws/install/mycobot_bringup/bin'
[1.382s] Level 1:colcon.colcon_core.environment:checking '/home/student36/RoboticsDesignProject/Git-repos/LeoRover-Team7/elephant_arm_ws/install/mycobot_bringup/lib/pkgconfig/mycobot_bringup.pc'
[1.383s] Level 1:colcon.colcon_core.environment:checking '/home/student36/RoboticsDesignProject/Git-repos/LeoRover-Team7/elephant_arm_ws/install/mycobot_bringup/lib/python3.12/site-packages'
[1.383s] Level 1:colcon.colcon_core.environment:checking '/home/student36/RoboticsDesignProject/Git-repos/LeoRover-Team7/elephant_arm_ws/install/mycobot_bringup/bin'
[1.384s] INFO:colcon.colcon_core.shell:Creating package script '/home/student36/RoboticsDesignProject/Git-repos/LeoRover-Team7/elephant_arm_ws/install/mycobot_bringup/share/mycobot_bringup/package.ps1'
[1.385s] INFO:colcon.colcon_core.shell:Creating package descriptor '/home/student36/RoboticsDesignProject/Git-repos/LeoRover-Team7/elephant_arm_ws/install/mycobot_bringup/share/mycobot_bringup/package.dsv'
[1.386s] INFO:colcon.colcon_core.shell:Creating package script '/home/student36/RoboticsDesignProject/Git-repos/LeoRover-Team7/elephant_arm_ws/install/mycobot_bringup/share/mycobot_bringup/package.sh'
[1.386s] INFO:colcon.colcon_core.shell:Creating package script '/home/student36/RoboticsDesignProject/Git-repos/LeoRover-Team7/elephant_arm_ws/install/mycobot_bringup/share/mycobot_bringup/package.bash'
[1.387s] INFO:colcon.colcon_core.shell:Creating package script '/home/student36/RoboticsDesignProject/Git-repos/LeoRover-Team7/elephant_arm_ws/install/mycobot_bringup/share/mycobot_bringup/package.zsh'
[1.388s] Level 1:colcon.colcon_core.environment:create_file_with_runtime_dependencies(/home/student36/RoboticsDesignProject/Git-repos/LeoRover-Team7/elephant_arm_ws/install/mycobot_bringup/share/colcon-core/packages/mycobot_bringup)
[1.390s] Level 1:colcon.colcon_core.environment:create_environment_scripts_only(mycobot_gazebo)
[1.391s] Level 1:colcon.colcon_core.environment:checking '/home/student36/RoboticsDesignProject/Git-repos/LeoRover-Team7/elephant_arm_ws/install/mycobot_gazebo' for CMake module files
[1.392s] Level 1:colcon.colcon_core.environment:checking '/home/student36/RoboticsDesignProject/Git-repos/LeoRover-Team7/elephant_arm_ws/install/mycobot_gazebo' for CMake config files
[1.393s] Level 1:colcon.colcon_core.shell:create_environment_hook('mycobot_gazebo', 'cmake_prefix_path')
[1.394s] INFO:colcon.colcon_core.shell:Creating environment hook '/home/student36/RoboticsDesignProject/Git-repos/LeoRover-Team7/elephant_arm_ws/install/mycobot_gazebo/share/mycobot_gazebo/hook/cmake_prefix_path.ps1'
[1.394s] INFO:colcon.colcon_core.shell:Creating environment descriptor '/home/student36/RoboticsDesignProject/Git-repos/LeoRover-Team7/elephant_arm_ws/install/mycobot_gazebo/share/mycobot_gazebo/hook/cmake_prefix_path.dsv'
[1.395s] INFO:colcon.colcon_core.shell:Creating environment hook '/home/student36/RoboticsDesignProject/Git-repos/LeoRover-Team7/elephant_arm_ws/install/mycobot_gazebo/share/mycobot_gazebo/hook/cmake_prefix_path.sh'
[1.396s] Level 1:colcon.colcon_core.environment:checking '/home/student36/RoboticsDesignProject/Git-repos/LeoRover-Team7/elephant_arm_ws/install/mycobot_gazebo/bin'
[1.396s] Level 1:colcon.colcon_core.environment:checking '/home/student36/RoboticsDesignProject/Git-repos/LeoRover-Team7/elephant_arm_ws/install/mycobot_gazebo/lib/pkgconfig/mycobot_gazebo.pc'
[1.397s] Level 1:colcon.colcon_core.environment:checking '/home/student36/RoboticsDesignProject/Git-repos/LeoRover-Team7/elephant_arm_ws/install/mycobot_gazebo/lib/python3.12/site-packages'
[1.397s] Level 1:colcon.colcon_core.environment:checking '/home/student36/RoboticsDesignProject/Git-repos/LeoRover-Team7/elephant_arm_ws/install/mycobot_gazebo/bin'
[1.397s] INFO:colcon.colcon_core.shell:Creating package script '/home/student36/RoboticsDesignProject/Git-repos/LeoRover-Team7/elephant_arm_ws/install/mycobot_gazebo/share/mycobot_gazebo/package.ps1'
[1.398s] INFO:colcon.colcon_core.shell:Creating package descriptor '/home/student36/RoboticsDesignProject/Git-repos/LeoRover-Team7/elephant_arm_ws/install/mycobot_gazebo/share/mycobot_gazebo/package.dsv'
[1.409s] INFO:colcon.colcon_core.shell:Creating package script '/home/student36/RoboticsDesignProject/Git-repos/LeoRover-Team7/elephant_arm_ws/install/mycobot_gazebo/share/mycobot_gazebo/package.sh'
[1.410s] DEBUG:colcon.colcon_core.event_handler.log_command:Invoked command in '/home/student36/RoboticsDesignProject/Git-repos/LeoRover-Team7/elephant_arm_ws/build/mycobot_moveit_config' returned '0': CMAKE_PREFIX_PATH=${CMAKE_PREFIX_PATH}:/home/student36/ros2_tutorial_workspace/install/the_simplest_python_package:/home/student36/ros2_tutorial_workspace/install/python_package_with_a_node:/home/student36/ros2_tutorial_workspace/install/python_package_that_uses_the_library:/home/student36/ros2_tutorial_workspace/install/python_package_with_a_library:/home/student36/ros2_tutorial_workspace/install/python_package_that_uses_the_services:/home/student36/ros2_tutorial_workspace/install/python_package_that_uses_the_actions:/home/student36/ros2_tutorial_workspace/install/python_package_that_uses_tf2:/home/student36/ros2_tutorial_workspace/install/python_package_that_uses_parameters_and_launch_files:/home/student36/ros2_tutorial_workspace/install/python_package_that_uses_nottf2:/home/student36/ros2_tutorial_workspace/install/python_package_that_uses_nav2:/home/student36/ros2_tutorial_workspace/install/python_package_that_uses_messages:/home/student36/ros2_tutorial_workspace/install/python_package_that_uses_geometry_msgs:/home/student36/ros2_tutorial_workspace/install/python_package_that_uses_gazebo:/home/student36/ws_moveit/install/moveit_configs_utils:/home/student36/elephant_arm_ws/install/mycobot_description:/opt/ros/jazzy DEBUGINFOD_URLS=https://debuginfod.ubuntu.com /usr/bin/cmake --build /home/student36/RoboticsDesignProject/Git-repos/LeoRover-Team7/elephant_arm_ws/build/mycobot_moveit_config -- -j12 -l12
[1.411s] DEBUG:colcon.colcon_core.event_handler.log_command:Invoking command in '/home/student36/RoboticsDesignProject/Git-repos/LeoRover-Team7/elephant_arm_ws/build/mycobot_moveit_config': CMAKE_PREFIX_PATH=${CMAKE_PREFIX_PATH}:/home/student36/ros2_tutorial_workspace/install/the_simplest_python_package:/home/student36/ros2_tutorial_workspace/install/python_package_with_a_node:/home/student36/ros2_tutorial_workspace/install/python_package_that_uses_the_library:/home/student36/ros2_tutorial_workspace/install/python_package_with_a_library:/home/student36/ros2_tutorial_workspace/install/python_package_that_uses_the_services:/home/student36/ros2_tutorial_workspace/install/python_package_that_uses_the_actions:/home/student36/ros2_tutorial_workspace/install/python_package_that_uses_tf2:/home/student36/ros2_tutorial_workspace/install/python_package_that_uses_parameters_and_launch_files:/home/student36/ros2_tutorial_workspace/install/python_package_that_uses_nottf2:/home/student36/ros2_tutorial_workspace/install/python_package_that_uses_nav2:/home/student36/ros2_tutorial_workspace/install/python_package_that_uses_messages:/home/student36/ros2_tutorial_workspace/install/python_package_that_uses_geometry_msgs:/home/student36/ros2_tutorial_workspace/install/python_package_that_uses_gazebo:/home/student36/ws_moveit/install/moveit_configs_utils:/home/student36/elephant_arm_ws/install/mycobot_description:/opt/ros/jazzy DEBUGINFOD_URLS=https://debuginfod.ubuntu.com /usr/bin/cmake --install /home/student36/RoboticsDesignProject/Git-repos/LeoRover-Team7/elephant_arm_ws/build/mycobot_moveit_config
[1.411s] DEBUG:colcon.colcon_core.event_handler.log_command:Invoked command in '/home/student36/RoboticsDesignProject/Git-repos/LeoRover-Team7/elephant_arm_ws/build/mycobot_bringup' returned '0': CMAKE_PREFIX_PATH=${CMAKE_PREFIX_PATH}:/home/student36/ros2_tutorial_workspace/install/the_simplest_python_package:/home/student36/ros2_tutorial_workspace/install/python_package_with_a_node:/home/student36/ros2_tutorial_workspace/install/python_package_that_uses_the_library:/home/student36/ros2_tutorial_workspace/install/python_package_with_a_library:/home/student36/ros2_tutorial_workspace/install/python_package_that_uses_the_services:/home/student36/ros2_tutorial_workspace/install/python_package_that_uses_the_actions:/home/student36/ros2_tutorial_workspace/install/python_package_that_uses_tf2:/home/student36/ros2_tutorial_workspace/install/python_package_that_uses_parameters_and_launch_files:/home/student36/ros2_tutorial_workspace/install/python_package_that_uses_nottf2:/home/student36/ros2_tutorial_workspace/install/python_package_that_uses_nav2:/home/student36/ros2_tutorial_workspace/install/python_package_that_uses_messages:/home/student36/ros2_tutorial_workspace/install/python_package_that_uses_geometry_msgs:/home/student36/ros2_tutorial_workspace/install/python_package_that_uses_gazebo:/home/student36/ws_moveit/install/moveit_configs_utils:/home/student36/elephant_arm_ws/install/mycobot_description:/opt/ros/jazzy DEBUGINFOD_URLS=https://debuginfod.ubuntu.com /usr/bin/cmake --install /home/student36/RoboticsDesignProject/Git-repos/LeoRover-Team7/elephant_arm_ws/build/mycobot_bringup
[1.414s] INFO:colcon.colcon_core.shell:Creating package script '/home/student36/RoboticsDesignProject/Git-repos/LeoRover-Team7/elephant_arm_ws/install/mycobot_gazebo/share/mycobot_gazebo/package.bash'
[1.414s] DEBUG:colcon.colcon_core.event_handler.log_command:Invoked command in '/home/student36/RoboticsDesignProject/Git-repos/LeoRover-Team7/elephant_arm_ws/build/rviz_marker_tools' returned '0': CMAKE_PREFIX_PATH=${CMAKE_PREFIX_PATH}:/home/student36/ros2_tutorial_workspace/install/the_simplest_python_package:/home/student36/ros2_tutorial_workspace/install/python_package_with_a_node:/home/student36/ros2_tutorial_workspace/install/python_package_that_uses_the_library:/home/student36/ros2_tutorial_workspace/install/python_package_with_a_library:/home/student36/ros2_tutorial_workspace/install/python_package_that_uses_the_services:/home/student36/ros2_tutorial_workspace/install/python_package_that_uses_the_actions:/home/student36/ros2_tutorial_workspace/install/python_package_that_uses_tf2:/home/student36/ros2_tutorial_workspace/install/python_package_that_uses_parameters_and_launch_files:/home/student36/ros2_tutorial_workspace/install/python_package_that_uses_nottf2:/home/student36/ros2_tutorial_workspace/install/python_package_that_uses_nav2:/home/student36/ros2_tutorial_workspace/install/python_package_that_uses_messages:/home/student36/ros2_tutorial_workspace/install/python_package_that_uses_geometry_msgs:/home/student36/ros2_tutorial_workspace/install/python_package_that_uses_gazebo:/home/student36/ws_moveit/install/moveit_configs_utils:/home/student36/elephant_arm_ws/install/mycobot_description:/opt/ros/jazzy DEBUGINFOD_URLS=https://debuginfod.ubuntu.com /usr/bin/cmake --build /home/student36/RoboticsDesignProject/Git-repos/LeoRover-Team7/elephant_arm_ws/build/rviz_marker_tools -- -j12 -l12
[1.415s] DEBUG:colcon.colcon_core.event_handler.log_command:Invoking command in '/home/student36/RoboticsDesignProject/Git-repos/LeoRover-Team7/elephant_arm_ws/build/rviz_marker_tools': CMAKE_PREFIX_PATH=${CMAKE_PREFIX_PATH}:/home/student36/ros2_tutorial_workspace/install/the_simplest_python_package:/home/student36/ros2_tutorial_workspace/install/python_package_with_a_node:/home/student36/ros2_tutorial_workspace/install/python_package_that_uses_the_library:/home/student36/ros2_tutorial_workspace/install/python_package_with_a_library:/home/student36/ros2_tutorial_workspace/install/python_package_that_uses_the_services:/home/student36/ros2_tutorial_workspace/install/python_package_that_uses_the_actions:/home/student36/ros2_tutorial_workspace/install/python_package_that_uses_tf2:/home/student36/ros2_tutorial_workspace/install/python_package_that_uses_parameters_and_launch_files:/home/student36/ros2_tutorial_workspace/install/python_package_that_uses_nottf2:/home/student36/ros2_tutorial_workspace/install/python_package_that_uses_nav2:/home/student36/ros2_tutorial_workspace/install/python_package_that_uses_messages:/home/student36/ros2_tutorial_workspace/install/python_package_that_uses_geometry_msgs:/home/student36/ros2_tutorial_workspace/install/python_package_that_uses_gazebo:/home/student36/ws_moveit/install/moveit_configs_utils:/home/student36/elephant_arm_ws/install/mycobot_description:/opt/ros/jazzy DEBUGINFOD_URLS=https://debuginfod.ubuntu.com /usr/bin/cmake --install /home/student36/RoboticsDesignProject/Git-repos/LeoRover-Team7/elephant_arm_ws/build/rviz_marker_tools
[1.415s] DEBUG:colcon.colcon_core.event_handler.log_command:Invoked command in '/home/student36/RoboticsDesignProject/Git-repos/LeoRover-Team7/elephant_arm_ws/build/mycobot_gazebo' returned '0': CMAKE_PREFIX_PATH=${CMAKE_PREFIX_PATH}:/home/student36/ros2_tutorial_workspace/install/the_simplest_python_package:/home/student36/ros2_tutorial_workspace/install/python_package_with_a_node:/home/student36/ros2_tutorial_workspace/install/python_package_that_uses_the_library:/home/student36/ros2_tutorial_workspace/install/python_package_with_a_library:/home/student36/ros2_tutorial_workspace/install/python_package_that_uses_the_services:/home/student36/ros2_tutorial_workspace/install/python_package_that_uses_the_actions:/home/student36/ros2_tutorial_workspace/install/python_package_that_uses_tf2:/home/student36/ros2_tutorial_workspace/install/python_package_that_uses_parameters_and_launch_files:/home/student36/ros2_tutorial_workspace/install/python_package_that_uses_nottf2:/home/student36/ros2_tutorial_workspace/install/python_package_that_uses_nav2:/home/student36/ros2_tutorial_workspace/install/python_package_that_uses_messages:/home/student36/ros2_tutorial_workspace/install/python_package_that_uses_geometry_msgs:/home/student36/ros2_tutorial_workspace/install/python_package_that_uses_gazebo:/home/student36/ws_moveit/install/moveit_configs_utils:/home/student36/elephant_arm_ws/install/mycobot_description:/opt/ros/jazzy DEBUGINFOD_URLS=https://debuginfod.ubuntu.com /usr/bin/cmake --install /home/student36/RoboticsDesignProject/Git-repos/LeoRover-Team7/elephant_arm_ws/build/mycobot_gazebo
[1.415s] INFO:colcon.colcon_core.shell:Creating package script '/home/student36/RoboticsDesignProject/Git-repos/LeoRover-Team7/elephant_arm_ws/install/mycobot_gazebo/share/mycobot_gazebo/package.zsh'
[1.416s] Level 1:colcon.colcon_core.environment:create_file_with_runtime_dependencies(/home/student36/RoboticsDesignProject/Git-repos/LeoRover-Team7/elephant_arm_ws/install/mycobot_gazebo/share/colcon-core/packages/mycobot_gazebo)
[1.417s] Level 1:colcon.colcon_core.environment:create_environment_scripts_only(mycobot_gazebo)
[1.417s] Level 1:colcon.colcon_core.environment:checking '/home/student36/RoboticsDesignProject/Git-repos/LeoRover-Team7/elephant_arm_ws/install/mycobot_gazebo' for CMake module files
[1.417s] Level 1:colcon.colcon_core.environment:checking '/home/student36/RoboticsDesignProject/Git-repos/LeoRover-Team7/elephant_arm_ws/install/mycobot_gazebo' for CMake config files
[1.417s] Level 1:colcon.colcon_core.shell:create_environment_hook('mycobot_gazebo', 'cmake_prefix_path')
[1.418s] INFO:colcon.colcon_core.shell:Creating environment hook '/home/student36/RoboticsDesignProject/Git-repos/LeoRover-Team7/elephant_arm_ws/install/mycobot_gazebo/share/mycobot_gazebo/hook/cmake_prefix_path.ps1'
[1.418s] INFO:colcon.colcon_core.shell:Creating environment descriptor '/home/student36/RoboticsDesignProject/Git-repos/LeoRover-Team7/elephant_arm_ws/install/mycobot_gazebo/share/mycobot_gazebo/hook/cmake_prefix_path.dsv'
[1.418s] INFO:colcon.colcon_core.shell:Creating environment hook '/home/student36/RoboticsDesignProject/Git-repos/LeoRover-Team7/elephant_arm_ws/install/mycobot_gazebo/share/mycobot_gazebo/hook/cmake_prefix_path.sh'
[1.419s] Level 1:colcon.colcon_core.environment:checking '/home/student36/RoboticsDesignProject/Git-repos/LeoRover-Team7/elephant_arm_ws/install/mycobot_gazebo/bin'
[1.419s] Level 1:colcon.colcon_core.environment:checking '/home/student36/RoboticsDesignProject/Git-repos/LeoRover-Team7/elephant_arm_ws/install/mycobot_gazebo/lib/pkgconfig/mycobot_gazebo.pc'
[1.419s] Level 1:colcon.colcon_core.environment:checking '/home/student36/RoboticsDesignProject/Git-repos/LeoRover-Team7/elephant_arm_ws/install/mycobot_gazebo/lib/python3.12/site-packages'
[1.420s] Level 1:colcon.colcon_core.environment:checking '/home/student36/RoboticsDesignProject/Git-repos/LeoRover-Team7/elephant_arm_ws/install/mycobot_gazebo/bin'
[1.420s] INFO:colcon.colcon_core.shell:Creating package script '/home/student36/RoboticsDesignProject/Git-repos/LeoRover-Team7/elephant_arm_ws/install/mycobot_gazebo/share/mycobot_gazebo/package.ps1'
[1.420s] INFO:colcon.colcon_core.shell:Creating package descriptor '/home/student36/RoboticsDesignProject/Git-repos/LeoRover-Team7/elephant_arm_ws/install/mycobot_gazebo/share/mycobot_gazebo/package.dsv'
[1.421s] INFO:colcon.colcon_core.shell:Creating package script '/home/student36/RoboticsDesignProject/Git-repos/LeoRover-Team7/elephant_arm_ws/install/mycobot_gazebo/share/mycobot_gazebo/package.sh'
[1.421s] INFO:colcon.colcon_core.shell:Creating package script '/home/student36/RoboticsDesignProject/Git-repos/LeoRover-Team7/elephant_arm_ws/install/mycobot_gazebo/share/mycobot_gazebo/package.bash'
[1.422s] INFO:colcon.colcon_core.shell:Creating package script '/home/student36/RoboticsDesignProject/Git-repos/LeoRover-Team7/elephant_arm_ws/install/mycobot_gazebo/share/mycobot_gazebo/package.zsh'
[1.422s] Level 1:colcon.colcon_core.environment:create_file_with_runtime_dependencies(/home/student36/RoboticsDesignProject/Git-repos/LeoRover-Team7/elephant_arm_ws/install/mycobot_gazebo/share/colcon-core/packages/mycobot_gazebo)
[1.424s] DEBUG:colcon.colcon_core.event_handler.log_command:Invoked command in '/home/student36/RoboticsDesignProject/Git-repos/LeoRover-Team7/elephant_arm_ws/build/hello_moveit' returned '0': CMAKE_PREFIX_PATH=${CMAKE_PREFIX_PATH}:/home/student36/ros2_tutorial_workspace/install/the_simplest_python_package:/home/student36/ros2_tutorial_workspace/install/python_package_with_a_node:/home/student36/ros2_tutorial_workspace/install/python_package_that_uses_the_library:/home/student36/ros2_tutorial_workspace/install/python_package_with_a_library:/home/student36/ros2_tutorial_workspace/install/python_package_that_uses_the_services:/home/student36/ros2_tutorial_workspace/install/python_package_that_uses_the_actions:/home/student36/ros2_tutorial_workspace/install/python_package_that_uses_tf2:/home/student36/ros2_tutorial_workspace/install/python_package_that_uses_parameters_and_launch_files:/home/student36/ros2_tutorial_workspace/install/python_package_that_uses_nottf2:/home/student36/ros2_tutorial_workspace/install/python_package_that_uses_nav2:/home/student36/ros2_tutorial_workspace/install/python_package_that_uses_messages:/home/student36/ros2_tutorial_workspace/install/python_package_that_uses_geometry_msgs:/home/student36/ros2_tutorial_workspace/install/python_package_that_uses_gazebo:/home/student36/ws_moveit/install/moveit_configs_utils:/home/student36/elephant_arm_ws/install/mycobot_description:/opt/ros/jazzy DEBUGINFOD_URLS=https://debuginfod.ubuntu.com /usr/bin/cmake --build /home/student36/RoboticsDesignProject/Git-repos/LeoRover-Team7/elephant_arm_ws/build/hello_moveit -- -j12 -l12
[1.431s] DEBUG:colcon.colcon_core.event_handler.log_command:Invoking command in '/home/student36/RoboticsDesignProject/Git-repos/LeoRover-Team7/elephant_arm_ws/build/hello_moveit': CMAKE_PREFIX_PATH=${CMAKE_PREFIX_PATH}:/home/student36/ros2_tutorial_workspace/install/the_simplest_python_package:/home/student36/ros2_tutorial_workspace/install/python_package_with_a_node:/home/student36/ros2_tutorial_workspace/install/python_package_that_uses_the_library:/home/student36/ros2_tutorial_workspace/install/python_package_with_a_library:/home/student36/ros2_tutorial_workspace/install/python_package_that_uses_the_services:/home/student36/ros2_tutorial_workspace/install/python_package_that_uses_the_actions:/home/student36/ros2_tutorial_workspace/install/python_package_that_uses_tf2:/home/student36/ros2_tutorial_workspace/install/python_package_that_uses_parameters_and_launch_files:/home/student36/ros2_tutorial_workspace/install/python_package_that_uses_nottf2:/home/student36/ros2_tutorial_workspace/install/python_package_that_uses_nav2:/home/student36/ros2_tutorial_workspace/install/python_package_that_uses_messages:/home/student36/ros2_tutorial_workspace/install/python_package_that_uses_geometry_msgs:/home/student36/ros2_tutorial_workspace/install/python_package_that_uses_gazebo:/home/student36/ws_moveit/install/moveit_configs_utils:/home/student36/elephant_arm_ws/install/mycobot_description:/opt/ros/jazzy DEBUGINFOD_URLS=https://debuginfod.ubuntu.com /usr/bin/cmake --install /home/student36/RoboticsDesignProject/Git-repos/LeoRover-Team7/elephant_arm_ws/build/hello_moveit
[1.449s] Level 1:colcon.colcon_core.environment:create_environment_scripts_only(mycobot_moveit_config)
[1.449s] Level 1:colcon.colcon_core.environment:checking '/home/student36/RoboticsDesignProject/Git-repos/LeoRover-Team7/elephant_arm_ws/install/mycobot_moveit_config' for CMake module files
[1.451s] Level 1:colcon.colcon_core.environment:checking '/home/student36/RoboticsDesignProject/Git-repos/LeoRover-Team7/elephant_arm_ws/install/mycobot_moveit_config' for CMake config files
[1.452s] DEBUG:colcon.colcon_core.event_handler.log_command:Invoking command in '/home/student36/RoboticsDesignProject/Git-repos/LeoRover-Team7/elephant_arm_ws/build/mycobot_ros2': CMAKE_PREFIX_PATH=/home/student36/RoboticsDesignProject/Git-repos/LeoRover-Team7/elephant_arm_ws/install/mycobot_description:/home/student36/RoboticsDesignProject/Git-repos/LeoRover-Team7/elephant_arm_ws/install/mtc_tutorial:/home/student36/RoboticsDesignProject/Git-repos/LeoRover-Team7/elephant_arm_ws/install/moveit_task_constructor_demo:/home/student36/RoboticsDesignProject/Git-repos/LeoRover-Team7/elephant_arm_ws/install/moveit_task_constructor_visualization:/home/student36/RoboticsDesignProject/Git-repos/LeoRover-Team7/elephant_arm_ws/install/moveit_task_constructor_capabilities:/home/student36/RoboticsDesignProject/Git-repos/LeoRover-Team7/elephant_arm_ws/install/moveit_task_constructor_core:/home/student36/RoboticsDesignProject/Git-repos/LeoRover-Team7/elephant_arm_ws/install/rviz_marker_tools:/home/student36/RoboticsDesignProject/Git-repos/LeoRover-Team7/elephant_arm_ws/install/mycobot_ros2:/home/student36/RoboticsDesignProject/Git-repos/LeoRover-Team7/elephant_arm_ws/install/mycobot_moveit_config:/home/student36/RoboticsDesignProject/Git-repos/LeoRover-Team7/elephant_arm_ws/install/mycobot_gazebo:/home/student36/RoboticsDesignProject/Git-repos/LeoRover-Team7/elephant_arm_ws/install/mycobot_bringup:/home/student36/RoboticsDesignProject/Git-repos/LeoRover-Team7/elephant_arm_ws/install/moveit_task_constructor_msgs:/home/student36/RoboticsDesignProject/Git-repos/LeoRover-Team7/elephant_arm_ws/install/hello_moveit:/home/student36/ros2_tutorial_workspace/install/package_with_interfaces:/home/student36/ws_moveit/install/robotiq_hardware_tests:/home/student36/ws_moveit/install/robotiq_driver:/home/student36/ws_moveit/install/serial:/home/student36/ws_moveit/install/moveit2_tutorials:/home/student36/ws_moveit/install/hello_moveit:/home/student36/ws_moveit/install/moveit_visual_tools:/home/student36/ws_moveit/install/rviz_visual_tools:/home/student36/ws_moveit/install/mtc_tutorial:/home/student36/ws_moveit/install/moveit_task_constructor_demo:/home/student36/ws_moveit/install/moveit_task_constructor_visualization:/home/student36/ws_moveit/install/moveit_task_constructor_capabilities:/home/student36/ws_moveit/install/elephant:/home/student36/ws_moveit/install/moveit_task_constructor_core:/home/student36/ws_moveit/install/rviz_marker_tools:/home/student36/ws_moveit/install/kortex_bringup:/home/student36/ws_moveit/install/kinova_gen3_lite_moveit_config:/home/student36/ws_moveit/install/kinova_gen3_7dof_robotiq_2f_85_moveit_config:/home/student36/ws_moveit/install/kinova_gen3_6dof_robotiq_2f_85_moveit_config:/home/student36/ws_moveit/install/kortex_description:/home/student36/ws_moveit/install/robotiq_description:/home/student36/ws_moveit/install/robotiq_controllers:/home/student36/ws_moveit/install/pilz_industrial_motion_planner_testutils:/home/student36/ws_moveit/install/mycobot_280_moveit2:/home/student36/ws_moveit/install/moveit_runtime:/home/student36/ws_moveit/install/moveit:/home/student36/ws_moveit/install/elephant_arm:/home/student36/ws_moveit/install/moveit_planners:/home/student36/ws_moveit/install/pilz_industrial_motion_planner:/home/student36/ws_moveit/install/mycobot_description:/home/student36/ws_moveit/install/moveit_task_constructor_msgs:/home/student36/ws_moveit/install/moveit_ros_control_interface:/home/student36/ws_moveit/install/moveit_plugins:/home/student36/ws_moveit/install/moveit_simple_controller_manager:/home/student36/ws_moveit/install/moveit_setup_assistant:/home/student36/ws_moveit/install/moveit_setup_srdf_plugins:/home/student36/ws_moveit/install/moveit_setup_core_plugins:/home/student36/ws_moveit/install/moveit_setup_controllers:/home/student36/ws_moveit/install/moveit_setup_app_plugins:/home/student36/ws_moveit/install/moveit_setup_framework:/home/student36/ws_moveit/install/moveit_servo:/home/student36/ws_moveit/install/moveit_ros_trajectory_cache:/home/student36/ws_moveit/install/moveit_ros:/home/student36/ws_moveit/install/moveit_ros_visualization:/home/student36/ws_moveit/install/moveit_py:/home/student36/ws_moveit/install/moveit_hybrid_planning:/home/student36/ws_moveit/install/moveit_ros_planning_interface:/home/student36/ws_moveit/install/moveit_ros_benchmarks:/home/student36/ws_moveit/install/moveit_ros_warehouse:/home/student36/ws_moveit/install/moveit_ros_robot_interaction:/home/student36/ws_moveit/install/moveit_ros_perception:/home/student36/ws_moveit/install/moveit_resources_prbt_pg70_support:/home/student36/ws_moveit/install/moveit_resources_prbt_moveit_config:/home/student36/ws_moveit/install/moveit_ros_move_group:/home/student36/ws_moveit/install/moveit_planners_ompl:/home/student36/ws_moveit/install/moveit_kinematics:/home/student36/ws_moveit/install/moveit_ros_planning:/home/student36/ws_moveit/install/moveit_ros_occupancy_map_monitor:/home/student36/ws_moveit/install/moveit_resources_prbt_support:/home/student36/ws_moveit/install/moveit_resources_prbt_ikfast_manipulator_plugin:/home/student36/ws_moveit/install/moveit_resources:/home/student36/ws_moveit/install/moveit_resources_pr2_description:/home/student36/ws_moveit/install/moveit_resources_panda_moveit_config:/home/student36/ws_moveit/install/dual_arm_panda_moveit_config:/home/student36/ws_moveit/install/moveit_resources_panda_description:/home/student36/ws_moveit/install/moveit_resources_fanuc_moveit_config:/home/student36/ws_moveit/install/moveit_resources_fanuc_description:/home/student36/ws_moveit/install/moveit_planners_stomp:/home/student36/ws_moveit/install/moveit_planners_chomp:/home/student36/ws_moveit/install/chomp_motion_planner:/home/student36/ws_moveit/install/moveit_core:/home/student36/ws_moveit/install/moveit_msgs:/home/student36/ws_moveit/install/moveit_common:/home/student36/ws_moveit/install/kortex_driver:/home/student36/ws_moveit/install/kortex_api:/home/student36/rplidar_ws/install/rplidar_ros:/home/student36/elephant_arm_ws/install/mycobot_280_moveit2:/opt/ros/jazzy/opt/gz_sim_vendor:/opt/ros/jazzy/opt/gz_sensors_vendor:/opt/ros/jazzy/opt/gz_physics_vendor:/opt/ros/jazzy/opt/sdformat_vendor:/opt/ros/jazzy/opt/gz_gui_vendor:/opt/ros/jazzy/opt/gz_transport_vendor:/opt/ros/jazzy/opt/gz_rendering_vendor:/opt/ros/jazzy/opt/gz_plugin_vendor:/opt/ros/jazzy/opt/gz_fuel_tools_vendor:/opt/ros/jazzy/opt/gz_msgs_vendor:/opt/ros/jazzy/opt/gz_common_vendor:/opt/ros/jazzy/opt/gz_math_vendor:/opt/ros/jazzy/opt/gz_utils_vendor:/opt/ros/jazzy/opt/gz_tools_vendor:/opt/ros/jazzy/opt/gz_ogre_next_vendor:/opt/ros/jazzy/opt/gz_dartsim_vendor:/opt/ros/jazzy/opt/gz_cmake_vendor:/home/student36/ros2_tutorial_workspace/install/the_simplest_python_package:/home/student36/ros2_tutorial_workspace/install/python_package_with_a_node:/home/student36/ros2_tutorial_workspace/install/python_package_that_uses_the_library:/home/student36/ros2_tutorial_workspace/install/python_package_with_a_library:/home/student36/ros2_tutorial_workspace/install/python_package_that_uses_the_services:/home/student36/ros2_tutorial_workspace/install/python_package_that_uses_the_actions:/home/student36/ros2_tutorial_workspace/install/python_package_that_uses_tf2:/home/student36/ros2_tutorial_workspace/install/python_package_that_uses_parameters_and_launch_files:/home/student36/ros2_tutorial_workspace/install/python_package_that_uses_nottf2:/home/student36/ros2_tutorial_workspace/install/python_package_that_uses_nav2:/home/student36/ros2_tutorial_workspace/install/python_package_that_uses_messages:/home/student36/ros2_tutorial_workspace/install/python_package_that_uses_geometry_msgs:/home/student36/ros2_tutorial_workspace/install/python_package_that_uses_gazebo:/home/student36/ws_moveit/install/moveit_configs_utils:/home/student36/elephant_arm_ws/install/mycobot_description:/opt/ros/jazzy DEBUGINFOD_URLS=https://debuginfod.ubuntu.com /usr/bin/cmake --build /home/student36/RoboticsDesignProject/Git-repos/LeoRover-Team7/elephant_arm_ws/build/mycobot_ros2 -- -j12 -l12
[1.452s] Level 1:colcon.colcon_core.shell:create_environment_hook('mycobot_moveit_config', 'cmake_prefix_path')
[1.452s] INFO:colcon.colcon_core.shell:Creating environment hook '/home/student36/RoboticsDesignProject/Git-repos/LeoRover-Team7/elephant_arm_ws/install/mycobot_moveit_config/share/mycobot_moveit_config/hook/cmake_prefix_path.ps1'
[1.453s] DEBUG:colcon.colcon_core.event_handler.log_command:Invoked command in '/home/student36/RoboticsDesignProject/Git-repos/LeoRover-Team7/elephant_arm_ws/build/mycobot_moveit_config' returned '0': CMAKE_PREFIX_PATH=${CMAKE_PREFIX_PATH}:/home/student36/ros2_tutorial_workspace/install/the_simplest_python_package:/home/student36/ros2_tutorial_workspace/install/python_package_with_a_node:/home/student36/ros2_tutorial_workspace/install/python_package_that_uses_the_library:/home/student36/ros2_tutorial_workspace/install/python_package_with_a_library:/home/student36/ros2_tutorial_workspace/install/python_package_that_uses_the_services:/home/student36/ros2_tutorial_workspace/install/python_package_that_uses_the_actions:/home/student36/ros2_tutorial_workspace/install/python_package_that_uses_tf2:/home/student36/ros2_tutorial_workspace/install/python_package_that_uses_parameters_and_launch_files:/home/student36/ros2_tutorial_workspace/install/python_package_that_uses_nottf2:/home/student36/ros2_tutorial_workspace/install/python_package_that_uses_nav2:/home/student36/ros2_tutorial_workspace/install/python_package_that_uses_messages:/home/student36/ros2_tutorial_workspace/install/python_package_that_uses_geometry_msgs:/home/student36/ros2_tutorial_workspace/install/python_package_that_uses_gazebo:/home/student36/ws_moveit/install/moveit_configs_utils:/home/student36/elephant_arm_ws/install/mycobot_description:/opt/ros/jazzy DEBUGINFOD_URLS=https://debuginfod.ubuntu.com /usr/bin/cmake --install /home/student36/RoboticsDesignProject/Git-repos/LeoRover-Team7/elephant_arm_ws/build/mycobot_moveit_config
[1.453s] INFO:colcon.colcon_core.shell:Creating environment descriptor '/home/student36/RoboticsDesignProject/Git-repos/LeoRover-Team7/elephant_arm_ws/install/mycobot_moveit_config/share/mycobot_moveit_config/hook/cmake_prefix_path.dsv'
[1.453s] INFO:colcon.colcon_core.shell:Creating environment hook '/home/student36/RoboticsDesignProject/Git-repos/LeoRover-Team7/elephant_arm_ws/install/mycobot_moveit_config/share/mycobot_moveit_config/hook/cmake_prefix_path.sh'
[1.454s] Level 1:colcon.colcon_core.environment:checking '/home/student36/RoboticsDesignProject/Git-repos/LeoRover-Team7/elephant_arm_ws/install/mycobot_moveit_config/bin'
[1.454s] Level 1:colcon.colcon_core.environment:checking '/home/student36/RoboticsDesignProject/Git-repos/LeoRover-Team7/elephant_arm_ws/install/mycobot_moveit_config/lib/pkgconfig/mycobot_moveit_config.pc'
[1.454s] Level 1:colcon.colcon_core.environment:checking '/home/student36/RoboticsDesignProject/Git-repos/LeoRover-Team7/elephant_arm_ws/install/mycobot_moveit_config/lib/python3.12/site-packages'
[1.455s] Level 1:colcon.colcon_core.environment:checking '/home/student36/RoboticsDesignProject/Git-repos/LeoRover-Team7/elephant_arm_ws/install/mycobot_moveit_config/bin'
[1.455s] INFO:colcon.colcon_core.shell:Creating package script '/home/student36/RoboticsDesignProject/Git-repos/LeoRover-Team7/elephant_arm_ws/install/mycobot_moveit_config/share/mycobot_moveit_config/package.ps1'
[1.456s] INFO:colcon.colcon_core.shell:Creating package descriptor '/home/student36/RoboticsDesignProject/Git-repos/LeoRover-Team7/elephant_arm_ws/install/mycobot_moveit_config/share/mycobot_moveit_config/package.dsv'
[1.457s] INFO:colcon.colcon_core.shell:Creating package script '/home/student36/RoboticsDesignProject/Git-repos/LeoRover-Team7/elephant_arm_ws/install/mycobot_moveit_config/share/mycobot_moveit_config/package.sh'
[1.458s] INFO:colcon.colcon_core.shell:Creating package script '/home/student36/RoboticsDesignProject/Git-repos/LeoRover-Team7/elephant_arm_ws/install/mycobot_moveit_config/share/mycobot_moveit_config/package.bash'
[1.458s] INFO:colcon.colcon_core.shell:Creating package script '/home/student36/RoboticsDesignProject/Git-repos/LeoRover-Team7/elephant_arm_ws/install/mycobot_moveit_config/share/mycobot_moveit_config/package.zsh'
[1.459s] Level 1:colcon.colcon_core.environment:create_file_with_runtime_dependencies(/home/student36/RoboticsDesignProject/Git-repos/LeoRover-Team7/elephant_arm_ws/install/mycobot_moveit_config/share/colcon-core/packages/mycobot_moveit_config)
[1.460s] Level 1:colcon.colcon_core.environment:create_environment_scripts_only(mycobot_moveit_config)
[1.460s] Level 1:colcon.colcon_core.environment:checking '/home/student36/RoboticsDesignProject/Git-repos/LeoRover-Team7/elephant_arm_ws/install/mycobot_moveit_config' for CMake module files
[1.461s] Level 1:colcon.colcon_core.environment:checking '/home/student36/RoboticsDesignProject/Git-repos/LeoRover-Team7/elephant_arm_ws/install/mycobot_moveit_config' for CMake config files
[1.463s] Level 1:colcon.colcon_core.shell:create_environment_hook('mycobot_moveit_config', 'cmake_prefix_path')
[1.463s] INFO:colcon.colcon_core.shell:Creating environment hook '/home/student36/RoboticsDesignProject/Git-repos/LeoRover-Team7/elephant_arm_ws/install/mycobot_moveit_config/share/mycobot_moveit_config/hook/cmake_prefix_path.ps1'
[1.464s] INFO:colcon.colcon_core.shell:Creating environment descriptor '/home/student36/RoboticsDesignProject/Git-repos/LeoRover-Team7/elephant_arm_ws/install/mycobot_moveit_config/share/mycobot_moveit_config/hook/cmake_prefix_path.dsv'
[1.464s] INFO:colcon.colcon_core.shell:Creating environment hook '/home/student36/RoboticsDesignProject/Git-repos/LeoRover-Team7/elephant_arm_ws/install/mycobot_moveit_config/share/mycobot_moveit_config/hook/cmake_prefix_path.sh'
[1.465s] Level 1:colcon.colcon_core.environment:checking '/home/student36/RoboticsDesignProject/Git-repos/LeoRover-Team7/elephant_arm_ws/install/mycobot_moveit_config/bin'
[1.466s] Level 1:colcon.colcon_core.environment:checking '/home/student36/RoboticsDesignProject/Git-repos/LeoRover-Team7/elephant_arm_ws/install/mycobot_moveit_config/lib/pkgconfig/mycobot_moveit_config.pc'
[1.466s] Level 1:colcon.colcon_core.environment:checking '/home/student36/RoboticsDesignProject/Git-repos/LeoRover-Team7/elephant_arm_ws/install/mycobot_moveit_config/lib/python3.12/site-packages'
[1.466s] Level 1:colcon.colcon_core.environment:checking '/home/student36/RoboticsDesignProject/Git-repos/LeoRover-Team7/elephant_arm_ws/install/mycobot_moveit_config/bin'
[1.466s] INFO:colcon.colcon_core.shell:Creating package script '/home/student36/RoboticsDesignProject/Git-repos/LeoRover-Team7/elephant_arm_ws/install/mycobot_moveit_config/share/mycobot_moveit_config/package.ps1'
[1.467s] INFO:colcon.colcon_core.shell:Creating package descriptor '/home/student36/RoboticsDesignProject/Git-repos/LeoRover-Team7/elephant_arm_ws/install/mycobot_moveit_config/share/mycobot_moveit_config/package.dsv'
[1.467s] INFO:colcon.colcon_core.shell:Creating package script '/home/student36/RoboticsDesignProject/Git-repos/LeoRover-Team7/elephant_arm_ws/install/mycobot_moveit_config/share/mycobot_moveit_config/package.sh'
[1.468s] INFO:colcon.colcon_core.shell:Creating package script '/home/student36/RoboticsDesignProject/Git-repos/LeoRover-Team7/elephant_arm_ws/install/mycobot_moveit_config/share/mycobot_moveit_config/package.bash'
[1.468s] INFO:colcon.colcon_core.shell:Creating package script '/home/student36/RoboticsDesignProject/Git-repos/LeoRover-Team7/elephant_arm_ws/install/mycobot_moveit_config/share/mycobot_moveit_config/package.zsh'
[1.469s] Level 1:colcon.colcon_core.environment:create_file_with_runtime_dependencies(/home/student36/RoboticsDesignProject/Git-repos/LeoRover-Team7/elephant_arm_ws/install/mycobot_moveit_config/share/colcon-core/packages/mycobot_moveit_config)
[1.469s] Level 1:colcon.colcon_core.environment:create_environment_scripts_only(rviz_marker_tools)
[1.469s] Level 1:colcon.colcon_core.environment:checking '/home/student36/RoboticsDesignProject/Git-repos/LeoRover-Team7/elephant_arm_ws/install/rviz_marker_tools' for CMake module files
[1.470s] Level 1:colcon.colcon_core.environment:checking '/home/student36/RoboticsDesignProject/Git-repos/LeoRover-Team7/elephant_arm_ws/install/rviz_marker_tools' for CMake config files
[1.471s] DEBUG:colcon.colcon_core.event_handler.log_command:Invoked command in '/home/student36/RoboticsDesignProject/Git-repos/LeoRover-Team7/elephant_arm_ws/build/rviz_marker_tools' returned '0': CMAKE_PREFIX_PATH=${CMAKE_PREFIX_PATH}:/home/student36/ros2_tutorial_workspace/install/the_simplest_python_package:/home/student36/ros2_tutorial_workspace/install/python_package_with_a_node:/home/student36/ros2_tutorial_workspace/install/python_package_that_uses_the_library:/home/student36/ros2_tutorial_workspace/install/python_package_with_a_library:/home/student36/ros2_tutorial_workspace/install/python_package_that_uses_the_services:/home/student36/ros2_tutorial_workspace/install/python_package_that_uses_the_actions:/home/student36/ros2_tutorial_workspace/install/python_package_that_uses_tf2:/home/student36/ros2_tutorial_workspace/install/python_package_that_uses_parameters_and_launch_files:/home/student36/ros2_tutorial_workspace/install/python_package_that_uses_nottf2:/home/student36/ros2_tutorial_workspace/install/python_package_that_uses_nav2:/home/student36/ros2_tutorial_workspace/install/python_package_that_uses_messages:/home/student36/ros2_tutorial_workspace/install/python_package_that_uses_geometry_msgs:/home/student36/ros2_tutorial_workspace/install/python_package_that_uses_gazebo:/home/student36/ws_moveit/install/moveit_configs_utils:/home/student36/elephant_arm_ws/install/mycobot_description:/opt/ros/jazzy DEBUGINFOD_URLS=https://debuginfod.ubuntu.com /usr/bin/cmake --install /home/student36/RoboticsDesignProject/Git-repos/LeoRover-Team7/elephant_arm_ws/build/rviz_marker_tools
[1.471s] Level 1:colcon.colcon_core.shell:create_environment_hook('rviz_marker_tools', 'cmake_prefix_path')
[1.472s] INFO:colcon.colcon_core.shell:Creating environment hook '/home/student36/RoboticsDesignProject/Git-repos/LeoRover-Team7/elephant_arm_ws/install/rviz_marker_tools/share/rviz_marker_tools/hook/cmake_prefix_path.ps1'
[1.472s] INFO:colcon.colcon_core.shell:Creating environment descriptor '/home/student36/RoboticsDesignProject/Git-repos/LeoRover-Team7/elephant_arm_ws/install/rviz_marker_tools/share/rviz_marker_tools/hook/cmake_prefix_path.dsv'
[1.472s] INFO:colcon.colcon_core.shell:Creating environment hook '/home/student36/RoboticsDesignProject/Git-repos/LeoRover-Team7/elephant_arm_ws/install/rviz_marker_tools/share/rviz_marker_tools/hook/cmake_prefix_path.sh'
[1.473s] Level 1:colcon.colcon_core.environment:checking '/home/student36/RoboticsDesignProject/Git-repos/LeoRover-Team7/elephant_arm_ws/install/rviz_marker_tools/lib'
[1.473s] Level 1:colcon.colcon_core.shell:create_environment_hook('rviz_marker_tools', 'ld_library_path_lib')
[1.473s] INFO:colcon.colcon_core.shell:Creating environment hook '/home/student36/RoboticsDesignProject/Git-repos/LeoRover-Team7/elephant_arm_ws/install/rviz_marker_tools/share/rviz_marker_tools/hook/ld_library_path_lib.ps1'
[1.474s] INFO:colcon.colcon_core.shell:Creating environment descriptor '/home/student36/RoboticsDesignProject/Git-repos/LeoRover-Team7/elephant_arm_ws/install/rviz_marker_tools/share/rviz_marker_tools/hook/ld_library_path_lib.dsv'
[1.474s] INFO:colcon.colcon_core.shell:Creating environment hook '/home/student36/RoboticsDesignProject/Git-repos/LeoRover-Team7/elephant_arm_ws/install/rviz_marker_tools/share/rviz_marker_tools/hook/ld_library_path_lib.sh'
[1.475s] Level 1:colcon.colcon_core.environment:checking '/home/student36/RoboticsDesignProject/Git-repos/LeoRover-Team7/elephant_arm_ws/install/rviz_marker_tools/bin'
[1.475s] Level 1:colcon.colcon_core.environment:checking '/home/student36/RoboticsDesignProject/Git-repos/LeoRover-Team7/elephant_arm_ws/install/rviz_marker_tools/lib/pkgconfig/rviz_marker_tools.pc'
[1.475s] Level 1:colcon.colcon_core.environment:checking '/home/student36/RoboticsDesignProject/Git-repos/LeoRover-Team7/elephant_arm_ws/install/rviz_marker_tools/lib/python3.12/site-packages'
[1.475s] Level 1:colcon.colcon_core.environment:checking '/home/student36/RoboticsDesignProject/Git-repos/LeoRover-Team7/elephant_arm_ws/install/rviz_marker_tools/bin'
[1.476s] INFO:colcon.colcon_core.shell:Creating package script '/home/student36/RoboticsDesignProject/Git-repos/LeoRover-Team7/elephant_arm_ws/install/rviz_marker_tools/share/rviz_marker_tools/package.ps1'
[1.476s] INFO:colcon.colcon_core.shell:Creating package descriptor '/home/student36/RoboticsDesignProject/Git-repos/LeoRover-Team7/elephant_arm_ws/install/rviz_marker_tools/share/rviz_marker_tools/package.dsv'
[1.477s] INFO:colcon.colcon_core.shell:Creating package script '/home/student36/RoboticsDesignProject/Git-repos/LeoRover-Team7/elephant_arm_ws/install/rviz_marker_tools/share/rviz_marker_tools/package.sh'
[1.478s] INFO:colcon.colcon_core.shell:Creating package script '/home/student36/RoboticsDesignProject/Git-repos/LeoRover-Team7/elephant_arm_ws/install/rviz_marker_tools/share/rviz_marker_tools/package.bash'
[1.479s] INFO:colcon.colcon_core.shell:Creating package script '/home/student36/RoboticsDesignProject/Git-repos/LeoRover-Team7/elephant_arm_ws/install/rviz_marker_tools/share/rviz_marker_tools/package.zsh'
[1.479s] Level 1:colcon.colcon_core.environment:create_file_with_runtime_dependencies(/home/student36/RoboticsDesignProject/Git-repos/LeoRover-Team7/elephant_arm_ws/install/rviz_marker_tools/share/colcon-core/packages/rviz_marker_tools)
[1.480s] Level 1:colcon.colcon_core.environment:create_environment_scripts_only(rviz_marker_tools)
[1.480s] Level 1:colcon.colcon_core.environment:checking '/home/student36/RoboticsDesignProject/Git-repos/LeoRover-Team7/elephant_arm_ws/install/rviz_marker_tools' for CMake module files
[1.481s] Level 1:colcon.colcon_core.environment:checking '/home/student36/RoboticsDesignProject/Git-repos/LeoRover-Team7/elephant_arm_ws/install/rviz_marker_tools' for CMake config files
[1.481s] Level 1:colcon.colcon_core.shell:create_environment_hook('rviz_marker_tools', 'cmake_prefix_path')
[1.481s] INFO:colcon.colcon_core.shell:Creating environment hook '/home/student36/RoboticsDesignProject/Git-repos/LeoRover-Team7/elephant_arm_ws/install/rviz_marker_tools/share/rviz_marker_tools/hook/cmake_prefix_path.ps1'
[1.482s] INFO:colcon.colcon_core.shell:Creating environment descriptor '/home/student36/RoboticsDesignProject/Git-repos/LeoRover-Team7/elephant_arm_ws/install/rviz_marker_tools/share/rviz_marker_tools/hook/cmake_prefix_path.dsv'
[1.482s] INFO:colcon.colcon_core.shell:Creating environment hook '/home/student36/RoboticsDesignProject/Git-repos/LeoRover-Team7/elephant_arm_ws/install/rviz_marker_tools/share/rviz_marker_tools/hook/cmake_prefix_path.sh'
[1.483s] Level 1:colcon.colcon_core.environment:checking '/home/student36/RoboticsDesignProject/Git-repos/LeoRover-Team7/elephant_arm_ws/install/rviz_marker_tools/lib'
[1.483s] Level 1:colcon.colcon_core.shell:create_environment_hook('rviz_marker_tools', 'ld_library_path_lib')
[1.483s] INFO:colcon.colcon_core.shell:Creating environment hook '/home/student36/RoboticsDesignProject/Git-repos/LeoRover-Team7/elephant_arm_ws/install/rviz_marker_tools/share/rviz_marker_tools/hook/ld_library_path_lib.ps1'
[1.484s] INFO:colcon.colcon_core.shell:Creating environment descriptor '/home/student36/RoboticsDesignProject/Git-repos/LeoRover-Team7/elephant_arm_ws/install/rviz_marker_tools/share/rviz_marker_tools/hook/ld_library_path_lib.dsv'
[1.484s] INFO:colcon.colcon_core.shell:Creating environment hook '/home/student36/RoboticsDesignProject/Git-repos/LeoRover-Team7/elephant_arm_ws/install/rviz_marker_tools/share/rviz_marker_tools/hook/ld_library_path_lib.sh'
[1.484s] Level 1:colcon.colcon_core.environment:checking '/home/student36/RoboticsDesignProject/Git-repos/LeoRover-Team7/elephant_arm_ws/install/rviz_marker_tools/bin'
[1.485s] Level 1:colcon.colcon_core.environment:checking '/home/student36/RoboticsDesignProject/Git-repos/LeoRover-Team7/elephant_arm_ws/install/rviz_marker_tools/lib/pkgconfig/rviz_marker_tools.pc'
[1.485s] Level 1:colcon.colcon_core.environment:checking '/home/student36/RoboticsDesignProject/Git-repos/LeoRover-Team7/elephant_arm_ws/install/rviz_marker_tools/lib/python3.12/site-packages'
[1.485s] Level 1:colcon.colcon_core.environment:checking '/home/student36/RoboticsDesignProject/Git-repos/LeoRover-Team7/elephant_arm_ws/install/rviz_marker_tools/bin'
[1.485s] INFO:colcon.colcon_core.shell:Creating package script '/home/student36/RoboticsDesignProject/Git-repos/LeoRover-Team7/elephant_arm_ws/install/rviz_marker_tools/share/rviz_marker_tools/package.ps1'
[1.486s] INFO:colcon.colcon_core.shell:Creating package descriptor '/home/student36/RoboticsDesignProject/Git-repos/LeoRover-Team7/elephant_arm_ws/install/rviz_marker_tools/share/rviz_marker_tools/package.dsv'
[1.487s] INFO:colcon.colcon_core.shell:Creating package script '/home/student36/RoboticsDesignProject/Git-repos/LeoRover-Team7/elephant_arm_ws/install/rviz_marker_tools/share/rviz_marker_tools/package.sh'
[1.487s] INFO:colcon.colcon_core.shell:Creating package script '/home/student36/RoboticsDesignProject/Git-repos/LeoRover-Team7/elephant_arm_ws/install/rviz_marker_tools/share/rviz_marker_tools/package.bash'
[1.488s] INFO:colcon.colcon_core.shell:Creating package script '/home/student36/RoboticsDesignProject/Git-repos/LeoRover-Team7/elephant_arm_ws/install/rviz_marker_tools/share/rviz_marker_tools/package.zsh'
[1.488s] Level 1:colcon.colcon_core.environment:create_file_with_runtime_dependencies(/home/student36/RoboticsDesignProject/Git-repos/LeoRover-Team7/elephant_arm_ws/install/rviz_marker_tools/share/colcon-core/packages/rviz_marker_tools)
[1.489s] Level 1:colcon.colcon_core.environment:create_environment_scripts_only(hello_moveit)
[1.490s] Level 1:colcon.colcon_core.environment:checking '/home/student36/RoboticsDesignProject/Git-repos/LeoRover-Team7/elephant_arm_ws/install/hello_moveit' for CMake module files
[1.491s] Level 1:colcon.colcon_core.environment:checking '/home/student36/RoboticsDesignProject/Git-repos/LeoRover-Team7/elephant_arm_ws/install/hello_moveit' for CMake config files
[1.491s] DEBUG:colcon.colcon_core.event_handler.log_command:Invoked command in '/home/student36/RoboticsDesignProject/Git-repos/LeoRover-Team7/elephant_arm_ws/build/hello_moveit' returned '0': CMAKE_PREFIX_PATH=${CMAKE_PREFIX_PATH}:/home/student36/ros2_tutorial_workspace/install/the_simplest_python_package:/home/student36/ros2_tutorial_workspace/install/python_package_with_a_node:/home/student36/ros2_tutorial_workspace/install/python_package_that_uses_the_library:/home/student36/ros2_tutorial_workspace/install/python_package_with_a_library:/home/student36/ros2_tutorial_workspace/install/python_package_that_uses_the_services:/home/student36/ros2_tutorial_workspace/install/python_package_that_uses_the_actions:/home/student36/ros2_tutorial_workspace/install/python_package_that_uses_tf2:/home/student36/ros2_tutorial_workspace/install/python_package_that_uses_parameters_and_launch_files:/home/student36/ros2_tutorial_workspace/install/python_package_that_uses_nottf2:/home/student36/ros2_tutorial_workspace/install/python_package_that_uses_nav2:/home/student36/ros2_tutorial_workspace/install/python_package_that_uses_messages:/home/student36/ros2_tutorial_workspace/install/python_package_that_uses_geometry_msgs:/home/student36/ros2_tutorial_workspace/install/python_package_that_uses_gazebo:/home/student36/ws_moveit/install/moveit_configs_utils:/home/student36/elephant_arm_ws/install/mycobot_description:/opt/ros/jazzy DEBUGINFOD_URLS=https://debuginfod.ubuntu.com /usr/bin/cmake --install /home/student36/RoboticsDesignProject/Git-repos/LeoRover-Team7/elephant_arm_ws/build/hello_moveit
[1.491s] Level 1:colcon.colcon_core.shell:create_environment_hook('hello_moveit', 'cmake_prefix_path')
[1.492s] INFO:colcon.colcon_core.shell:Creating environment hook '/home/student36/RoboticsDesignProject/Git-repos/LeoRover-Team7/elephant_arm_ws/install/hello_moveit/share/hello_moveit/hook/cmake_prefix_path.ps1'
[1.492s] INFO:colcon.colcon_core.shell:Creating environment descriptor '/home/student36/RoboticsDesignProject/Git-repos/LeoRover-Team7/elephant_arm_ws/install/hello_moveit/share/hello_moveit/hook/cmake_prefix_path.dsv'
[1.492s] INFO:colcon.colcon_core.shell:Creating environment hook '/home/student36/RoboticsDesignProject/Git-repos/LeoRover-Team7/elephant_arm_ws/install/hello_moveit/share/hello_moveit/hook/cmake_prefix_path.sh'
[1.493s] Level 1:colcon.colcon_core.environment:checking '/home/student36/RoboticsDesignProject/Git-repos/LeoRover-Team7/elephant_arm_ws/install/hello_moveit/lib'
[1.493s] Level 1:colcon.colcon_core.environment:checking '/home/student36/RoboticsDesignProject/Git-repos/LeoRover-Team7/elephant_arm_ws/install/hello_moveit/bin'
[1.493s] Level 1:colcon.colcon_core.environment:checking '/home/student36/RoboticsDesignProject/Git-repos/LeoRover-Team7/elephant_arm_ws/install/hello_moveit/lib/pkgconfig/hello_moveit.pc'
[1.493s] Level 1:colcon.colcon_core.environment:checking '/home/student36/RoboticsDesignProject/Git-repos/LeoRover-Team7/elephant_arm_ws/install/hello_moveit/lib/python3.12/site-packages'
[1.494s] Level 1:colcon.colcon_core.environment:checking '/home/student36/RoboticsDesignProject/Git-repos/LeoRover-Team7/elephant_arm_ws/install/hello_moveit/bin'
[1.494s] INFO:colcon.colcon_core.shell:Creating package script '/home/student36/RoboticsDesignProject/Git-repos/LeoRover-Team7/elephant_arm_ws/install/hello_moveit/share/hello_moveit/package.ps1'
[1.494s] INFO:colcon.colcon_core.shell:Creating package descriptor '/home/student36/RoboticsDesignProject/Git-repos/LeoRover-Team7/elephant_arm_ws/install/hello_moveit/share/hello_moveit/package.dsv'
[1.495s] INFO:colcon.colcon_core.shell:Creating package script '/home/student36/RoboticsDesignProject/Git-repos/LeoRover-Team7/elephant_arm_ws/install/hello_moveit/share/hello_moveit/package.sh'
[1.495s] INFO:colcon.colcon_core.shell:Creating package script '/home/student36/RoboticsDesignProject/Git-repos/LeoRover-Team7/elephant_arm_ws/install/hello_moveit/share/hello_moveit/package.bash'
[1.496s] INFO:colcon.colcon_core.shell:Creating package script '/home/student36/RoboticsDesignProject/Git-repos/LeoRover-Team7/elephant_arm_ws/install/hello_moveit/share/hello_moveit/package.zsh'
[1.496s] Level 1:colcon.colcon_core.environment:create_file_with_runtime_dependencies(/home/student36/RoboticsDesignProject/Git-repos/LeoRover-Team7/elephant_arm_ws/install/hello_moveit/share/colcon-core/packages/hello_moveit)
[1.496s] Level 1:colcon.colcon_core.environment:create_environment_scripts_only(hello_moveit)
[1.496s] Level 1:colcon.colcon_core.environment:checking '/home/student36/RoboticsDesignProject/Git-repos/LeoRover-Team7/elephant_arm_ws/install/hello_moveit' for CMake module files
[1.497s] Level 1:colcon.colcon_core.environment:checking '/home/student36/RoboticsDesignProject/Git-repos/LeoRover-Team7/elephant_arm_ws/install/hello_moveit' for CMake config files
[1.497s] Level 1:colcon.colcon_core.shell:create_environment_hook('hello_moveit', 'cmake_prefix_path')
[1.497s] INFO:colcon.colcon_core.shell:Creating environment hook '/home/student36/RoboticsDesignProject/Git-repos/LeoRover-Team7/elephant_arm_ws/install/hello_moveit/share/hello_moveit/hook/cmake_prefix_path.ps1'
[1.498s] INFO:colcon.colcon_core.shell:Creating environment descriptor '/home/student36/RoboticsDesignProject/Git-repos/LeoRover-Team7/elephant_arm_ws/install/hello_moveit/share/hello_moveit/hook/cmake_prefix_path.dsv'
[1.498s] INFO:colcon.colcon_core.shell:Creating environment hook '/home/student36/RoboticsDesignProject/Git-repos/LeoRover-Team7/elephant_arm_ws/install/hello_moveit/share/hello_moveit/hook/cmake_prefix_path.sh'
[1.499s] Level 1:colcon.colcon_core.environment:checking '/home/student36/RoboticsDesignProject/Git-repos/LeoRover-Team7/elephant_arm_ws/install/hello_moveit/lib'
[1.499s] Level 1:colcon.colcon_core.environment:checking '/home/student36/RoboticsDesignProject/Git-repos/LeoRover-Team7/elephant_arm_ws/install/hello_moveit/bin'
[1.499s] Level 1:colcon.colcon_core.environment:checking '/home/student36/RoboticsDesignProject/Git-repos/LeoRover-Team7/elephant_arm_ws/install/hello_moveit/lib/pkgconfig/hello_moveit.pc'
[1.499s] Level 1:colcon.colcon_core.environment:checking '/home/student36/RoboticsDesignProject/Git-repos/LeoRover-Team7/elephant_arm_ws/install/hello_moveit/lib/python3.12/site-packages'
[1.500s] Level 1:colcon.colcon_core.environment:checking '/home/student36/RoboticsDesignProject/Git-repos/LeoRover-Team7/elephant_arm_ws/install/hello_moveit/bin'
[1.500s] INFO:colcon.colcon_core.shell:Creating package script '/home/student36/RoboticsDesignProject/Git-repos/LeoRover-Team7/elephant_arm_ws/install/hello_moveit/share/hello_moveit/package.ps1'
[1.501s] INFO:colcon.colcon_core.shell:Creating package descriptor '/home/student36/RoboticsDesignProject/Git-repos/LeoRover-Team7/elephant_arm_ws/install/hello_moveit/share/hello_moveit/package.dsv'
[1.501s] INFO:colcon.colcon_core.shell:Creating package script '/home/student36/RoboticsDesignProject/Git-repos/LeoRover-Team7/elephant_arm_ws/install/hello_moveit/share/hello_moveit/package.sh'
[1.502s] INFO:colcon.colcon_core.shell:Creating package script '/home/student36/RoboticsDesignProject/Git-repos/LeoRover-Team7/elephant_arm_ws/install/hello_moveit/share/hello_moveit/package.bash'
[1.502s] INFO:colcon.colcon_core.shell:Creating package script '/home/student36/RoboticsDesignProject/Git-repos/LeoRover-Team7/elephant_arm_ws/install/hello_moveit/share/hello_moveit/package.zsh'
[1.502s] Level 1:colcon.colcon_core.environment:create_file_with_runtime_dependencies(/home/student36/RoboticsDesignProject/Git-repos/LeoRover-Team7/elephant_arm_ws/install/hello_moveit/share/colcon-core/packages/hello_moveit)
[1.557s] DEBUG:colcon.colcon_core.event_handler.log_command:Invoked command in '/home/student36/RoboticsDesignProject/Git-repos/LeoRover-Team7/elephant_arm_ws/build/mycobot_ros2' returned '0': CMAKE_PREFIX_PATH=/home/student36/RoboticsDesignProject/Git-repos/LeoRover-Team7/elephant_arm_ws/install/mycobot_description:/home/student36/RoboticsDesignProject/Git-repos/LeoRover-Team7/elephant_arm_ws/install/mtc_tutorial:/home/student36/RoboticsDesignProject/Git-repos/LeoRover-Team7/elephant_arm_ws/install/moveit_task_constructor_demo:/home/student36/RoboticsDesignProject/Git-repos/LeoRover-Team7/elephant_arm_ws/install/moveit_task_constructor_visualization:/home/student36/RoboticsDesignProject/Git-repos/LeoRover-Team7/elephant_arm_ws/install/moveit_task_constructor_capabilities:/home/student36/RoboticsDesignProject/Git-repos/LeoRover-Team7/elephant_arm_ws/install/moveit_task_constructor_core:/home/student36/RoboticsDesignProject/Git-repos/LeoRover-Team7/elephant_arm_ws/install/rviz_marker_tools:/home/student36/RoboticsDesignProject/Git-repos/LeoRover-Team7/elephant_arm_ws/install/mycobot_ros2:/home/student36/RoboticsDesignProject/Git-repos/LeoRover-Team7/elephant_arm_ws/install/mycobot_moveit_config:/home/student36/RoboticsDesignProject/Git-repos/LeoRover-Team7/elephant_arm_ws/install/mycobot_gazebo:/home/student36/RoboticsDesignProject/Git-repos/LeoRover-Team7/elephant_arm_ws/install/mycobot_bringup:/home/student36/RoboticsDesignProject/Git-repos/LeoRover-Team7/elephant_arm_ws/install/moveit_task_constructor_msgs:/home/student36/RoboticsDesignProject/Git-repos/LeoRover-Team7/elephant_arm_ws/install/hello_moveit:/home/student36/ros2_tutorial_workspace/install/package_with_interfaces:/home/student36/ws_moveit/install/robotiq_hardware_tests:/home/student36/ws_moveit/install/robotiq_driver:/home/student36/ws_moveit/install/serial:/home/student36/ws_moveit/install/moveit2_tutorials:/home/student36/ws_moveit/install/hello_moveit:/home/student36/ws_moveit/install/moveit_visual_tools:/home/student36/ws_moveit/install/rviz_visual_tools:/home/student36/ws_moveit/install/mtc_tutorial:/home/student36/ws_moveit/install/moveit_task_constructor_demo:/home/student36/ws_moveit/install/moveit_task_constructor_visualization:/home/student36/ws_moveit/install/moveit_task_constructor_capabilities:/home/student36/ws_moveit/install/elephant:/home/student36/ws_moveit/install/moveit_task_constructor_core:/home/student36/ws_moveit/install/rviz_marker_tools:/home/student36/ws_moveit/install/kortex_bringup:/home/student36/ws_moveit/install/kinova_gen3_lite_moveit_config:/home/student36/ws_moveit/install/kinova_gen3_7dof_robotiq_2f_85_moveit_config:/home/student36/ws_moveit/install/kinova_gen3_6dof_robotiq_2f_85_moveit_config:/home/student36/ws_moveit/install/kortex_description:/home/student36/ws_moveit/install/robotiq_description:/home/student36/ws_moveit/install/robotiq_controllers:/home/student36/ws_moveit/install/pilz_industrial_motion_planner_testutils:/home/student36/ws_moveit/install/mycobot_280_moveit2:/home/student36/ws_moveit/install/moveit_runtime:/home/student36/ws_moveit/install/moveit:/home/student36/ws_moveit/install/elephant_arm:/home/student36/ws_moveit/install/moveit_planners:/home/student36/ws_moveit/install/pilz_industrial_motion_planner:/home/student36/ws_moveit/install/mycobot_description:/home/student36/ws_moveit/install/moveit_task_constructor_msgs:/home/student36/ws_moveit/install/moveit_ros_control_interface:/home/student36/ws_moveit/install/moveit_plugins:/home/student36/ws_moveit/install/moveit_simple_controller_manager:/home/student36/ws_moveit/install/moveit_setup_assistant:/home/student36/ws_moveit/install/moveit_setup_srdf_plugins:/home/student36/ws_moveit/install/moveit_setup_core_plugins:/home/student36/ws_moveit/install/moveit_setup_controllers:/home/student36/ws_moveit/install/moveit_setup_app_plugins:/home/student36/ws_moveit/install/moveit_setup_framework:/home/student36/ws_moveit/install/moveit_servo:/home/student36/ws_moveit/install/moveit_ros_trajectory_cache:/home/student36/ws_moveit/install/moveit_ros:/home/student36/ws_moveit/install/moveit_ros_visualization:/home/student36/ws_moveit/install/moveit_py:/home/student36/ws_moveit/install/moveit_hybrid_planning:/home/student36/ws_moveit/install/moveit_ros_planning_interface:/home/student36/ws_moveit/install/moveit_ros_benchmarks:/home/student36/ws_moveit/install/moveit_ros_warehouse:/home/student36/ws_moveit/install/moveit_ros_robot_interaction:/home/student36/ws_moveit/install/moveit_ros_perception:/home/student36/ws_moveit/install/moveit_resources_prbt_pg70_support:/home/student36/ws_moveit/install/moveit_resources_prbt_moveit_config:/home/student36/ws_moveit/install/moveit_ros_move_group:/home/student36/ws_moveit/install/moveit_planners_ompl:/home/student36/ws_moveit/install/moveit_kinematics:/home/student36/ws_moveit/install/moveit_ros_planning:/home/student36/ws_moveit/install/moveit_ros_occupancy_map_monitor:/home/student36/ws_moveit/install/moveit_resources_prbt_support:/home/student36/ws_moveit/install/moveit_resources_prbt_ikfast_manipulator_plugin:/home/student36/ws_moveit/install/moveit_resources:/home/student36/ws_moveit/install/moveit_resources_pr2_description:/home/student36/ws_moveit/install/moveit_resources_panda_moveit_config:/home/student36/ws_moveit/install/dual_arm_panda_moveit_config:/home/student36/ws_moveit/install/moveit_resources_panda_description:/home/student36/ws_moveit/install/moveit_resources_fanuc_moveit_config:/home/student36/ws_moveit/install/moveit_resources_fanuc_description:/home/student36/ws_moveit/install/moveit_planners_stomp:/home/student36/ws_moveit/install/moveit_planners_chomp:/home/student36/ws_moveit/install/chomp_motion_planner:/home/student36/ws_moveit/install/moveit_core:/home/student36/ws_moveit/install/moveit_msgs:/home/student36/ws_moveit/install/moveit_common:/home/student36/ws_moveit/install/kortex_driver:/home/student36/ws_moveit/install/kortex_api:/home/student36/rplidar_ws/install/rplidar_ros:/home/student36/elephant_arm_ws/install/mycobot_280_moveit2:/opt/ros/jazzy/opt/gz_sim_vendor:/opt/ros/jazzy/opt/gz_sensors_vendor:/opt/ros/jazzy/opt/gz_physics_vendor:/opt/ros/jazzy/opt/sdformat_vendor:/opt/ros/jazzy/opt/gz_gui_vendor:/opt/ros/jazzy/opt/gz_transport_vendor:/opt/ros/jazzy/opt/gz_rendering_vendor:/opt/ros/jazzy/opt/gz_plugin_vendor:/opt/ros/jazzy/opt/gz_fuel_tools_vendor:/opt/ros/jazzy/opt/gz_msgs_vendor:/opt/ros/jazzy/opt/gz_common_vendor:/opt/ros/jazzy/opt/gz_math_vendor:/opt/ros/jazzy/opt/gz_utils_vendor:/opt/ros/jazzy/opt/gz_tools_vendor:/opt/ros/jazzy/opt/gz_ogre_next_vendor:/opt/ros/jazzy/opt/gz_dartsim_vendor:/opt/ros/jazzy/opt/gz_cmake_vendor:/home/student36/ros2_tutorial_workspace/install/the_simplest_python_package:/home/student36/ros2_tutorial_workspace/install/python_package_with_a_node:/home/student36/ros2_tutorial_workspace/install/python_package_that_uses_the_library:/home/student36/ros2_tutorial_workspace/install/python_package_with_a_library:/home/student36/ros2_tutorial_workspace/install/python_package_that_uses_the_services:/home/student36/ros2_tutorial_workspace/install/python_package_that_uses_the_actions:/home/student36/ros2_tutorial_workspace/install/python_package_that_uses_tf2:/home/student36/ros2_tutorial_workspace/install/python_package_that_uses_parameters_and_launch_files:/home/student36/ros2_tutorial_workspace/install/python_package_that_uses_nottf2:/home/student36/ros2_tutorial_workspace/install/python_package_that_uses_nav2:/home/student36/ros2_tutorial_workspace/install/python_package_that_uses_messages:/home/student36/ros2_tutorial_workspace/install/python_package_that_uses_geometry_msgs:/home/student36/ros2_tutorial_workspace/install/python_package_that_uses_gazebo:/home/student36/ws_moveit/install/moveit_configs_utils:/home/student36/elephant_arm_ws/install/mycobot_description:/opt/ros/jazzy DEBUGINFOD_URLS=https://debuginfod.ubuntu.com /usr/bin/cmake --build /home/student36/RoboticsDesignProject/Git-repos/LeoRover-Team7/elephant_arm_ws/build/mycobot_ros2 -- -j12 -l12
[1.559s] DEBUG:colcon.colcon_core.event_handler.log_command:Invoking command in '/home/student36/RoboticsDesignProject/Git-repos/LeoRover-Team7/elephant_arm_ws/build/mycobot_ros2': CMAKE_PREFIX_PATH=/home/student36/RoboticsDesignProject/Git-repos/LeoRover-Team7/elephant_arm_ws/install/mycobot_description:/home/student36/RoboticsDesignProject/Git-repos/LeoRover-Team7/elephant_arm_ws/install/mtc_tutorial:/home/student36/RoboticsDesignProject/Git-repos/LeoRover-Team7/elephant_arm_ws/install/moveit_task_constructor_demo:/home/student36/RoboticsDesignProject/Git-repos/LeoRover-Team7/elephant_arm_ws/install/moveit_task_constructor_visualization:/home/student36/RoboticsDesignProject/Git-repos/LeoRover-Team7/elephant_arm_ws/install/moveit_task_constructor_capabilities:/home/student36/RoboticsDesignProject/Git-repos/LeoRover-Team7/elephant_arm_ws/install/moveit_task_constructor_core:/home/student36/RoboticsDesignProject/Git-repos/LeoRover-Team7/elephant_arm_ws/install/rviz_marker_tools:/home/student36/RoboticsDesignProject/Git-repos/LeoRover-Team7/elephant_arm_ws/install/mycobot_ros2:/home/student36/RoboticsDesignProject/Git-repos/LeoRover-Team7/elephant_arm_ws/install/mycobot_moveit_config:/home/student36/RoboticsDesignProject/Git-repos/LeoRover-Team7/elephant_arm_ws/install/mycobot_gazebo:/home/student36/RoboticsDesignProject/Git-repos/LeoRover-Team7/elephant_arm_ws/install/mycobot_bringup:/home/student36/RoboticsDesignProject/Git-repos/LeoRover-Team7/elephant_arm_ws/install/moveit_task_constructor_msgs:/home/student36/RoboticsDesignProject/Git-repos/LeoRover-Team7/elephant_arm_ws/install/hello_moveit:/home/student36/ros2_tutorial_workspace/install/package_with_interfaces:/home/student36/ws_moveit/install/robotiq_hardware_tests:/home/student36/ws_moveit/install/robotiq_driver:/home/student36/ws_moveit/install/serial:/home/student36/ws_moveit/install/moveit2_tutorials:/home/student36/ws_moveit/install/hello_moveit:/home/student36/ws_moveit/install/moveit_visual_tools:/home/student36/ws_moveit/install/rviz_visual_tools:/home/student36/ws_moveit/install/mtc_tutorial:/home/student36/ws_moveit/install/moveit_task_constructor_demo:/home/student36/ws_moveit/install/moveit_task_constructor_visualization:/home/student36/ws_moveit/install/moveit_task_constructor_capabilities:/home/student36/ws_moveit/install/elephant:/home/student36/ws_moveit/install/moveit_task_constructor_core:/home/student36/ws_moveit/install/rviz_marker_tools:/home/student36/ws_moveit/install/kortex_bringup:/home/student36/ws_moveit/install/kinova_gen3_lite_moveit_config:/home/student36/ws_moveit/install/kinova_gen3_7dof_robotiq_2f_85_moveit_config:/home/student36/ws_moveit/install/kinova_gen3_6dof_robotiq_2f_85_moveit_config:/home/student36/ws_moveit/install/kortex_description:/home/student36/ws_moveit/install/robotiq_description:/home/student36/ws_moveit/install/robotiq_controllers:/home/student36/ws_moveit/install/pilz_industrial_motion_planner_testutils:/home/student36/ws_moveit/install/mycobot_280_moveit2:/home/student36/ws_moveit/install/moveit_runtime:/home/student36/ws_moveit/install/moveit:/home/student36/ws_moveit/install/elephant_arm:/home/student36/ws_moveit/install/moveit_planners:/home/student36/ws_moveit/install/pilz_industrial_motion_planner:/home/student36/ws_moveit/install/mycobot_description:/home/student36/ws_moveit/install/moveit_task_constructor_msgs:/home/student36/ws_moveit/install/moveit_ros_control_interface:/home/student36/ws_moveit/install/moveit_plugins:/home/student36/ws_moveit/install/moveit_simple_controller_manager:/home/student36/ws_moveit/install/moveit_setup_assistant:/home/student36/ws_moveit/install/moveit_setup_srdf_plugins:/home/student36/ws_moveit/install/moveit_setup_core_plugins:/home/student36/ws_moveit/install/moveit_setup_controllers:/home/student36/ws_moveit/install/moveit_setup_app_plugins:/home/student36/ws_moveit/install/moveit_setup_framework:/home/student36/ws_moveit/install/moveit_servo:/home/student36/ws_moveit/install/moveit_ros_trajectory_cache:/home/student36/ws_moveit/install/moveit_ros:/home/student36/ws_moveit/install/moveit_ros_visualization:/home/student36/ws_moveit/install/moveit_py:/home/student36/ws_moveit/install/moveit_hybrid_planning:/home/student36/ws_moveit/install/moveit_ros_planning_interface:/home/student36/ws_moveit/install/moveit_ros_benchmarks:/home/student36/ws_moveit/install/moveit_ros_warehouse:/home/student36/ws_moveit/install/moveit_ros_robot_interaction:/home/student36/ws_moveit/install/moveit_ros_perception:/home/student36/ws_moveit/install/moveit_resources_prbt_pg70_support:/home/student36/ws_moveit/install/moveit_resources_prbt_moveit_config:/home/student36/ws_moveit/install/moveit_ros_move_group:/home/student36/ws_moveit/install/moveit_planners_ompl:/home/student36/ws_moveit/install/moveit_kinematics:/home/student36/ws_moveit/install/moveit_ros_planning:/home/student36/ws_moveit/install/moveit_ros_occupancy_map_monitor:/home/student36/ws_moveit/install/moveit_resources_prbt_support:/home/student36/ws_moveit/install/moveit_resources_prbt_ikfast_manipulator_plugin:/home/student36/ws_moveit/install/moveit_resources:/home/student36/ws_moveit/install/moveit_resources_pr2_description:/home/student36/ws_moveit/install/moveit_resources_panda_moveit_config:/home/student36/ws_moveit/install/dual_arm_panda_moveit_config:/home/student36/ws_moveit/install/moveit_resources_panda_description:/home/student36/ws_moveit/install/moveit_resources_fanuc_moveit_config:/home/student36/ws_moveit/install/moveit_resources_fanuc_description:/home/student36/ws_moveit/install/moveit_planners_stomp:/home/student36/ws_moveit/install/moveit_planners_chomp:/home/student36/ws_moveit/install/chomp_motion_planner:/home/student36/ws_moveit/install/moveit_core:/home/student36/ws_moveit/install/moveit_msgs:/home/student36/ws_moveit/install/moveit_common:/home/student36/ws_moveit/install/kortex_driver:/home/student36/ws_moveit/install/kortex_api:/home/student36/rplidar_ws/install/rplidar_ros:/home/student36/elephant_arm_ws/install/mycobot_280_moveit2:/opt/ros/jazzy/opt/gz_sim_vendor:/opt/ros/jazzy/opt/gz_sensors_vendor:/opt/ros/jazzy/opt/gz_physics_vendor:/opt/ros/jazzy/opt/sdformat_vendor:/opt/ros/jazzy/opt/gz_gui_vendor:/opt/ros/jazzy/opt/gz_transport_vendor:/opt/ros/jazzy/opt/gz_rendering_vendor:/opt/ros/jazzy/opt/gz_plugin_vendor:/opt/ros/jazzy/opt/gz_fuel_tools_vendor:/opt/ros/jazzy/opt/gz_msgs_vendor:/opt/ros/jazzy/opt/gz_common_vendor:/opt/ros/jazzy/opt/gz_math_vendor:/opt/ros/jazzy/opt/gz_utils_vendor:/opt/ros/jazzy/opt/gz_tools_vendor:/opt/ros/jazzy/opt/gz_ogre_next_vendor:/opt/ros/jazzy/opt/gz_dartsim_vendor:/opt/ros/jazzy/opt/gz_cmake_vendor:/home/student36/ros2_tutorial_workspace/install/the_simplest_python_package:/home/student36/ros2_tutorial_workspace/install/python_package_with_a_node:/home/student36/ros2_tutorial_workspace/install/python_package_that_uses_the_library:/home/student36/ros2_tutorial_workspace/install/python_package_with_a_library:/home/student36/ros2_tutorial_workspace/install/python_package_that_uses_the_services:/home/student36/ros2_tutorial_workspace/install/python_package_that_uses_the_actions:/home/student36/ros2_tutorial_workspace/install/python_package_that_uses_tf2:/home/student36/ros2_tutorial_workspace/install/python_package_that_uses_parameters_and_launch_files:/home/student36/ros2_tutorial_workspace/install/python_package_that_uses_nottf2:/home/student36/ros2_tutorial_workspace/install/python_package_that_uses_nav2:/home/student36/ros2_tutorial_workspace/install/python_package_that_uses_messages:/home/student36/ros2_tutorial_workspace/install/python_package_that_uses_geometry_msgs:/home/student36/ros2_tutorial_workspace/install/python_package_that_uses_gazebo:/home/student36/ws_moveit/install/moveit_configs_utils:/home/student36/elephant_arm_ws/install/mycobot_description:/opt/ros/jazzy DEBUGINFOD_URLS=https://debuginfod.ubuntu.com /usr/bin/cmake --install /home/student36/RoboticsDesignProject/Git-repos/LeoRover-Team7/elephant_arm_ws/build/mycobot_ros2
[1.585s] Level 1:colcon.colcon_core.environment:create_environment_scripts_only(mycobot_ros2)
[1.585s] Level 1:colcon.colcon_core.environment:checking '/home/student36/RoboticsDesignProject/Git-repos/LeoRover-Team7/elephant_arm_ws/install/mycobot_ros2' for CMake module files
[1.586s] DEBUG:colcon.colcon_core.event_handler.log_command:Invoked command in '/home/student36/RoboticsDesignProject/Git-repos/LeoRover-Team7/elephant_arm_ws/build/mycobot_ros2' returned '0': CMAKE_PREFIX_PATH=/home/student36/RoboticsDesignProject/Git-repos/LeoRover-Team7/elephant_arm_ws/install/mycobot_description:/home/student36/RoboticsDesignProject/Git-repos/LeoRover-Team7/elephant_arm_ws/install/mtc_tutorial:/home/student36/RoboticsDesignProject/Git-repos/LeoRover-Team7/elephant_arm_ws/install/moveit_task_constructor_demo:/home/student36/RoboticsDesignProject/Git-repos/LeoRover-Team7/elephant_arm_ws/install/moveit_task_constructor_visualization:/home/student36/RoboticsDesignProject/Git-repos/LeoRover-Team7/elephant_arm_ws/install/moveit_task_constructor_capabilities:/home/student36/RoboticsDesignProject/Git-repos/LeoRover-Team7/elephant_arm_ws/install/moveit_task_constructor_core:/home/student36/RoboticsDesignProject/Git-repos/LeoRover-Team7/elephant_arm_ws/install/rviz_marker_tools:/home/student36/RoboticsDesignProject/Git-repos/LeoRover-Team7/elephant_arm_ws/install/mycobot_ros2:/home/student36/RoboticsDesignProject/Git-repos/LeoRover-Team7/elephant_arm_ws/install/mycobot_moveit_config:/home/student36/RoboticsDesignProject/Git-repos/LeoRover-Team7/elephant_arm_ws/install/mycobot_gazebo:/home/student36/RoboticsDesignProject/Git-repos/LeoRover-Team7/elephant_arm_ws/install/mycobot_bringup:/home/student36/RoboticsDesignProject/Git-repos/LeoRover-Team7/elephant_arm_ws/install/moveit_task_constructor_msgs:/home/student36/RoboticsDesignProject/Git-repos/LeoRover-Team7/elephant_arm_ws/install/hello_moveit:/home/student36/ros2_tutorial_workspace/install/package_with_interfaces:/home/student36/ws_moveit/install/robotiq_hardware_tests:/home/student36/ws_moveit/install/robotiq_driver:/home/student36/ws_moveit/install/serial:/home/student36/ws_moveit/install/moveit2_tutorials:/home/student36/ws_moveit/install/hello_moveit:/home/student36/ws_moveit/install/moveit_visual_tools:/home/student36/ws_moveit/install/rviz_visual_tools:/home/student36/ws_moveit/install/mtc_tutorial:/home/student36/ws_moveit/install/moveit_task_constructor_demo:/home/student36/ws_moveit/install/moveit_task_constructor_visualization:/home/student36/ws_moveit/install/moveit_task_constructor_capabilities:/home/student36/ws_moveit/install/elephant:/home/student36/ws_moveit/install/moveit_task_constructor_core:/home/student36/ws_moveit/install/rviz_marker_tools:/home/student36/ws_moveit/install/kortex_bringup:/home/student36/ws_moveit/install/kinova_gen3_lite_moveit_config:/home/student36/ws_moveit/install/kinova_gen3_7dof_robotiq_2f_85_moveit_config:/home/student36/ws_moveit/install/kinova_gen3_6dof_robotiq_2f_85_moveit_config:/home/student36/ws_moveit/install/kortex_description:/home/student36/ws_moveit/install/robotiq_description:/home/student36/ws_moveit/install/robotiq_controllers:/home/student36/ws_moveit/install/pilz_industrial_motion_planner_testutils:/home/student36/ws_moveit/install/mycobot_280_moveit2:/home/student36/ws_moveit/install/moveit_runtime:/home/student36/ws_moveit/install/moveit:/home/student36/ws_moveit/install/elephant_arm:/home/student36/ws_moveit/install/moveit_planners:/home/student36/ws_moveit/install/pilz_industrial_motion_planner:/home/student36/ws_moveit/install/mycobot_description:/home/student36/ws_moveit/install/moveit_task_constructor_msgs:/home/student36/ws_moveit/install/moveit_ros_control_interface:/home/student36/ws_moveit/install/moveit_plugins:/home/student36/ws_moveit/install/moveit_simple_controller_manager:/home/student36/ws_moveit/install/moveit_setup_assistant:/home/student36/ws_moveit/install/moveit_setup_srdf_plugins:/home/student36/ws_moveit/install/moveit_setup_core_plugins:/home/student36/ws_moveit/install/moveit_setup_controllers:/home/student36/ws_moveit/install/moveit_setup_app_plugins:/home/student36/ws_moveit/install/moveit_setup_framework:/home/student36/ws_moveit/install/moveit_servo:/home/student36/ws_moveit/install/moveit_ros_trajectory_cache:/home/student36/ws_moveit/install/moveit_ros:/home/student36/ws_moveit/install/moveit_ros_visualization:/home/student36/ws_moveit/install/moveit_py:/home/student36/ws_moveit/install/moveit_hybrid_planning:/home/student36/ws_moveit/install/moveit_ros_planning_interface:/home/student36/ws_moveit/install/moveit_ros_benchmarks:/home/student36/ws_moveit/install/moveit_ros_warehouse:/home/student36/ws_moveit/install/moveit_ros_robot_interaction:/home/student36/ws_moveit/install/moveit_ros_perception:/home/student36/ws_moveit/install/moveit_resources_prbt_pg70_support:/home/student36/ws_moveit/install/moveit_resources_prbt_moveit_config:/home/student36/ws_moveit/install/moveit_ros_move_group:/home/student36/ws_moveit/install/moveit_planners_ompl:/home/student36/ws_moveit/install/moveit_kinematics:/home/student36/ws_moveit/install/moveit_ros_planning:/home/student36/ws_moveit/install/moveit_ros_occupancy_map_monitor:/home/student36/ws_moveit/install/moveit_resources_prbt_support:/home/student36/ws_moveit/install/moveit_resources_prbt_ikfast_manipulator_plugin:/home/student36/ws_moveit/install/moveit_resources:/home/student36/ws_moveit/install/moveit_resources_pr2_description:/home/student36/ws_moveit/install/moveit_resources_panda_moveit_config:/home/student36/ws_moveit/install/dual_arm_panda_moveit_config:/home/student36/ws_moveit/install/moveit_resources_panda_description:/home/student36/ws_moveit/install/moveit_resources_fanuc_moveit_config:/home/student36/ws_moveit/install/moveit_resources_fanuc_description:/home/student36/ws_moveit/install/moveit_planners_stomp:/home/student36/ws_moveit/install/moveit_planners_chomp:/home/student36/ws_moveit/install/chomp_motion_planner:/home/student36/ws_moveit/install/moveit_core:/home/student36/ws_moveit/install/moveit_msgs:/home/student36/ws_moveit/install/moveit_common:/home/student36/ws_moveit/install/kortex_driver:/home/student36/ws_moveit/install/kortex_api:/home/student36/rplidar_ws/install/rplidar_ros:/home/student36/elephant_arm_ws/install/mycobot_280_moveit2:/opt/ros/jazzy/opt/gz_sim_vendor:/opt/ros/jazzy/opt/gz_sensors_vendor:/opt/ros/jazzy/opt/gz_physics_vendor:/opt/ros/jazzy/opt/sdformat_vendor:/opt/ros/jazzy/opt/gz_gui_vendor:/opt/ros/jazzy/opt/gz_transport_vendor:/opt/ros/jazzy/opt/gz_rendering_vendor:/opt/ros/jazzy/opt/gz_plugin_vendor:/opt/ros/jazzy/opt/gz_fuel_tools_vendor:/opt/ros/jazzy/opt/gz_msgs_vendor:/opt/ros/jazzy/opt/gz_common_vendor:/opt/ros/jazzy/opt/gz_math_vendor:/opt/ros/jazzy/opt/gz_utils_vendor:/opt/ros/jazzy/opt/gz_tools_vendor:/opt/ros/jazzy/opt/gz_ogre_next_vendor:/opt/ros/jazzy/opt/gz_dartsim_vendor:/opt/ros/jazzy/opt/gz_cmake_vendor:/home/student36/ros2_tutorial_workspace/install/the_simplest_python_package:/home/student36/ros2_tutorial_workspace/install/python_package_with_a_node:/home/student36/ros2_tutorial_workspace/install/python_package_that_uses_the_library:/home/student36/ros2_tutorial_workspace/install/python_package_with_a_library:/home/student36/ros2_tutorial_workspace/install/python_package_that_uses_the_services:/home/student36/ros2_tutorial_workspace/install/python_package_that_uses_the_actions:/home/student36/ros2_tutorial_workspace/install/python_package_that_uses_tf2:/home/student36/ros2_tutorial_workspace/install/python_package_that_uses_parameters_and_launch_files:/home/student36/ros2_tutorial_workspace/install/python_package_that_uses_nottf2:/home/student36/ros2_tutorial_workspace/install/python_package_that_uses_nav2:/home/student36/ros2_tutorial_workspace/install/python_package_that_uses_messages:/home/student36/ros2_tutorial_workspace/install/python_package_that_uses_geometry_msgs:/home/student36/ros2_tutorial_workspace/install/python_package_that_uses_gazebo:/home/student36/ws_moveit/install/moveit_configs_utils:/home/student36/elephant_arm_ws/install/mycobot_description:/opt/ros/jazzy DEBUGINFOD_URLS=https://debuginfod.ubuntu.com /usr/bin/cmake --install /home/student36/RoboticsDesignProject/Git-repos/LeoRover-Team7/elephant_arm_ws/build/mycobot_ros2
[1.587s] Level 1:colcon.colcon_core.environment:checking '/home/student36/RoboticsDesignProject/Git-repos/LeoRover-Team7/elephant_arm_ws/install/mycobot_ros2' for CMake config files
[1.588s] Level 1:colcon.colcon_core.shell:create_environment_hook('mycobot_ros2', 'cmake_prefix_path')
[1.588s] INFO:colcon.colcon_core.shell:Creating environment hook '/home/student36/RoboticsDesignProject/Git-repos/LeoRover-Team7/elephant_arm_ws/install/mycobot_ros2/share/mycobot_ros2/hook/cmake_prefix_path.ps1'
[1.589s] INFO:colcon.colcon_core.shell:Creating environment descriptor '/home/student36/RoboticsDesignProject/Git-repos/LeoRover-Team7/elephant_arm_ws/install/mycobot_ros2/share/mycobot_ros2/hook/cmake_prefix_path.dsv'
[1.590s] INFO:colcon.colcon_core.shell:Creating environment hook '/home/student36/RoboticsDesignProject/Git-repos/LeoRover-Team7/elephant_arm_ws/install/mycobot_ros2/share/mycobot_ros2/hook/cmake_prefix_path.sh'
[1.591s] Level 1:colcon.colcon_core.environment:checking '/home/student36/RoboticsDesignProject/Git-repos/LeoRover-Team7/elephant_arm_ws/install/mycobot_ros2/bin'
[1.591s] Level 1:colcon.colcon_core.environment:checking '/home/student36/RoboticsDesignProject/Git-repos/LeoRover-Team7/elephant_arm_ws/install/mycobot_ros2/lib/pkgconfig/mycobot_ros2.pc'
[1.592s] Level 1:colcon.colcon_core.environment:checking '/home/student36/RoboticsDesignProject/Git-repos/LeoRover-Team7/elephant_arm_ws/install/mycobot_ros2/lib/python3.12/site-packages'
[1.593s] Level 1:colcon.colcon_core.environment:checking '/home/student36/RoboticsDesignProject/Git-repos/LeoRover-Team7/elephant_arm_ws/install/mycobot_ros2/bin'
[1.593s] INFO:colcon.colcon_core.shell:Creating package script '/home/student36/RoboticsDesignProject/Git-repos/LeoRover-Team7/elephant_arm_ws/install/mycobot_ros2/share/mycobot_ros2/package.ps1'
[1.594s] INFO:colcon.colcon_core.shell:Creating package descriptor '/home/student36/RoboticsDesignProject/Git-repos/LeoRover-Team7/elephant_arm_ws/install/mycobot_ros2/share/mycobot_ros2/package.dsv'
[1.595s] INFO:colcon.colcon_core.shell:Creating package script '/home/student36/RoboticsDesignProject/Git-repos/LeoRover-Team7/elephant_arm_ws/install/mycobot_ros2/share/mycobot_ros2/package.sh'
[1.596s] INFO:colcon.colcon_core.shell:Creating package script '/home/student36/RoboticsDesignProject/Git-repos/LeoRover-Team7/elephant_arm_ws/install/mycobot_ros2/share/mycobot_ros2/package.bash'
[1.597s] INFO:colcon.colcon_core.shell:Creating package script '/home/student36/RoboticsDesignProject/Git-repos/LeoRover-Team7/elephant_arm_ws/install/mycobot_ros2/share/mycobot_ros2/package.zsh'
[1.597s] Level 1:colcon.colcon_core.environment:create_file_with_runtime_dependencies(/home/student36/RoboticsDesignProject/Git-repos/LeoRover-Team7/elephant_arm_ws/install/mycobot_ros2/share/colcon-core/packages/mycobot_ros2)
[1.599s] Level 1:colcon.colcon_core.environment:create_environment_scripts_only(mycobot_ros2)
[1.599s] Level 1:colcon.colcon_core.environment:checking '/home/student36/RoboticsDesignProject/Git-repos/LeoRover-Team7/elephant_arm_ws/install/mycobot_ros2' for CMake module files
[1.600s] Level 1:colcon.colcon_core.environment:checking '/home/student36/RoboticsDesignProject/Git-repos/LeoRover-Team7/elephant_arm_ws/install/mycobot_ros2' for CMake config files
[1.601s] Level 1:colcon.colcon_core.shell:create_environment_hook('mycobot_ros2', 'cmake_prefix_path')
[1.601s] INFO:colcon.colcon_core.shell:Creating environment hook '/home/student36/RoboticsDesignProject/Git-repos/LeoRover-Team7/elephant_arm_ws/install/mycobot_ros2/share/mycobot_ros2/hook/cmake_prefix_path.ps1'
[1.602s] INFO:colcon.colcon_core.shell:Creating environment descriptor '/home/student36/RoboticsDesignProject/Git-repos/LeoRover-Team7/elephant_arm_ws/install/mycobot_ros2/share/mycobot_ros2/hook/cmake_prefix_path.dsv'
[1.603s] INFO:colcon.colcon_core.shell:Creating environment hook '/home/student36/RoboticsDesignProject/Git-repos/LeoRover-Team7/elephant_arm_ws/install/mycobot_ros2/share/mycobot_ros2/hook/cmake_prefix_path.sh'
[1.604s] Level 1:colcon.colcon_core.environment:checking '/home/student36/RoboticsDesignProject/Git-repos/LeoRover-Team7/elephant_arm_ws/install/mycobot_ros2/bin'
[1.605s] Level 1:colcon.colcon_core.environment:checking '/home/student36/RoboticsDesignProject/Git-repos/LeoRover-Team7/elephant_arm_ws/install/mycobot_ros2/lib/pkgconfig/mycobot_ros2.pc'
[1.605s] Level 1:colcon.colcon_core.environment:checking '/home/student36/RoboticsDesignProject/Git-repos/LeoRover-Team7/elephant_arm_ws/install/mycobot_ros2/lib/python3.12/site-packages'
[1.606s] Level 1:colcon.colcon_core.environment:checking '/home/student36/RoboticsDesignProject/Git-repos/LeoRover-Team7/elephant_arm_ws/install/mycobot_ros2/bin'
[1.607s] INFO:colcon.colcon_core.shell:Creating package script '/home/student36/RoboticsDesignProject/Git-repos/LeoRover-Team7/elephant_arm_ws/install/mycobot_ros2/share/mycobot_ros2/package.ps1'
[1.608s] INFO:colcon.colcon_core.shell:Creating package descriptor '/home/student36/RoboticsDesignProject/Git-repos/LeoRover-Team7/elephant_arm_ws/install/mycobot_ros2/share/mycobot_ros2/package.dsv'
[1.609s] INFO:colcon.colcon_core.shell:Creating package script '/home/student36/RoboticsDesignProject/Git-repos/LeoRover-Team7/elephant_arm_ws/install/mycobot_ros2/share/mycobot_ros2/package.sh'
[1.610s] INFO:colcon.colcon_core.shell:Creating package script '/home/student36/RoboticsDesignProject/Git-repos/LeoRover-Team7/elephant_arm_ws/install/mycobot_ros2/share/mycobot_ros2/package.bash'
[1.611s] INFO:colcon.colcon_core.shell:Creating package script '/home/student36/RoboticsDesignProject/Git-repos/LeoRover-Team7/elephant_arm_ws/install/mycobot_ros2/share/mycobot_ros2/package.zsh'
[1.612s] Level 1:colcon.colcon_core.environment:create_file_with_runtime_dependencies(/home/student36/RoboticsDesignProject/Git-repos/LeoRover-Team7/elephant_arm_ws/install/mycobot_ros2/share/colcon-core/packages/mycobot_ros2)
[1.941s] DEBUG:colcon.colcon_core.event_handler.log_command:Invoked command in '/home/student36/RoboticsDesignProject/Git-repos/LeoRover-Team7/elephant_arm_ws/build/moveit_task_constructor_msgs' returned '0': CMAKE_PREFIX_PATH=${CMAKE_PREFIX_PATH}:/home/student36/ros2_tutorial_workspace/install/the_simplest_python_package:/home/student36/ros2_tutorial_workspace/install/python_package_with_a_node:/home/student36/ros2_tutorial_workspace/install/python_package_that_uses_the_library:/home/student36/ros2_tutorial_workspace/install/python_package_with_a_library:/home/student36/ros2_tutorial_workspace/install/python_package_that_uses_the_services:/home/student36/ros2_tutorial_workspace/install/python_package_that_uses_the_actions:/home/student36/ros2_tutorial_workspace/install/python_package_that_uses_tf2:/home/student36/ros2_tutorial_workspace/install/python_package_that_uses_parameters_and_launch_files:/home/student36/ros2_tutorial_workspace/install/python_package_that_uses_nottf2:/home/student36/ros2_tutorial_workspace/install/python_package_that_uses_nav2:/home/student36/ros2_tutorial_workspace/install/python_package_that_uses_messages:/home/student36/ros2_tutorial_workspace/install/python_package_that_uses_geometry_msgs:/home/student36/ros2_tutorial_workspace/install/python_package_that_uses_gazebo:/home/student36/ws_moveit/install/moveit_configs_utils:/home/student36/elephant_arm_ws/install/mycobot_description:/opt/ros/jazzy DEBUGINFOD_URLS=https://debuginfod.ubuntu.com /usr/bin/cmake --build /home/student36/RoboticsDesignProject/Git-repos/LeoRover-Team7/elephant_arm_ws/build/moveit_task_constructor_msgs -- -j12 -l12
[1.948s] DEBUG:colcon.colcon_core.event_handler.log_command:Invoking command in '/home/student36/RoboticsDesignProject/Git-repos/LeoRover-Team7/elephant_arm_ws/build/moveit_task_constructor_msgs': CMAKE_PREFIX_PATH=${CMAKE_PREFIX_PATH}:/home/student36/ros2_tutorial_workspace/install/the_simplest_python_package:/home/student36/ros2_tutorial_workspace/install/python_package_with_a_node:/home/student36/ros2_tutorial_workspace/install/python_package_that_uses_the_library:/home/student36/ros2_tutorial_workspace/install/python_package_with_a_library:/home/student36/ros2_tutorial_workspace/install/python_package_that_uses_the_services:/home/student36/ros2_tutorial_workspace/install/python_package_that_uses_the_actions:/home/student36/ros2_tutorial_workspace/install/python_package_that_uses_tf2:/home/student36/ros2_tutorial_workspace/install/python_package_that_uses_parameters_and_launch_files:/home/student36/ros2_tutorial_workspace/install/python_package_that_uses_nottf2:/home/student36/ros2_tutorial_workspace/install/python_package_that_uses_nav2:/home/student36/ros2_tutorial_workspace/install/python_package_that_uses_messages:/home/student36/ros2_tutorial_workspace/install/python_package_that_uses_geometry_msgs:/home/student36/ros2_tutorial_workspace/install/python_package_that_uses_gazebo:/home/student36/ws_moveit/install/moveit_configs_utils:/home/student36/elephant_arm_ws/install/mycobot_description:/opt/ros/jazzy DEBUGINFOD_URLS=https://debuginfod.ubuntu.com /usr/bin/cmake --install /home/student36/RoboticsDesignProject/Git-repos/LeoRover-Team7/elephant_arm_ws/build/moveit_task_constructor_msgs
[2.147s] Level 1:colcon.colcon_core.environment:create_environment_scripts_only(moveit_task_constructor_msgs)
[2.148s] Level 1:colcon.colcon_core.environment:checking '/home/student36/RoboticsDesignProject/Git-repos/LeoRover-Team7/elephant_arm_ws/install/moveit_task_constructor_msgs' for CMake module files
[2.150s] DEBUG:colcon.colcon_core.event_handler.log_command:Invoked command in '/home/student36/RoboticsDesignProject/Git-repos/LeoRover-Team7/elephant_arm_ws/build/moveit_task_constructor_msgs' returned '0': CMAKE_PREFIX_PATH=${CMAKE_PREFIX_PATH}:/home/student36/ros2_tutorial_workspace/install/the_simplest_python_package:/home/student36/ros2_tutorial_workspace/install/python_package_with_a_node:/home/student36/ros2_tutorial_workspace/install/python_package_that_uses_the_library:/home/student36/ros2_tutorial_workspace/install/python_package_with_a_library:/home/student36/ros2_tutorial_workspace/install/python_package_that_uses_the_services:/home/student36/ros2_tutorial_workspace/install/python_package_that_uses_the_actions:/home/student36/ros2_tutorial_workspace/install/python_package_that_uses_tf2:/home/student36/ros2_tutorial_workspace/install/python_package_that_uses_parameters_and_launch_files:/home/student36/ros2_tutorial_workspace/install/python_package_that_uses_nottf2:/home/student36/ros2_tutorial_workspace/install/python_package_that_uses_nav2:/home/student36/ros2_tutorial_workspace/install/python_package_that_uses_messages:/home/student36/ros2_tutorial_workspace/install/python_package_that_uses_geometry_msgs:/home/student36/ros2_tutorial_workspace/install/python_package_that_uses_gazebo:/home/student36/ws_moveit/install/moveit_configs_utils:/home/student36/elephant_arm_ws/install/mycobot_description:/opt/ros/jazzy DEBUGINFOD_URLS=https://debuginfod.ubuntu.com /usr/bin/cmake --install /home/student36/RoboticsDesignProject/Git-repos/LeoRover-Team7/elephant_arm_ws/build/moveit_task_constructor_msgs
[2.152s] Level 1:colcon.colcon_core.environment:checking '/home/student36/RoboticsDesignProject/Git-repos/LeoRover-Team7/elephant_arm_ws/install/moveit_task_constructor_msgs' for CMake config files
[2.154s] Level 1:colcon.colcon_core.shell:create_environment_hook('moveit_task_constructor_msgs', 'cmake_prefix_path')
[2.155s] INFO:colcon.colcon_core.shell:Creating environment hook '/home/student36/RoboticsDesignProject/Git-repos/LeoRover-Team7/elephant_arm_ws/install/moveit_task_constructor_msgs/share/moveit_task_constructor_msgs/hook/cmake_prefix_path.ps1'
[2.156s] INFO:colcon.colcon_core.shell:Creating environment descriptor '/home/student36/RoboticsDesignProject/Git-repos/LeoRover-Team7/elephant_arm_ws/install/moveit_task_constructor_msgs/share/moveit_task_constructor_msgs/hook/cmake_prefix_path.dsv'
[2.158s] INFO:colcon.colcon_core.shell:Creating environment hook '/home/student36/RoboticsDesignProject/Git-repos/LeoRover-Team7/elephant_arm_ws/install/moveit_task_constructor_msgs/share/moveit_task_constructor_msgs/hook/cmake_prefix_path.sh'
[2.161s] Level 1:colcon.colcon_core.environment:checking '/home/student36/RoboticsDesignProject/Git-repos/LeoRover-Team7/elephant_arm_ws/install/moveit_task_constructor_msgs/lib'
[2.161s] Level 1:colcon.colcon_core.shell:create_environment_hook('moveit_task_constructor_msgs', 'ld_library_path_lib')
[2.162s] INFO:colcon.colcon_core.shell:Creating environment hook '/home/student36/RoboticsDesignProject/Git-repos/LeoRover-Team7/elephant_arm_ws/install/moveit_task_constructor_msgs/share/moveit_task_constructor_msgs/hook/ld_library_path_lib.ps1'
[2.163s] INFO:colcon.colcon_core.shell:Creating environment descriptor '/home/student36/RoboticsDesignProject/Git-repos/LeoRover-Team7/elephant_arm_ws/install/moveit_task_constructor_msgs/share/moveit_task_constructor_msgs/hook/ld_library_path_lib.dsv'
[2.164s] INFO:colcon.colcon_core.shell:Creating environment hook '/home/student36/RoboticsDesignProject/Git-repos/LeoRover-Team7/elephant_arm_ws/install/moveit_task_constructor_msgs/share/moveit_task_constructor_msgs/hook/ld_library_path_lib.sh'
[2.165s] Level 1:colcon.colcon_core.environment:checking '/home/student36/RoboticsDesignProject/Git-repos/LeoRover-Team7/elephant_arm_ws/install/moveit_task_constructor_msgs/bin'
[2.165s] Level 1:colcon.colcon_core.environment:checking '/home/student36/RoboticsDesignProject/Git-repos/LeoRover-Team7/elephant_arm_ws/install/moveit_task_constructor_msgs/lib/pkgconfig/moveit_task_constructor_msgs.pc'
[2.166s] Level 1:colcon.colcon_core.environment:checking '/home/student36/RoboticsDesignProject/Git-repos/LeoRover-Team7/elephant_arm_ws/install/moveit_task_constructor_msgs/lib/python3.12/site-packages'
[2.166s] Level 1:colcon.colcon_core.shell:create_environment_hook('moveit_task_constructor_msgs', 'pythonpath')
[2.167s] INFO:colcon.colcon_core.shell:Creating environment hook '/home/student36/RoboticsDesignProject/Git-repos/LeoRover-Team7/elephant_arm_ws/install/moveit_task_constructor_msgs/share/moveit_task_constructor_msgs/hook/pythonpath.ps1'
[2.168s] INFO:colcon.colcon_core.shell:Creating environment descriptor '/home/student36/RoboticsDesignProject/Git-repos/LeoRover-Team7/elephant_arm_ws/install/moveit_task_constructor_msgs/share/moveit_task_constructor_msgs/hook/pythonpath.dsv'
[2.169s] INFO:colcon.colcon_core.shell:Creating environment hook '/home/student36/RoboticsDesignProject/Git-repos/LeoRover-Team7/elephant_arm_ws/install/moveit_task_constructor_msgs/share/moveit_task_constructor_msgs/hook/pythonpath.sh'
[2.172s] Level 1:colcon.colcon_core.environment:checking '/home/student36/RoboticsDesignProject/Git-repos/LeoRover-Team7/elephant_arm_ws/install/moveit_task_constructor_msgs/bin'
[2.173s] INFO:colcon.colcon_core.shell:Creating package script '/home/student36/RoboticsDesignProject/Git-repos/LeoRover-Team7/elephant_arm_ws/install/moveit_task_constructor_msgs/share/moveit_task_constructor_msgs/package.ps1'
[2.174s] INFO:colcon.colcon_core.shell:Creating package descriptor '/home/student36/RoboticsDesignProject/Git-repos/LeoRover-Team7/elephant_arm_ws/install/moveit_task_constructor_msgs/share/moveit_task_constructor_msgs/package.dsv'
[2.175s] INFO:colcon.colcon_core.shell:Creating package script '/home/student36/RoboticsDesignProject/Git-repos/LeoRover-Team7/elephant_arm_ws/install/moveit_task_constructor_msgs/share/moveit_task_constructor_msgs/package.sh'
[2.176s] INFO:colcon.colcon_core.shell:Creating package script '/home/student36/RoboticsDesignProject/Git-repos/LeoRover-Team7/elephant_arm_ws/install/moveit_task_constructor_msgs/share/moveit_task_constructor_msgs/package.bash'
[2.177s] INFO:colcon.colcon_core.shell:Creating package script '/home/student36/RoboticsDesignProject/Git-repos/LeoRover-Team7/elephant_arm_ws/install/moveit_task_constructor_msgs/share/moveit_task_constructor_msgs/package.zsh'
[2.178s] Level 1:colcon.colcon_core.environment:create_file_with_runtime_dependencies(/home/student36/RoboticsDesignProject/Git-repos/LeoRover-Team7/elephant_arm_ws/install/moveit_task_constructor_msgs/share/colcon-core/packages/moveit_task_constructor_msgs)
[2.179s] Level 1:colcon.colcon_core.environment:create_environment_scripts_only(moveit_task_constructor_msgs)
[2.179s] Level 1:colcon.colcon_core.environment:checking '/home/student36/RoboticsDesignProject/Git-repos/LeoRover-Team7/elephant_arm_ws/install/moveit_task_constructor_msgs' for CMake module files
[2.181s] Level 1:colcon.colcon_core.environment:checking '/home/student36/RoboticsDesignProject/Git-repos/LeoRover-Team7/elephant_arm_ws/install/moveit_task_constructor_msgs' for CMake config files
[2.182s] Level 1:colcon.colcon_core.shell:create_environment_hook('moveit_task_constructor_msgs', 'cmake_prefix_path')
[2.183s] INFO:colcon.colcon_core.shell:Creating environment hook '/home/student36/RoboticsDesignProject/Git-repos/LeoRover-Team7/elephant_arm_ws/install/moveit_task_constructor_msgs/share/moveit_task_constructor_msgs/hook/cmake_prefix_path.ps1'
[2.184s] INFO:colcon.colcon_core.shell:Creating environment descriptor '/home/student36/RoboticsDesignProject/Git-repos/LeoRover-Team7/elephant_arm_ws/install/moveit_task_constructor_msgs/share/moveit_task_constructor_msgs/hook/cmake_prefix_path.dsv'
[2.185s] INFO:colcon.colcon_core.shell:Creating environment hook '/home/student36/RoboticsDesignProject/Git-repos/LeoRover-Team7/elephant_arm_ws/install/moveit_task_constructor_msgs/share/moveit_task_constructor_msgs/hook/cmake_prefix_path.sh'
[2.186s] Level 1:colcon.colcon_core.environment:checking '/home/student36/RoboticsDesignProject/Git-repos/LeoRover-Team7/elephant_arm_ws/install/moveit_task_constructor_msgs/lib'
[2.186s] Level 1:colcon.colcon_core.shell:create_environment_hook('moveit_task_constructor_msgs', 'ld_library_path_lib')
[2.187s] INFO:colcon.colcon_core.shell:Creating environment hook '/home/student36/RoboticsDesignProject/Git-repos/LeoRover-Team7/elephant_arm_ws/install/moveit_task_constructor_msgs/share/moveit_task_constructor_msgs/hook/ld_library_path_lib.ps1'
[2.188s] INFO:colcon.colcon_core.shell:Creating environment descriptor '/home/student36/RoboticsDesignProject/Git-repos/LeoRover-Team7/elephant_arm_ws/install/moveit_task_constructor_msgs/share/moveit_task_constructor_msgs/hook/ld_library_path_lib.dsv'
[2.188s] INFO:colcon.colcon_core.shell:Creating environment hook '/home/student36/RoboticsDesignProject/Git-repos/LeoRover-Team7/elephant_arm_ws/install/moveit_task_constructor_msgs/share/moveit_task_constructor_msgs/hook/ld_library_path_lib.sh'
[2.189s] Level 1:colcon.colcon_core.environment:checking '/home/student36/RoboticsDesignProject/Git-repos/LeoRover-Team7/elephant_arm_ws/install/moveit_task_constructor_msgs/bin'
[2.189s] Level 1:colcon.colcon_core.environment:checking '/home/student36/RoboticsDesignProject/Git-repos/LeoRover-Team7/elephant_arm_ws/install/moveit_task_constructor_msgs/lib/pkgconfig/moveit_task_constructor_msgs.pc'
[2.190s] Level 1:colcon.colcon_core.environment:checking '/home/student36/RoboticsDesignProject/Git-repos/LeoRover-Team7/elephant_arm_ws/install/moveit_task_constructor_msgs/lib/python3.12/site-packages'
[2.190s] Level 1:colcon.colcon_core.shell:create_environment_hook('moveit_task_constructor_msgs', 'pythonpath')
[2.191s] INFO:colcon.colcon_core.shell:Creating environment hook '/home/student36/RoboticsDesignProject/Git-repos/LeoRover-Team7/elephant_arm_ws/install/moveit_task_constructor_msgs/share/moveit_task_constructor_msgs/hook/pythonpath.ps1'
[2.192s] INFO:colcon.colcon_core.shell:Creating environment descriptor '/home/student36/RoboticsDesignProject/Git-repos/LeoRover-Team7/elephant_arm_ws/install/moveit_task_constructor_msgs/share/moveit_task_constructor_msgs/hook/pythonpath.dsv'
[2.193s] INFO:colcon.colcon_core.shell:Creating environment hook '/home/student36/RoboticsDesignProject/Git-repos/LeoRover-Team7/elephant_arm_ws/install/moveit_task_constructor_msgs/share/moveit_task_constructor_msgs/hook/pythonpath.sh'
[2.194s] Level 1:colcon.colcon_core.environment:checking '/home/student36/RoboticsDesignProject/Git-repos/LeoRover-Team7/elephant_arm_ws/install/moveit_task_constructor_msgs/bin'
[2.195s] INFO:colcon.colcon_core.shell:Creating package script '/home/student36/RoboticsDesignProject/Git-repos/LeoRover-Team7/elephant_arm_ws/install/moveit_task_constructor_msgs/share/moveit_task_constructor_msgs/package.ps1'
[2.195s] INFO:colcon.colcon_core.shell:Creating package descriptor '/home/student36/RoboticsDesignProject/Git-repos/LeoRover-Team7/elephant_arm_ws/install/moveit_task_constructor_msgs/share/moveit_task_constructor_msgs/package.dsv'
[2.196s] INFO:colcon.colcon_core.shell:Creating package script '/home/student36/RoboticsDesignProject/Git-repos/LeoRover-Team7/elephant_arm_ws/install/moveit_task_constructor_msgs/share/moveit_task_constructor_msgs/package.sh'
[2.196s] INFO:colcon.colcon_core.shell:Creating package script '/home/student36/RoboticsDesignProject/Git-repos/LeoRover-Team7/elephant_arm_ws/install/moveit_task_constructor_msgs/share/moveit_task_constructor_msgs/package.bash'
[2.197s] INFO:colcon.colcon_core.shell:Creating package script '/home/student36/RoboticsDesignProject/Git-repos/LeoRover-Team7/elephant_arm_ws/install/moveit_task_constructor_msgs/share/moveit_task_constructor_msgs/package.zsh'
[2.197s] Level 1:colcon.colcon_core.environment:create_file_with_runtime_dependencies(/home/student36/RoboticsDesignProject/Git-repos/LeoRover-Team7/elephant_arm_ws/install/moveit_task_constructor_msgs/share/colcon-core/packages/moveit_task_constructor_msgs)
[2.197s] INFO:colcon.colcon_ros.task.ament_cmake.build:Building ROS package in '/home/student36/RoboticsDesignProject/Git-repos/LeoRover-Team7/elephant_arm_ws/src/moveit_task_constructor/core' with build type 'ament_cmake'
[2.198s] INFO:colcon.colcon_cmake.task.cmake.build:Building CMake package in '/home/student36/RoboticsDesignProject/Git-repos/LeoRover-Team7/elephant_arm_ws/src/moveit_task_constructor/core'
[2.198s] INFO:colcon.colcon_core.shell:Skip shell extension 'powershell' for command environment: Not usable outside of PowerShell
[2.198s] DEBUG:colcon.colcon_core.shell:Skip shell extension 'dsv' for command environment
[2.244s] DEBUG:colcon.colcon_core.event_handler.log_command:Invoking command in '/home/student36/RoboticsDesignProject/Git-repos/LeoRover-Team7/elephant_arm_ws/build/moveit_task_constructor_core': CMAKE_PREFIX_PATH=/home/student36/RoboticsDesignProject/Git-repos/LeoRover-Team7/elephant_arm_ws/install/rviz_marker_tools:/home/student36/RoboticsDesignProject/Git-repos/LeoRover-Team7/elephant_arm_ws/install/moveit_task_constructor_msgs:/home/student36/RoboticsDesignProject/Git-repos/LeoRover-Team7/elephant_arm_ws/install/mtc_tutorial:/home/student36/RoboticsDesignProject/Git-repos/LeoRover-Team7/elephant_arm_ws/install/moveit_task_constructor_demo:/home/student36/RoboticsDesignProject/Git-repos/LeoRover-Team7/elephant_arm_ws/install/moveit_task_constructor_visualization:/home/student36/RoboticsDesignProject/Git-repos/LeoRover-Team7/elephant_arm_ws/install/moveit_task_constructor_capabilities:/home/student36/RoboticsDesignProject/Git-repos/LeoRover-Team7/elephant_arm_ws/install/moveit_task_constructor_core:/home/student36/RoboticsDesignProject/Git-repos/LeoRover-Team7/elephant_arm_ws/install/mycobot_ros2:/home/student36/RoboticsDesignProject/Git-repos/LeoRover-Team7/elephant_arm_ws/install/mycobot_moveit_config:/home/student36/RoboticsDesignProject/Git-repos/LeoRover-Team7/elephant_arm_ws/install/mycobot_gazebo:/home/student36/RoboticsDesignProject/Git-repos/LeoRover-Team7/elephant_arm_ws/install/mycobot_description:/home/student36/RoboticsDesignProject/Git-repos/LeoRover-Team7/elephant_arm_ws/install/mycobot_bringup:/home/student36/RoboticsDesignProject/Git-repos/LeoRover-Team7/elephant_arm_ws/install/hello_moveit:/home/student36/ros2_tutorial_workspace/install/package_with_interfaces:/home/student36/ws_moveit/install/robotiq_hardware_tests:/home/student36/ws_moveit/install/robotiq_driver:/home/student36/ws_moveit/install/serial:/home/student36/ws_moveit/install/moveit2_tutorials:/home/student36/ws_moveit/install/hello_moveit:/home/student36/ws_moveit/install/moveit_visual_tools:/home/student36/ws_moveit/install/rviz_visual_tools:/home/student36/ws_moveit/install/mtc_tutorial:/home/student36/ws_moveit/install/moveit_task_constructor_demo:/home/student36/ws_moveit/install/moveit_task_constructor_visualization:/home/student36/ws_moveit/install/moveit_task_constructor_capabilities:/home/student36/ws_moveit/install/elephant:/home/student36/ws_moveit/install/moveit_task_constructor_core:/home/student36/ws_moveit/install/rviz_marker_tools:/home/student36/ws_moveit/install/kortex_bringup:/home/student36/ws_moveit/install/kinova_gen3_lite_moveit_config:/home/student36/ws_moveit/install/kinova_gen3_7dof_robotiq_2f_85_moveit_config:/home/student36/ws_moveit/install/kinova_gen3_6dof_robotiq_2f_85_moveit_config:/home/student36/ws_moveit/install/kortex_description:/home/student36/ws_moveit/install/robotiq_description:/home/student36/ws_moveit/install/robotiq_controllers:/home/student36/ws_moveit/install/pilz_industrial_motion_planner_testutils:/home/student36/ws_moveit/install/mycobot_280_moveit2:/home/student36/ws_moveit/install/moveit_runtime:/home/student36/ws_moveit/install/moveit:/home/student36/ws_moveit/install/elephant_arm:/home/student36/ws_moveit/install/moveit_planners:/home/student36/ws_moveit/install/pilz_industrial_motion_planner:/home/student36/ws_moveit/install/mycobot_description:/home/student36/ws_moveit/install/moveit_task_constructor_msgs:/home/student36/ws_moveit/install/moveit_ros_control_interface:/home/student36/ws_moveit/install/moveit_plugins:/home/student36/ws_moveit/install/moveit_simple_controller_manager:/home/student36/ws_moveit/install/moveit_setup_assistant:/home/student36/ws_moveit/install/moveit_setup_srdf_plugins:/home/student36/ws_moveit/install/moveit_setup_core_plugins:/home/student36/ws_moveit/install/moveit_setup_controllers:/home/student36/ws_moveit/install/moveit_setup_app_plugins:/home/student36/ws_moveit/install/moveit_setup_framework:/home/student36/ws_moveit/install/moveit_servo:/home/student36/ws_moveit/install/moveit_ros_trajectory_cache:/home/student36/ws_moveit/install/moveit_ros:/home/student36/ws_moveit/install/moveit_ros_visualization:/home/student36/ws_moveit/install/moveit_py:/home/student36/ws_moveit/install/moveit_hybrid_planning:/home/student36/ws_moveit/install/moveit_ros_planning_interface:/home/student36/ws_moveit/install/moveit_ros_benchmarks:/home/student36/ws_moveit/install/moveit_ros_warehouse:/home/student36/ws_moveit/install/moveit_ros_robot_interaction:/home/student36/ws_moveit/install/moveit_ros_perception:/home/student36/ws_moveit/install/moveit_resources_prbt_pg70_support:/home/student36/ws_moveit/install/moveit_resources_prbt_moveit_config:/home/student36/ws_moveit/install/moveit_ros_move_group:/home/student36/ws_moveit/install/moveit_planners_ompl:/home/student36/ws_moveit/install/moveit_kinematics:/home/student36/ws_moveit/install/moveit_ros_planning:/home/student36/ws_moveit/install/moveit_ros_occupancy_map_monitor:/home/student36/ws_moveit/install/moveit_resources_prbt_support:/home/student36/ws_moveit/install/moveit_resources_prbt_ikfast_manipulator_plugin:/home/student36/ws_moveit/install/moveit_resources:/home/student36/ws_moveit/install/moveit_resources_pr2_description:/home/student36/ws_moveit/install/moveit_resources_panda_moveit_config:/home/student36/ws_moveit/install/dual_arm_panda_moveit_config:/home/student36/ws_moveit/install/moveit_resources_panda_description:/home/student36/ws_moveit/install/moveit_resources_fanuc_moveit_config:/home/student36/ws_moveit/install/moveit_resources_fanuc_description:/home/student36/ws_moveit/install/moveit_planners_stomp:/home/student36/ws_moveit/install/moveit_planners_chomp:/home/student36/ws_moveit/install/chomp_motion_planner:/home/student36/ws_moveit/install/moveit_core:/home/student36/ws_moveit/install/moveit_msgs:/home/student36/ws_moveit/install/moveit_common:/home/student36/ws_moveit/install/kortex_driver:/home/student36/ws_moveit/install/kortex_api:/home/student36/rplidar_ws/install/rplidar_ros:/home/student36/elephant_arm_ws/install/mycobot_280_moveit2:/opt/ros/jazzy/opt/gz_sim_vendor:/opt/ros/jazzy/opt/gz_sensors_vendor:/opt/ros/jazzy/opt/gz_physics_vendor:/opt/ros/jazzy/opt/sdformat_vendor:/opt/ros/jazzy/opt/gz_gui_vendor:/opt/ros/jazzy/opt/gz_transport_vendor:/opt/ros/jazzy/opt/gz_rendering_vendor:/opt/ros/jazzy/opt/gz_plugin_vendor:/opt/ros/jazzy/opt/gz_fuel_tools_vendor:/opt/ros/jazzy/opt/gz_msgs_vendor:/opt/ros/jazzy/opt/gz_common_vendor:/opt/ros/jazzy/opt/gz_math_vendor:/opt/ros/jazzy/opt/gz_utils_vendor:/opt/ros/jazzy/opt/gz_tools_vendor:/opt/ros/jazzy/opt/gz_ogre_next_vendor:/opt/ros/jazzy/opt/gz_dartsim_vendor:/opt/ros/jazzy/opt/gz_cmake_vendor:/home/student36/ros2_tutorial_workspace/install/the_simplest_python_package:/home/student36/ros2_tutorial_workspace/install/python_package_with_a_node:/home/student36/ros2_tutorial_workspace/install/python_package_that_uses_the_library:/home/student36/ros2_tutorial_workspace/install/python_package_with_a_library:/home/student36/ros2_tutorial_workspace/install/python_package_that_uses_the_services:/home/student36/ros2_tutorial_workspace/install/python_package_that_uses_the_actions:/home/student36/ros2_tutorial_workspace/install/python_package_that_uses_tf2:/home/student36/ros2_tutorial_workspace/install/python_package_that_uses_parameters_and_launch_files:/home/student36/ros2_tutorial_workspace/install/python_package_that_uses_nottf2:/home/student36/ros2_tutorial_workspace/install/python_package_that_uses_nav2:/home/student36/ros2_tutorial_workspace/install/python_package_that_uses_messages:/home/student36/ros2_tutorial_workspace/install/python_package_that_uses_geometry_msgs:/home/student36/ros2_tutorial_workspace/install/python_package_that_uses_gazebo:/home/student36/ws_moveit/install/moveit_configs_utils:/home/student36/elephant_arm_ws/install/mycobot_description:/opt/ros/jazzy DEBUGINFOD_URLS=https://debuginfod.ubuntu.com LD_LIBRARY_PATH=/home/student36/RoboticsDesignProject/Git-repos/LeoRover-Team7/elephant_arm_ws/install/rviz_marker_tools/lib:/home/student36/RoboticsDesignProject/Git-repos/LeoRover-Team7/elephant_arm_ws/install/moveit_task_constructor_msgs/lib:/home/student36/RoboticsDesignProject/Git-repos/LeoRover-Team7/elephant_arm_ws/install/moveit_task_constructor_demo/lib:/home/student36/RoboticsDesignProject/Git-repos/LeoRover-Team7/elephant_arm_ws/install/moveit_task_constructor_visualization/lib:/home/student36/RoboticsDesignProject/Git-repos/LeoRover-Team7/elephant_arm_ws/install/moveit_task_constructor_capabilities/lib:/home/student36/RoboticsDesignProject/Git-repos/LeoRover-Team7/elephant_arm_ws/install/moveit_task_constructor_core/lib:/home/student36/ros2_tutorial_workspace/install/package_with_interfaces/lib:/home/student36/ws_moveit/install/robotiq_driver/lib:/home/student36/ws_moveit/install/serial/lib:/home/student36/ws_moveit/install/moveit_visual_tools/lib:/home/student36/ws_moveit/install/rviz_visual_tools/lib:/home/student36/ws_moveit/install/moveit_task_constructor_demo/lib:/home/student36/ws_moveit/install/moveit_task_constructor_visualization/lib:/home/student36/ws_moveit/install/moveit_task_constructor_capabilities/lib:/home/student36/ws_moveit/install/moveit_task_constructor_core/lib:/home/student36/ws_moveit/install/rviz_marker_tools/lib:/home/student36/ws_moveit/install/robotiq_controllers/lib:/home/student36/ws_moveit/install/pilz_industrial_motion_planner_testutils/lib:/home/student36/ws_moveit/install/pilz_industrial_motion_planner/lib:/home/student36/ws_moveit/install/moveit_task_constructor_msgs/lib:/home/student36/ws_moveit/install/moveit_ros_control_interface/lib:/home/student36/ws_moveit/install/moveit_simple_controller_manager/lib:/home/student36/ws_moveit/install/moveit_setup_assistant/lib:/home/student36/ws_moveit/install/moveit_setup_srdf_plugins/lib:/home/student36/ws_moveit/install/moveit_setup_core_plugins/lib:/home/student36/ws_moveit/install/moveit_setup_controllers/lib:/home/student36/ws_moveit/install/moveit_setup_app_plugins/lib:/home/student36/ws_moveit/install/moveit_setup_framework/lib:/home/student36/ws_moveit/install/moveit_servo/lib:/home/student36/ws_moveit/install/moveit_ros_trajectory_cache/lib:/home/student36/ws_moveit/install/moveit_ros_visualization/lib:/home/student36/ws_moveit/install/moveit_py/lib:/home/student36/ws_moveit/install/moveit_hybrid_planning/lib:/home/student36/ws_moveit/install/moveit_ros_planning_interface/lib:/home/student36/ws_moveit/install/moveit_ros_benchmarks/lib:/home/student36/ws_moveit/install/moveit_ros_warehouse/lib:/home/student36/ws_moveit/install/moveit_ros_robot_interaction/lib:/home/student36/ws_moveit/install/moveit_ros_perception/lib:/home/student36/ws_moveit/install/moveit_ros_move_group/lib:/home/student36/ws_moveit/install/moveit_planners_ompl/lib:/home/student36/ws_moveit/install/moveit_kinematics/lib:/home/student36/ws_moveit/install/moveit_ros_planning/lib:/home/student36/ws_moveit/install/moveit_ros_occupancy_map_monitor/lib:/home/student36/ws_moveit/install/moveit_resources_prbt_ikfast_manipulator_plugin/lib:/home/student36/ws_moveit/install/moveit_planners_stomp/lib:/home/student36/ws_moveit/install/moveit_planners_chomp/lib:/home/student36/ws_moveit/install/chomp_motion_planner/lib:/home/student36/ws_moveit/install/moveit_core/lib:/home/student36/ws_moveit/install/moveit_msgs/lib:/home/student36/ws_moveit/install/kortex_driver/lib:/opt/ros/jazzy/opt/gz_sim_vendor/lib:/opt/ros/jazzy/opt/gz_sensors_vendor/lib:/opt/ros/jazzy/opt/gz_physics_vendor/lib:/opt/ros/jazzy/opt/sdformat_vendor/lib:/opt/ros/jazzy/opt/rviz_ogre_vendor/lib:/opt/ros/jazzy/lib/x86_64-linux-gnu:/opt/ros/jazzy/opt/gz_gui_vendor/lib:/opt/ros/jazzy/opt/gz_transport_vendor/lib:/opt/ros/jazzy/opt/gz_rendering_vendor/lib:/opt/ros/jazzy/opt/gz_plugin_vendor/lib:/opt/ros/jazzy/opt/gz_fuel_tools_vendor/lib:/opt/ros/jazzy/opt/gz_msgs_vendor/lib:/opt/ros/jazzy/opt/gz_common_vendor/lib:/opt/ros/jazzy/opt/gz_math_vendor/lib:/opt/ros/jazzy/opt/gz_utils_vendor/lib:/opt/ros/jazzy/opt/gz_tools_vendor/lib:/opt/ros/jazzy/opt/gz_ogre_next_vendor/lib:/opt/ros/jazzy/opt/gz_dartsim_vendor/lib:/opt/ros/jazzy/opt/gz_cmake_vendor/lib:/opt/ros/jazzy/lib PYTHONPATH=/home/student36/RoboticsDesignProject/Git-repos/LeoRover-Team7/elephant_arm_ws/install/moveit_task_constructor_msgs/lib/python3.12/site-packages:/home/student36/RoboticsDesignProject/Git-repos/LeoRover-Team7/elephant_arm_ws/install/moveit_task_constructor_core/lib/python3.12/site-packages:/home/student36/ros2_tutorial_workspace/install/the_simplest_python_package/lib/python3.12/site-packages:/home/student36/ros2_tutorial_workspace/install/python_package_with_a_node/lib/python3.12/site-packages:/home/student36/ros2_tutorial_workspace/install/python_package_that_uses_the_library/lib/python3.12/site-packages:/home/student36/ros2_tutorial_workspace/install/python_package_with_a_library/lib/python3.12/site-packages:/home/student36/ros2_tutorial_workspace/install/python_package_that_uses_the_services/lib/python3.12/site-packages:/home/student36/ros2_tutorial_workspace/install/python_package_that_uses_the_actions/lib/python3.12/site-packages:/home/student36/ros2_tutorial_workspace/install/python_package_that_uses_tf2/lib/python3.12/site-packages:/home/student36/ros2_tutorial_workspace/install/python_package_that_uses_parameters_and_launch_files/lib/python3.12/site-packages:/home/student36/ros2_tutorial_workspace/install/python_package_that_uses_nottf2/lib/python3.12/site-packages:/home/student36/ros2_tutorial_workspace/install/python_package_that_uses_nav2/lib/python3.12/site-packages:/home/student36/ros2_tutorial_workspace/install/python_package_that_uses_messages/lib/python3.12/site-packages:/home/student36/ros2_tutorial_workspace/install/python_package_that_uses_geometry_msgs/lib/python3.12/site-packages:/home/student36/ros2_tutorial_workspace/install/python_package_that_uses_gazebo/lib/python3.12/site-packages:/home/student36/ros2_tutorial_workspace/install/package_with_interfaces/lib/python3.12/site-packages:/home/student36/ws_moveit/install/moveit_task_constructor_core/lib/python3.12/site-packages:/home/student36/ws_moveit/install/mycobot_description/lib/python3.12/site-packages:/home/student36/ws_moveit/install/moveit_task_constructor_msgs/lib/python3.12/site-packages:/home/student36/ws_moveit/install/moveit_py/lib/python3.12/site-packages:/home/student36/ws_moveit/install/moveit_msgs/lib/python3.12/site-packages:/home/student36/ws_moveit/install/moveit_configs_utils/lib/python3.12/site-packages:/home/student36/elephant_arm_ws/install/mycobot_description/lib/python3.12/site-packages:/opt/ros/jazzy/lib/python3.12/site-packages /usr/bin/cmake --build /home/student36/RoboticsDesignProject/Git-repos/LeoRover-Team7/elephant_arm_ws/build/moveit_task_constructor_core -- -j12 -l12
[3.303s] DEBUG:colcon.colcon_core.event_handler.log_command:Invoked command in '/home/student36/RoboticsDesignProject/Git-repos/LeoRover-Team7/elephant_arm_ws/build/moveit_task_constructor_core' returned '0': CMAKE_PREFIX_PATH=/home/student36/RoboticsDesignProject/Git-repos/LeoRover-Team7/elephant_arm_ws/install/rviz_marker_tools:/home/student36/RoboticsDesignProject/Git-repos/LeoRover-Team7/elephant_arm_ws/install/moveit_task_constructor_msgs:/home/student36/RoboticsDesignProject/Git-repos/LeoRover-Team7/elephant_arm_ws/install/mtc_tutorial:/home/student36/RoboticsDesignProject/Git-repos/LeoRover-Team7/elephant_arm_ws/install/moveit_task_constructor_demo:/home/student36/RoboticsDesignProject/Git-repos/LeoRover-Team7/elephant_arm_ws/install/moveit_task_constructor_visualization:/home/student36/RoboticsDesignProject/Git-repos/LeoRover-Team7/elephant_arm_ws/install/moveit_task_constructor_capabilities:/home/student36/RoboticsDesignProject/Git-repos/LeoRover-Team7/elephant_arm_ws/install/moveit_task_constructor_core:/home/student36/RoboticsDesignProject/Git-repos/LeoRover-Team7/elephant_arm_ws/install/mycobot_ros2:/home/student36/RoboticsDesignProject/Git-repos/LeoRover-Team7/elephant_arm_ws/install/mycobot_moveit_config:/home/student36/RoboticsDesignProject/Git-repos/LeoRover-Team7/elephant_arm_ws/install/mycobot_gazebo:/home/student36/RoboticsDesignProject/Git-repos/LeoRover-Team7/elephant_arm_ws/install/mycobot_description:/home/student36/RoboticsDesignProject/Git-repos/LeoRover-Team7/elephant_arm_ws/install/mycobot_bringup:/home/student36/RoboticsDesignProject/Git-repos/LeoRover-Team7/elephant_arm_ws/install/hello_moveit:/home/student36/ros2_tutorial_workspace/install/package_with_interfaces:/home/student36/ws_moveit/install/robotiq_hardware_tests:/home/student36/ws_moveit/install/robotiq_driver:/home/student36/ws_moveit/install/serial:/home/student36/ws_moveit/install/moveit2_tutorials:/home/student36/ws_moveit/install/hello_moveit:/home/student36/ws_moveit/install/moveit_visual_tools:/home/student36/ws_moveit/install/rviz_visual_tools:/home/student36/ws_moveit/install/mtc_tutorial:/home/student36/ws_moveit/install/moveit_task_constructor_demo:/home/student36/ws_moveit/install/moveit_task_constructor_visualization:/home/student36/ws_moveit/install/moveit_task_constructor_capabilities:/home/student36/ws_moveit/install/elephant:/home/student36/ws_moveit/install/moveit_task_constructor_core:/home/student36/ws_moveit/install/rviz_marker_tools:/home/student36/ws_moveit/install/kortex_bringup:/home/student36/ws_moveit/install/kinova_gen3_lite_moveit_config:/home/student36/ws_moveit/install/kinova_gen3_7dof_robotiq_2f_85_moveit_config:/home/student36/ws_moveit/install/kinova_gen3_6dof_robotiq_2f_85_moveit_config:/home/student36/ws_moveit/install/kortex_description:/home/student36/ws_moveit/install/robotiq_description:/home/student36/ws_moveit/install/robotiq_controllers:/home/student36/ws_moveit/install/pilz_industrial_motion_planner_testutils:/home/student36/ws_moveit/install/mycobot_280_moveit2:/home/student36/ws_moveit/install/moveit_runtime:/home/student36/ws_moveit/install/moveit:/home/student36/ws_moveit/install/elephant_arm:/home/student36/ws_moveit/install/moveit_planners:/home/student36/ws_moveit/install/pilz_industrial_motion_planner:/home/student36/ws_moveit/install/mycobot_description:/home/student36/ws_moveit/install/moveit_task_constructor_msgs:/home/student36/ws_moveit/install/moveit_ros_control_interface:/home/student36/ws_moveit/install/moveit_plugins:/home/student36/ws_moveit/install/moveit_simple_controller_manager:/home/student36/ws_moveit/install/moveit_setup_assistant:/home/student36/ws_moveit/install/moveit_setup_srdf_plugins:/home/student36/ws_moveit/install/moveit_setup_core_plugins:/home/student36/ws_moveit/install/moveit_setup_controllers:/home/student36/ws_moveit/install/moveit_setup_app_plugins:/home/student36/ws_moveit/install/moveit_setup_framework:/home/student36/ws_moveit/install/moveit_servo:/home/student36/ws_moveit/install/moveit_ros_trajectory_cache:/home/student36/ws_moveit/install/moveit_ros:/home/student36/ws_moveit/install/moveit_ros_visualization:/home/student36/ws_moveit/install/moveit_py:/home/student36/ws_moveit/install/moveit_hybrid_planning:/home/student36/ws_moveit/install/moveit_ros_planning_interface:/home/student36/ws_moveit/install/moveit_ros_benchmarks:/home/student36/ws_moveit/install/moveit_ros_warehouse:/home/student36/ws_moveit/install/moveit_ros_robot_interaction:/home/student36/ws_moveit/install/moveit_ros_perception:/home/student36/ws_moveit/install/moveit_resources_prbt_pg70_support:/home/student36/ws_moveit/install/moveit_resources_prbt_moveit_config:/home/student36/ws_moveit/install/moveit_ros_move_group:/home/student36/ws_moveit/install/moveit_planners_ompl:/home/student36/ws_moveit/install/moveit_kinematics:/home/student36/ws_moveit/install/moveit_ros_planning:/home/student36/ws_moveit/install/moveit_ros_occupancy_map_monitor:/home/student36/ws_moveit/install/moveit_resources_prbt_support:/home/student36/ws_moveit/install/moveit_resources_prbt_ikfast_manipulator_plugin:/home/student36/ws_moveit/install/moveit_resources:/home/student36/ws_moveit/install/moveit_resources_pr2_description:/home/student36/ws_moveit/install/moveit_resources_panda_moveit_config:/home/student36/ws_moveit/install/dual_arm_panda_moveit_config:/home/student36/ws_moveit/install/moveit_resources_panda_description:/home/student36/ws_moveit/install/moveit_resources_fanuc_moveit_config:/home/student36/ws_moveit/install/moveit_resources_fanuc_description:/home/student36/ws_moveit/install/moveit_planners_stomp:/home/student36/ws_moveit/install/moveit_planners_chomp:/home/student36/ws_moveit/install/chomp_motion_planner:/home/student36/ws_moveit/install/moveit_core:/home/student36/ws_moveit/install/moveit_msgs:/home/student36/ws_moveit/install/moveit_common:/home/student36/ws_moveit/install/kortex_driver:/home/student36/ws_moveit/install/kortex_api:/home/student36/rplidar_ws/install/rplidar_ros:/home/student36/elephant_arm_ws/install/mycobot_280_moveit2:/opt/ros/jazzy/opt/gz_sim_vendor:/opt/ros/jazzy/opt/gz_sensors_vendor:/opt/ros/jazzy/opt/gz_physics_vendor:/opt/ros/jazzy/opt/sdformat_vendor:/opt/ros/jazzy/opt/gz_gui_vendor:/opt/ros/jazzy/opt/gz_transport_vendor:/opt/ros/jazzy/opt/gz_rendering_vendor:/opt/ros/jazzy/opt/gz_plugin_vendor:/opt/ros/jazzy/opt/gz_fuel_tools_vendor:/opt/ros/jazzy/opt/gz_msgs_vendor:/opt/ros/jazzy/opt/gz_common_vendor:/opt/ros/jazzy/opt/gz_math_vendor:/opt/ros/jazzy/opt/gz_utils_vendor:/opt/ros/jazzy/opt/gz_tools_vendor:/opt/ros/jazzy/opt/gz_ogre_next_vendor:/opt/ros/jazzy/opt/gz_dartsim_vendor:/opt/ros/jazzy/opt/gz_cmake_vendor:/home/student36/ros2_tutorial_workspace/install/the_simplest_python_package:/home/student36/ros2_tutorial_workspace/install/python_package_with_a_node:/home/student36/ros2_tutorial_workspace/install/python_package_that_uses_the_library:/home/student36/ros2_tutorial_workspace/install/python_package_with_a_library:/home/student36/ros2_tutorial_workspace/install/python_package_that_uses_the_services:/home/student36/ros2_tutorial_workspace/install/python_package_that_uses_the_actions:/home/student36/ros2_tutorial_workspace/install/python_package_that_uses_tf2:/home/student36/ros2_tutorial_workspace/install/python_package_that_uses_parameters_and_launch_files:/home/student36/ros2_tutorial_workspace/install/python_package_that_uses_nottf2:/home/student36/ros2_tutorial_workspace/install/python_package_that_uses_nav2:/home/student36/ros2_tutorial_workspace/install/python_package_that_uses_messages:/home/student36/ros2_tutorial_workspace/install/python_package_that_uses_geometry_msgs:/home/student36/ros2_tutorial_workspace/install/python_package_that_uses_gazebo:/home/student36/ws_moveit/install/moveit_configs_utils:/home/student36/elephant_arm_ws/install/mycobot_description:/opt/ros/jazzy DEBUGINFOD_URLS=https://debuginfod.ubuntu.com LD_LIBRARY_PATH=/home/student36/RoboticsDesignProject/Git-repos/LeoRover-Team7/elephant_arm_ws/install/rviz_marker_tools/lib:/home/student36/RoboticsDesignProject/Git-repos/LeoRover-Team7/elephant_arm_ws/install/moveit_task_constructor_msgs/lib:/home/student36/RoboticsDesignProject/Git-repos/LeoRover-Team7/elephant_arm_ws/install/moveit_task_constructor_demo/lib:/home/student36/RoboticsDesignProject/Git-repos/LeoRover-Team7/elephant_arm_ws/install/moveit_task_constructor_visualization/lib:/home/student36/RoboticsDesignProject/Git-repos/LeoRover-Team7/elephant_arm_ws/install/moveit_task_constructor_capabilities/lib:/home/student36/RoboticsDesignProject/Git-repos/LeoRover-Team7/elephant_arm_ws/install/moveit_task_constructor_core/lib:/home/student36/ros2_tutorial_workspace/install/package_with_interfaces/lib:/home/student36/ws_moveit/install/robotiq_driver/lib:/home/student36/ws_moveit/install/serial/lib:/home/student36/ws_moveit/install/moveit_visual_tools/lib:/home/student36/ws_moveit/install/rviz_visual_tools/lib:/home/student36/ws_moveit/install/moveit_task_constructor_demo/lib:/home/student36/ws_moveit/install/moveit_task_constructor_visualization/lib:/home/student36/ws_moveit/install/moveit_task_constructor_capabilities/lib:/home/student36/ws_moveit/install/moveit_task_constructor_core/lib:/home/student36/ws_moveit/install/rviz_marker_tools/lib:/home/student36/ws_moveit/install/robotiq_controllers/lib:/home/student36/ws_moveit/install/pilz_industrial_motion_planner_testutils/lib:/home/student36/ws_moveit/install/pilz_industrial_motion_planner/lib:/home/student36/ws_moveit/install/moveit_task_constructor_msgs/lib:/home/student36/ws_moveit/install/moveit_ros_control_interface/lib:/home/student36/ws_moveit/install/moveit_simple_controller_manager/lib:/home/student36/ws_moveit/install/moveit_setup_assistant/lib:/home/student36/ws_moveit/install/moveit_setup_srdf_plugins/lib:/home/student36/ws_moveit/install/moveit_setup_core_plugins/lib:/home/student36/ws_moveit/install/moveit_setup_controllers/lib:/home/student36/ws_moveit/install/moveit_setup_app_plugins/lib:/home/student36/ws_moveit/install/moveit_setup_framework/lib:/home/student36/ws_moveit/install/moveit_servo/lib:/home/student36/ws_moveit/install/moveit_ros_trajectory_cache/lib:/home/student36/ws_moveit/install/moveit_ros_visualization/lib:/home/student36/ws_moveit/install/moveit_py/lib:/home/student36/ws_moveit/install/moveit_hybrid_planning/lib:/home/student36/ws_moveit/install/moveit_ros_planning_interface/lib:/home/student36/ws_moveit/install/moveit_ros_benchmarks/lib:/home/student36/ws_moveit/install/moveit_ros_warehouse/lib:/home/student36/ws_moveit/install/moveit_ros_robot_interaction/lib:/home/student36/ws_moveit/install/moveit_ros_perception/lib:/home/student36/ws_moveit/install/moveit_ros_move_group/lib:/home/student36/ws_moveit/install/moveit_planners_ompl/lib:/home/student36/ws_moveit/install/moveit_kinematics/lib:/home/student36/ws_moveit/install/moveit_ros_planning/lib:/home/student36/ws_moveit/install/moveit_ros_occupancy_map_monitor/lib:/home/student36/ws_moveit/install/moveit_resources_prbt_ikfast_manipulator_plugin/lib:/home/student36/ws_moveit/install/moveit_planners_stomp/lib:/home/student36/ws_moveit/install/moveit_planners_chomp/lib:/home/student36/ws_moveit/install/chomp_motion_planner/lib:/home/student36/ws_moveit/install/moveit_core/lib:/home/student36/ws_moveit/install/moveit_msgs/lib:/home/student36/ws_moveit/install/kortex_driver/lib:/opt/ros/jazzy/opt/gz_sim_vendor/lib:/opt/ros/jazzy/opt/gz_sensors_vendor/lib:/opt/ros/jazzy/opt/gz_physics_vendor/lib:/opt/ros/jazzy/opt/sdformat_vendor/lib:/opt/ros/jazzy/opt/rviz_ogre_vendor/lib:/opt/ros/jazzy/lib/x86_64-linux-gnu:/opt/ros/jazzy/opt/gz_gui_vendor/lib:/opt/ros/jazzy/opt/gz_transport_vendor/lib:/opt/ros/jazzy/opt/gz_rendering_vendor/lib:/opt/ros/jazzy/opt/gz_plugin_vendor/lib:/opt/ros/jazzy/opt/gz_fuel_tools_vendor/lib:/opt/ros/jazzy/opt/gz_msgs_vendor/lib:/opt/ros/jazzy/opt/gz_common_vendor/lib:/opt/ros/jazzy/opt/gz_math_vendor/lib:/opt/ros/jazzy/opt/gz_utils_vendor/lib:/opt/ros/jazzy/opt/gz_tools_vendor/lib:/opt/ros/jazzy/opt/gz_ogre_next_vendor/lib:/opt/ros/jazzy/opt/gz_dartsim_vendor/lib:/opt/ros/jazzy/opt/gz_cmake_vendor/lib:/opt/ros/jazzy/lib PYTHONPATH=/home/student36/RoboticsDesignProject/Git-repos/LeoRover-Team7/elephant_arm_ws/install/moveit_task_constructor_msgs/lib/python3.12/site-packages:/home/student36/RoboticsDesignProject/Git-repos/LeoRover-Team7/elephant_arm_ws/install/moveit_task_constructor_core/lib/python3.12/site-packages:/home/student36/ros2_tutorial_workspace/install/the_simplest_python_package/lib/python3.12/site-packages:/home/student36/ros2_tutorial_workspace/install/python_package_with_a_node/lib/python3.12/site-packages:/home/student36/ros2_tutorial_workspace/install/python_package_that_uses_the_library/lib/python3.12/site-packages:/home/student36/ros2_tutorial_workspace/install/python_package_with_a_library/lib/python3.12/site-packages:/home/student36/ros2_tutorial_workspace/install/python_package_that_uses_the_services/lib/python3.12/site-packages:/home/student36/ros2_tutorial_workspace/install/python_package_that_uses_the_actions/lib/python3.12/site-packages:/home/student36/ros2_tutorial_workspace/install/python_package_that_uses_tf2/lib/python3.12/site-packages:/home/student36/ros2_tutorial_workspace/install/python_package_that_uses_parameters_and_launch_files/lib/python3.12/site-packages:/home/student36/ros2_tutorial_workspace/install/python_package_that_uses_nottf2/lib/python3.12/site-packages:/home/student36/ros2_tutorial_workspace/install/python_package_that_uses_nav2/lib/python3.12/site-packages:/home/student36/ros2_tutorial_workspace/install/python_package_that_uses_messages/lib/python3.12/site-packages:/home/student36/ros2_tutorial_workspace/install/python_package_that_uses_geometry_msgs/lib/python3.12/site-packages:/home/student36/ros2_tutorial_workspace/install/python_package_that_uses_gazebo/lib/python3.12/site-packages:/home/student36/ros2_tutorial_workspace/install/package_with_interfaces/lib/python3.12/site-packages:/home/student36/ws_moveit/install/moveit_task_constructor_core/lib/python3.12/site-packages:/home/student36/ws_moveit/install/mycobot_description/lib/python3.12/site-packages:/home/student36/ws_moveit/install/moveit_task_constructor_msgs/lib/python3.12/site-packages:/home/student36/ws_moveit/install/moveit_py/lib/python3.12/site-packages:/home/student36/ws_moveit/install/moveit_msgs/lib/python3.12/site-packages:/home/student36/ws_moveit/install/moveit_configs_utils/lib/python3.12/site-packages:/home/student36/elephant_arm_ws/install/mycobot_description/lib/python3.12/site-packages:/opt/ros/jazzy/lib/python3.12/site-packages /usr/bin/cmake --build /home/student36/RoboticsDesignProject/Git-repos/LeoRover-Team7/elephant_arm_ws/build/moveit_task_constructor_core -- -j12 -l12
[3.307s] DEBUG:colcon.colcon_core.event_handler.log_command:Invoking command in '/home/student36/RoboticsDesignProject/Git-repos/LeoRover-Team7/elephant_arm_ws/build/moveit_task_constructor_core': CMAKE_PREFIX_PATH=/home/student36/RoboticsDesignProject/Git-repos/LeoRover-Team7/elephant_arm_ws/install/rviz_marker_tools:/home/student36/RoboticsDesignProject/Git-repos/LeoRover-Team7/elephant_arm_ws/install/moveit_task_constructor_msgs:/home/student36/RoboticsDesignProject/Git-repos/LeoRover-Team7/elephant_arm_ws/install/mtc_tutorial:/home/student36/RoboticsDesignProject/Git-repos/LeoRover-Team7/elephant_arm_ws/install/moveit_task_constructor_demo:/home/student36/RoboticsDesignProject/Git-repos/LeoRover-Team7/elephant_arm_ws/install/moveit_task_constructor_visualization:/home/student36/RoboticsDesignProject/Git-repos/LeoRover-Team7/elephant_arm_ws/install/moveit_task_constructor_capabilities:/home/student36/RoboticsDesignProject/Git-repos/LeoRover-Team7/elephant_arm_ws/install/moveit_task_constructor_core:/home/student36/RoboticsDesignProject/Git-repos/LeoRover-Team7/elephant_arm_ws/install/mycobot_ros2:/home/student36/RoboticsDesignProject/Git-repos/LeoRover-Team7/elephant_arm_ws/install/mycobot_moveit_config:/home/student36/RoboticsDesignProject/Git-repos/LeoRover-Team7/elephant_arm_ws/install/mycobot_gazebo:/home/student36/RoboticsDesignProject/Git-repos/LeoRover-Team7/elephant_arm_ws/install/mycobot_description:/home/student36/RoboticsDesignProject/Git-repos/LeoRover-Team7/elephant_arm_ws/install/mycobot_bringup:/home/student36/RoboticsDesignProject/Git-repos/LeoRover-Team7/elephant_arm_ws/install/hello_moveit:/home/student36/ros2_tutorial_workspace/install/package_with_interfaces:/home/student36/ws_moveit/install/robotiq_hardware_tests:/home/student36/ws_moveit/install/robotiq_driver:/home/student36/ws_moveit/install/serial:/home/student36/ws_moveit/install/moveit2_tutorials:/home/student36/ws_moveit/install/hello_moveit:/home/student36/ws_moveit/install/moveit_visual_tools:/home/student36/ws_moveit/install/rviz_visual_tools:/home/student36/ws_moveit/install/mtc_tutorial:/home/student36/ws_moveit/install/moveit_task_constructor_demo:/home/student36/ws_moveit/install/moveit_task_constructor_visualization:/home/student36/ws_moveit/install/moveit_task_constructor_capabilities:/home/student36/ws_moveit/install/elephant:/home/student36/ws_moveit/install/moveit_task_constructor_core:/home/student36/ws_moveit/install/rviz_marker_tools:/home/student36/ws_moveit/install/kortex_bringup:/home/student36/ws_moveit/install/kinova_gen3_lite_moveit_config:/home/student36/ws_moveit/install/kinova_gen3_7dof_robotiq_2f_85_moveit_config:/home/student36/ws_moveit/install/kinova_gen3_6dof_robotiq_2f_85_moveit_config:/home/student36/ws_moveit/install/kortex_description:/home/student36/ws_moveit/install/robotiq_description:/home/student36/ws_moveit/install/robotiq_controllers:/home/student36/ws_moveit/install/pilz_industrial_motion_planner_testutils:/home/student36/ws_moveit/install/mycobot_280_moveit2:/home/student36/ws_moveit/install/moveit_runtime:/home/student36/ws_moveit/install/moveit:/home/student36/ws_moveit/install/elephant_arm:/home/student36/ws_moveit/install/moveit_planners:/home/student36/ws_moveit/install/pilz_industrial_motion_planner:/home/student36/ws_moveit/install/mycobot_description:/home/student36/ws_moveit/install/moveit_task_constructor_msgs:/home/student36/ws_moveit/install/moveit_ros_control_interface:/home/student36/ws_moveit/install/moveit_plugins:/home/student36/ws_moveit/install/moveit_simple_controller_manager:/home/student36/ws_moveit/install/moveit_setup_assistant:/home/student36/ws_moveit/install/moveit_setup_srdf_plugins:/home/student36/ws_moveit/install/moveit_setup_core_plugins:/home/student36/ws_moveit/install/moveit_setup_controllers:/home/student36/ws_moveit/install/moveit_setup_app_plugins:/home/student36/ws_moveit/install/moveit_setup_framework:/home/student36/ws_moveit/install/moveit_servo:/home/student36/ws_moveit/install/moveit_ros_trajectory_cache:/home/student36/ws_moveit/install/moveit_ros:/home/student36/ws_moveit/install/moveit_ros_visualization:/home/student36/ws_moveit/install/moveit_py:/home/student36/ws_moveit/install/moveit_hybrid_planning:/home/student36/ws_moveit/install/moveit_ros_planning_interface:/home/student36/ws_moveit/install/moveit_ros_benchmarks:/home/student36/ws_moveit/install/moveit_ros_warehouse:/home/student36/ws_moveit/install/moveit_ros_robot_interaction:/home/student36/ws_moveit/install/moveit_ros_perception:/home/student36/ws_moveit/install/moveit_resources_prbt_pg70_support:/home/student36/ws_moveit/install/moveit_resources_prbt_moveit_config:/home/student36/ws_moveit/install/moveit_ros_move_group:/home/student36/ws_moveit/install/moveit_planners_ompl:/home/student36/ws_moveit/install/moveit_kinematics:/home/student36/ws_moveit/install/moveit_ros_planning:/home/student36/ws_moveit/install/moveit_ros_occupancy_map_monitor:/home/student36/ws_moveit/install/moveit_resources_prbt_support:/home/student36/ws_moveit/install/moveit_resources_prbt_ikfast_manipulator_plugin:/home/student36/ws_moveit/install/moveit_resources:/home/student36/ws_moveit/install/moveit_resources_pr2_description:/home/student36/ws_moveit/install/moveit_resources_panda_moveit_config:/home/student36/ws_moveit/install/dual_arm_panda_moveit_config:/home/student36/ws_moveit/install/moveit_resources_panda_description:/home/student36/ws_moveit/install/moveit_resources_fanuc_moveit_config:/home/student36/ws_moveit/install/moveit_resources_fanuc_description:/home/student36/ws_moveit/install/moveit_planners_stomp:/home/student36/ws_moveit/install/moveit_planners_chomp:/home/student36/ws_moveit/install/chomp_motion_planner:/home/student36/ws_moveit/install/moveit_core:/home/student36/ws_moveit/install/moveit_msgs:/home/student36/ws_moveit/install/moveit_common:/home/student36/ws_moveit/install/kortex_driver:/home/student36/ws_moveit/install/kortex_api:/home/student36/rplidar_ws/install/rplidar_ros:/home/student36/elephant_arm_ws/install/mycobot_280_moveit2:/opt/ros/jazzy/opt/gz_sim_vendor:/opt/ros/jazzy/opt/gz_sensors_vendor:/opt/ros/jazzy/opt/gz_physics_vendor:/opt/ros/jazzy/opt/sdformat_vendor:/opt/ros/jazzy/opt/gz_gui_vendor:/opt/ros/jazzy/opt/gz_transport_vendor:/opt/ros/jazzy/opt/gz_rendering_vendor:/opt/ros/jazzy/opt/gz_plugin_vendor:/opt/ros/jazzy/opt/gz_fuel_tools_vendor:/opt/ros/jazzy/opt/gz_msgs_vendor:/opt/ros/jazzy/opt/gz_common_vendor:/opt/ros/jazzy/opt/gz_math_vendor:/opt/ros/jazzy/opt/gz_utils_vendor:/opt/ros/jazzy/opt/gz_tools_vendor:/opt/ros/jazzy/opt/gz_ogre_next_vendor:/opt/ros/jazzy/opt/gz_dartsim_vendor:/opt/ros/jazzy/opt/gz_cmake_vendor:/home/student36/ros2_tutorial_workspace/install/the_simplest_python_package:/home/student36/ros2_tutorial_workspace/install/python_package_with_a_node:/home/student36/ros2_tutorial_workspace/install/python_package_that_uses_the_library:/home/student36/ros2_tutorial_workspace/install/python_package_with_a_library:/home/student36/ros2_tutorial_workspace/install/python_package_that_uses_the_services:/home/student36/ros2_tutorial_workspace/install/python_package_that_uses_the_actions:/home/student36/ros2_tutorial_workspace/install/python_package_that_uses_tf2:/home/student36/ros2_tutorial_workspace/install/python_package_that_uses_parameters_and_launch_files:/home/student36/ros2_tutorial_workspace/install/python_package_that_uses_nottf2:/home/student36/ros2_tutorial_workspace/install/python_package_that_uses_nav2:/home/student36/ros2_tutorial_workspace/install/python_package_that_uses_messages:/home/student36/ros2_tutorial_workspace/install/python_package_that_uses_geometry_msgs:/home/student36/ros2_tutorial_workspace/install/python_package_that_uses_gazebo:/home/student36/ws_moveit/install/moveit_configs_utils:/home/student36/elephant_arm_ws/install/mycobot_description:/opt/ros/jazzy DEBUGINFOD_URLS=https://debuginfod.ubuntu.com LD_LIBRARY_PATH=/home/student36/RoboticsDesignProject/Git-repos/LeoRover-Team7/elephant_arm_ws/install/rviz_marker_tools/lib:/home/student36/RoboticsDesignProject/Git-repos/LeoRover-Team7/elephant_arm_ws/install/moveit_task_constructor_msgs/lib:/home/student36/RoboticsDesignProject/Git-repos/LeoRover-Team7/elephant_arm_ws/install/moveit_task_constructor_demo/lib:/home/student36/RoboticsDesignProject/Git-repos/LeoRover-Team7/elephant_arm_ws/install/moveit_task_constructor_visualization/lib:/home/student36/RoboticsDesignProject/Git-repos/LeoRover-Team7/elephant_arm_ws/install/moveit_task_constructor_capabilities/lib:/home/student36/RoboticsDesignProject/Git-repos/LeoRover-Team7/elephant_arm_ws/install/moveit_task_constructor_core/lib:/home/student36/ros2_tutorial_workspace/install/package_with_interfaces/lib:/home/student36/ws_moveit/install/robotiq_driver/lib:/home/student36/ws_moveit/install/serial/lib:/home/student36/ws_moveit/install/moveit_visual_tools/lib:/home/student36/ws_moveit/install/rviz_visual_tools/lib:/home/student36/ws_moveit/install/moveit_task_constructor_demo/lib:/home/student36/ws_moveit/install/moveit_task_constructor_visualization/lib:/home/student36/ws_moveit/install/moveit_task_constructor_capabilities/lib:/home/student36/ws_moveit/install/moveit_task_constructor_core/lib:/home/student36/ws_moveit/install/rviz_marker_tools/lib:/home/student36/ws_moveit/install/robotiq_controllers/lib:/home/student36/ws_moveit/install/pilz_industrial_motion_planner_testutils/lib:/home/student36/ws_moveit/install/pilz_industrial_motion_planner/lib:/home/student36/ws_moveit/install/moveit_task_constructor_msgs/lib:/home/student36/ws_moveit/install/moveit_ros_control_interface/lib:/home/student36/ws_moveit/install/moveit_simple_controller_manager/lib:/home/student36/ws_moveit/install/moveit_setup_assistant/lib:/home/student36/ws_moveit/install/moveit_setup_srdf_plugins/lib:/home/student36/ws_moveit/install/moveit_setup_core_plugins/lib:/home/student36/ws_moveit/install/moveit_setup_controllers/lib:/home/student36/ws_moveit/install/moveit_setup_app_plugins/lib:/home/student36/ws_moveit/install/moveit_setup_framework/lib:/home/student36/ws_moveit/install/moveit_servo/lib:/home/student36/ws_moveit/install/moveit_ros_trajectory_cache/lib:/home/student36/ws_moveit/install/moveit_ros_visualization/lib:/home/student36/ws_moveit/install/moveit_py/lib:/home/student36/ws_moveit/install/moveit_hybrid_planning/lib:/home/student36/ws_moveit/install/moveit_ros_planning_interface/lib:/home/student36/ws_moveit/install/moveit_ros_benchmarks/lib:/home/student36/ws_moveit/install/moveit_ros_warehouse/lib:/home/student36/ws_moveit/install/moveit_ros_robot_interaction/lib:/home/student36/ws_moveit/install/moveit_ros_perception/lib:/home/student36/ws_moveit/install/moveit_ros_move_group/lib:/home/student36/ws_moveit/install/moveit_planners_ompl/lib:/home/student36/ws_moveit/install/moveit_kinematics/lib:/home/student36/ws_moveit/install/moveit_ros_planning/lib:/home/student36/ws_moveit/install/moveit_ros_occupancy_map_monitor/lib:/home/student36/ws_moveit/install/moveit_resources_prbt_ikfast_manipulator_plugin/lib:/home/student36/ws_moveit/install/moveit_planners_stomp/lib:/home/student36/ws_moveit/install/moveit_planners_chomp/lib:/home/student36/ws_moveit/install/chomp_motion_planner/lib:/home/student36/ws_moveit/install/moveit_core/lib:/home/student36/ws_moveit/install/moveit_msgs/lib:/home/student36/ws_moveit/install/kortex_driver/lib:/opt/ros/jazzy/opt/gz_sim_vendor/lib:/opt/ros/jazzy/opt/gz_sensors_vendor/lib:/opt/ros/jazzy/opt/gz_physics_vendor/lib:/opt/ros/jazzy/opt/sdformat_vendor/lib:/opt/ros/jazzy/opt/rviz_ogre_vendor/lib:/opt/ros/jazzy/lib/x86_64-linux-gnu:/opt/ros/jazzy/opt/gz_gui_vendor/lib:/opt/ros/jazzy/opt/gz_transport_vendor/lib:/opt/ros/jazzy/opt/gz_rendering_vendor/lib:/opt/ros/jazzy/opt/gz_plugin_vendor/lib:/opt/ros/jazzy/opt/gz_fuel_tools_vendor/lib:/opt/ros/jazzy/opt/gz_msgs_vendor/lib:/opt/ros/jazzy/opt/gz_common_vendor/lib:/opt/ros/jazzy/opt/gz_math_vendor/lib:/opt/ros/jazzy/opt/gz_utils_vendor/lib:/opt/ros/jazzy/opt/gz_tools_vendor/lib:/opt/ros/jazzy/opt/gz_ogre_next_vendor/lib:/opt/ros/jazzy/opt/gz_dartsim_vendor/lib:/opt/ros/jazzy/opt/gz_cmake_vendor/lib:/opt/ros/jazzy/lib PYTHONPATH=/home/student36/RoboticsDesignProject/Git-repos/LeoRover-Team7/elephant_arm_ws/install/moveit_task_constructor_msgs/lib/python3.12/site-packages:/home/student36/RoboticsDesignProject/Git-repos/LeoRover-Team7/elephant_arm_ws/install/moveit_task_constructor_core/lib/python3.12/site-packages:/home/student36/ros2_tutorial_workspace/install/the_simplest_python_package/lib/python3.12/site-packages:/home/student36/ros2_tutorial_workspace/install/python_package_with_a_node/lib/python3.12/site-packages:/home/student36/ros2_tutorial_workspace/install/python_package_that_uses_the_library/lib/python3.12/site-packages:/home/student36/ros2_tutorial_workspace/install/python_package_with_a_library/lib/python3.12/site-packages:/home/student36/ros2_tutorial_workspace/install/python_package_that_uses_the_services/lib/python3.12/site-packages:/home/student36/ros2_tutorial_workspace/install/python_package_that_uses_the_actions/lib/python3.12/site-packages:/home/student36/ros2_tutorial_workspace/install/python_package_that_uses_tf2/lib/python3.12/site-packages:/home/student36/ros2_tutorial_workspace/install/python_package_that_uses_parameters_and_launch_files/lib/python3.12/site-packages:/home/student36/ros2_tutorial_workspace/install/python_package_that_uses_nottf2/lib/python3.12/site-packages:/home/student36/ros2_tutorial_workspace/install/python_package_that_uses_nav2/lib/python3.12/site-packages:/home/student36/ros2_tutorial_workspace/install/python_package_that_uses_messages/lib/python3.12/site-packages:/home/student36/ros2_tutorial_workspace/install/python_package_that_uses_geometry_msgs/lib/python3.12/site-packages:/home/student36/ros2_tutorial_workspace/install/python_package_that_uses_gazebo/lib/python3.12/site-packages:/home/student36/ros2_tutorial_workspace/install/package_with_interfaces/lib/python3.12/site-packages:/home/student36/ws_moveit/install/moveit_task_constructor_core/lib/python3.12/site-packages:/home/student36/ws_moveit/install/mycobot_description/lib/python3.12/site-packages:/home/student36/ws_moveit/install/moveit_task_constructor_msgs/lib/python3.12/site-packages:/home/student36/ws_moveit/install/moveit_py/lib/python3.12/site-packages:/home/student36/ws_moveit/install/moveit_msgs/lib/python3.12/site-packages:/home/student36/ws_moveit/install/moveit_configs_utils/lib/python3.12/site-packages:/home/student36/elephant_arm_ws/install/mycobot_description/lib/python3.12/site-packages:/opt/ros/jazzy/lib/python3.12/site-packages /usr/bin/cmake --install /home/student36/RoboticsDesignProject/Git-repos/LeoRover-Team7/elephant_arm_ws/build/moveit_task_constructor_core
[3.420s] Level 1:colcon.colcon_core.environment:create_environment_scripts_only(moveit_task_constructor_core)
[3.420s] Level 1:colcon.colcon_core.environment:checking '/home/student36/RoboticsDesignProject/Git-repos/LeoRover-Team7/elephant_arm_ws/install/moveit_task_constructor_core' for CMake module files
[3.423s] Level 1:colcon.colcon_core.shell:create_environment_hook('moveit_task_constructor_core', 'cmake_module_path')
[3.423s] INFO:colcon.colcon_core.shell:Creating environment hook '/home/student36/RoboticsDesignProject/Git-repos/LeoRover-Team7/elephant_arm_ws/install/moveit_task_constructor_core/share/moveit_task_constructor_core/hook/cmake_module_path.ps1'
[3.425s] INFO:colcon.colcon_core.shell:Creating environment descriptor '/home/student36/RoboticsDesignProject/Git-repos/LeoRover-Team7/elephant_arm_ws/install/moveit_task_constructor_core/share/moveit_task_constructor_core/hook/cmake_module_path.dsv'
[3.431s] INFO:colcon.colcon_core.shell:Creating environment hook '/home/student36/RoboticsDesignProject/Git-repos/LeoRover-Team7/elephant_arm_ws/install/moveit_task_constructor_core/share/moveit_task_constructor_core/hook/cmake_module_path.sh'
[3.432s] Level 1:colcon.colcon_core.environment:checking '/home/student36/RoboticsDesignProject/Git-repos/LeoRover-Team7/elephant_arm_ws/install/moveit_task_constructor_core' for CMake config files
[3.434s] Level 1:colcon.colcon_core.shell:create_environment_hook('moveit_task_constructor_core', 'cmake_prefix_path')
[3.434s] INFO:colcon.colcon_core.shell:Creating environment hook '/home/student36/RoboticsDesignProject/Git-repos/LeoRover-Team7/elephant_arm_ws/install/moveit_task_constructor_core/share/moveit_task_constructor_core/hook/cmake_prefix_path.ps1'
[3.436s] INFO:colcon.colcon_core.shell:Creating environment descriptor '/home/student36/RoboticsDesignProject/Git-repos/LeoRover-Team7/elephant_arm_ws/install/moveit_task_constructor_core/share/moveit_task_constructor_core/hook/cmake_prefix_path.dsv'
[3.437s] INFO:colcon.colcon_core.shell:Creating environment hook '/home/student36/RoboticsDesignProject/Git-repos/LeoRover-Team7/elephant_arm_ws/install/moveit_task_constructor_core/share/moveit_task_constructor_core/hook/cmake_prefix_path.sh'
[3.439s] Level 1:colcon.colcon_core.environment:checking '/home/student36/RoboticsDesignProject/Git-repos/LeoRover-Team7/elephant_arm_ws/install/moveit_task_constructor_core/lib'
[3.440s] Level 1:colcon.colcon_core.shell:create_environment_hook('moveit_task_constructor_core', 'ld_library_path_lib')
[3.440s] INFO:colcon.colcon_core.shell:Creating environment hook '/home/student36/RoboticsDesignProject/Git-repos/LeoRover-Team7/elephant_arm_ws/install/moveit_task_constructor_core/share/moveit_task_constructor_core/hook/ld_library_path_lib.ps1'
[3.441s] INFO:colcon.colcon_core.shell:Creating environment descriptor '/home/student36/RoboticsDesignProject/Git-repos/LeoRover-Team7/elephant_arm_ws/install/moveit_task_constructor_core/share/moveit_task_constructor_core/hook/ld_library_path_lib.dsv'
[3.442s] INFO:colcon.colcon_core.shell:Creating environment hook '/home/student36/RoboticsDesignProject/Git-repos/LeoRover-Team7/elephant_arm_ws/install/moveit_task_constructor_core/share/moveit_task_constructor_core/hook/ld_library_path_lib.sh'
[3.443s] Level 1:colcon.colcon_core.environment:checking '/home/student36/RoboticsDesignProject/Git-repos/LeoRover-Team7/elephant_arm_ws/install/moveit_task_constructor_core/bin'
[3.443s] Level 1:colcon.colcon_core.environment:checking '/home/student36/RoboticsDesignProject/Git-repos/LeoRover-Team7/elephant_arm_ws/install/moveit_task_constructor_core/lib/pkgconfig/moveit_task_constructor_core.pc'
[3.444s] Level 1:colcon.colcon_core.environment:checking '/home/student36/RoboticsDesignProject/Git-repos/LeoRover-Team7/elephant_arm_ws/install/moveit_task_constructor_core/lib/python3.12/site-packages'
[3.444s] Level 1:colcon.colcon_core.shell:create_environment_hook('moveit_task_constructor_core', 'pythonpath')
[3.444s] INFO:colcon.colcon_core.shell:Creating environment hook '/home/student36/RoboticsDesignProject/Git-repos/LeoRover-Team7/elephant_arm_ws/install/moveit_task_constructor_core/share/moveit_task_constructor_core/hook/pythonpath.ps1'
[3.446s] DEBUG:colcon.colcon_core.event_handler.log_command:Invoked command in '/home/student36/RoboticsDesignProject/Git-repos/LeoRover-Team7/elephant_arm_ws/build/moveit_task_constructor_core' returned '0': CMAKE_PREFIX_PATH=/home/student36/RoboticsDesignProject/Git-repos/LeoRover-Team7/elephant_arm_ws/install/rviz_marker_tools:/home/student36/RoboticsDesignProject/Git-repos/LeoRover-Team7/elephant_arm_ws/install/moveit_task_constructor_msgs:/home/student36/RoboticsDesignProject/Git-repos/LeoRover-Team7/elephant_arm_ws/install/mtc_tutorial:/home/student36/RoboticsDesignProject/Git-repos/LeoRover-Team7/elephant_arm_ws/install/moveit_task_constructor_demo:/home/student36/RoboticsDesignProject/Git-repos/LeoRover-Team7/elephant_arm_ws/install/moveit_task_constructor_visualization:/home/student36/RoboticsDesignProject/Git-repos/LeoRover-Team7/elephant_arm_ws/install/moveit_task_constructor_capabilities:/home/student36/RoboticsDesignProject/Git-repos/LeoRover-Team7/elephant_arm_ws/install/moveit_task_constructor_core:/home/student36/RoboticsDesignProject/Git-repos/LeoRover-Team7/elephant_arm_ws/install/mycobot_ros2:/home/student36/RoboticsDesignProject/Git-repos/LeoRover-Team7/elephant_arm_ws/install/mycobot_moveit_config:/home/student36/RoboticsDesignProject/Git-repos/LeoRover-Team7/elephant_arm_ws/install/mycobot_gazebo:/home/student36/RoboticsDesignProject/Git-repos/LeoRover-Team7/elephant_arm_ws/install/mycobot_description:/home/student36/RoboticsDesignProject/Git-repos/LeoRover-Team7/elephant_arm_ws/install/mycobot_bringup:/home/student36/RoboticsDesignProject/Git-repos/LeoRover-Team7/elephant_arm_ws/install/hello_moveit:/home/student36/ros2_tutorial_workspace/install/package_with_interfaces:/home/student36/ws_moveit/install/robotiq_hardware_tests:/home/student36/ws_moveit/install/robotiq_driver:/home/student36/ws_moveit/install/serial:/home/student36/ws_moveit/install/moveit2_tutorials:/home/student36/ws_moveit/install/hello_moveit:/home/student36/ws_moveit/install/moveit_visual_tools:/home/student36/ws_moveit/install/rviz_visual_tools:/home/student36/ws_moveit/install/mtc_tutorial:/home/student36/ws_moveit/install/moveit_task_constructor_demo:/home/student36/ws_moveit/install/moveit_task_constructor_visualization:/home/student36/ws_moveit/install/moveit_task_constructor_capabilities:/home/student36/ws_moveit/install/elephant:/home/student36/ws_moveit/install/moveit_task_constructor_core:/home/student36/ws_moveit/install/rviz_marker_tools:/home/student36/ws_moveit/install/kortex_bringup:/home/student36/ws_moveit/install/kinova_gen3_lite_moveit_config:/home/student36/ws_moveit/install/kinova_gen3_7dof_robotiq_2f_85_moveit_config:/home/student36/ws_moveit/install/kinova_gen3_6dof_robotiq_2f_85_moveit_config:/home/student36/ws_moveit/install/kortex_description:/home/student36/ws_moveit/install/robotiq_description:/home/student36/ws_moveit/install/robotiq_controllers:/home/student36/ws_moveit/install/pilz_industrial_motion_planner_testutils:/home/student36/ws_moveit/install/mycobot_280_moveit2:/home/student36/ws_moveit/install/moveit_runtime:/home/student36/ws_moveit/install/moveit:/home/student36/ws_moveit/install/elephant_arm:/home/student36/ws_moveit/install/moveit_planners:/home/student36/ws_moveit/install/pilz_industrial_motion_planner:/home/student36/ws_moveit/install/mycobot_description:/home/student36/ws_moveit/install/moveit_task_constructor_msgs:/home/student36/ws_moveit/install/moveit_ros_control_interface:/home/student36/ws_moveit/install/moveit_plugins:/home/student36/ws_moveit/install/moveit_simple_controller_manager:/home/student36/ws_moveit/install/moveit_setup_assistant:/home/student36/ws_moveit/install/moveit_setup_srdf_plugins:/home/student36/ws_moveit/install/moveit_setup_core_plugins:/home/student36/ws_moveit/install/moveit_setup_controllers:/home/student36/ws_moveit/install/moveit_setup_app_plugins:/home/student36/ws_moveit/install/moveit_setup_framework:/home/student36/ws_moveit/install/moveit_servo:/home/student36/ws_moveit/install/moveit_ros_trajectory_cache:/home/student36/ws_moveit/install/moveit_ros:/home/student36/ws_moveit/install/moveit_ros_visualization:/home/student36/ws_moveit/install/moveit_py:/home/student36/ws_moveit/install/moveit_hybrid_planning:/home/student36/ws_moveit/install/moveit_ros_planning_interface:/home/student36/ws_moveit/install/moveit_ros_benchmarks:/home/student36/ws_moveit/install/moveit_ros_warehouse:/home/student36/ws_moveit/install/moveit_ros_robot_interaction:/home/student36/ws_moveit/install/moveit_ros_perception:/home/student36/ws_moveit/install/moveit_resources_prbt_pg70_support:/home/student36/ws_moveit/install/moveit_resources_prbt_moveit_config:/home/student36/ws_moveit/install/moveit_ros_move_group:/home/student36/ws_moveit/install/moveit_planners_ompl:/home/student36/ws_moveit/install/moveit_kinematics:/home/student36/ws_moveit/install/moveit_ros_planning:/home/student36/ws_moveit/install/moveit_ros_occupancy_map_monitor:/home/student36/ws_moveit/install/moveit_resources_prbt_support:/home/student36/ws_moveit/install/moveit_resources_prbt_ikfast_manipulator_plugin:/home/student36/ws_moveit/install/moveit_resources:/home/student36/ws_moveit/install/moveit_resources_pr2_description:/home/student36/ws_moveit/install/moveit_resources_panda_moveit_config:/home/student36/ws_moveit/install/dual_arm_panda_moveit_config:/home/student36/ws_moveit/install/moveit_resources_panda_description:/home/student36/ws_moveit/install/moveit_resources_fanuc_moveit_config:/home/student36/ws_moveit/install/moveit_resources_fanuc_description:/home/student36/ws_moveit/install/moveit_planners_stomp:/home/student36/ws_moveit/install/moveit_planners_chomp:/home/student36/ws_moveit/install/chomp_motion_planner:/home/student36/ws_moveit/install/moveit_core:/home/student36/ws_moveit/install/moveit_msgs:/home/student36/ws_moveit/install/moveit_common:/home/student36/ws_moveit/install/kortex_driver:/home/student36/ws_moveit/install/kortex_api:/home/student36/rplidar_ws/install/rplidar_ros:/home/student36/elephant_arm_ws/install/mycobot_280_moveit2:/opt/ros/jazzy/opt/gz_sim_vendor:/opt/ros/jazzy/opt/gz_sensors_vendor:/opt/ros/jazzy/opt/gz_physics_vendor:/opt/ros/jazzy/opt/sdformat_vendor:/opt/ros/jazzy/opt/gz_gui_vendor:/opt/ros/jazzy/opt/gz_transport_vendor:/opt/ros/jazzy/opt/gz_rendering_vendor:/opt/ros/jazzy/opt/gz_plugin_vendor:/opt/ros/jazzy/opt/gz_fuel_tools_vendor:/opt/ros/jazzy/opt/gz_msgs_vendor:/opt/ros/jazzy/opt/gz_common_vendor:/opt/ros/jazzy/opt/gz_math_vendor:/opt/ros/jazzy/opt/gz_utils_vendor:/opt/ros/jazzy/opt/gz_tools_vendor:/opt/ros/jazzy/opt/gz_ogre_next_vendor:/opt/ros/jazzy/opt/gz_dartsim_vendor:/opt/ros/jazzy/opt/gz_cmake_vendor:/home/student36/ros2_tutorial_workspace/install/the_simplest_python_package:/home/student36/ros2_tutorial_workspace/install/python_package_with_a_node:/home/student36/ros2_tutorial_workspace/install/python_package_that_uses_the_library:/home/student36/ros2_tutorial_workspace/install/python_package_with_a_library:/home/student36/ros2_tutorial_workspace/install/python_package_that_uses_the_services:/home/student36/ros2_tutorial_workspace/install/python_package_that_uses_the_actions:/home/student36/ros2_tutorial_workspace/install/python_package_that_uses_tf2:/home/student36/ros2_tutorial_workspace/install/python_package_that_uses_parameters_and_launch_files:/home/student36/ros2_tutorial_workspace/install/python_package_that_uses_nottf2:/home/student36/ros2_tutorial_workspace/install/python_package_that_uses_nav2:/home/student36/ros2_tutorial_workspace/install/python_package_that_uses_messages:/home/student36/ros2_tutorial_workspace/install/python_package_that_uses_geometry_msgs:/home/student36/ros2_tutorial_workspace/install/python_package_that_uses_gazebo:/home/student36/ws_moveit/install/moveit_configs_utils:/home/student36/elephant_arm_ws/install/mycobot_description:/opt/ros/jazzy DEBUGINFOD_URLS=https://debuginfod.ubuntu.com LD_LIBRARY_PATH=/home/student36/RoboticsDesignProject/Git-repos/LeoRover-Team7/elephant_arm_ws/install/rviz_marker_tools/lib:/home/student36/RoboticsDesignProject/Git-repos/LeoRover-Team7/elephant_arm_ws/install/moveit_task_constructor_msgs/lib:/home/student36/RoboticsDesignProject/Git-repos/LeoRover-Team7/elephant_arm_ws/install/moveit_task_constructor_demo/lib:/home/student36/RoboticsDesignProject/Git-repos/LeoRover-Team7/elephant_arm_ws/install/moveit_task_constructor_visualization/lib:/home/student36/RoboticsDesignProject/Git-repos/LeoRover-Team7/elephant_arm_ws/install/moveit_task_constructor_capabilities/lib:/home/student36/RoboticsDesignProject/Git-repos/LeoRover-Team7/elephant_arm_ws/install/moveit_task_constructor_core/lib:/home/student36/ros2_tutorial_workspace/install/package_with_interfaces/lib:/home/student36/ws_moveit/install/robotiq_driver/lib:/home/student36/ws_moveit/install/serial/lib:/home/student36/ws_moveit/install/moveit_visual_tools/lib:/home/student36/ws_moveit/install/rviz_visual_tools/lib:/home/student36/ws_moveit/install/moveit_task_constructor_demo/lib:/home/student36/ws_moveit/install/moveit_task_constructor_visualization/lib:/home/student36/ws_moveit/install/moveit_task_constructor_capabilities/lib:/home/student36/ws_moveit/install/moveit_task_constructor_core/lib:/home/student36/ws_moveit/install/rviz_marker_tools/lib:/home/student36/ws_moveit/install/robotiq_controllers/lib:/home/student36/ws_moveit/install/pilz_industrial_motion_planner_testutils/lib:/home/student36/ws_moveit/install/pilz_industrial_motion_planner/lib:/home/student36/ws_moveit/install/moveit_task_constructor_msgs/lib:/home/student36/ws_moveit/install/moveit_ros_control_interface/lib:/home/student36/ws_moveit/install/moveit_simple_controller_manager/lib:/home/student36/ws_moveit/install/moveit_setup_assistant/lib:/home/student36/ws_moveit/install/moveit_setup_srdf_plugins/lib:/home/student36/ws_moveit/install/moveit_setup_core_plugins/lib:/home/student36/ws_moveit/install/moveit_setup_controllers/lib:/home/student36/ws_moveit/install/moveit_setup_app_plugins/lib:/home/student36/ws_moveit/install/moveit_setup_framework/lib:/home/student36/ws_moveit/install/moveit_servo/lib:/home/student36/ws_moveit/install/moveit_ros_trajectory_cache/lib:/home/student36/ws_moveit/install/moveit_ros_visualization/lib:/home/student36/ws_moveit/install/moveit_py/lib:/home/student36/ws_moveit/install/moveit_hybrid_planning/lib:/home/student36/ws_moveit/install/moveit_ros_planning_interface/lib:/home/student36/ws_moveit/install/moveit_ros_benchmarks/lib:/home/student36/ws_moveit/install/moveit_ros_warehouse/lib:/home/student36/ws_moveit/install/moveit_ros_robot_interaction/lib:/home/student36/ws_moveit/install/moveit_ros_perception/lib:/home/student36/ws_moveit/install/moveit_ros_move_group/lib:/home/student36/ws_moveit/install/moveit_planners_ompl/lib:/home/student36/ws_moveit/install/moveit_kinematics/lib:/home/student36/ws_moveit/install/moveit_ros_planning/lib:/home/student36/ws_moveit/install/moveit_ros_occupancy_map_monitor/lib:/home/student36/ws_moveit/install/moveit_resources_prbt_ikfast_manipulator_plugin/lib:/home/student36/ws_moveit/install/moveit_planners_stomp/lib:/home/student36/ws_moveit/install/moveit_planners_chomp/lib:/home/student36/ws_moveit/install/chomp_motion_planner/lib:/home/student36/ws_moveit/install/moveit_core/lib:/home/student36/ws_moveit/install/moveit_msgs/lib:/home/student36/ws_moveit/install/kortex_driver/lib:/opt/ros/jazzy/opt/gz_sim_vendor/lib:/opt/ros/jazzy/opt/gz_sensors_vendor/lib:/opt/ros/jazzy/opt/gz_physics_vendor/lib:/opt/ros/jazzy/opt/sdformat_vendor/lib:/opt/ros/jazzy/opt/rviz_ogre_vendor/lib:/opt/ros/jazzy/lib/x86_64-linux-gnu:/opt/ros/jazzy/opt/gz_gui_vendor/lib:/opt/ros/jazzy/opt/gz_transport_vendor/lib:/opt/ros/jazzy/opt/gz_rendering_vendor/lib:/opt/ros/jazzy/opt/gz_plugin_vendor/lib:/opt/ros/jazzy/opt/gz_fuel_tools_vendor/lib:/opt/ros/jazzy/opt/gz_msgs_vendor/lib:/opt/ros/jazzy/opt/gz_common_vendor/lib:/opt/ros/jazzy/opt/gz_math_vendor/lib:/opt/ros/jazzy/opt/gz_utils_vendor/lib:/opt/ros/jazzy/opt/gz_tools_vendor/lib:/opt/ros/jazzy/opt/gz_ogre_next_vendor/lib:/opt/ros/jazzy/opt/gz_dartsim_vendor/lib:/opt/ros/jazzy/opt/gz_cmake_vendor/lib:/opt/ros/jazzy/lib PYTHONPATH=/home/student36/RoboticsDesignProject/Git-repos/LeoRover-Team7/elephant_arm_ws/install/moveit_task_constructor_msgs/lib/python3.12/site-packages:/home/student36/RoboticsDesignProject/Git-repos/LeoRover-Team7/elephant_arm_ws/install/moveit_task_constructor_core/lib/python3.12/site-packages:/home/student36/ros2_tutorial_workspace/install/the_simplest_python_package/lib/python3.12/site-packages:/home/student36/ros2_tutorial_workspace/install/python_package_with_a_node/lib/python3.12/site-packages:/home/student36/ros2_tutorial_workspace/install/python_package_that_uses_the_library/lib/python3.12/site-packages:/home/student36/ros2_tutorial_workspace/install/python_package_with_a_library/lib/python3.12/site-packages:/home/student36/ros2_tutorial_workspace/install/python_package_that_uses_the_services/lib/python3.12/site-packages:/home/student36/ros2_tutorial_workspace/install/python_package_that_uses_the_actions/lib/python3.12/site-packages:/home/student36/ros2_tutorial_workspace/install/python_package_that_uses_tf2/lib/python3.12/site-packages:/home/student36/ros2_tutorial_workspace/install/python_package_that_uses_parameters_and_launch_files/lib/python3.12/site-packages:/home/student36/ros2_tutorial_workspace/install/python_package_that_uses_nottf2/lib/python3.12/site-packages:/home/student36/ros2_tutorial_workspace/install/python_package_that_uses_nav2/lib/python3.12/site-packages:/home/student36/ros2_tutorial_workspace/install/python_package_that_uses_messages/lib/python3.12/site-packages:/home/student36/ros2_tutorial_workspace/install/python_package_that_uses_geometry_msgs/lib/python3.12/site-packages:/home/student36/ros2_tutorial_workspace/install/python_package_that_uses_gazebo/lib/python3.12/site-packages:/home/student36/ros2_tutorial_workspace/install/package_with_interfaces/lib/python3.12/site-packages:/home/student36/ws_moveit/install/moveit_task_constructor_core/lib/python3.12/site-packages:/home/student36/ws_moveit/install/mycobot_description/lib/python3.12/site-packages:/home/student36/ws_moveit/install/moveit_task_constructor_msgs/lib/python3.12/site-packages:/home/student36/ws_moveit/install/moveit_py/lib/python3.12/site-packages:/home/student36/ws_moveit/install/moveit_msgs/lib/python3.12/site-packages:/home/student36/ws_moveit/install/moveit_configs_utils/lib/python3.12/site-packages:/home/student36/elephant_arm_ws/install/mycobot_description/lib/python3.12/site-packages:/opt/ros/jazzy/lib/python3.12/site-packages /usr/bin/cmake --install /home/student36/RoboticsDesignProject/Git-repos/LeoRover-Team7/elephant_arm_ws/build/moveit_task_constructor_core
[3.446s] INFO:colcon.colcon_core.shell:Creating environment descriptor '/home/student36/RoboticsDesignProject/Git-repos/LeoRover-Team7/elephant_arm_ws/install/moveit_task_constructor_core/share/moveit_task_constructor_core/hook/pythonpath.dsv'
[3.447s] INFO:colcon.colcon_core.shell:Creating environment hook '/home/student36/RoboticsDesignProject/Git-repos/LeoRover-Team7/elephant_arm_ws/install/moveit_task_constructor_core/share/moveit_task_constructor_core/hook/pythonpath.sh'
[3.449s] Level 1:colcon.colcon_core.environment:checking '/home/student36/RoboticsDesignProject/Git-repos/LeoRover-Team7/elephant_arm_ws/install/moveit_task_constructor_core/bin'
[3.450s] INFO:colcon.colcon_core.shell:Creating package script '/home/student36/RoboticsDesignProject/Git-repos/LeoRover-Team7/elephant_arm_ws/install/moveit_task_constructor_core/share/moveit_task_constructor_core/package.ps1'
[3.451s] INFO:colcon.colcon_core.shell:Creating package descriptor '/home/student36/RoboticsDesignProject/Git-repos/LeoRover-Team7/elephant_arm_ws/install/moveit_task_constructor_core/share/moveit_task_constructor_core/package.dsv'
[3.453s] INFO:colcon.colcon_core.shell:Creating package script '/home/student36/RoboticsDesignProject/Git-repos/LeoRover-Team7/elephant_arm_ws/install/moveit_task_constructor_core/share/moveit_task_constructor_core/package.sh'
[3.454s] INFO:colcon.colcon_core.shell:Creating package script '/home/student36/RoboticsDesignProject/Git-repos/LeoRover-Team7/elephant_arm_ws/install/moveit_task_constructor_core/share/moveit_task_constructor_core/package.bash'
[3.455s] INFO:colcon.colcon_core.shell:Creating package script '/home/student36/RoboticsDesignProject/Git-repos/LeoRover-Team7/elephant_arm_ws/install/moveit_task_constructor_core/share/moveit_task_constructor_core/package.zsh'
[3.456s] Level 1:colcon.colcon_core.environment:create_file_with_runtime_dependencies(/home/student36/RoboticsDesignProject/Git-repos/LeoRover-Team7/elephant_arm_ws/install/moveit_task_constructor_core/share/colcon-core/packages/moveit_task_constructor_core)
[3.458s] Level 1:colcon.colcon_core.environment:create_environment_scripts_only(moveit_task_constructor_core)
[3.459s] Level 1:colcon.colcon_core.environment:checking '/home/student36/RoboticsDesignProject/Git-repos/LeoRover-Team7/elephant_arm_ws/install/moveit_task_constructor_core' for CMake module files
[3.460s] Level 1:colcon.colcon_core.shell:create_environment_hook('moveit_task_constructor_core', 'cmake_module_path')
[3.461s] INFO:colcon.colcon_core.shell:Creating environment hook '/home/student36/RoboticsDesignProject/Git-repos/LeoRover-Team7/elephant_arm_ws/install/moveit_task_constructor_core/share/moveit_task_constructor_core/hook/cmake_module_path.ps1'
[3.462s] INFO:colcon.colcon_core.shell:Creating environment descriptor '/home/student36/RoboticsDesignProject/Git-repos/LeoRover-Team7/elephant_arm_ws/install/moveit_task_constructor_core/share/moveit_task_constructor_core/hook/cmake_module_path.dsv'
[3.463s] INFO:colcon.colcon_core.shell:Creating environment hook '/home/student36/RoboticsDesignProject/Git-repos/LeoRover-Team7/elephant_arm_ws/install/moveit_task_constructor_core/share/moveit_task_constructor_core/hook/cmake_module_path.sh'
[3.465s] Level 1:colcon.colcon_core.environment:checking '/home/student36/RoboticsDesignProject/Git-repos/LeoRover-Team7/elephant_arm_ws/install/moveit_task_constructor_core' for CMake config files
[3.466s] Level 1:colcon.colcon_core.shell:create_environment_hook('moveit_task_constructor_core', 'cmake_prefix_path')
[3.466s] INFO:colcon.colcon_core.shell:Creating environment hook '/home/student36/RoboticsDesignProject/Git-repos/LeoRover-Team7/elephant_arm_ws/install/moveit_task_constructor_core/share/moveit_task_constructor_core/hook/cmake_prefix_path.ps1'
[3.467s] INFO:colcon.colcon_core.shell:Creating environment descriptor '/home/student36/RoboticsDesignProject/Git-repos/LeoRover-Team7/elephant_arm_ws/install/moveit_task_constructor_core/share/moveit_task_constructor_core/hook/cmake_prefix_path.dsv'
[3.468s] INFO:colcon.colcon_core.shell:Creating environment hook '/home/student36/RoboticsDesignProject/Git-repos/LeoRover-Team7/elephant_arm_ws/install/moveit_task_constructor_core/share/moveit_task_constructor_core/hook/cmake_prefix_path.sh'
[3.469s] Level 1:colcon.colcon_core.environment:checking '/home/student36/RoboticsDesignProject/Git-repos/LeoRover-Team7/elephant_arm_ws/install/moveit_task_constructor_core/lib'
[3.470s] Level 1:colcon.colcon_core.shell:create_environment_hook('moveit_task_constructor_core', 'ld_library_path_lib')
[3.470s] INFO:colcon.colcon_core.shell:Creating environment hook '/home/student36/RoboticsDesignProject/Git-repos/LeoRover-Team7/elephant_arm_ws/install/moveit_task_constructor_core/share/moveit_task_constructor_core/hook/ld_library_path_lib.ps1'
[3.471s] INFO:colcon.colcon_core.shell:Creating environment descriptor '/home/student36/RoboticsDesignProject/Git-repos/LeoRover-Team7/elephant_arm_ws/install/moveit_task_constructor_core/share/moveit_task_constructor_core/hook/ld_library_path_lib.dsv'
[3.471s] INFO:colcon.colcon_core.shell:Creating environment hook '/home/student36/RoboticsDesignProject/Git-repos/LeoRover-Team7/elephant_arm_ws/install/moveit_task_constructor_core/share/moveit_task_constructor_core/hook/ld_library_path_lib.sh'
[3.472s] Level 1:colcon.colcon_core.environment:checking '/home/student36/RoboticsDesignProject/Git-repos/LeoRover-Team7/elephant_arm_ws/install/moveit_task_constructor_core/bin'
[3.472s] Level 1:colcon.colcon_core.environment:checking '/home/student36/RoboticsDesignProject/Git-repos/LeoRover-Team7/elephant_arm_ws/install/moveit_task_constructor_core/lib/pkgconfig/moveit_task_constructor_core.pc'
[3.473s] Level 1:colcon.colcon_core.environment:checking '/home/student36/RoboticsDesignProject/Git-repos/LeoRover-Team7/elephant_arm_ws/install/moveit_task_constructor_core/lib/python3.12/site-packages'
[3.473s] Level 1:colcon.colcon_core.shell:create_environment_hook('moveit_task_constructor_core', 'pythonpath')
[3.474s] INFO:colcon.colcon_core.shell:Creating environment hook '/home/student36/RoboticsDesignProject/Git-repos/LeoRover-Team7/elephant_arm_ws/install/moveit_task_constructor_core/share/moveit_task_constructor_core/hook/pythonpath.ps1'
[3.474s] INFO:colcon.colcon_core.shell:Creating environment descriptor '/home/student36/RoboticsDesignProject/Git-repos/LeoRover-Team7/elephant_arm_ws/install/moveit_task_constructor_core/share/moveit_task_constructor_core/hook/pythonpath.dsv'
[3.475s] INFO:colcon.colcon_core.shell:Creating environment hook '/home/student36/RoboticsDesignProject/Git-repos/LeoRover-Team7/elephant_arm_ws/install/moveit_task_constructor_core/share/moveit_task_constructor_core/hook/pythonpath.sh'
[3.476s] Level 1:colcon.colcon_core.environment:checking '/home/student36/RoboticsDesignProject/Git-repos/LeoRover-Team7/elephant_arm_ws/install/moveit_task_constructor_core/bin'
[3.477s] INFO:colcon.colcon_core.shell:Creating package script '/home/student36/RoboticsDesignProject/Git-repos/LeoRover-Team7/elephant_arm_ws/install/moveit_task_constructor_core/share/moveit_task_constructor_core/package.ps1'
[3.478s] INFO:colcon.colcon_core.shell:Creating package descriptor '/home/student36/RoboticsDesignProject/Git-repos/LeoRover-Team7/elephant_arm_ws/install/moveit_task_constructor_core/share/moveit_task_constructor_core/package.dsv'
[3.480s] INFO:colcon.colcon_core.shell:Creating package script '/home/student36/RoboticsDesignProject/Git-repos/LeoRover-Team7/elephant_arm_ws/install/moveit_task_constructor_core/share/moveit_task_constructor_core/package.sh'
[3.481s] INFO:colcon.colcon_core.shell:Creating package script '/home/student36/RoboticsDesignProject/Git-repos/LeoRover-Team7/elephant_arm_ws/install/moveit_task_constructor_core/share/moveit_task_constructor_core/package.bash'
[3.481s] INFO:colcon.colcon_core.shell:Creating package script '/home/student36/RoboticsDesignProject/Git-repos/LeoRover-Team7/elephant_arm_ws/install/moveit_task_constructor_core/share/moveit_task_constructor_core/package.zsh'
[3.482s] Level 1:colcon.colcon_core.environment:create_file_with_runtime_dependencies(/home/student36/RoboticsDesignProject/Git-repos/LeoRover-Team7/elephant_arm_ws/install/moveit_task_constructor_core/share/colcon-core/packages/moveit_task_constructor_core)
[3.483s] INFO:colcon.colcon_ros.task.ament_cmake.build:Building ROS package in '/home/student36/RoboticsDesignProject/Git-repos/LeoRover-Team7/elephant_arm_ws/src/moveit_task_constructor/capabilities' with build type 'ament_cmake'
[3.483s] INFO:colcon.colcon_cmake.task.cmake.build:Building CMake package in '/home/student36/RoboticsDesignProject/Git-repos/LeoRover-Team7/elephant_arm_ws/src/moveit_task_constructor/capabilities'
[3.484s] INFO:colcon.colcon_core.shell:Skip shell extension 'powershell' for command environment: Not usable outside of PowerShell
[3.484s] DEBUG:colcon.colcon_core.shell:Skip shell extension 'dsv' for command environment
[3.502s] INFO:colcon.colcon_ros.task.ament_cmake.build:Building ROS package in '/home/student36/RoboticsDesignProject/Git-repos/LeoRover-Team7/elephant_arm_ws/src/moveit_task_constructor/visualization' with build type 'ament_cmake'
[3.503s] INFO:colcon.colcon_cmake.task.cmake.build:Building CMake package in '/home/student36/RoboticsDesignProject/Git-repos/LeoRover-Team7/elephant_arm_ws/src/moveit_task_constructor/visualization'
[3.503s] INFO:colcon.colcon_core.shell:Skip shell extension 'powershell' for command environment: Not usable outside of PowerShell
[3.503s] DEBUG:colcon.colcon_core.shell:Skip shell extension 'dsv' for command environment
[3.538s] INFO:colcon.colcon_ros.task.ament_cmake.build:Building ROS package in '/home/student36/RoboticsDesignProject/Git-repos/LeoRover-Team7/elephant_arm_ws/src/mtc_tutorial' with build type 'ament_cmake'
[3.539s] INFO:colcon.colcon_cmake.task.cmake.build:Building CMake package in '/home/student36/RoboticsDesignProject/Git-repos/LeoRover-Team7/elephant_arm_ws/src/mtc_tutorial'
[3.540s] INFO:colcon.colcon_core.shell:Skip shell extension 'powershell' for command environment: Not usable outside of PowerShell
[3.540s] DEBUG:colcon.colcon_core.shell:Skip shell extension 'dsv' for command environment
[3.578s] DEBUG:colcon.colcon_core.event_handler.log_command:Invoking command in '/home/student36/RoboticsDesignProject/Git-repos/LeoRover-Team7/elephant_arm_ws/build/moveit_task_constructor_capabilities': CMAKE_PREFIX_PATH=/home/student36/RoboticsDesignProject/Git-repos/LeoRover-Team7/elephant_arm_ws/install/moveit_task_constructor_core:/home/student36/RoboticsDesignProject/Git-repos/LeoRover-Team7/elephant_arm_ws/install/rviz_marker_tools:/home/student36/RoboticsDesignProject/Git-repos/LeoRover-Team7/elephant_arm_ws/install/moveit_task_constructor_msgs:/home/student36/RoboticsDesignProject/Git-repos/LeoRover-Team7/elephant_arm_ws/install/mtc_tutorial:/home/student36/RoboticsDesignProject/Git-repos/LeoRover-Team7/elephant_arm_ws/install/moveit_task_constructor_demo:/home/student36/RoboticsDesignProject/Git-repos/LeoRover-Team7/elephant_arm_ws/install/moveit_task_constructor_visualization:/home/student36/RoboticsDesignProject/Git-repos/LeoRover-Team7/elephant_arm_ws/install/moveit_task_constructor_capabilities:/home/student36/RoboticsDesignProject/Git-repos/LeoRover-Team7/elephant_arm_ws/install/mycobot_ros2:/home/student36/RoboticsDesignProject/Git-repos/LeoRover-Team7/elephant_arm_ws/install/mycobot_moveit_config:/home/student36/RoboticsDesignProject/Git-repos/LeoRover-Team7/elephant_arm_ws/install/mycobot_gazebo:/home/student36/RoboticsDesignProject/Git-repos/LeoRover-Team7/elephant_arm_ws/install/mycobot_description:/home/student36/RoboticsDesignProject/Git-repos/LeoRover-Team7/elephant_arm_ws/install/mycobot_bringup:/home/student36/RoboticsDesignProject/Git-repos/LeoRover-Team7/elephant_arm_ws/install/hello_moveit:/home/student36/ros2_tutorial_workspace/install/package_with_interfaces:/home/student36/ws_moveit/install/robotiq_hardware_tests:/home/student36/ws_moveit/install/robotiq_driver:/home/student36/ws_moveit/install/serial:/home/student36/ws_moveit/install/moveit2_tutorials:/home/student36/ws_moveit/install/hello_moveit:/home/student36/ws_moveit/install/moveit_visual_tools:/home/student36/ws_moveit/install/rviz_visual_tools:/home/student36/ws_moveit/install/mtc_tutorial:/home/student36/ws_moveit/install/moveit_task_constructor_demo:/home/student36/ws_moveit/install/moveit_task_constructor_visualization:/home/student36/ws_moveit/install/moveit_task_constructor_capabilities:/home/student36/ws_moveit/install/elephant:/home/student36/ws_moveit/install/moveit_task_constructor_core:/home/student36/ws_moveit/install/rviz_marker_tools:/home/student36/ws_moveit/install/kortex_bringup:/home/student36/ws_moveit/install/kinova_gen3_lite_moveit_config:/home/student36/ws_moveit/install/kinova_gen3_7dof_robotiq_2f_85_moveit_config:/home/student36/ws_moveit/install/kinova_gen3_6dof_robotiq_2f_85_moveit_config:/home/student36/ws_moveit/install/kortex_description:/home/student36/ws_moveit/install/robotiq_description:/home/student36/ws_moveit/install/robotiq_controllers:/home/student36/ws_moveit/install/pilz_industrial_motion_planner_testutils:/home/student36/ws_moveit/install/mycobot_280_moveit2:/home/student36/ws_moveit/install/moveit_runtime:/home/student36/ws_moveit/install/moveit:/home/student36/ws_moveit/install/elephant_arm:/home/student36/ws_moveit/install/moveit_planners:/home/student36/ws_moveit/install/pilz_industrial_motion_planner:/home/student36/ws_moveit/install/mycobot_description:/home/student36/ws_moveit/install/moveit_task_constructor_msgs:/home/student36/ws_moveit/install/moveit_ros_control_interface:/home/student36/ws_moveit/install/moveit_plugins:/home/student36/ws_moveit/install/moveit_simple_controller_manager:/home/student36/ws_moveit/install/moveit_setup_assistant:/home/student36/ws_moveit/install/moveit_setup_srdf_plugins:/home/student36/ws_moveit/install/moveit_setup_core_plugins:/home/student36/ws_moveit/install/moveit_setup_controllers:/home/student36/ws_moveit/install/moveit_setup_app_plugins:/home/student36/ws_moveit/install/moveit_setup_framework:/home/student36/ws_moveit/install/moveit_servo:/home/student36/ws_moveit/install/moveit_ros_trajectory_cache:/home/student36/ws_moveit/install/moveit_ros:/home/student36/ws_moveit/install/moveit_ros_visualization:/home/student36/ws_moveit/install/moveit_py:/home/student36/ws_moveit/install/moveit_hybrid_planning:/home/student36/ws_moveit/install/moveit_ros_planning_interface:/home/student36/ws_moveit/install/moveit_ros_benchmarks:/home/student36/ws_moveit/install/moveit_ros_warehouse:/home/student36/ws_moveit/install/moveit_ros_robot_interaction:/home/student36/ws_moveit/install/moveit_ros_perception:/home/student36/ws_moveit/install/moveit_resources_prbt_pg70_support:/home/student36/ws_moveit/install/moveit_resources_prbt_moveit_config:/home/student36/ws_moveit/install/moveit_ros_move_group:/home/student36/ws_moveit/install/moveit_planners_ompl:/home/student36/ws_moveit/install/moveit_kinematics:/home/student36/ws_moveit/install/moveit_ros_planning:/home/student36/ws_moveit/install/moveit_ros_occupancy_map_monitor:/home/student36/ws_moveit/install/moveit_resources_prbt_support:/home/student36/ws_moveit/install/moveit_resources_prbt_ikfast_manipulator_plugin:/home/student36/ws_moveit/install/moveit_resources:/home/student36/ws_moveit/install/moveit_resources_pr2_description:/home/student36/ws_moveit/install/moveit_resources_panda_moveit_config:/home/student36/ws_moveit/install/dual_arm_panda_moveit_config:/home/student36/ws_moveit/install/moveit_resources_panda_description:/home/student36/ws_moveit/install/moveit_resources_fanuc_moveit_config:/home/student36/ws_moveit/install/moveit_resources_fanuc_description:/home/student36/ws_moveit/install/moveit_planners_stomp:/home/student36/ws_moveit/install/moveit_planners_chomp:/home/student36/ws_moveit/install/chomp_motion_planner:/home/student36/ws_moveit/install/moveit_core:/home/student36/ws_moveit/install/moveit_msgs:/home/student36/ws_moveit/install/moveit_common:/home/student36/ws_moveit/install/kortex_driver:/home/student36/ws_moveit/install/kortex_api:/home/student36/rplidar_ws/install/rplidar_ros:/home/student36/elephant_arm_ws/install/mycobot_280_moveit2:/opt/ros/jazzy/opt/gz_sim_vendor:/opt/ros/jazzy/opt/gz_sensors_vendor:/opt/ros/jazzy/opt/gz_physics_vendor:/opt/ros/jazzy/opt/sdformat_vendor:/opt/ros/jazzy/opt/gz_gui_vendor:/opt/ros/jazzy/opt/gz_transport_vendor:/opt/ros/jazzy/opt/gz_rendering_vendor:/opt/ros/jazzy/opt/gz_plugin_vendor:/opt/ros/jazzy/opt/gz_fuel_tools_vendor:/opt/ros/jazzy/opt/gz_msgs_vendor:/opt/ros/jazzy/opt/gz_common_vendor:/opt/ros/jazzy/opt/gz_math_vendor:/opt/ros/jazzy/opt/gz_utils_vendor:/opt/ros/jazzy/opt/gz_tools_vendor:/opt/ros/jazzy/opt/gz_ogre_next_vendor:/opt/ros/jazzy/opt/gz_dartsim_vendor:/opt/ros/jazzy/opt/gz_cmake_vendor:/home/student36/ros2_tutorial_workspace/install/the_simplest_python_package:/home/student36/ros2_tutorial_workspace/install/python_package_with_a_node:/home/student36/ros2_tutorial_workspace/install/python_package_that_uses_the_library:/home/student36/ros2_tutorial_workspace/install/python_package_with_a_library:/home/student36/ros2_tutorial_workspace/install/python_package_that_uses_the_services:/home/student36/ros2_tutorial_workspace/install/python_package_that_uses_the_actions:/home/student36/ros2_tutorial_workspace/install/python_package_that_uses_tf2:/home/student36/ros2_tutorial_workspace/install/python_package_that_uses_parameters_and_launch_files:/home/student36/ros2_tutorial_workspace/install/python_package_that_uses_nottf2:/home/student36/ros2_tutorial_workspace/install/python_package_that_uses_nav2:/home/student36/ros2_tutorial_workspace/install/python_package_that_uses_messages:/home/student36/ros2_tutorial_workspace/install/python_package_that_uses_geometry_msgs:/home/student36/ros2_tutorial_workspace/install/python_package_that_uses_gazebo:/home/student36/ws_moveit/install/moveit_configs_utils:/home/student36/elephant_arm_ws/install/mycobot_description:/opt/ros/jazzy DEBUGINFOD_URLS=https://debuginfod.ubuntu.com LD_LIBRARY_PATH=/home/student36/RoboticsDesignProject/Git-repos/LeoRover-Team7/elephant_arm_ws/install/moveit_task_constructor_core/lib:/home/student36/RoboticsDesignProject/Git-repos/LeoRover-Team7/elephant_arm_ws/install/rviz_marker_tools/lib:/home/student36/RoboticsDesignProject/Git-repos/LeoRover-Team7/elephant_arm_ws/install/moveit_task_constructor_msgs/lib:/home/student36/RoboticsDesignProject/Git-repos/LeoRover-Team7/elephant_arm_ws/install/moveit_task_constructor_demo/lib:/home/student36/RoboticsDesignProject/Git-repos/LeoRover-Team7/elephant_arm_ws/install/moveit_task_constructor_visualization/lib:/home/student36/RoboticsDesignProject/Git-repos/LeoRover-Team7/elephant_arm_ws/install/moveit_task_constructor_capabilities/lib:/home/student36/ros2_tutorial_workspace/install/package_with_interfaces/lib:/home/student36/ws_moveit/install/robotiq_driver/lib:/home/student36/ws_moveit/install/serial/lib:/home/student36/ws_moveit/install/moveit_visual_tools/lib:/home/student36/ws_moveit/install/rviz_visual_tools/lib:/home/student36/ws_moveit/install/moveit_task_constructor_demo/lib:/home/student36/ws_moveit/install/moveit_task_constructor_visualization/lib:/home/student36/ws_moveit/install/moveit_task_constructor_capabilities/lib:/home/student36/ws_moveit/install/moveit_task_constructor_core/lib:/home/student36/ws_moveit/install/rviz_marker_tools/lib:/home/student36/ws_moveit/install/robotiq_controllers/lib:/home/student36/ws_moveit/install/pilz_industrial_motion_planner_testutils/lib:/home/student36/ws_moveit/install/pilz_industrial_motion_planner/lib:/home/student36/ws_moveit/install/moveit_task_constructor_msgs/lib:/home/student36/ws_moveit/install/moveit_ros_control_interface/lib:/home/student36/ws_moveit/install/moveit_simple_controller_manager/lib:/home/student36/ws_moveit/install/moveit_setup_assistant/lib:/home/student36/ws_moveit/install/moveit_setup_srdf_plugins/lib:/home/student36/ws_moveit/install/moveit_setup_core_plugins/lib:/home/student36/ws_moveit/install/moveit_setup_controllers/lib:/home/student36/ws_moveit/install/moveit_setup_app_plugins/lib:/home/student36/ws_moveit/install/moveit_setup_framework/lib:/home/student36/ws_moveit/install/moveit_servo/lib:/home/student36/ws_moveit/install/moveit_ros_trajectory_cache/lib:/home/student36/ws_moveit/install/moveit_ros_visualization/lib:/home/student36/ws_moveit/install/moveit_py/lib:/home/student36/ws_moveit/install/moveit_hybrid_planning/lib:/home/student36/ws_moveit/install/moveit_ros_planning_interface/lib:/home/student36/ws_moveit/install/moveit_ros_benchmarks/lib:/home/student36/ws_moveit/install/moveit_ros_warehouse/lib:/home/student36/ws_moveit/install/moveit_ros_robot_interaction/lib:/home/student36/ws_moveit/install/moveit_ros_perception/lib:/home/student36/ws_moveit/install/moveit_ros_move_group/lib:/home/student36/ws_moveit/install/moveit_planners_ompl/lib:/home/student36/ws_moveit/install/moveit_kinematics/lib:/home/student36/ws_moveit/install/moveit_ros_planning/lib:/home/student36/ws_moveit/install/moveit_ros_occupancy_map_monitor/lib:/home/student36/ws_moveit/install/moveit_resources_prbt_ikfast_manipulator_plugin/lib:/home/student36/ws_moveit/install/moveit_planners_stomp/lib:/home/student36/ws_moveit/install/moveit_planners_chomp/lib:/home/student36/ws_moveit/install/chomp_motion_planner/lib:/home/student36/ws_moveit/install/moveit_core/lib:/home/student36/ws_moveit/install/moveit_msgs/lib:/home/student36/ws_moveit/install/kortex_driver/lib:/opt/ros/jazzy/opt/gz_sim_vendor/lib:/opt/ros/jazzy/opt/gz_sensors_vendor/lib:/opt/ros/jazzy/opt/gz_physics_vendor/lib:/opt/ros/jazzy/opt/sdformat_vendor/lib:/opt/ros/jazzy/opt/rviz_ogre_vendor/lib:/opt/ros/jazzy/lib/x86_64-linux-gnu:/opt/ros/jazzy/opt/gz_gui_vendor/lib:/opt/ros/jazzy/opt/gz_transport_vendor/lib:/opt/ros/jazzy/opt/gz_rendering_vendor/lib:/opt/ros/jazzy/opt/gz_plugin_vendor/lib:/opt/ros/jazzy/opt/gz_fuel_tools_vendor/lib:/opt/ros/jazzy/opt/gz_msgs_vendor/lib:/opt/ros/jazzy/opt/gz_common_vendor/lib:/opt/ros/jazzy/opt/gz_math_vendor/lib:/opt/ros/jazzy/opt/gz_utils_vendor/lib:/opt/ros/jazzy/opt/gz_tools_vendor/lib:/opt/ros/jazzy/opt/gz_ogre_next_vendor/lib:/opt/ros/jazzy/opt/gz_dartsim_vendor/lib:/opt/ros/jazzy/opt/gz_cmake_vendor/lib:/opt/ros/jazzy/lib /usr/bin/cmake --build /home/student36/RoboticsDesignProject/Git-repos/LeoRover-Team7/elephant_arm_ws/build/moveit_task_constructor_capabilities -- -j12 -l12
[3.583s] DEBUG:colcon.colcon_core.event_handler.log_command:Invoking command in '/home/student36/RoboticsDesignProject/Git-repos/LeoRover-Team7/elephant_arm_ws/build/moveit_task_constructor_visualization': CMAKE_PREFIX_PATH=/home/student36/RoboticsDesignProject/Git-repos/LeoRover-Team7/elephant_arm_ws/install/moveit_task_constructor_core:/home/student36/RoboticsDesignProject/Git-repos/LeoRover-Team7/elephant_arm_ws/install/rviz_marker_tools:/home/student36/RoboticsDesignProject/Git-repos/LeoRover-Team7/elephant_arm_ws/install/moveit_task_constructor_msgs:/home/student36/RoboticsDesignProject/Git-repos/LeoRover-Team7/elephant_arm_ws/install/mtc_tutorial:/home/student36/RoboticsDesignProject/Git-repos/LeoRover-Team7/elephant_arm_ws/install/moveit_task_constructor_demo:/home/student36/RoboticsDesignProject/Git-repos/LeoRover-Team7/elephant_arm_ws/install/moveit_task_constructor_visualization:/home/student36/RoboticsDesignProject/Git-repos/LeoRover-Team7/elephant_arm_ws/install/moveit_task_constructor_capabilities:/home/student36/RoboticsDesignProject/Git-repos/LeoRover-Team7/elephant_arm_ws/install/mycobot_ros2:/home/student36/RoboticsDesignProject/Git-repos/LeoRover-Team7/elephant_arm_ws/install/mycobot_moveit_config:/home/student36/RoboticsDesignProject/Git-repos/LeoRover-Team7/elephant_arm_ws/install/mycobot_gazebo:/home/student36/RoboticsDesignProject/Git-repos/LeoRover-Team7/elephant_arm_ws/install/mycobot_description:/home/student36/RoboticsDesignProject/Git-repos/LeoRover-Team7/elephant_arm_ws/install/mycobot_bringup:/home/student36/RoboticsDesignProject/Git-repos/LeoRover-Team7/elephant_arm_ws/install/hello_moveit:/home/student36/ros2_tutorial_workspace/install/package_with_interfaces:/home/student36/ws_moveit/install/robotiq_hardware_tests:/home/student36/ws_moveit/install/robotiq_driver:/home/student36/ws_moveit/install/serial:/home/student36/ws_moveit/install/moveit2_tutorials:/home/student36/ws_moveit/install/hello_moveit:/home/student36/ws_moveit/install/moveit_visual_tools:/home/student36/ws_moveit/install/rviz_visual_tools:/home/student36/ws_moveit/install/mtc_tutorial:/home/student36/ws_moveit/install/moveit_task_constructor_demo:/home/student36/ws_moveit/install/moveit_task_constructor_visualization:/home/student36/ws_moveit/install/moveit_task_constructor_capabilities:/home/student36/ws_moveit/install/elephant:/home/student36/ws_moveit/install/moveit_task_constructor_core:/home/student36/ws_moveit/install/rviz_marker_tools:/home/student36/ws_moveit/install/kortex_bringup:/home/student36/ws_moveit/install/kinova_gen3_lite_moveit_config:/home/student36/ws_moveit/install/kinova_gen3_7dof_robotiq_2f_85_moveit_config:/home/student36/ws_moveit/install/kinova_gen3_6dof_robotiq_2f_85_moveit_config:/home/student36/ws_moveit/install/kortex_description:/home/student36/ws_moveit/install/robotiq_description:/home/student36/ws_moveit/install/robotiq_controllers:/home/student36/ws_moveit/install/pilz_industrial_motion_planner_testutils:/home/student36/ws_moveit/install/mycobot_280_moveit2:/home/student36/ws_moveit/install/moveit_runtime:/home/student36/ws_moveit/install/moveit:/home/student36/ws_moveit/install/elephant_arm:/home/student36/ws_moveit/install/moveit_planners:/home/student36/ws_moveit/install/pilz_industrial_motion_planner:/home/student36/ws_moveit/install/mycobot_description:/home/student36/ws_moveit/install/moveit_task_constructor_msgs:/home/student36/ws_moveit/install/moveit_ros_control_interface:/home/student36/ws_moveit/install/moveit_plugins:/home/student36/ws_moveit/install/moveit_simple_controller_manager:/home/student36/ws_moveit/install/moveit_setup_assistant:/home/student36/ws_moveit/install/moveit_setup_srdf_plugins:/home/student36/ws_moveit/install/moveit_setup_core_plugins:/home/student36/ws_moveit/install/moveit_setup_controllers:/home/student36/ws_moveit/install/moveit_setup_app_plugins:/home/student36/ws_moveit/install/moveit_setup_framework:/home/student36/ws_moveit/install/moveit_servo:/home/student36/ws_moveit/install/moveit_ros_trajectory_cache:/home/student36/ws_moveit/install/moveit_ros:/home/student36/ws_moveit/install/moveit_ros_visualization:/home/student36/ws_moveit/install/moveit_py:/home/student36/ws_moveit/install/moveit_hybrid_planning:/home/student36/ws_moveit/install/moveit_ros_planning_interface:/home/student36/ws_moveit/install/moveit_ros_benchmarks:/home/student36/ws_moveit/install/moveit_ros_warehouse:/home/student36/ws_moveit/install/moveit_ros_robot_interaction:/home/student36/ws_moveit/install/moveit_ros_perception:/home/student36/ws_moveit/install/moveit_resources_prbt_pg70_support:/home/student36/ws_moveit/install/moveit_resources_prbt_moveit_config:/home/student36/ws_moveit/install/moveit_ros_move_group:/home/student36/ws_moveit/install/moveit_planners_ompl:/home/student36/ws_moveit/install/moveit_kinematics:/home/student36/ws_moveit/install/moveit_ros_planning:/home/student36/ws_moveit/install/moveit_ros_occupancy_map_monitor:/home/student36/ws_moveit/install/moveit_resources_prbt_support:/home/student36/ws_moveit/install/moveit_resources_prbt_ikfast_manipulator_plugin:/home/student36/ws_moveit/install/moveit_resources:/home/student36/ws_moveit/install/moveit_resources_pr2_description:/home/student36/ws_moveit/install/moveit_resources_panda_moveit_config:/home/student36/ws_moveit/install/dual_arm_panda_moveit_config:/home/student36/ws_moveit/install/moveit_resources_panda_description:/home/student36/ws_moveit/install/moveit_resources_fanuc_moveit_config:/home/student36/ws_moveit/install/moveit_resources_fanuc_description:/home/student36/ws_moveit/install/moveit_planners_stomp:/home/student36/ws_moveit/install/moveit_planners_chomp:/home/student36/ws_moveit/install/chomp_motion_planner:/home/student36/ws_moveit/install/moveit_core:/home/student36/ws_moveit/install/moveit_msgs:/home/student36/ws_moveit/install/moveit_common:/home/student36/ws_moveit/install/kortex_driver:/home/student36/ws_moveit/install/kortex_api:/home/student36/rplidar_ws/install/rplidar_ros:/home/student36/elephant_arm_ws/install/mycobot_280_moveit2:/opt/ros/jazzy/opt/gz_sim_vendor:/opt/ros/jazzy/opt/gz_sensors_vendor:/opt/ros/jazzy/opt/gz_physics_vendor:/opt/ros/jazzy/opt/sdformat_vendor:/opt/ros/jazzy/opt/gz_gui_vendor:/opt/ros/jazzy/opt/gz_transport_vendor:/opt/ros/jazzy/opt/gz_rendering_vendor:/opt/ros/jazzy/opt/gz_plugin_vendor:/opt/ros/jazzy/opt/gz_fuel_tools_vendor:/opt/ros/jazzy/opt/gz_msgs_vendor:/opt/ros/jazzy/opt/gz_common_vendor:/opt/ros/jazzy/opt/gz_math_vendor:/opt/ros/jazzy/opt/gz_utils_vendor:/opt/ros/jazzy/opt/gz_tools_vendor:/opt/ros/jazzy/opt/gz_ogre_next_vendor:/opt/ros/jazzy/opt/gz_dartsim_vendor:/opt/ros/jazzy/opt/gz_cmake_vendor:/home/student36/ros2_tutorial_workspace/install/the_simplest_python_package:/home/student36/ros2_tutorial_workspace/install/python_package_with_a_node:/home/student36/ros2_tutorial_workspace/install/python_package_that_uses_the_library:/home/student36/ros2_tutorial_workspace/install/python_package_with_a_library:/home/student36/ros2_tutorial_workspace/install/python_package_that_uses_the_services:/home/student36/ros2_tutorial_workspace/install/python_package_that_uses_the_actions:/home/student36/ros2_tutorial_workspace/install/python_package_that_uses_tf2:/home/student36/ros2_tutorial_workspace/install/python_package_that_uses_parameters_and_launch_files:/home/student36/ros2_tutorial_workspace/install/python_package_that_uses_nottf2:/home/student36/ros2_tutorial_workspace/install/python_package_that_uses_nav2:/home/student36/ros2_tutorial_workspace/install/python_package_that_uses_messages:/home/student36/ros2_tutorial_workspace/install/python_package_that_uses_geometry_msgs:/home/student36/ros2_tutorial_workspace/install/python_package_that_uses_gazebo:/home/student36/ws_moveit/install/moveit_configs_utils:/home/student36/elephant_arm_ws/install/mycobot_description:/opt/ros/jazzy DEBUGINFOD_URLS=https://debuginfod.ubuntu.com LD_LIBRARY_PATH=/home/student36/RoboticsDesignProject/Git-repos/LeoRover-Team7/elephant_arm_ws/install/moveit_task_constructor_core/lib:/home/student36/RoboticsDesignProject/Git-repos/LeoRover-Team7/elephant_arm_ws/install/rviz_marker_tools/lib:/home/student36/RoboticsDesignProject/Git-repos/LeoRover-Team7/elephant_arm_ws/install/moveit_task_constructor_msgs/lib:/home/student36/RoboticsDesignProject/Git-repos/LeoRover-Team7/elephant_arm_ws/install/moveit_task_constructor_demo/lib:/home/student36/RoboticsDesignProject/Git-repos/LeoRover-Team7/elephant_arm_ws/install/moveit_task_constructor_visualization/lib:/home/student36/RoboticsDesignProject/Git-repos/LeoRover-Team7/elephant_arm_ws/install/moveit_task_constructor_capabilities/lib:/home/student36/ros2_tutorial_workspace/install/package_with_interfaces/lib:/home/student36/ws_moveit/install/robotiq_driver/lib:/home/student36/ws_moveit/install/serial/lib:/home/student36/ws_moveit/install/moveit_visual_tools/lib:/home/student36/ws_moveit/install/rviz_visual_tools/lib:/home/student36/ws_moveit/install/moveit_task_constructor_demo/lib:/home/student36/ws_moveit/install/moveit_task_constructor_visualization/lib:/home/student36/ws_moveit/install/moveit_task_constructor_capabilities/lib:/home/student36/ws_moveit/install/moveit_task_constructor_core/lib:/home/student36/ws_moveit/install/rviz_marker_tools/lib:/home/student36/ws_moveit/install/robotiq_controllers/lib:/home/student36/ws_moveit/install/pilz_industrial_motion_planner_testutils/lib:/home/student36/ws_moveit/install/pilz_industrial_motion_planner/lib:/home/student36/ws_moveit/install/moveit_task_constructor_msgs/lib:/home/student36/ws_moveit/install/moveit_ros_control_interface/lib:/home/student36/ws_moveit/install/moveit_simple_controller_manager/lib:/home/student36/ws_moveit/install/moveit_setup_assistant/lib:/home/student36/ws_moveit/install/moveit_setup_srdf_plugins/lib:/home/student36/ws_moveit/install/moveit_setup_core_plugins/lib:/home/student36/ws_moveit/install/moveit_setup_controllers/lib:/home/student36/ws_moveit/install/moveit_setup_app_plugins/lib:/home/student36/ws_moveit/install/moveit_setup_framework/lib:/home/student36/ws_moveit/install/moveit_servo/lib:/home/student36/ws_moveit/install/moveit_ros_trajectory_cache/lib:/home/student36/ws_moveit/install/moveit_ros_visualization/lib:/home/student36/ws_moveit/install/moveit_py/lib:/home/student36/ws_moveit/install/moveit_hybrid_planning/lib:/home/student36/ws_moveit/install/moveit_ros_planning_interface/lib:/home/student36/ws_moveit/install/moveit_ros_benchmarks/lib:/home/student36/ws_moveit/install/moveit_ros_warehouse/lib:/home/student36/ws_moveit/install/moveit_ros_robot_interaction/lib:/home/student36/ws_moveit/install/moveit_ros_perception/lib:/home/student36/ws_moveit/install/moveit_ros_move_group/lib:/home/student36/ws_moveit/install/moveit_planners_ompl/lib:/home/student36/ws_moveit/install/moveit_kinematics/lib:/home/student36/ws_moveit/install/moveit_ros_planning/lib:/home/student36/ws_moveit/install/moveit_ros_occupancy_map_monitor/lib:/home/student36/ws_moveit/install/moveit_resources_prbt_ikfast_manipulator_plugin/lib:/home/student36/ws_moveit/install/moveit_planners_stomp/lib:/home/student36/ws_moveit/install/moveit_planners_chomp/lib:/home/student36/ws_moveit/install/chomp_motion_planner/lib:/home/student36/ws_moveit/install/moveit_core/lib:/home/student36/ws_moveit/install/moveit_msgs/lib:/home/student36/ws_moveit/install/kortex_driver/lib:/opt/ros/jazzy/opt/gz_sim_vendor/lib:/opt/ros/jazzy/opt/gz_sensors_vendor/lib:/opt/ros/jazzy/opt/gz_physics_vendor/lib:/opt/ros/jazzy/opt/sdformat_vendor/lib:/opt/ros/jazzy/opt/rviz_ogre_vendor/lib:/opt/ros/jazzy/lib/x86_64-linux-gnu:/opt/ros/jazzy/opt/gz_gui_vendor/lib:/opt/ros/jazzy/opt/gz_transport_vendor/lib:/opt/ros/jazzy/opt/gz_rendering_vendor/lib:/opt/ros/jazzy/opt/gz_plugin_vendor/lib:/opt/ros/jazzy/opt/gz_fuel_tools_vendor/lib:/opt/ros/jazzy/opt/gz_msgs_vendor/lib:/opt/ros/jazzy/opt/gz_common_vendor/lib:/opt/ros/jazzy/opt/gz_math_vendor/lib:/opt/ros/jazzy/opt/gz_utils_vendor/lib:/opt/ros/jazzy/opt/gz_tools_vendor/lib:/opt/ros/jazzy/opt/gz_ogre_next_vendor/lib:/opt/ros/jazzy/opt/gz_dartsim_vendor/lib:/opt/ros/jazzy/opt/gz_cmake_vendor/lib:/opt/ros/jazzy/lib /usr/bin/cmake --build /home/student36/RoboticsDesignProject/Git-repos/LeoRover-Team7/elephant_arm_ws/build/moveit_task_constructor_visualization -- -j12 -l12
[3.607s] DEBUG:colcon.colcon_core.event_handler.log_command:Invoking command in '/home/student36/RoboticsDesignProject/Git-repos/LeoRover-Team7/elephant_arm_ws/build/mtc_tutorial': CMAKE_PREFIX_PATH=/home/student36/RoboticsDesignProject/Git-repos/LeoRover-Team7/elephant_arm_ws/install/moveit_task_constructor_core:/home/student36/RoboticsDesignProject/Git-repos/LeoRover-Team7/elephant_arm_ws/install/rviz_marker_tools:/home/student36/RoboticsDesignProject/Git-repos/LeoRover-Team7/elephant_arm_ws/install/moveit_task_constructor_msgs:/home/student36/RoboticsDesignProject/Git-repos/LeoRover-Team7/elephant_arm_ws/install/mtc_tutorial:/home/student36/RoboticsDesignProject/Git-repos/LeoRover-Team7/elephant_arm_ws/install/moveit_task_constructor_demo:/home/student36/RoboticsDesignProject/Git-repos/LeoRover-Team7/elephant_arm_ws/install/moveit_task_constructor_visualization:/home/student36/RoboticsDesignProject/Git-repos/LeoRover-Team7/elephant_arm_ws/install/moveit_task_constructor_capabilities:/home/student36/RoboticsDesignProject/Git-repos/LeoRover-Team7/elephant_arm_ws/install/mycobot_ros2:/home/student36/RoboticsDesignProject/Git-repos/LeoRover-Team7/elephant_arm_ws/install/mycobot_moveit_config:/home/student36/RoboticsDesignProject/Git-repos/LeoRover-Team7/elephant_arm_ws/install/mycobot_gazebo:/home/student36/RoboticsDesignProject/Git-repos/LeoRover-Team7/elephant_arm_ws/install/mycobot_description:/home/student36/RoboticsDesignProject/Git-repos/LeoRover-Team7/elephant_arm_ws/install/mycobot_bringup:/home/student36/RoboticsDesignProject/Git-repos/LeoRover-Team7/elephant_arm_ws/install/hello_moveit:/home/student36/ros2_tutorial_workspace/install/package_with_interfaces:/home/student36/ws_moveit/install/robotiq_hardware_tests:/home/student36/ws_moveit/install/robotiq_driver:/home/student36/ws_moveit/install/serial:/home/student36/ws_moveit/install/moveit2_tutorials:/home/student36/ws_moveit/install/hello_moveit:/home/student36/ws_moveit/install/moveit_visual_tools:/home/student36/ws_moveit/install/rviz_visual_tools:/home/student36/ws_moveit/install/mtc_tutorial:/home/student36/ws_moveit/install/moveit_task_constructor_demo:/home/student36/ws_moveit/install/moveit_task_constructor_visualization:/home/student36/ws_moveit/install/moveit_task_constructor_capabilities:/home/student36/ws_moveit/install/elephant:/home/student36/ws_moveit/install/moveit_task_constructor_core:/home/student36/ws_moveit/install/rviz_marker_tools:/home/student36/ws_moveit/install/kortex_bringup:/home/student36/ws_moveit/install/kinova_gen3_lite_moveit_config:/home/student36/ws_moveit/install/kinova_gen3_7dof_robotiq_2f_85_moveit_config:/home/student36/ws_moveit/install/kinova_gen3_6dof_robotiq_2f_85_moveit_config:/home/student36/ws_moveit/install/kortex_description:/home/student36/ws_moveit/install/robotiq_description:/home/student36/ws_moveit/install/robotiq_controllers:/home/student36/ws_moveit/install/pilz_industrial_motion_planner_testutils:/home/student36/ws_moveit/install/mycobot_280_moveit2:/home/student36/ws_moveit/install/moveit_runtime:/home/student36/ws_moveit/install/moveit:/home/student36/ws_moveit/install/elephant_arm:/home/student36/ws_moveit/install/moveit_planners:/home/student36/ws_moveit/install/pilz_industrial_motion_planner:/home/student36/ws_moveit/install/mycobot_description:/home/student36/ws_moveit/install/moveit_task_constructor_msgs:/home/student36/ws_moveit/install/moveit_ros_control_interface:/home/student36/ws_moveit/install/moveit_plugins:/home/student36/ws_moveit/install/moveit_simple_controller_manager:/home/student36/ws_moveit/install/moveit_setup_assistant:/home/student36/ws_moveit/install/moveit_setup_srdf_plugins:/home/student36/ws_moveit/install/moveit_setup_core_plugins:/home/student36/ws_moveit/install/moveit_setup_controllers:/home/student36/ws_moveit/install/moveit_setup_app_plugins:/home/student36/ws_moveit/install/moveit_setup_framework:/home/student36/ws_moveit/install/moveit_servo:/home/student36/ws_moveit/install/moveit_ros_trajectory_cache:/home/student36/ws_moveit/install/moveit_ros:/home/student36/ws_moveit/install/moveit_ros_visualization:/home/student36/ws_moveit/install/moveit_py:/home/student36/ws_moveit/install/moveit_hybrid_planning:/home/student36/ws_moveit/install/moveit_ros_planning_interface:/home/student36/ws_moveit/install/moveit_ros_benchmarks:/home/student36/ws_moveit/install/moveit_ros_warehouse:/home/student36/ws_moveit/install/moveit_ros_robot_interaction:/home/student36/ws_moveit/install/moveit_ros_perception:/home/student36/ws_moveit/install/moveit_resources_prbt_pg70_support:/home/student36/ws_moveit/install/moveit_resources_prbt_moveit_config:/home/student36/ws_moveit/install/moveit_ros_move_group:/home/student36/ws_moveit/install/moveit_planners_ompl:/home/student36/ws_moveit/install/moveit_kinematics:/home/student36/ws_moveit/install/moveit_ros_planning:/home/student36/ws_moveit/install/moveit_ros_occupancy_map_monitor:/home/student36/ws_moveit/install/moveit_resources_prbt_support:/home/student36/ws_moveit/install/moveit_resources_prbt_ikfast_manipulator_plugin:/home/student36/ws_moveit/install/moveit_resources:/home/student36/ws_moveit/install/moveit_resources_pr2_description:/home/student36/ws_moveit/install/moveit_resources_panda_moveit_config:/home/student36/ws_moveit/install/dual_arm_panda_moveit_config:/home/student36/ws_moveit/install/moveit_resources_panda_description:/home/student36/ws_moveit/install/moveit_resources_fanuc_moveit_config:/home/student36/ws_moveit/install/moveit_resources_fanuc_description:/home/student36/ws_moveit/install/moveit_planners_stomp:/home/student36/ws_moveit/install/moveit_planners_chomp:/home/student36/ws_moveit/install/chomp_motion_planner:/home/student36/ws_moveit/install/moveit_core:/home/student36/ws_moveit/install/moveit_msgs:/home/student36/ws_moveit/install/moveit_common:/home/student36/ws_moveit/install/kortex_driver:/home/student36/ws_moveit/install/kortex_api:/home/student36/rplidar_ws/install/rplidar_ros:/home/student36/elephant_arm_ws/install/mycobot_280_moveit2:/opt/ros/jazzy/opt/gz_sim_vendor:/opt/ros/jazzy/opt/gz_sensors_vendor:/opt/ros/jazzy/opt/gz_physics_vendor:/opt/ros/jazzy/opt/sdformat_vendor:/opt/ros/jazzy/opt/gz_gui_vendor:/opt/ros/jazzy/opt/gz_transport_vendor:/opt/ros/jazzy/opt/gz_rendering_vendor:/opt/ros/jazzy/opt/gz_plugin_vendor:/opt/ros/jazzy/opt/gz_fuel_tools_vendor:/opt/ros/jazzy/opt/gz_msgs_vendor:/opt/ros/jazzy/opt/gz_common_vendor:/opt/ros/jazzy/opt/gz_math_vendor:/opt/ros/jazzy/opt/gz_utils_vendor:/opt/ros/jazzy/opt/gz_tools_vendor:/opt/ros/jazzy/opt/gz_ogre_next_vendor:/opt/ros/jazzy/opt/gz_dartsim_vendor:/opt/ros/jazzy/opt/gz_cmake_vendor:/home/student36/ros2_tutorial_workspace/install/the_simplest_python_package:/home/student36/ros2_tutorial_workspace/install/python_package_with_a_node:/home/student36/ros2_tutorial_workspace/install/python_package_that_uses_the_library:/home/student36/ros2_tutorial_workspace/install/python_package_with_a_library:/home/student36/ros2_tutorial_workspace/install/python_package_that_uses_the_services:/home/student36/ros2_tutorial_workspace/install/python_package_that_uses_the_actions:/home/student36/ros2_tutorial_workspace/install/python_package_that_uses_tf2:/home/student36/ros2_tutorial_workspace/install/python_package_that_uses_parameters_and_launch_files:/home/student36/ros2_tutorial_workspace/install/python_package_that_uses_nottf2:/home/student36/ros2_tutorial_workspace/install/python_package_that_uses_nav2:/home/student36/ros2_tutorial_workspace/install/python_package_that_uses_messages:/home/student36/ros2_tutorial_workspace/install/python_package_that_uses_geometry_msgs:/home/student36/ros2_tutorial_workspace/install/python_package_that_uses_gazebo:/home/student36/ws_moveit/install/moveit_configs_utils:/home/student36/elephant_arm_ws/install/mycobot_description:/opt/ros/jazzy DEBUGINFOD_URLS=https://debuginfod.ubuntu.com LD_LIBRARY_PATH=/home/student36/RoboticsDesignProject/Git-repos/LeoRover-Team7/elephant_arm_ws/install/moveit_task_constructor_core/lib:/home/student36/RoboticsDesignProject/Git-repos/LeoRover-Team7/elephant_arm_ws/install/rviz_marker_tools/lib:/home/student36/RoboticsDesignProject/Git-repos/LeoRover-Team7/elephant_arm_ws/install/moveit_task_constructor_msgs/lib:/home/student36/RoboticsDesignProject/Git-repos/LeoRover-Team7/elephant_arm_ws/install/moveit_task_constructor_demo/lib:/home/student36/RoboticsDesignProject/Git-repos/LeoRover-Team7/elephant_arm_ws/install/moveit_task_constructor_visualization/lib:/home/student36/RoboticsDesignProject/Git-repos/LeoRover-Team7/elephant_arm_ws/install/moveit_task_constructor_capabilities/lib:/home/student36/ros2_tutorial_workspace/install/package_with_interfaces/lib:/home/student36/ws_moveit/install/robotiq_driver/lib:/home/student36/ws_moveit/install/serial/lib:/home/student36/ws_moveit/install/moveit_visual_tools/lib:/home/student36/ws_moveit/install/rviz_visual_tools/lib:/home/student36/ws_moveit/install/moveit_task_constructor_demo/lib:/home/student36/ws_moveit/install/moveit_task_constructor_visualization/lib:/home/student36/ws_moveit/install/moveit_task_constructor_capabilities/lib:/home/student36/ws_moveit/install/moveit_task_constructor_core/lib:/home/student36/ws_moveit/install/rviz_marker_tools/lib:/home/student36/ws_moveit/install/robotiq_controllers/lib:/home/student36/ws_moveit/install/pilz_industrial_motion_planner_testutils/lib:/home/student36/ws_moveit/install/pilz_industrial_motion_planner/lib:/home/student36/ws_moveit/install/moveit_task_constructor_msgs/lib:/home/student36/ws_moveit/install/moveit_ros_control_interface/lib:/home/student36/ws_moveit/install/moveit_simple_controller_manager/lib:/home/student36/ws_moveit/install/moveit_setup_assistant/lib:/home/student36/ws_moveit/install/moveit_setup_srdf_plugins/lib:/home/student36/ws_moveit/install/moveit_setup_core_plugins/lib:/home/student36/ws_moveit/install/moveit_setup_controllers/lib:/home/student36/ws_moveit/install/moveit_setup_app_plugins/lib:/home/student36/ws_moveit/install/moveit_setup_framework/lib:/home/student36/ws_moveit/install/moveit_servo/lib:/home/student36/ws_moveit/install/moveit_ros_trajectory_cache/lib:/home/student36/ws_moveit/install/moveit_ros_visualization/lib:/home/student36/ws_moveit/install/moveit_py/lib:/home/student36/ws_moveit/install/moveit_hybrid_planning/lib:/home/student36/ws_moveit/install/moveit_ros_planning_interface/lib:/home/student36/ws_moveit/install/moveit_ros_benchmarks/lib:/home/student36/ws_moveit/install/moveit_ros_warehouse/lib:/home/student36/ws_moveit/install/moveit_ros_robot_interaction/lib:/home/student36/ws_moveit/install/moveit_ros_perception/lib:/home/student36/ws_moveit/install/moveit_ros_move_group/lib:/home/student36/ws_moveit/install/moveit_planners_ompl/lib:/home/student36/ws_moveit/install/moveit_kinematics/lib:/home/student36/ws_moveit/install/moveit_ros_planning/lib:/home/student36/ws_moveit/install/moveit_ros_occupancy_map_monitor/lib:/home/student36/ws_moveit/install/moveit_resources_prbt_ikfast_manipulator_plugin/lib:/home/student36/ws_moveit/install/moveit_planners_stomp/lib:/home/student36/ws_moveit/install/moveit_planners_chomp/lib:/home/student36/ws_moveit/install/chomp_motion_planner/lib:/home/student36/ws_moveit/install/moveit_core/lib:/home/student36/ws_moveit/install/moveit_msgs/lib:/home/student36/ws_moveit/install/kortex_driver/lib:/opt/ros/jazzy/opt/gz_sim_vendor/lib:/opt/ros/jazzy/opt/gz_sensors_vendor/lib:/opt/ros/jazzy/opt/gz_physics_vendor/lib:/opt/ros/jazzy/opt/sdformat_vendor/lib:/opt/ros/jazzy/opt/rviz_ogre_vendor/lib:/opt/ros/jazzy/lib/x86_64-linux-gnu:/opt/ros/jazzy/opt/gz_gui_vendor/lib:/opt/ros/jazzy/opt/gz_transport_vendor/lib:/opt/ros/jazzy/opt/gz_rendering_vendor/lib:/opt/ros/jazzy/opt/gz_plugin_vendor/lib:/opt/ros/jazzy/opt/gz_fuel_tools_vendor/lib:/opt/ros/jazzy/opt/gz_msgs_vendor/lib:/opt/ros/jazzy/opt/gz_common_vendor/lib:/opt/ros/jazzy/opt/gz_math_vendor/lib:/opt/ros/jazzy/opt/gz_utils_vendor/lib:/opt/ros/jazzy/opt/gz_tools_vendor/lib:/opt/ros/jazzy/opt/gz_ogre_next_vendor/lib:/opt/ros/jazzy/opt/gz_dartsim_vendor/lib:/opt/ros/jazzy/opt/gz_cmake_vendor/lib:/opt/ros/jazzy/lib /usr/bin/cmake --build /home/student36/RoboticsDesignProject/Git-repos/LeoRover-Team7/elephant_arm_ws/build/mtc_tutorial -- -j12 -l12
[3.861s] DEBUG:colcon.colcon_core.event_handler.log_command:Invoked command in '/home/student36/RoboticsDesignProject/Git-repos/LeoRover-Team7/elephant_arm_ws/build/mtc_tutorial' returned '0': CMAKE_PREFIX_PATH=/home/student36/RoboticsDesignProject/Git-repos/LeoRover-Team7/elephant_arm_ws/install/moveit_task_constructor_core:/home/student36/RoboticsDesignProject/Git-repos/LeoRover-Team7/elephant_arm_ws/install/rviz_marker_tools:/home/student36/RoboticsDesignProject/Git-repos/LeoRover-Team7/elephant_arm_ws/install/moveit_task_constructor_msgs:/home/student36/RoboticsDesignProject/Git-repos/LeoRover-Team7/elephant_arm_ws/install/mtc_tutorial:/home/student36/RoboticsDesignProject/Git-repos/LeoRover-Team7/elephant_arm_ws/install/moveit_task_constructor_demo:/home/student36/RoboticsDesignProject/Git-repos/LeoRover-Team7/elephant_arm_ws/install/moveit_task_constructor_visualization:/home/student36/RoboticsDesignProject/Git-repos/LeoRover-Team7/elephant_arm_ws/install/moveit_task_constructor_capabilities:/home/student36/RoboticsDesignProject/Git-repos/LeoRover-Team7/elephant_arm_ws/install/mycobot_ros2:/home/student36/RoboticsDesignProject/Git-repos/LeoRover-Team7/elephant_arm_ws/install/mycobot_moveit_config:/home/student36/RoboticsDesignProject/Git-repos/LeoRover-Team7/elephant_arm_ws/install/mycobot_gazebo:/home/student36/RoboticsDesignProject/Git-repos/LeoRover-Team7/elephant_arm_ws/install/mycobot_description:/home/student36/RoboticsDesignProject/Git-repos/LeoRover-Team7/elephant_arm_ws/install/mycobot_bringup:/home/student36/RoboticsDesignProject/Git-repos/LeoRover-Team7/elephant_arm_ws/install/hello_moveit:/home/student36/ros2_tutorial_workspace/install/package_with_interfaces:/home/student36/ws_moveit/install/robotiq_hardware_tests:/home/student36/ws_moveit/install/robotiq_driver:/home/student36/ws_moveit/install/serial:/home/student36/ws_moveit/install/moveit2_tutorials:/home/student36/ws_moveit/install/hello_moveit:/home/student36/ws_moveit/install/moveit_visual_tools:/home/student36/ws_moveit/install/rviz_visual_tools:/home/student36/ws_moveit/install/mtc_tutorial:/home/student36/ws_moveit/install/moveit_task_constructor_demo:/home/student36/ws_moveit/install/moveit_task_constructor_visualization:/home/student36/ws_moveit/install/moveit_task_constructor_capabilities:/home/student36/ws_moveit/install/elephant:/home/student36/ws_moveit/install/moveit_task_constructor_core:/home/student36/ws_moveit/install/rviz_marker_tools:/home/student36/ws_moveit/install/kortex_bringup:/home/student36/ws_moveit/install/kinova_gen3_lite_moveit_config:/home/student36/ws_moveit/install/kinova_gen3_7dof_robotiq_2f_85_moveit_config:/home/student36/ws_moveit/install/kinova_gen3_6dof_robotiq_2f_85_moveit_config:/home/student36/ws_moveit/install/kortex_description:/home/student36/ws_moveit/install/robotiq_description:/home/student36/ws_moveit/install/robotiq_controllers:/home/student36/ws_moveit/install/pilz_industrial_motion_planner_testutils:/home/student36/ws_moveit/install/mycobot_280_moveit2:/home/student36/ws_moveit/install/moveit_runtime:/home/student36/ws_moveit/install/moveit:/home/student36/ws_moveit/install/elephant_arm:/home/student36/ws_moveit/install/moveit_planners:/home/student36/ws_moveit/install/pilz_industrial_motion_planner:/home/student36/ws_moveit/install/mycobot_description:/home/student36/ws_moveit/install/moveit_task_constructor_msgs:/home/student36/ws_moveit/install/moveit_ros_control_interface:/home/student36/ws_moveit/install/moveit_plugins:/home/student36/ws_moveit/install/moveit_simple_controller_manager:/home/student36/ws_moveit/install/moveit_setup_assistant:/home/student36/ws_moveit/install/moveit_setup_srdf_plugins:/home/student36/ws_moveit/install/moveit_setup_core_plugins:/home/student36/ws_moveit/install/moveit_setup_controllers:/home/student36/ws_moveit/install/moveit_setup_app_plugins:/home/student36/ws_moveit/install/moveit_setup_framework:/home/student36/ws_moveit/install/moveit_servo:/home/student36/ws_moveit/install/moveit_ros_trajectory_cache:/home/student36/ws_moveit/install/moveit_ros:/home/student36/ws_moveit/install/moveit_ros_visualization:/home/student36/ws_moveit/install/moveit_py:/home/student36/ws_moveit/install/moveit_hybrid_planning:/home/student36/ws_moveit/install/moveit_ros_planning_interface:/home/student36/ws_moveit/install/moveit_ros_benchmarks:/home/student36/ws_moveit/install/moveit_ros_warehouse:/home/student36/ws_moveit/install/moveit_ros_robot_interaction:/home/student36/ws_moveit/install/moveit_ros_perception:/home/student36/ws_moveit/install/moveit_resources_prbt_pg70_support:/home/student36/ws_moveit/install/moveit_resources_prbt_moveit_config:/home/student36/ws_moveit/install/moveit_ros_move_group:/home/student36/ws_moveit/install/moveit_planners_ompl:/home/student36/ws_moveit/install/moveit_kinematics:/home/student36/ws_moveit/install/moveit_ros_planning:/home/student36/ws_moveit/install/moveit_ros_occupancy_map_monitor:/home/student36/ws_moveit/install/moveit_resources_prbt_support:/home/student36/ws_moveit/install/moveit_resources_prbt_ikfast_manipulator_plugin:/home/student36/ws_moveit/install/moveit_resources:/home/student36/ws_moveit/install/moveit_resources_pr2_description:/home/student36/ws_moveit/install/moveit_resources_panda_moveit_config:/home/student36/ws_moveit/install/dual_arm_panda_moveit_config:/home/student36/ws_moveit/install/moveit_resources_panda_description:/home/student36/ws_moveit/install/moveit_resources_fanuc_moveit_config:/home/student36/ws_moveit/install/moveit_resources_fanuc_description:/home/student36/ws_moveit/install/moveit_planners_stomp:/home/student36/ws_moveit/install/moveit_planners_chomp:/home/student36/ws_moveit/install/chomp_motion_planner:/home/student36/ws_moveit/install/moveit_core:/home/student36/ws_moveit/install/moveit_msgs:/home/student36/ws_moveit/install/moveit_common:/home/student36/ws_moveit/install/kortex_driver:/home/student36/ws_moveit/install/kortex_api:/home/student36/rplidar_ws/install/rplidar_ros:/home/student36/elephant_arm_ws/install/mycobot_280_moveit2:/opt/ros/jazzy/opt/gz_sim_vendor:/opt/ros/jazzy/opt/gz_sensors_vendor:/opt/ros/jazzy/opt/gz_physics_vendor:/opt/ros/jazzy/opt/sdformat_vendor:/opt/ros/jazzy/opt/gz_gui_vendor:/opt/ros/jazzy/opt/gz_transport_vendor:/opt/ros/jazzy/opt/gz_rendering_vendor:/opt/ros/jazzy/opt/gz_plugin_vendor:/opt/ros/jazzy/opt/gz_fuel_tools_vendor:/opt/ros/jazzy/opt/gz_msgs_vendor:/opt/ros/jazzy/opt/gz_common_vendor:/opt/ros/jazzy/opt/gz_math_vendor:/opt/ros/jazzy/opt/gz_utils_vendor:/opt/ros/jazzy/opt/gz_tools_vendor:/opt/ros/jazzy/opt/gz_ogre_next_vendor:/opt/ros/jazzy/opt/gz_dartsim_vendor:/opt/ros/jazzy/opt/gz_cmake_vendor:/home/student36/ros2_tutorial_workspace/install/the_simplest_python_package:/home/student36/ros2_tutorial_workspace/install/python_package_with_a_node:/home/student36/ros2_tutorial_workspace/install/python_package_that_uses_the_library:/home/student36/ros2_tutorial_workspace/install/python_package_with_a_library:/home/student36/ros2_tutorial_workspace/install/python_package_that_uses_the_services:/home/student36/ros2_tutorial_workspace/install/python_package_that_uses_the_actions:/home/student36/ros2_tutorial_workspace/install/python_package_that_uses_tf2:/home/student36/ros2_tutorial_workspace/install/python_package_that_uses_parameters_and_launch_files:/home/student36/ros2_tutorial_workspace/install/python_package_that_uses_nottf2:/home/student36/ros2_tutorial_workspace/install/python_package_that_uses_nav2:/home/student36/ros2_tutorial_workspace/install/python_package_that_uses_messages:/home/student36/ros2_tutorial_workspace/install/python_package_that_uses_geometry_msgs:/home/student36/ros2_tutorial_workspace/install/python_package_that_uses_gazebo:/home/student36/ws_moveit/install/moveit_configs_utils:/home/student36/elephant_arm_ws/install/mycobot_description:/opt/ros/jazzy DEBUGINFOD_URLS=https://debuginfod.ubuntu.com LD_LIBRARY_PATH=/home/student36/RoboticsDesignProject/Git-repos/LeoRover-Team7/elephant_arm_ws/install/moveit_task_constructor_core/lib:/home/student36/RoboticsDesignProject/Git-repos/LeoRover-Team7/elephant_arm_ws/install/rviz_marker_tools/lib:/home/student36/RoboticsDesignProject/Git-repos/LeoRover-Team7/elephant_arm_ws/install/moveit_task_constructor_msgs/lib:/home/student36/RoboticsDesignProject/Git-repos/LeoRover-Team7/elephant_arm_ws/install/moveit_task_constructor_demo/lib:/home/student36/RoboticsDesignProject/Git-repos/LeoRover-Team7/elephant_arm_ws/install/moveit_task_constructor_visualization/lib:/home/student36/RoboticsDesignProject/Git-repos/LeoRover-Team7/elephant_arm_ws/install/moveit_task_constructor_capabilities/lib:/home/student36/ros2_tutorial_workspace/install/package_with_interfaces/lib:/home/student36/ws_moveit/install/robotiq_driver/lib:/home/student36/ws_moveit/install/serial/lib:/home/student36/ws_moveit/install/moveit_visual_tools/lib:/home/student36/ws_moveit/install/rviz_visual_tools/lib:/home/student36/ws_moveit/install/moveit_task_constructor_demo/lib:/home/student36/ws_moveit/install/moveit_task_constructor_visualization/lib:/home/student36/ws_moveit/install/moveit_task_constructor_capabilities/lib:/home/student36/ws_moveit/install/moveit_task_constructor_core/lib:/home/student36/ws_moveit/install/rviz_marker_tools/lib:/home/student36/ws_moveit/install/robotiq_controllers/lib:/home/student36/ws_moveit/install/pilz_industrial_motion_planner_testutils/lib:/home/student36/ws_moveit/install/pilz_industrial_motion_planner/lib:/home/student36/ws_moveit/install/moveit_task_constructor_msgs/lib:/home/student36/ws_moveit/install/moveit_ros_control_interface/lib:/home/student36/ws_moveit/install/moveit_simple_controller_manager/lib:/home/student36/ws_moveit/install/moveit_setup_assistant/lib:/home/student36/ws_moveit/install/moveit_setup_srdf_plugins/lib:/home/student36/ws_moveit/install/moveit_setup_core_plugins/lib:/home/student36/ws_moveit/install/moveit_setup_controllers/lib:/home/student36/ws_moveit/install/moveit_setup_app_plugins/lib:/home/student36/ws_moveit/install/moveit_setup_framework/lib:/home/student36/ws_moveit/install/moveit_servo/lib:/home/student36/ws_moveit/install/moveit_ros_trajectory_cache/lib:/home/student36/ws_moveit/install/moveit_ros_visualization/lib:/home/student36/ws_moveit/install/moveit_py/lib:/home/student36/ws_moveit/install/moveit_hybrid_planning/lib:/home/student36/ws_moveit/install/moveit_ros_planning_interface/lib:/home/student36/ws_moveit/install/moveit_ros_benchmarks/lib:/home/student36/ws_moveit/install/moveit_ros_warehouse/lib:/home/student36/ws_moveit/install/moveit_ros_robot_interaction/lib:/home/student36/ws_moveit/install/moveit_ros_perception/lib:/home/student36/ws_moveit/install/moveit_ros_move_group/lib:/home/student36/ws_moveit/install/moveit_planners_ompl/lib:/home/student36/ws_moveit/install/moveit_kinematics/lib:/home/student36/ws_moveit/install/moveit_ros_planning/lib:/home/student36/ws_moveit/install/moveit_ros_occupancy_map_monitor/lib:/home/student36/ws_moveit/install/moveit_resources_prbt_ikfast_manipulator_plugin/lib:/home/student36/ws_moveit/install/moveit_planners_stomp/lib:/home/student36/ws_moveit/install/moveit_planners_chomp/lib:/home/student36/ws_moveit/install/chomp_motion_planner/lib:/home/student36/ws_moveit/install/moveit_core/lib:/home/student36/ws_moveit/install/moveit_msgs/lib:/home/student36/ws_moveit/install/kortex_driver/lib:/opt/ros/jazzy/opt/gz_sim_vendor/lib:/opt/ros/jazzy/opt/gz_sensors_vendor/lib:/opt/ros/jazzy/opt/gz_physics_vendor/lib:/opt/ros/jazzy/opt/sdformat_vendor/lib:/opt/ros/jazzy/opt/rviz_ogre_vendor/lib:/opt/ros/jazzy/lib/x86_64-linux-gnu:/opt/ros/jazzy/opt/gz_gui_vendor/lib:/opt/ros/jazzy/opt/gz_transport_vendor/lib:/opt/ros/jazzy/opt/gz_rendering_vendor/lib:/opt/ros/jazzy/opt/gz_plugin_vendor/lib:/opt/ros/jazzy/opt/gz_fuel_tools_vendor/lib:/opt/ros/jazzy/opt/gz_msgs_vendor/lib:/opt/ros/jazzy/opt/gz_common_vendor/lib:/opt/ros/jazzy/opt/gz_math_vendor/lib:/opt/ros/jazzy/opt/gz_utils_vendor/lib:/opt/ros/jazzy/opt/gz_tools_vendor/lib:/opt/ros/jazzy/opt/gz_ogre_next_vendor/lib:/opt/ros/jazzy/opt/gz_dartsim_vendor/lib:/opt/ros/jazzy/opt/gz_cmake_vendor/lib:/opt/ros/jazzy/lib /usr/bin/cmake --build /home/student36/RoboticsDesignProject/Git-repos/LeoRover-Team7/elephant_arm_ws/build/mtc_tutorial -- -j12 -l12
[3.866s] DEBUG:colcon.colcon_core.event_handler.log_command:Invoking command in '/home/student36/RoboticsDesignProject/Git-repos/LeoRover-Team7/elephant_arm_ws/build/mtc_tutorial': CMAKE_PREFIX_PATH=/home/student36/RoboticsDesignProject/Git-repos/LeoRover-Team7/elephant_arm_ws/install/moveit_task_constructor_core:/home/student36/RoboticsDesignProject/Git-repos/LeoRover-Team7/elephant_arm_ws/install/rviz_marker_tools:/home/student36/RoboticsDesignProject/Git-repos/LeoRover-Team7/elephant_arm_ws/install/moveit_task_constructor_msgs:/home/student36/RoboticsDesignProject/Git-repos/LeoRover-Team7/elephant_arm_ws/install/mtc_tutorial:/home/student36/RoboticsDesignProject/Git-repos/LeoRover-Team7/elephant_arm_ws/install/moveit_task_constructor_demo:/home/student36/RoboticsDesignProject/Git-repos/LeoRover-Team7/elephant_arm_ws/install/moveit_task_constructor_visualization:/home/student36/RoboticsDesignProject/Git-repos/LeoRover-Team7/elephant_arm_ws/install/moveit_task_constructor_capabilities:/home/student36/RoboticsDesignProject/Git-repos/LeoRover-Team7/elephant_arm_ws/install/mycobot_ros2:/home/student36/RoboticsDesignProject/Git-repos/LeoRover-Team7/elephant_arm_ws/install/mycobot_moveit_config:/home/student36/RoboticsDesignProject/Git-repos/LeoRover-Team7/elephant_arm_ws/install/mycobot_gazebo:/home/student36/RoboticsDesignProject/Git-repos/LeoRover-Team7/elephant_arm_ws/install/mycobot_description:/home/student36/RoboticsDesignProject/Git-repos/LeoRover-Team7/elephant_arm_ws/install/mycobot_bringup:/home/student36/RoboticsDesignProject/Git-repos/LeoRover-Team7/elephant_arm_ws/install/hello_moveit:/home/student36/ros2_tutorial_workspace/install/package_with_interfaces:/home/student36/ws_moveit/install/robotiq_hardware_tests:/home/student36/ws_moveit/install/robotiq_driver:/home/student36/ws_moveit/install/serial:/home/student36/ws_moveit/install/moveit2_tutorials:/home/student36/ws_moveit/install/hello_moveit:/home/student36/ws_moveit/install/moveit_visual_tools:/home/student36/ws_moveit/install/rviz_visual_tools:/home/student36/ws_moveit/install/mtc_tutorial:/home/student36/ws_moveit/install/moveit_task_constructor_demo:/home/student36/ws_moveit/install/moveit_task_constructor_visualization:/home/student36/ws_moveit/install/moveit_task_constructor_capabilities:/home/student36/ws_moveit/install/elephant:/home/student36/ws_moveit/install/moveit_task_constructor_core:/home/student36/ws_moveit/install/rviz_marker_tools:/home/student36/ws_moveit/install/kortex_bringup:/home/student36/ws_moveit/install/kinova_gen3_lite_moveit_config:/home/student36/ws_moveit/install/kinova_gen3_7dof_robotiq_2f_85_moveit_config:/home/student36/ws_moveit/install/kinova_gen3_6dof_robotiq_2f_85_moveit_config:/home/student36/ws_moveit/install/kortex_description:/home/student36/ws_moveit/install/robotiq_description:/home/student36/ws_moveit/install/robotiq_controllers:/home/student36/ws_moveit/install/pilz_industrial_motion_planner_testutils:/home/student36/ws_moveit/install/mycobot_280_moveit2:/home/student36/ws_moveit/install/moveit_runtime:/home/student36/ws_moveit/install/moveit:/home/student36/ws_moveit/install/elephant_arm:/home/student36/ws_moveit/install/moveit_planners:/home/student36/ws_moveit/install/pilz_industrial_motion_planner:/home/student36/ws_moveit/install/mycobot_description:/home/student36/ws_moveit/install/moveit_task_constructor_msgs:/home/student36/ws_moveit/install/moveit_ros_control_interface:/home/student36/ws_moveit/install/moveit_plugins:/home/student36/ws_moveit/install/moveit_simple_controller_manager:/home/student36/ws_moveit/install/moveit_setup_assistant:/home/student36/ws_moveit/install/moveit_setup_srdf_plugins:/home/student36/ws_moveit/install/moveit_setup_core_plugins:/home/student36/ws_moveit/install/moveit_setup_controllers:/home/student36/ws_moveit/install/moveit_setup_app_plugins:/home/student36/ws_moveit/install/moveit_setup_framework:/home/student36/ws_moveit/install/moveit_servo:/home/student36/ws_moveit/install/moveit_ros_trajectory_cache:/home/student36/ws_moveit/install/moveit_ros:/home/student36/ws_moveit/install/moveit_ros_visualization:/home/student36/ws_moveit/install/moveit_py:/home/student36/ws_moveit/install/moveit_hybrid_planning:/home/student36/ws_moveit/install/moveit_ros_planning_interface:/home/student36/ws_moveit/install/moveit_ros_benchmarks:/home/student36/ws_moveit/install/moveit_ros_warehouse:/home/student36/ws_moveit/install/moveit_ros_robot_interaction:/home/student36/ws_moveit/install/moveit_ros_perception:/home/student36/ws_moveit/install/moveit_resources_prbt_pg70_support:/home/student36/ws_moveit/install/moveit_resources_prbt_moveit_config:/home/student36/ws_moveit/install/moveit_ros_move_group:/home/student36/ws_moveit/install/moveit_planners_ompl:/home/student36/ws_moveit/install/moveit_kinematics:/home/student36/ws_moveit/install/moveit_ros_planning:/home/student36/ws_moveit/install/moveit_ros_occupancy_map_monitor:/home/student36/ws_moveit/install/moveit_resources_prbt_support:/home/student36/ws_moveit/install/moveit_resources_prbt_ikfast_manipulator_plugin:/home/student36/ws_moveit/install/moveit_resources:/home/student36/ws_moveit/install/moveit_resources_pr2_description:/home/student36/ws_moveit/install/moveit_resources_panda_moveit_config:/home/student36/ws_moveit/install/dual_arm_panda_moveit_config:/home/student36/ws_moveit/install/moveit_resources_panda_description:/home/student36/ws_moveit/install/moveit_resources_fanuc_moveit_config:/home/student36/ws_moveit/install/moveit_resources_fanuc_description:/home/student36/ws_moveit/install/moveit_planners_stomp:/home/student36/ws_moveit/install/moveit_planners_chomp:/home/student36/ws_moveit/install/chomp_motion_planner:/home/student36/ws_moveit/install/moveit_core:/home/student36/ws_moveit/install/moveit_msgs:/home/student36/ws_moveit/install/moveit_common:/home/student36/ws_moveit/install/kortex_driver:/home/student36/ws_moveit/install/kortex_api:/home/student36/rplidar_ws/install/rplidar_ros:/home/student36/elephant_arm_ws/install/mycobot_280_moveit2:/opt/ros/jazzy/opt/gz_sim_vendor:/opt/ros/jazzy/opt/gz_sensors_vendor:/opt/ros/jazzy/opt/gz_physics_vendor:/opt/ros/jazzy/opt/sdformat_vendor:/opt/ros/jazzy/opt/gz_gui_vendor:/opt/ros/jazzy/opt/gz_transport_vendor:/opt/ros/jazzy/opt/gz_rendering_vendor:/opt/ros/jazzy/opt/gz_plugin_vendor:/opt/ros/jazzy/opt/gz_fuel_tools_vendor:/opt/ros/jazzy/opt/gz_msgs_vendor:/opt/ros/jazzy/opt/gz_common_vendor:/opt/ros/jazzy/opt/gz_math_vendor:/opt/ros/jazzy/opt/gz_utils_vendor:/opt/ros/jazzy/opt/gz_tools_vendor:/opt/ros/jazzy/opt/gz_ogre_next_vendor:/opt/ros/jazzy/opt/gz_dartsim_vendor:/opt/ros/jazzy/opt/gz_cmake_vendor:/home/student36/ros2_tutorial_workspace/install/the_simplest_python_package:/home/student36/ros2_tutorial_workspace/install/python_package_with_a_node:/home/student36/ros2_tutorial_workspace/install/python_package_that_uses_the_library:/home/student36/ros2_tutorial_workspace/install/python_package_with_a_library:/home/student36/ros2_tutorial_workspace/install/python_package_that_uses_the_services:/home/student36/ros2_tutorial_workspace/install/python_package_that_uses_the_actions:/home/student36/ros2_tutorial_workspace/install/python_package_that_uses_tf2:/home/student36/ros2_tutorial_workspace/install/python_package_that_uses_parameters_and_launch_files:/home/student36/ros2_tutorial_workspace/install/python_package_that_uses_nottf2:/home/student36/ros2_tutorial_workspace/install/python_package_that_uses_nav2:/home/student36/ros2_tutorial_workspace/install/python_package_that_uses_messages:/home/student36/ros2_tutorial_workspace/install/python_package_that_uses_geometry_msgs:/home/student36/ros2_tutorial_workspace/install/python_package_that_uses_gazebo:/home/student36/ws_moveit/install/moveit_configs_utils:/home/student36/elephant_arm_ws/install/mycobot_description:/opt/ros/jazzy DEBUGINFOD_URLS=https://debuginfod.ubuntu.com LD_LIBRARY_PATH=/home/student36/RoboticsDesignProject/Git-repos/LeoRover-Team7/elephant_arm_ws/install/moveit_task_constructor_core/lib:/home/student36/RoboticsDesignProject/Git-repos/LeoRover-Team7/elephant_arm_ws/install/rviz_marker_tools/lib:/home/student36/RoboticsDesignProject/Git-repos/LeoRover-Team7/elephant_arm_ws/install/moveit_task_constructor_msgs/lib:/home/student36/RoboticsDesignProject/Git-repos/LeoRover-Team7/elephant_arm_ws/install/moveit_task_constructor_demo/lib:/home/student36/RoboticsDesignProject/Git-repos/LeoRover-Team7/elephant_arm_ws/install/moveit_task_constructor_visualization/lib:/home/student36/RoboticsDesignProject/Git-repos/LeoRover-Team7/elephant_arm_ws/install/moveit_task_constructor_capabilities/lib:/home/student36/ros2_tutorial_workspace/install/package_with_interfaces/lib:/home/student36/ws_moveit/install/robotiq_driver/lib:/home/student36/ws_moveit/install/serial/lib:/home/student36/ws_moveit/install/moveit_visual_tools/lib:/home/student36/ws_moveit/install/rviz_visual_tools/lib:/home/student36/ws_moveit/install/moveit_task_constructor_demo/lib:/home/student36/ws_moveit/install/moveit_task_constructor_visualization/lib:/home/student36/ws_moveit/install/moveit_task_constructor_capabilities/lib:/home/student36/ws_moveit/install/moveit_task_constructor_core/lib:/home/student36/ws_moveit/install/rviz_marker_tools/lib:/home/student36/ws_moveit/install/robotiq_controllers/lib:/home/student36/ws_moveit/install/pilz_industrial_motion_planner_testutils/lib:/home/student36/ws_moveit/install/pilz_industrial_motion_planner/lib:/home/student36/ws_moveit/install/moveit_task_constructor_msgs/lib:/home/student36/ws_moveit/install/moveit_ros_control_interface/lib:/home/student36/ws_moveit/install/moveit_simple_controller_manager/lib:/home/student36/ws_moveit/install/moveit_setup_assistant/lib:/home/student36/ws_moveit/install/moveit_setup_srdf_plugins/lib:/home/student36/ws_moveit/install/moveit_setup_core_plugins/lib:/home/student36/ws_moveit/install/moveit_setup_controllers/lib:/home/student36/ws_moveit/install/moveit_setup_app_plugins/lib:/home/student36/ws_moveit/install/moveit_setup_framework/lib:/home/student36/ws_moveit/install/moveit_servo/lib:/home/student36/ws_moveit/install/moveit_ros_trajectory_cache/lib:/home/student36/ws_moveit/install/moveit_ros_visualization/lib:/home/student36/ws_moveit/install/moveit_py/lib:/home/student36/ws_moveit/install/moveit_hybrid_planning/lib:/home/student36/ws_moveit/install/moveit_ros_planning_interface/lib:/home/student36/ws_moveit/install/moveit_ros_benchmarks/lib:/home/student36/ws_moveit/install/moveit_ros_warehouse/lib:/home/student36/ws_moveit/install/moveit_ros_robot_interaction/lib:/home/student36/ws_moveit/install/moveit_ros_perception/lib:/home/student36/ws_moveit/install/moveit_ros_move_group/lib:/home/student36/ws_moveit/install/moveit_planners_ompl/lib:/home/student36/ws_moveit/install/moveit_kinematics/lib:/home/student36/ws_moveit/install/moveit_ros_planning/lib:/home/student36/ws_moveit/install/moveit_ros_occupancy_map_monitor/lib:/home/student36/ws_moveit/install/moveit_resources_prbt_ikfast_manipulator_plugin/lib:/home/student36/ws_moveit/install/moveit_planners_stomp/lib:/home/student36/ws_moveit/install/moveit_planners_chomp/lib:/home/student36/ws_moveit/install/chomp_motion_planner/lib:/home/student36/ws_moveit/install/moveit_core/lib:/home/student36/ws_moveit/install/moveit_msgs/lib:/home/student36/ws_moveit/install/kortex_driver/lib:/opt/ros/jazzy/opt/gz_sim_vendor/lib:/opt/ros/jazzy/opt/gz_sensors_vendor/lib:/opt/ros/jazzy/opt/gz_physics_vendor/lib:/opt/ros/jazzy/opt/sdformat_vendor/lib:/opt/ros/jazzy/opt/rviz_ogre_vendor/lib:/opt/ros/jazzy/lib/x86_64-linux-gnu:/opt/ros/jazzy/opt/gz_gui_vendor/lib:/opt/ros/jazzy/opt/gz_transport_vendor/lib:/opt/ros/jazzy/opt/gz_rendering_vendor/lib:/opt/ros/jazzy/opt/gz_plugin_vendor/lib:/opt/ros/jazzy/opt/gz_fuel_tools_vendor/lib:/opt/ros/jazzy/opt/gz_msgs_vendor/lib:/opt/ros/jazzy/opt/gz_common_vendor/lib:/opt/ros/jazzy/opt/gz_math_vendor/lib:/opt/ros/jazzy/opt/gz_utils_vendor/lib:/opt/ros/jazzy/opt/gz_tools_vendor/lib:/opt/ros/jazzy/opt/gz_ogre_next_vendor/lib:/opt/ros/jazzy/opt/gz_dartsim_vendor/lib:/opt/ros/jazzy/opt/gz_cmake_vendor/lib:/opt/ros/jazzy/lib /usr/bin/cmake --install /home/student36/RoboticsDesignProject/Git-repos/LeoRover-Team7/elephant_arm_ws/build/mtc_tutorial
[3.899s] Level 1:colcon.colcon_core.environment:create_environment_scripts_only(mtc_tutorial)
[3.900s] Level 1:colcon.colcon_core.environment:checking '/home/student36/RoboticsDesignProject/Git-repos/LeoRover-Team7/elephant_arm_ws/install/mtc_tutorial' for CMake module files
[3.902s] Level 1:colcon.colcon_core.environment:checking '/home/student36/RoboticsDesignProject/Git-repos/LeoRover-Team7/elephant_arm_ws/install/mtc_tutorial' for CMake config files
[3.902s] Level 1:colcon.colcon_core.shell:create_environment_hook('mtc_tutorial', 'cmake_prefix_path')
[3.903s] INFO:colcon.colcon_core.shell:Creating environment hook '/home/student36/RoboticsDesignProject/Git-repos/LeoRover-Team7/elephant_arm_ws/install/mtc_tutorial/share/mtc_tutorial/hook/cmake_prefix_path.ps1'
[3.905s] DEBUG:colcon.colcon_core.event_handler.log_command:Invoked command in '/home/student36/RoboticsDesignProject/Git-repos/LeoRover-Team7/elephant_arm_ws/build/mtc_tutorial' returned '0': CMAKE_PREFIX_PATH=/home/student36/RoboticsDesignProject/Git-repos/LeoRover-Team7/elephant_arm_ws/install/moveit_task_constructor_core:/home/student36/RoboticsDesignProject/Git-repos/LeoRover-Team7/elephant_arm_ws/install/rviz_marker_tools:/home/student36/RoboticsDesignProject/Git-repos/LeoRover-Team7/elephant_arm_ws/install/moveit_task_constructor_msgs:/home/student36/RoboticsDesignProject/Git-repos/LeoRover-Team7/elephant_arm_ws/install/mtc_tutorial:/home/student36/RoboticsDesignProject/Git-repos/LeoRover-Team7/elephant_arm_ws/install/moveit_task_constructor_demo:/home/student36/RoboticsDesignProject/Git-repos/LeoRover-Team7/elephant_arm_ws/install/moveit_task_constructor_visualization:/home/student36/RoboticsDesignProject/Git-repos/LeoRover-Team7/elephant_arm_ws/install/moveit_task_constructor_capabilities:/home/student36/RoboticsDesignProject/Git-repos/LeoRover-Team7/elephant_arm_ws/install/mycobot_ros2:/home/student36/RoboticsDesignProject/Git-repos/LeoRover-Team7/elephant_arm_ws/install/mycobot_moveit_config:/home/student36/RoboticsDesignProject/Git-repos/LeoRover-Team7/elephant_arm_ws/install/mycobot_gazebo:/home/student36/RoboticsDesignProject/Git-repos/LeoRover-Team7/elephant_arm_ws/install/mycobot_description:/home/student36/RoboticsDesignProject/Git-repos/LeoRover-Team7/elephant_arm_ws/install/mycobot_bringup:/home/student36/RoboticsDesignProject/Git-repos/LeoRover-Team7/elephant_arm_ws/install/hello_moveit:/home/student36/ros2_tutorial_workspace/install/package_with_interfaces:/home/student36/ws_moveit/install/robotiq_hardware_tests:/home/student36/ws_moveit/install/robotiq_driver:/home/student36/ws_moveit/install/serial:/home/student36/ws_moveit/install/moveit2_tutorials:/home/student36/ws_moveit/install/hello_moveit:/home/student36/ws_moveit/install/moveit_visual_tools:/home/student36/ws_moveit/install/rviz_visual_tools:/home/student36/ws_moveit/install/mtc_tutorial:/home/student36/ws_moveit/install/moveit_task_constructor_demo:/home/student36/ws_moveit/install/moveit_task_constructor_visualization:/home/student36/ws_moveit/install/moveit_task_constructor_capabilities:/home/student36/ws_moveit/install/elephant:/home/student36/ws_moveit/install/moveit_task_constructor_core:/home/student36/ws_moveit/install/rviz_marker_tools:/home/student36/ws_moveit/install/kortex_bringup:/home/student36/ws_moveit/install/kinova_gen3_lite_moveit_config:/home/student36/ws_moveit/install/kinova_gen3_7dof_robotiq_2f_85_moveit_config:/home/student36/ws_moveit/install/kinova_gen3_6dof_robotiq_2f_85_moveit_config:/home/student36/ws_moveit/install/kortex_description:/home/student36/ws_moveit/install/robotiq_description:/home/student36/ws_moveit/install/robotiq_controllers:/home/student36/ws_moveit/install/pilz_industrial_motion_planner_testutils:/home/student36/ws_moveit/install/mycobot_280_moveit2:/home/student36/ws_moveit/install/moveit_runtime:/home/student36/ws_moveit/install/moveit:/home/student36/ws_moveit/install/elephant_arm:/home/student36/ws_moveit/install/moveit_planners:/home/student36/ws_moveit/install/pilz_industrial_motion_planner:/home/student36/ws_moveit/install/mycobot_description:/home/student36/ws_moveit/install/moveit_task_constructor_msgs:/home/student36/ws_moveit/install/moveit_ros_control_interface:/home/student36/ws_moveit/install/moveit_plugins:/home/student36/ws_moveit/install/moveit_simple_controller_manager:/home/student36/ws_moveit/install/moveit_setup_assistant:/home/student36/ws_moveit/install/moveit_setup_srdf_plugins:/home/student36/ws_moveit/install/moveit_setup_core_plugins:/home/student36/ws_moveit/install/moveit_setup_controllers:/home/student36/ws_moveit/install/moveit_setup_app_plugins:/home/student36/ws_moveit/install/moveit_setup_framework:/home/student36/ws_moveit/install/moveit_servo:/home/student36/ws_moveit/install/moveit_ros_trajectory_cache:/home/student36/ws_moveit/install/moveit_ros:/home/student36/ws_moveit/install/moveit_ros_visualization:/home/student36/ws_moveit/install/moveit_py:/home/student36/ws_moveit/install/moveit_hybrid_planning:/home/student36/ws_moveit/install/moveit_ros_planning_interface:/home/student36/ws_moveit/install/moveit_ros_benchmarks:/home/student36/ws_moveit/install/moveit_ros_warehouse:/home/student36/ws_moveit/install/moveit_ros_robot_interaction:/home/student36/ws_moveit/install/moveit_ros_perception:/home/student36/ws_moveit/install/moveit_resources_prbt_pg70_support:/home/student36/ws_moveit/install/moveit_resources_prbt_moveit_config:/home/student36/ws_moveit/install/moveit_ros_move_group:/home/student36/ws_moveit/install/moveit_planners_ompl:/home/student36/ws_moveit/install/moveit_kinematics:/home/student36/ws_moveit/install/moveit_ros_planning:/home/student36/ws_moveit/install/moveit_ros_occupancy_map_monitor:/home/student36/ws_moveit/install/moveit_resources_prbt_support:/home/student36/ws_moveit/install/moveit_resources_prbt_ikfast_manipulator_plugin:/home/student36/ws_moveit/install/moveit_resources:/home/student36/ws_moveit/install/moveit_resources_pr2_description:/home/student36/ws_moveit/install/moveit_resources_panda_moveit_config:/home/student36/ws_moveit/install/dual_arm_panda_moveit_config:/home/student36/ws_moveit/install/moveit_resources_panda_description:/home/student36/ws_moveit/install/moveit_resources_fanuc_moveit_config:/home/student36/ws_moveit/install/moveit_resources_fanuc_description:/home/student36/ws_moveit/install/moveit_planners_stomp:/home/student36/ws_moveit/install/moveit_planners_chomp:/home/student36/ws_moveit/install/chomp_motion_planner:/home/student36/ws_moveit/install/moveit_core:/home/student36/ws_moveit/install/moveit_msgs:/home/student36/ws_moveit/install/moveit_common:/home/student36/ws_moveit/install/kortex_driver:/home/student36/ws_moveit/install/kortex_api:/home/student36/rplidar_ws/install/rplidar_ros:/home/student36/elephant_arm_ws/install/mycobot_280_moveit2:/opt/ros/jazzy/opt/gz_sim_vendor:/opt/ros/jazzy/opt/gz_sensors_vendor:/opt/ros/jazzy/opt/gz_physics_vendor:/opt/ros/jazzy/opt/sdformat_vendor:/opt/ros/jazzy/opt/gz_gui_vendor:/opt/ros/jazzy/opt/gz_transport_vendor:/opt/ros/jazzy/opt/gz_rendering_vendor:/opt/ros/jazzy/opt/gz_plugin_vendor:/opt/ros/jazzy/opt/gz_fuel_tools_vendor:/opt/ros/jazzy/opt/gz_msgs_vendor:/opt/ros/jazzy/opt/gz_common_vendor:/opt/ros/jazzy/opt/gz_math_vendor:/opt/ros/jazzy/opt/gz_utils_vendor:/opt/ros/jazzy/opt/gz_tools_vendor:/opt/ros/jazzy/opt/gz_ogre_next_vendor:/opt/ros/jazzy/opt/gz_dartsim_vendor:/opt/ros/jazzy/opt/gz_cmake_vendor:/home/student36/ros2_tutorial_workspace/install/the_simplest_python_package:/home/student36/ros2_tutorial_workspace/install/python_package_with_a_node:/home/student36/ros2_tutorial_workspace/install/python_package_that_uses_the_library:/home/student36/ros2_tutorial_workspace/install/python_package_with_a_library:/home/student36/ros2_tutorial_workspace/install/python_package_that_uses_the_services:/home/student36/ros2_tutorial_workspace/install/python_package_that_uses_the_actions:/home/student36/ros2_tutorial_workspace/install/python_package_that_uses_tf2:/home/student36/ros2_tutorial_workspace/install/python_package_that_uses_parameters_and_launch_files:/home/student36/ros2_tutorial_workspace/install/python_package_that_uses_nottf2:/home/student36/ros2_tutorial_workspace/install/python_package_that_uses_nav2:/home/student36/ros2_tutorial_workspace/install/python_package_that_uses_messages:/home/student36/ros2_tutorial_workspace/install/python_package_that_uses_geometry_msgs:/home/student36/ros2_tutorial_workspace/install/python_package_that_uses_gazebo:/home/student36/ws_moveit/install/moveit_configs_utils:/home/student36/elephant_arm_ws/install/mycobot_description:/opt/ros/jazzy DEBUGINFOD_URLS=https://debuginfod.ubuntu.com LD_LIBRARY_PATH=/home/student36/RoboticsDesignProject/Git-repos/LeoRover-Team7/elephant_arm_ws/install/moveit_task_constructor_core/lib:/home/student36/RoboticsDesignProject/Git-repos/LeoRover-Team7/elephant_arm_ws/install/rviz_marker_tools/lib:/home/student36/RoboticsDesignProject/Git-repos/LeoRover-Team7/elephant_arm_ws/install/moveit_task_constructor_msgs/lib:/home/student36/RoboticsDesignProject/Git-repos/LeoRover-Team7/elephant_arm_ws/install/moveit_task_constructor_demo/lib:/home/student36/RoboticsDesignProject/Git-repos/LeoRover-Team7/elephant_arm_ws/install/moveit_task_constructor_visualization/lib:/home/student36/RoboticsDesignProject/Git-repos/LeoRover-Team7/elephant_arm_ws/install/moveit_task_constructor_capabilities/lib:/home/student36/ros2_tutorial_workspace/install/package_with_interfaces/lib:/home/student36/ws_moveit/install/robotiq_driver/lib:/home/student36/ws_moveit/install/serial/lib:/home/student36/ws_moveit/install/moveit_visual_tools/lib:/home/student36/ws_moveit/install/rviz_visual_tools/lib:/home/student36/ws_moveit/install/moveit_task_constructor_demo/lib:/home/student36/ws_moveit/install/moveit_task_constructor_visualization/lib:/home/student36/ws_moveit/install/moveit_task_constructor_capabilities/lib:/home/student36/ws_moveit/install/moveit_task_constructor_core/lib:/home/student36/ws_moveit/install/rviz_marker_tools/lib:/home/student36/ws_moveit/install/robotiq_controllers/lib:/home/student36/ws_moveit/install/pilz_industrial_motion_planner_testutils/lib:/home/student36/ws_moveit/install/pilz_industrial_motion_planner/lib:/home/student36/ws_moveit/install/moveit_task_constructor_msgs/lib:/home/student36/ws_moveit/install/moveit_ros_control_interface/lib:/home/student36/ws_moveit/install/moveit_simple_controller_manager/lib:/home/student36/ws_moveit/install/moveit_setup_assistant/lib:/home/student36/ws_moveit/install/moveit_setup_srdf_plugins/lib:/home/student36/ws_moveit/install/moveit_setup_core_plugins/lib:/home/student36/ws_moveit/install/moveit_setup_controllers/lib:/home/student36/ws_moveit/install/moveit_setup_app_plugins/lib:/home/student36/ws_moveit/install/moveit_setup_framework/lib:/home/student36/ws_moveit/install/moveit_servo/lib:/home/student36/ws_moveit/install/moveit_ros_trajectory_cache/lib:/home/student36/ws_moveit/install/moveit_ros_visualization/lib:/home/student36/ws_moveit/install/moveit_py/lib:/home/student36/ws_moveit/install/moveit_hybrid_planning/lib:/home/student36/ws_moveit/install/moveit_ros_planning_interface/lib:/home/student36/ws_moveit/install/moveit_ros_benchmarks/lib:/home/student36/ws_moveit/install/moveit_ros_warehouse/lib:/home/student36/ws_moveit/install/moveit_ros_robot_interaction/lib:/home/student36/ws_moveit/install/moveit_ros_perception/lib:/home/student36/ws_moveit/install/moveit_ros_move_group/lib:/home/student36/ws_moveit/install/moveit_planners_ompl/lib:/home/student36/ws_moveit/install/moveit_kinematics/lib:/home/student36/ws_moveit/install/moveit_ros_planning/lib:/home/student36/ws_moveit/install/moveit_ros_occupancy_map_monitor/lib:/home/student36/ws_moveit/install/moveit_resources_prbt_ikfast_manipulator_plugin/lib:/home/student36/ws_moveit/install/moveit_planners_stomp/lib:/home/student36/ws_moveit/install/moveit_planners_chomp/lib:/home/student36/ws_moveit/install/chomp_motion_planner/lib:/home/student36/ws_moveit/install/moveit_core/lib:/home/student36/ws_moveit/install/moveit_msgs/lib:/home/student36/ws_moveit/install/kortex_driver/lib:/opt/ros/jazzy/opt/gz_sim_vendor/lib:/opt/ros/jazzy/opt/gz_sensors_vendor/lib:/opt/ros/jazzy/opt/gz_physics_vendor/lib:/opt/ros/jazzy/opt/sdformat_vendor/lib:/opt/ros/jazzy/opt/rviz_ogre_vendor/lib:/opt/ros/jazzy/lib/x86_64-linux-gnu:/opt/ros/jazzy/opt/gz_gui_vendor/lib:/opt/ros/jazzy/opt/gz_transport_vendor/lib:/opt/ros/jazzy/opt/gz_rendering_vendor/lib:/opt/ros/jazzy/opt/gz_plugin_vendor/lib:/opt/ros/jazzy/opt/gz_fuel_tools_vendor/lib:/opt/ros/jazzy/opt/gz_msgs_vendor/lib:/opt/ros/jazzy/opt/gz_common_vendor/lib:/opt/ros/jazzy/opt/gz_math_vendor/lib:/opt/ros/jazzy/opt/gz_utils_vendor/lib:/opt/ros/jazzy/opt/gz_tools_vendor/lib:/opt/ros/jazzy/opt/gz_ogre_next_vendor/lib:/opt/ros/jazzy/opt/gz_dartsim_vendor/lib:/opt/ros/jazzy/opt/gz_cmake_vendor/lib:/opt/ros/jazzy/lib /usr/bin/cmake --install /home/student36/RoboticsDesignProject/Git-repos/LeoRover-Team7/elephant_arm_ws/build/mtc_tutorial
[3.905s] INFO:colcon.colcon_core.shell:Creating environment descriptor '/home/student36/RoboticsDesignProject/Git-repos/LeoRover-Team7/elephant_arm_ws/install/mtc_tutorial/share/mtc_tutorial/hook/cmake_prefix_path.dsv'
[3.907s] INFO:colcon.colcon_core.shell:Creating environment hook '/home/student36/RoboticsDesignProject/Git-repos/LeoRover-Team7/elephant_arm_ws/install/mtc_tutorial/share/mtc_tutorial/hook/cmake_prefix_path.sh'
[3.908s] Level 1:colcon.colcon_core.environment:checking '/home/student36/RoboticsDesignProject/Git-repos/LeoRover-Team7/elephant_arm_ws/install/mtc_tutorial/lib'
[3.908s] Level 1:colcon.colcon_core.environment:checking '/home/student36/RoboticsDesignProject/Git-repos/LeoRover-Team7/elephant_arm_ws/install/mtc_tutorial/bin'
[3.909s] Level 1:colcon.colcon_core.environment:checking '/home/student36/RoboticsDesignProject/Git-repos/LeoRover-Team7/elephant_arm_ws/install/mtc_tutorial/lib/pkgconfig/mtc_tutorial.pc'
[3.909s] Level 1:colcon.colcon_core.environment:checking '/home/student36/RoboticsDesignProject/Git-repos/LeoRover-Team7/elephant_arm_ws/install/mtc_tutorial/lib/python3.12/site-packages'
[3.910s] Level 1:colcon.colcon_core.environment:checking '/home/student36/RoboticsDesignProject/Git-repos/LeoRover-Team7/elephant_arm_ws/install/mtc_tutorial/bin'
[3.911s] INFO:colcon.colcon_core.shell:Creating package script '/home/student36/RoboticsDesignProject/Git-repos/LeoRover-Team7/elephant_arm_ws/install/mtc_tutorial/share/mtc_tutorial/package.ps1'
[3.913s] INFO:colcon.colcon_core.shell:Creating package descriptor '/home/student36/RoboticsDesignProject/Git-repos/LeoRover-Team7/elephant_arm_ws/install/mtc_tutorial/share/mtc_tutorial/package.dsv'
[3.914s] INFO:colcon.colcon_core.shell:Creating package script '/home/student36/RoboticsDesignProject/Git-repos/LeoRover-Team7/elephant_arm_ws/install/mtc_tutorial/share/mtc_tutorial/package.sh'
[3.915s] INFO:colcon.colcon_core.shell:Creating package script '/home/student36/RoboticsDesignProject/Git-repos/LeoRover-Team7/elephant_arm_ws/install/mtc_tutorial/share/mtc_tutorial/package.bash'
[3.916s] INFO:colcon.colcon_core.shell:Creating package script '/home/student36/RoboticsDesignProject/Git-repos/LeoRover-Team7/elephant_arm_ws/install/mtc_tutorial/share/mtc_tutorial/package.zsh'
[3.916s] Level 1:colcon.colcon_core.environment:create_file_with_runtime_dependencies(/home/student36/RoboticsDesignProject/Git-repos/LeoRover-Team7/elephant_arm_ws/install/mtc_tutorial/share/colcon-core/packages/mtc_tutorial)
[3.918s] Level 1:colcon.colcon_core.environment:create_environment_scripts_only(mtc_tutorial)
[3.919s] Level 1:colcon.colcon_core.environment:checking '/home/student36/RoboticsDesignProject/Git-repos/LeoRover-Team7/elephant_arm_ws/install/mtc_tutorial' for CMake module files
[3.920s] Level 1:colcon.colcon_core.environment:checking '/home/student36/RoboticsDesignProject/Git-repos/LeoRover-Team7/elephant_arm_ws/install/mtc_tutorial' for CMake config files
[3.920s] Level 1:colcon.colcon_core.shell:create_environment_hook('mtc_tutorial', 'cmake_prefix_path')
[3.921s] INFO:colcon.colcon_core.shell:Creating environment hook '/home/student36/RoboticsDesignProject/Git-repos/LeoRover-Team7/elephant_arm_ws/install/mtc_tutorial/share/mtc_tutorial/hook/cmake_prefix_path.ps1'
[3.922s] INFO:colcon.colcon_core.shell:Creating environment descriptor '/home/student36/RoboticsDesignProject/Git-repos/LeoRover-Team7/elephant_arm_ws/install/mtc_tutorial/share/mtc_tutorial/hook/cmake_prefix_path.dsv'
[3.923s] INFO:colcon.colcon_core.shell:Creating environment hook '/home/student36/RoboticsDesignProject/Git-repos/LeoRover-Team7/elephant_arm_ws/install/mtc_tutorial/share/mtc_tutorial/hook/cmake_prefix_path.sh'
[3.924s] Level 1:colcon.colcon_core.environment:checking '/home/student36/RoboticsDesignProject/Git-repos/LeoRover-Team7/elephant_arm_ws/install/mtc_tutorial/lib'
[3.925s] Level 1:colcon.colcon_core.environment:checking '/home/student36/RoboticsDesignProject/Git-repos/LeoRover-Team7/elephant_arm_ws/install/mtc_tutorial/bin'
[3.925s] Level 1:colcon.colcon_core.environment:checking '/home/student36/RoboticsDesignProject/Git-repos/LeoRover-Team7/elephant_arm_ws/install/mtc_tutorial/lib/pkgconfig/mtc_tutorial.pc'
[3.935s] Level 1:colcon.colcon_core.environment:checking '/home/student36/RoboticsDesignProject/Git-repos/LeoRover-Team7/elephant_arm_ws/install/mtc_tutorial/lib/python3.12/site-packages'
[3.946s] Level 1:colcon.colcon_core.environment:checking '/home/student36/RoboticsDesignProject/Git-repos/LeoRover-Team7/elephant_arm_ws/install/mtc_tutorial/bin'
[3.946s] INFO:colcon.colcon_core.shell:Creating package script '/home/student36/RoboticsDesignProject/Git-repos/LeoRover-Team7/elephant_arm_ws/install/mtc_tutorial/share/mtc_tutorial/package.ps1'
[3.951s] INFO:colcon.colcon_core.shell:Creating package descriptor '/home/student36/RoboticsDesignProject/Git-repos/LeoRover-Team7/elephant_arm_ws/install/mtc_tutorial/share/mtc_tutorial/package.dsv'
[3.953s] INFO:colcon.colcon_core.shell:Creating package script '/home/student36/RoboticsDesignProject/Git-repos/LeoRover-Team7/elephant_arm_ws/install/mtc_tutorial/share/mtc_tutorial/package.sh'
[3.954s] INFO:colcon.colcon_core.shell:Creating package script '/home/student36/RoboticsDesignProject/Git-repos/LeoRover-Team7/elephant_arm_ws/install/mtc_tutorial/share/mtc_tutorial/package.bash'
[3.954s] INFO:colcon.colcon_core.shell:Creating package script '/home/student36/RoboticsDesignProject/Git-repos/LeoRover-Team7/elephant_arm_ws/install/mtc_tutorial/share/mtc_tutorial/package.zsh'
[3.955s] Level 1:colcon.colcon_core.environment:create_file_with_runtime_dependencies(/home/student36/RoboticsDesignProject/Git-repos/LeoRover-Team7/elephant_arm_ws/install/mtc_tutorial/share/colcon-core/packages/mtc_tutorial)
[3.982s] DEBUG:colcon.colcon_core.event_handler.log_command:Invoked command in '/home/student36/RoboticsDesignProject/Git-repos/LeoRover-Team7/elephant_arm_ws/build/moveit_task_constructor_capabilities' returned '0': CMAKE_PREFIX_PATH=/home/student36/RoboticsDesignProject/Git-repos/LeoRover-Team7/elephant_arm_ws/install/moveit_task_constructor_core:/home/student36/RoboticsDesignProject/Git-repos/LeoRover-Team7/elephant_arm_ws/install/rviz_marker_tools:/home/student36/RoboticsDesignProject/Git-repos/LeoRover-Team7/elephant_arm_ws/install/moveit_task_constructor_msgs:/home/student36/RoboticsDesignProject/Git-repos/LeoRover-Team7/elephant_arm_ws/install/mtc_tutorial:/home/student36/RoboticsDesignProject/Git-repos/LeoRover-Team7/elephant_arm_ws/install/moveit_task_constructor_demo:/home/student36/RoboticsDesignProject/Git-repos/LeoRover-Team7/elephant_arm_ws/install/moveit_task_constructor_visualization:/home/student36/RoboticsDesignProject/Git-repos/LeoRover-Team7/elephant_arm_ws/install/moveit_task_constructor_capabilities:/home/student36/RoboticsDesignProject/Git-repos/LeoRover-Team7/elephant_arm_ws/install/mycobot_ros2:/home/student36/RoboticsDesignProject/Git-repos/LeoRover-Team7/elephant_arm_ws/install/mycobot_moveit_config:/home/student36/RoboticsDesignProject/Git-repos/LeoRover-Team7/elephant_arm_ws/install/mycobot_gazebo:/home/student36/RoboticsDesignProject/Git-repos/LeoRover-Team7/elephant_arm_ws/install/mycobot_description:/home/student36/RoboticsDesignProject/Git-repos/LeoRover-Team7/elephant_arm_ws/install/mycobot_bringup:/home/student36/RoboticsDesignProject/Git-repos/LeoRover-Team7/elephant_arm_ws/install/hello_moveit:/home/student36/ros2_tutorial_workspace/install/package_with_interfaces:/home/student36/ws_moveit/install/robotiq_hardware_tests:/home/student36/ws_moveit/install/robotiq_driver:/home/student36/ws_moveit/install/serial:/home/student36/ws_moveit/install/moveit2_tutorials:/home/student36/ws_moveit/install/hello_moveit:/home/student36/ws_moveit/install/moveit_visual_tools:/home/student36/ws_moveit/install/rviz_visual_tools:/home/student36/ws_moveit/install/mtc_tutorial:/home/student36/ws_moveit/install/moveit_task_constructor_demo:/home/student36/ws_moveit/install/moveit_task_constructor_visualization:/home/student36/ws_moveit/install/moveit_task_constructor_capabilities:/home/student36/ws_moveit/install/elephant:/home/student36/ws_moveit/install/moveit_task_constructor_core:/home/student36/ws_moveit/install/rviz_marker_tools:/home/student36/ws_moveit/install/kortex_bringup:/home/student36/ws_moveit/install/kinova_gen3_lite_moveit_config:/home/student36/ws_moveit/install/kinova_gen3_7dof_robotiq_2f_85_moveit_config:/home/student36/ws_moveit/install/kinova_gen3_6dof_robotiq_2f_85_moveit_config:/home/student36/ws_moveit/install/kortex_description:/home/student36/ws_moveit/install/robotiq_description:/home/student36/ws_moveit/install/robotiq_controllers:/home/student36/ws_moveit/install/pilz_industrial_motion_planner_testutils:/home/student36/ws_moveit/install/mycobot_280_moveit2:/home/student36/ws_moveit/install/moveit_runtime:/home/student36/ws_moveit/install/moveit:/home/student36/ws_moveit/install/elephant_arm:/home/student36/ws_moveit/install/moveit_planners:/home/student36/ws_moveit/install/pilz_industrial_motion_planner:/home/student36/ws_moveit/install/mycobot_description:/home/student36/ws_moveit/install/moveit_task_constructor_msgs:/home/student36/ws_moveit/install/moveit_ros_control_interface:/home/student36/ws_moveit/install/moveit_plugins:/home/student36/ws_moveit/install/moveit_simple_controller_manager:/home/student36/ws_moveit/install/moveit_setup_assistant:/home/student36/ws_moveit/install/moveit_setup_srdf_plugins:/home/student36/ws_moveit/install/moveit_setup_core_plugins:/home/student36/ws_moveit/install/moveit_setup_controllers:/home/student36/ws_moveit/install/moveit_setup_app_plugins:/home/student36/ws_moveit/install/moveit_setup_framework:/home/student36/ws_moveit/install/moveit_servo:/home/student36/ws_moveit/install/moveit_ros_trajectory_cache:/home/student36/ws_moveit/install/moveit_ros:/home/student36/ws_moveit/install/moveit_ros_visualization:/home/student36/ws_moveit/install/moveit_py:/home/student36/ws_moveit/install/moveit_hybrid_planning:/home/student36/ws_moveit/install/moveit_ros_planning_interface:/home/student36/ws_moveit/install/moveit_ros_benchmarks:/home/student36/ws_moveit/install/moveit_ros_warehouse:/home/student36/ws_moveit/install/moveit_ros_robot_interaction:/home/student36/ws_moveit/install/moveit_ros_perception:/home/student36/ws_moveit/install/moveit_resources_prbt_pg70_support:/home/student36/ws_moveit/install/moveit_resources_prbt_moveit_config:/home/student36/ws_moveit/install/moveit_ros_move_group:/home/student36/ws_moveit/install/moveit_planners_ompl:/home/student36/ws_moveit/install/moveit_kinematics:/home/student36/ws_moveit/install/moveit_ros_planning:/home/student36/ws_moveit/install/moveit_ros_occupancy_map_monitor:/home/student36/ws_moveit/install/moveit_resources_prbt_support:/home/student36/ws_moveit/install/moveit_resources_prbt_ikfast_manipulator_plugin:/home/student36/ws_moveit/install/moveit_resources:/home/student36/ws_moveit/install/moveit_resources_pr2_description:/home/student36/ws_moveit/install/moveit_resources_panda_moveit_config:/home/student36/ws_moveit/install/dual_arm_panda_moveit_config:/home/student36/ws_moveit/install/moveit_resources_panda_description:/home/student36/ws_moveit/install/moveit_resources_fanuc_moveit_config:/home/student36/ws_moveit/install/moveit_resources_fanuc_description:/home/student36/ws_moveit/install/moveit_planners_stomp:/home/student36/ws_moveit/install/moveit_planners_chomp:/home/student36/ws_moveit/install/chomp_motion_planner:/home/student36/ws_moveit/install/moveit_core:/home/student36/ws_moveit/install/moveit_msgs:/home/student36/ws_moveit/install/moveit_common:/home/student36/ws_moveit/install/kortex_driver:/home/student36/ws_moveit/install/kortex_api:/home/student36/rplidar_ws/install/rplidar_ros:/home/student36/elephant_arm_ws/install/mycobot_280_moveit2:/opt/ros/jazzy/opt/gz_sim_vendor:/opt/ros/jazzy/opt/gz_sensors_vendor:/opt/ros/jazzy/opt/gz_physics_vendor:/opt/ros/jazzy/opt/sdformat_vendor:/opt/ros/jazzy/opt/gz_gui_vendor:/opt/ros/jazzy/opt/gz_transport_vendor:/opt/ros/jazzy/opt/gz_rendering_vendor:/opt/ros/jazzy/opt/gz_plugin_vendor:/opt/ros/jazzy/opt/gz_fuel_tools_vendor:/opt/ros/jazzy/opt/gz_msgs_vendor:/opt/ros/jazzy/opt/gz_common_vendor:/opt/ros/jazzy/opt/gz_math_vendor:/opt/ros/jazzy/opt/gz_utils_vendor:/opt/ros/jazzy/opt/gz_tools_vendor:/opt/ros/jazzy/opt/gz_ogre_next_vendor:/opt/ros/jazzy/opt/gz_dartsim_vendor:/opt/ros/jazzy/opt/gz_cmake_vendor:/home/student36/ros2_tutorial_workspace/install/the_simplest_python_package:/home/student36/ros2_tutorial_workspace/install/python_package_with_a_node:/home/student36/ros2_tutorial_workspace/install/python_package_that_uses_the_library:/home/student36/ros2_tutorial_workspace/install/python_package_with_a_library:/home/student36/ros2_tutorial_workspace/install/python_package_that_uses_the_services:/home/student36/ros2_tutorial_workspace/install/python_package_that_uses_the_actions:/home/student36/ros2_tutorial_workspace/install/python_package_that_uses_tf2:/home/student36/ros2_tutorial_workspace/install/python_package_that_uses_parameters_and_launch_files:/home/student36/ros2_tutorial_workspace/install/python_package_that_uses_nottf2:/home/student36/ros2_tutorial_workspace/install/python_package_that_uses_nav2:/home/student36/ros2_tutorial_workspace/install/python_package_that_uses_messages:/home/student36/ros2_tutorial_workspace/install/python_package_that_uses_geometry_msgs:/home/student36/ros2_tutorial_workspace/install/python_package_that_uses_gazebo:/home/student36/ws_moveit/install/moveit_configs_utils:/home/student36/elephant_arm_ws/install/mycobot_description:/opt/ros/jazzy DEBUGINFOD_URLS=https://debuginfod.ubuntu.com LD_LIBRARY_PATH=/home/student36/RoboticsDesignProject/Git-repos/LeoRover-Team7/elephant_arm_ws/install/moveit_task_constructor_core/lib:/home/student36/RoboticsDesignProject/Git-repos/LeoRover-Team7/elephant_arm_ws/install/rviz_marker_tools/lib:/home/student36/RoboticsDesignProject/Git-repos/LeoRover-Team7/elephant_arm_ws/install/moveit_task_constructor_msgs/lib:/home/student36/RoboticsDesignProject/Git-repos/LeoRover-Team7/elephant_arm_ws/install/moveit_task_constructor_demo/lib:/home/student36/RoboticsDesignProject/Git-repos/LeoRover-Team7/elephant_arm_ws/install/moveit_task_constructor_visualization/lib:/home/student36/RoboticsDesignProject/Git-repos/LeoRover-Team7/elephant_arm_ws/install/moveit_task_constructor_capabilities/lib:/home/student36/ros2_tutorial_workspace/install/package_with_interfaces/lib:/home/student36/ws_moveit/install/robotiq_driver/lib:/home/student36/ws_moveit/install/serial/lib:/home/student36/ws_moveit/install/moveit_visual_tools/lib:/home/student36/ws_moveit/install/rviz_visual_tools/lib:/home/student36/ws_moveit/install/moveit_task_constructor_demo/lib:/home/student36/ws_moveit/install/moveit_task_constructor_visualization/lib:/home/student36/ws_moveit/install/moveit_task_constructor_capabilities/lib:/home/student36/ws_moveit/install/moveit_task_constructor_core/lib:/home/student36/ws_moveit/install/rviz_marker_tools/lib:/home/student36/ws_moveit/install/robotiq_controllers/lib:/home/student36/ws_moveit/install/pilz_industrial_motion_planner_testutils/lib:/home/student36/ws_moveit/install/pilz_industrial_motion_planner/lib:/home/student36/ws_moveit/install/moveit_task_constructor_msgs/lib:/home/student36/ws_moveit/install/moveit_ros_control_interface/lib:/home/student36/ws_moveit/install/moveit_simple_controller_manager/lib:/home/student36/ws_moveit/install/moveit_setup_assistant/lib:/home/student36/ws_moveit/install/moveit_setup_srdf_plugins/lib:/home/student36/ws_moveit/install/moveit_setup_core_plugins/lib:/home/student36/ws_moveit/install/moveit_setup_controllers/lib:/home/student36/ws_moveit/install/moveit_setup_app_plugins/lib:/home/student36/ws_moveit/install/moveit_setup_framework/lib:/home/student36/ws_moveit/install/moveit_servo/lib:/home/student36/ws_moveit/install/moveit_ros_trajectory_cache/lib:/home/student36/ws_moveit/install/moveit_ros_visualization/lib:/home/student36/ws_moveit/install/moveit_py/lib:/home/student36/ws_moveit/install/moveit_hybrid_planning/lib:/home/student36/ws_moveit/install/moveit_ros_planning_interface/lib:/home/student36/ws_moveit/install/moveit_ros_benchmarks/lib:/home/student36/ws_moveit/install/moveit_ros_warehouse/lib:/home/student36/ws_moveit/install/moveit_ros_robot_interaction/lib:/home/student36/ws_moveit/install/moveit_ros_perception/lib:/home/student36/ws_moveit/install/moveit_ros_move_group/lib:/home/student36/ws_moveit/install/moveit_planners_ompl/lib:/home/student36/ws_moveit/install/moveit_kinematics/lib:/home/student36/ws_moveit/install/moveit_ros_planning/lib:/home/student36/ws_moveit/install/moveit_ros_occupancy_map_monitor/lib:/home/student36/ws_moveit/install/moveit_resources_prbt_ikfast_manipulator_plugin/lib:/home/student36/ws_moveit/install/moveit_planners_stomp/lib:/home/student36/ws_moveit/install/moveit_planners_chomp/lib:/home/student36/ws_moveit/install/chomp_motion_planner/lib:/home/student36/ws_moveit/install/moveit_core/lib:/home/student36/ws_moveit/install/moveit_msgs/lib:/home/student36/ws_moveit/install/kortex_driver/lib:/opt/ros/jazzy/opt/gz_sim_vendor/lib:/opt/ros/jazzy/opt/gz_sensors_vendor/lib:/opt/ros/jazzy/opt/gz_physics_vendor/lib:/opt/ros/jazzy/opt/sdformat_vendor/lib:/opt/ros/jazzy/opt/rviz_ogre_vendor/lib:/opt/ros/jazzy/lib/x86_64-linux-gnu:/opt/ros/jazzy/opt/gz_gui_vendor/lib:/opt/ros/jazzy/opt/gz_transport_vendor/lib:/opt/ros/jazzy/opt/gz_rendering_vendor/lib:/opt/ros/jazzy/opt/gz_plugin_vendor/lib:/opt/ros/jazzy/opt/gz_fuel_tools_vendor/lib:/opt/ros/jazzy/opt/gz_msgs_vendor/lib:/opt/ros/jazzy/opt/gz_common_vendor/lib:/opt/ros/jazzy/opt/gz_math_vendor/lib:/opt/ros/jazzy/opt/gz_utils_vendor/lib:/opt/ros/jazzy/opt/gz_tools_vendor/lib:/opt/ros/jazzy/opt/gz_ogre_next_vendor/lib:/opt/ros/jazzy/opt/gz_dartsim_vendor/lib:/opt/ros/jazzy/opt/gz_cmake_vendor/lib:/opt/ros/jazzy/lib /usr/bin/cmake --build /home/student36/RoboticsDesignProject/Git-repos/LeoRover-Team7/elephant_arm_ws/build/moveit_task_constructor_capabilities -- -j12 -l12
[3.986s] DEBUG:colcon.colcon_core.event_handler.log_command:Invoking command in '/home/student36/RoboticsDesignProject/Git-repos/LeoRover-Team7/elephant_arm_ws/build/moveit_task_constructor_capabilities': CMAKE_PREFIX_PATH=/home/student36/RoboticsDesignProject/Git-repos/LeoRover-Team7/elephant_arm_ws/install/moveit_task_constructor_core:/home/student36/RoboticsDesignProject/Git-repos/LeoRover-Team7/elephant_arm_ws/install/rviz_marker_tools:/home/student36/RoboticsDesignProject/Git-repos/LeoRover-Team7/elephant_arm_ws/install/moveit_task_constructor_msgs:/home/student36/RoboticsDesignProject/Git-repos/LeoRover-Team7/elephant_arm_ws/install/mtc_tutorial:/home/student36/RoboticsDesignProject/Git-repos/LeoRover-Team7/elephant_arm_ws/install/moveit_task_constructor_demo:/home/student36/RoboticsDesignProject/Git-repos/LeoRover-Team7/elephant_arm_ws/install/moveit_task_constructor_visualization:/home/student36/RoboticsDesignProject/Git-repos/LeoRover-Team7/elephant_arm_ws/install/moveit_task_constructor_capabilities:/home/student36/RoboticsDesignProject/Git-repos/LeoRover-Team7/elephant_arm_ws/install/mycobot_ros2:/home/student36/RoboticsDesignProject/Git-repos/LeoRover-Team7/elephant_arm_ws/install/mycobot_moveit_config:/home/student36/RoboticsDesignProject/Git-repos/LeoRover-Team7/elephant_arm_ws/install/mycobot_gazebo:/home/student36/RoboticsDesignProject/Git-repos/LeoRover-Team7/elephant_arm_ws/install/mycobot_description:/home/student36/RoboticsDesignProject/Git-repos/LeoRover-Team7/elephant_arm_ws/install/mycobot_bringup:/home/student36/RoboticsDesignProject/Git-repos/LeoRover-Team7/elephant_arm_ws/install/hello_moveit:/home/student36/ros2_tutorial_workspace/install/package_with_interfaces:/home/student36/ws_moveit/install/robotiq_hardware_tests:/home/student36/ws_moveit/install/robotiq_driver:/home/student36/ws_moveit/install/serial:/home/student36/ws_moveit/install/moveit2_tutorials:/home/student36/ws_moveit/install/hello_moveit:/home/student36/ws_moveit/install/moveit_visual_tools:/home/student36/ws_moveit/install/rviz_visual_tools:/home/student36/ws_moveit/install/mtc_tutorial:/home/student36/ws_moveit/install/moveit_task_constructor_demo:/home/student36/ws_moveit/install/moveit_task_constructor_visualization:/home/student36/ws_moveit/install/moveit_task_constructor_capabilities:/home/student36/ws_moveit/install/elephant:/home/student36/ws_moveit/install/moveit_task_constructor_core:/home/student36/ws_moveit/install/rviz_marker_tools:/home/student36/ws_moveit/install/kortex_bringup:/home/student36/ws_moveit/install/kinova_gen3_lite_moveit_config:/home/student36/ws_moveit/install/kinova_gen3_7dof_robotiq_2f_85_moveit_config:/home/student36/ws_moveit/install/kinova_gen3_6dof_robotiq_2f_85_moveit_config:/home/student36/ws_moveit/install/kortex_description:/home/student36/ws_moveit/install/robotiq_description:/home/student36/ws_moveit/install/robotiq_controllers:/home/student36/ws_moveit/install/pilz_industrial_motion_planner_testutils:/home/student36/ws_moveit/install/mycobot_280_moveit2:/home/student36/ws_moveit/install/moveit_runtime:/home/student36/ws_moveit/install/moveit:/home/student36/ws_moveit/install/elephant_arm:/home/student36/ws_moveit/install/moveit_planners:/home/student36/ws_moveit/install/pilz_industrial_motion_planner:/home/student36/ws_moveit/install/mycobot_description:/home/student36/ws_moveit/install/moveit_task_constructor_msgs:/home/student36/ws_moveit/install/moveit_ros_control_interface:/home/student36/ws_moveit/install/moveit_plugins:/home/student36/ws_moveit/install/moveit_simple_controller_manager:/home/student36/ws_moveit/install/moveit_setup_assistant:/home/student36/ws_moveit/install/moveit_setup_srdf_plugins:/home/student36/ws_moveit/install/moveit_setup_core_plugins:/home/student36/ws_moveit/install/moveit_setup_controllers:/home/student36/ws_moveit/install/moveit_setup_app_plugins:/home/student36/ws_moveit/install/moveit_setup_framework:/home/student36/ws_moveit/install/moveit_servo:/home/student36/ws_moveit/install/moveit_ros_trajectory_cache:/home/student36/ws_moveit/install/moveit_ros:/home/student36/ws_moveit/install/moveit_ros_visualization:/home/student36/ws_moveit/install/moveit_py:/home/student36/ws_moveit/install/moveit_hybrid_planning:/home/student36/ws_moveit/install/moveit_ros_planning_interface:/home/student36/ws_moveit/install/moveit_ros_benchmarks:/home/student36/ws_moveit/install/moveit_ros_warehouse:/home/student36/ws_moveit/install/moveit_ros_robot_interaction:/home/student36/ws_moveit/install/moveit_ros_perception:/home/student36/ws_moveit/install/moveit_resources_prbt_pg70_support:/home/student36/ws_moveit/install/moveit_resources_prbt_moveit_config:/home/student36/ws_moveit/install/moveit_ros_move_group:/home/student36/ws_moveit/install/moveit_planners_ompl:/home/student36/ws_moveit/install/moveit_kinematics:/home/student36/ws_moveit/install/moveit_ros_planning:/home/student36/ws_moveit/install/moveit_ros_occupancy_map_monitor:/home/student36/ws_moveit/install/moveit_resources_prbt_support:/home/student36/ws_moveit/install/moveit_resources_prbt_ikfast_manipulator_plugin:/home/student36/ws_moveit/install/moveit_resources:/home/student36/ws_moveit/install/moveit_resources_pr2_description:/home/student36/ws_moveit/install/moveit_resources_panda_moveit_config:/home/student36/ws_moveit/install/dual_arm_panda_moveit_config:/home/student36/ws_moveit/install/moveit_resources_panda_description:/home/student36/ws_moveit/install/moveit_resources_fanuc_moveit_config:/home/student36/ws_moveit/install/moveit_resources_fanuc_description:/home/student36/ws_moveit/install/moveit_planners_stomp:/home/student36/ws_moveit/install/moveit_planners_chomp:/home/student36/ws_moveit/install/chomp_motion_planner:/home/student36/ws_moveit/install/moveit_core:/home/student36/ws_moveit/install/moveit_msgs:/home/student36/ws_moveit/install/moveit_common:/home/student36/ws_moveit/install/kortex_driver:/home/student36/ws_moveit/install/kortex_api:/home/student36/rplidar_ws/install/rplidar_ros:/home/student36/elephant_arm_ws/install/mycobot_280_moveit2:/opt/ros/jazzy/opt/gz_sim_vendor:/opt/ros/jazzy/opt/gz_sensors_vendor:/opt/ros/jazzy/opt/gz_physics_vendor:/opt/ros/jazzy/opt/sdformat_vendor:/opt/ros/jazzy/opt/gz_gui_vendor:/opt/ros/jazzy/opt/gz_transport_vendor:/opt/ros/jazzy/opt/gz_rendering_vendor:/opt/ros/jazzy/opt/gz_plugin_vendor:/opt/ros/jazzy/opt/gz_fuel_tools_vendor:/opt/ros/jazzy/opt/gz_msgs_vendor:/opt/ros/jazzy/opt/gz_common_vendor:/opt/ros/jazzy/opt/gz_math_vendor:/opt/ros/jazzy/opt/gz_utils_vendor:/opt/ros/jazzy/opt/gz_tools_vendor:/opt/ros/jazzy/opt/gz_ogre_next_vendor:/opt/ros/jazzy/opt/gz_dartsim_vendor:/opt/ros/jazzy/opt/gz_cmake_vendor:/home/student36/ros2_tutorial_workspace/install/the_simplest_python_package:/home/student36/ros2_tutorial_workspace/install/python_package_with_a_node:/home/student36/ros2_tutorial_workspace/install/python_package_that_uses_the_library:/home/student36/ros2_tutorial_workspace/install/python_package_with_a_library:/home/student36/ros2_tutorial_workspace/install/python_package_that_uses_the_services:/home/student36/ros2_tutorial_workspace/install/python_package_that_uses_the_actions:/home/student36/ros2_tutorial_workspace/install/python_package_that_uses_tf2:/home/student36/ros2_tutorial_workspace/install/python_package_that_uses_parameters_and_launch_files:/home/student36/ros2_tutorial_workspace/install/python_package_that_uses_nottf2:/home/student36/ros2_tutorial_workspace/install/python_package_that_uses_nav2:/home/student36/ros2_tutorial_workspace/install/python_package_that_uses_messages:/home/student36/ros2_tutorial_workspace/install/python_package_that_uses_geometry_msgs:/home/student36/ros2_tutorial_workspace/install/python_package_that_uses_gazebo:/home/student36/ws_moveit/install/moveit_configs_utils:/home/student36/elephant_arm_ws/install/mycobot_description:/opt/ros/jazzy DEBUGINFOD_URLS=https://debuginfod.ubuntu.com LD_LIBRARY_PATH=/home/student36/RoboticsDesignProject/Git-repos/LeoRover-Team7/elephant_arm_ws/install/moveit_task_constructor_core/lib:/home/student36/RoboticsDesignProject/Git-repos/LeoRover-Team7/elephant_arm_ws/install/rviz_marker_tools/lib:/home/student36/RoboticsDesignProject/Git-repos/LeoRover-Team7/elephant_arm_ws/install/moveit_task_constructor_msgs/lib:/home/student36/RoboticsDesignProject/Git-repos/LeoRover-Team7/elephant_arm_ws/install/moveit_task_constructor_demo/lib:/home/student36/RoboticsDesignProject/Git-repos/LeoRover-Team7/elephant_arm_ws/install/moveit_task_constructor_visualization/lib:/home/student36/RoboticsDesignProject/Git-repos/LeoRover-Team7/elephant_arm_ws/install/moveit_task_constructor_capabilities/lib:/home/student36/ros2_tutorial_workspace/install/package_with_interfaces/lib:/home/student36/ws_moveit/install/robotiq_driver/lib:/home/student36/ws_moveit/install/serial/lib:/home/student36/ws_moveit/install/moveit_visual_tools/lib:/home/student36/ws_moveit/install/rviz_visual_tools/lib:/home/student36/ws_moveit/install/moveit_task_constructor_demo/lib:/home/student36/ws_moveit/install/moveit_task_constructor_visualization/lib:/home/student36/ws_moveit/install/moveit_task_constructor_capabilities/lib:/home/student36/ws_moveit/install/moveit_task_constructor_core/lib:/home/student36/ws_moveit/install/rviz_marker_tools/lib:/home/student36/ws_moveit/install/robotiq_controllers/lib:/home/student36/ws_moveit/install/pilz_industrial_motion_planner_testutils/lib:/home/student36/ws_moveit/install/pilz_industrial_motion_planner/lib:/home/student36/ws_moveit/install/moveit_task_constructor_msgs/lib:/home/student36/ws_moveit/install/moveit_ros_control_interface/lib:/home/student36/ws_moveit/install/moveit_simple_controller_manager/lib:/home/student36/ws_moveit/install/moveit_setup_assistant/lib:/home/student36/ws_moveit/install/moveit_setup_srdf_plugins/lib:/home/student36/ws_moveit/install/moveit_setup_core_plugins/lib:/home/student36/ws_moveit/install/moveit_setup_controllers/lib:/home/student36/ws_moveit/install/moveit_setup_app_plugins/lib:/home/student36/ws_moveit/install/moveit_setup_framework/lib:/home/student36/ws_moveit/install/moveit_servo/lib:/home/student36/ws_moveit/install/moveit_ros_trajectory_cache/lib:/home/student36/ws_moveit/install/moveit_ros_visualization/lib:/home/student36/ws_moveit/install/moveit_py/lib:/home/student36/ws_moveit/install/moveit_hybrid_planning/lib:/home/student36/ws_moveit/install/moveit_ros_planning_interface/lib:/home/student36/ws_moveit/install/moveit_ros_benchmarks/lib:/home/student36/ws_moveit/install/moveit_ros_warehouse/lib:/home/student36/ws_moveit/install/moveit_ros_robot_interaction/lib:/home/student36/ws_moveit/install/moveit_ros_perception/lib:/home/student36/ws_moveit/install/moveit_ros_move_group/lib:/home/student36/ws_moveit/install/moveit_planners_ompl/lib:/home/student36/ws_moveit/install/moveit_kinematics/lib:/home/student36/ws_moveit/install/moveit_ros_planning/lib:/home/student36/ws_moveit/install/moveit_ros_occupancy_map_monitor/lib:/home/student36/ws_moveit/install/moveit_resources_prbt_ikfast_manipulator_plugin/lib:/home/student36/ws_moveit/install/moveit_planners_stomp/lib:/home/student36/ws_moveit/install/moveit_planners_chomp/lib:/home/student36/ws_moveit/install/chomp_motion_planner/lib:/home/student36/ws_moveit/install/moveit_core/lib:/home/student36/ws_moveit/install/moveit_msgs/lib:/home/student36/ws_moveit/install/kortex_driver/lib:/opt/ros/jazzy/opt/gz_sim_vendor/lib:/opt/ros/jazzy/opt/gz_sensors_vendor/lib:/opt/ros/jazzy/opt/gz_physics_vendor/lib:/opt/ros/jazzy/opt/sdformat_vendor/lib:/opt/ros/jazzy/opt/rviz_ogre_vendor/lib:/opt/ros/jazzy/lib/x86_64-linux-gnu:/opt/ros/jazzy/opt/gz_gui_vendor/lib:/opt/ros/jazzy/opt/gz_transport_vendor/lib:/opt/ros/jazzy/opt/gz_rendering_vendor/lib:/opt/ros/jazzy/opt/gz_plugin_vendor/lib:/opt/ros/jazzy/opt/gz_fuel_tools_vendor/lib:/opt/ros/jazzy/opt/gz_msgs_vendor/lib:/opt/ros/jazzy/opt/gz_common_vendor/lib:/opt/ros/jazzy/opt/gz_math_vendor/lib:/opt/ros/jazzy/opt/gz_utils_vendor/lib:/opt/ros/jazzy/opt/gz_tools_vendor/lib:/opt/ros/jazzy/opt/gz_ogre_next_vendor/lib:/opt/ros/jazzy/opt/gz_dartsim_vendor/lib:/opt/ros/jazzy/opt/gz_cmake_vendor/lib:/opt/ros/jazzy/lib /usr/bin/cmake --install /home/student36/RoboticsDesignProject/Git-repos/LeoRover-Team7/elephant_arm_ws/build/moveit_task_constructor_capabilities
[4.014s] Level 1:colcon.colcon_core.environment:create_environment_scripts_only(moveit_task_constructor_capabilities)
[4.015s] Level 1:colcon.colcon_core.environment:checking '/home/student36/RoboticsDesignProject/Git-repos/LeoRover-Team7/elephant_arm_ws/install/moveit_task_constructor_capabilities' for CMake module files
[4.016s] DEBUG:colcon.colcon_core.event_handler.log_command:Invoked command in '/home/student36/RoboticsDesignProject/Git-repos/LeoRover-Team7/elephant_arm_ws/build/moveit_task_constructor_capabilities' returned '0': CMAKE_PREFIX_PATH=/home/student36/RoboticsDesignProject/Git-repos/LeoRover-Team7/elephant_arm_ws/install/moveit_task_constructor_core:/home/student36/RoboticsDesignProject/Git-repos/LeoRover-Team7/elephant_arm_ws/install/rviz_marker_tools:/home/student36/RoboticsDesignProject/Git-repos/LeoRover-Team7/elephant_arm_ws/install/moveit_task_constructor_msgs:/home/student36/RoboticsDesignProject/Git-repos/LeoRover-Team7/elephant_arm_ws/install/mtc_tutorial:/home/student36/RoboticsDesignProject/Git-repos/LeoRover-Team7/elephant_arm_ws/install/moveit_task_constructor_demo:/home/student36/RoboticsDesignProject/Git-repos/LeoRover-Team7/elephant_arm_ws/install/moveit_task_constructor_visualization:/home/student36/RoboticsDesignProject/Git-repos/LeoRover-Team7/elephant_arm_ws/install/moveit_task_constructor_capabilities:/home/student36/RoboticsDesignProject/Git-repos/LeoRover-Team7/elephant_arm_ws/install/mycobot_ros2:/home/student36/RoboticsDesignProject/Git-repos/LeoRover-Team7/elephant_arm_ws/install/mycobot_moveit_config:/home/student36/RoboticsDesignProject/Git-repos/LeoRover-Team7/elephant_arm_ws/install/mycobot_gazebo:/home/student36/RoboticsDesignProject/Git-repos/LeoRover-Team7/elephant_arm_ws/install/mycobot_description:/home/student36/RoboticsDesignProject/Git-repos/LeoRover-Team7/elephant_arm_ws/install/mycobot_bringup:/home/student36/RoboticsDesignProject/Git-repos/LeoRover-Team7/elephant_arm_ws/install/hello_moveit:/home/student36/ros2_tutorial_workspace/install/package_with_interfaces:/home/student36/ws_moveit/install/robotiq_hardware_tests:/home/student36/ws_moveit/install/robotiq_driver:/home/student36/ws_moveit/install/serial:/home/student36/ws_moveit/install/moveit2_tutorials:/home/student36/ws_moveit/install/hello_moveit:/home/student36/ws_moveit/install/moveit_visual_tools:/home/student36/ws_moveit/install/rviz_visual_tools:/home/student36/ws_moveit/install/mtc_tutorial:/home/student36/ws_moveit/install/moveit_task_constructor_demo:/home/student36/ws_moveit/install/moveit_task_constructor_visualization:/home/student36/ws_moveit/install/moveit_task_constructor_capabilities:/home/student36/ws_moveit/install/elephant:/home/student36/ws_moveit/install/moveit_task_constructor_core:/home/student36/ws_moveit/install/rviz_marker_tools:/home/student36/ws_moveit/install/kortex_bringup:/home/student36/ws_moveit/install/kinova_gen3_lite_moveit_config:/home/student36/ws_moveit/install/kinova_gen3_7dof_robotiq_2f_85_moveit_config:/home/student36/ws_moveit/install/kinova_gen3_6dof_robotiq_2f_85_moveit_config:/home/student36/ws_moveit/install/kortex_description:/home/student36/ws_moveit/install/robotiq_description:/home/student36/ws_moveit/install/robotiq_controllers:/home/student36/ws_moveit/install/pilz_industrial_motion_planner_testutils:/home/student36/ws_moveit/install/mycobot_280_moveit2:/home/student36/ws_moveit/install/moveit_runtime:/home/student36/ws_moveit/install/moveit:/home/student36/ws_moveit/install/elephant_arm:/home/student36/ws_moveit/install/moveit_planners:/home/student36/ws_moveit/install/pilz_industrial_motion_planner:/home/student36/ws_moveit/install/mycobot_description:/home/student36/ws_moveit/install/moveit_task_constructor_msgs:/home/student36/ws_moveit/install/moveit_ros_control_interface:/home/student36/ws_moveit/install/moveit_plugins:/home/student36/ws_moveit/install/moveit_simple_controller_manager:/home/student36/ws_moveit/install/moveit_setup_assistant:/home/student36/ws_moveit/install/moveit_setup_srdf_plugins:/home/student36/ws_moveit/install/moveit_setup_core_plugins:/home/student36/ws_moveit/install/moveit_setup_controllers:/home/student36/ws_moveit/install/moveit_setup_app_plugins:/home/student36/ws_moveit/install/moveit_setup_framework:/home/student36/ws_moveit/install/moveit_servo:/home/student36/ws_moveit/install/moveit_ros_trajectory_cache:/home/student36/ws_moveit/install/moveit_ros:/home/student36/ws_moveit/install/moveit_ros_visualization:/home/student36/ws_moveit/install/moveit_py:/home/student36/ws_moveit/install/moveit_hybrid_planning:/home/student36/ws_moveit/install/moveit_ros_planning_interface:/home/student36/ws_moveit/install/moveit_ros_benchmarks:/home/student36/ws_moveit/install/moveit_ros_warehouse:/home/student36/ws_moveit/install/moveit_ros_robot_interaction:/home/student36/ws_moveit/install/moveit_ros_perception:/home/student36/ws_moveit/install/moveit_resources_prbt_pg70_support:/home/student36/ws_moveit/install/moveit_resources_prbt_moveit_config:/home/student36/ws_moveit/install/moveit_ros_move_group:/home/student36/ws_moveit/install/moveit_planners_ompl:/home/student36/ws_moveit/install/moveit_kinematics:/home/student36/ws_moveit/install/moveit_ros_planning:/home/student36/ws_moveit/install/moveit_ros_occupancy_map_monitor:/home/student36/ws_moveit/install/moveit_resources_prbt_support:/home/student36/ws_moveit/install/moveit_resources_prbt_ikfast_manipulator_plugin:/home/student36/ws_moveit/install/moveit_resources:/home/student36/ws_moveit/install/moveit_resources_pr2_description:/home/student36/ws_moveit/install/moveit_resources_panda_moveit_config:/home/student36/ws_moveit/install/dual_arm_panda_moveit_config:/home/student36/ws_moveit/install/moveit_resources_panda_description:/home/student36/ws_moveit/install/moveit_resources_fanuc_moveit_config:/home/student36/ws_moveit/install/moveit_resources_fanuc_description:/home/student36/ws_moveit/install/moveit_planners_stomp:/home/student36/ws_moveit/install/moveit_planners_chomp:/home/student36/ws_moveit/install/chomp_motion_planner:/home/student36/ws_moveit/install/moveit_core:/home/student36/ws_moveit/install/moveit_msgs:/home/student36/ws_moveit/install/moveit_common:/home/student36/ws_moveit/install/kortex_driver:/home/student36/ws_moveit/install/kortex_api:/home/student36/rplidar_ws/install/rplidar_ros:/home/student36/elephant_arm_ws/install/mycobot_280_moveit2:/opt/ros/jazzy/opt/gz_sim_vendor:/opt/ros/jazzy/opt/gz_sensors_vendor:/opt/ros/jazzy/opt/gz_physics_vendor:/opt/ros/jazzy/opt/sdformat_vendor:/opt/ros/jazzy/opt/gz_gui_vendor:/opt/ros/jazzy/opt/gz_transport_vendor:/opt/ros/jazzy/opt/gz_rendering_vendor:/opt/ros/jazzy/opt/gz_plugin_vendor:/opt/ros/jazzy/opt/gz_fuel_tools_vendor:/opt/ros/jazzy/opt/gz_msgs_vendor:/opt/ros/jazzy/opt/gz_common_vendor:/opt/ros/jazzy/opt/gz_math_vendor:/opt/ros/jazzy/opt/gz_utils_vendor:/opt/ros/jazzy/opt/gz_tools_vendor:/opt/ros/jazzy/opt/gz_ogre_next_vendor:/opt/ros/jazzy/opt/gz_dartsim_vendor:/opt/ros/jazzy/opt/gz_cmake_vendor:/home/student36/ros2_tutorial_workspace/install/the_simplest_python_package:/home/student36/ros2_tutorial_workspace/install/python_package_with_a_node:/home/student36/ros2_tutorial_workspace/install/python_package_that_uses_the_library:/home/student36/ros2_tutorial_workspace/install/python_package_with_a_library:/home/student36/ros2_tutorial_workspace/install/python_package_that_uses_the_services:/home/student36/ros2_tutorial_workspace/install/python_package_that_uses_the_actions:/home/student36/ros2_tutorial_workspace/install/python_package_that_uses_tf2:/home/student36/ros2_tutorial_workspace/install/python_package_that_uses_parameters_and_launch_files:/home/student36/ros2_tutorial_workspace/install/python_package_that_uses_nottf2:/home/student36/ros2_tutorial_workspace/install/python_package_that_uses_nav2:/home/student36/ros2_tutorial_workspace/install/python_package_that_uses_messages:/home/student36/ros2_tutorial_workspace/install/python_package_that_uses_geometry_msgs:/home/student36/ros2_tutorial_workspace/install/python_package_that_uses_gazebo:/home/student36/ws_moveit/install/moveit_configs_utils:/home/student36/elephant_arm_ws/install/mycobot_description:/opt/ros/jazzy DEBUGINFOD_URLS=https://debuginfod.ubuntu.com LD_LIBRARY_PATH=/home/student36/RoboticsDesignProject/Git-repos/LeoRover-Team7/elephant_arm_ws/install/moveit_task_constructor_core/lib:/home/student36/RoboticsDesignProject/Git-repos/LeoRover-Team7/elephant_arm_ws/install/rviz_marker_tools/lib:/home/student36/RoboticsDesignProject/Git-repos/LeoRover-Team7/elephant_arm_ws/install/moveit_task_constructor_msgs/lib:/home/student36/RoboticsDesignProject/Git-repos/LeoRover-Team7/elephant_arm_ws/install/moveit_task_constructor_demo/lib:/home/student36/RoboticsDesignProject/Git-repos/LeoRover-Team7/elephant_arm_ws/install/moveit_task_constructor_visualization/lib:/home/student36/RoboticsDesignProject/Git-repos/LeoRover-Team7/elephant_arm_ws/install/moveit_task_constructor_capabilities/lib:/home/student36/ros2_tutorial_workspace/install/package_with_interfaces/lib:/home/student36/ws_moveit/install/robotiq_driver/lib:/home/student36/ws_moveit/install/serial/lib:/home/student36/ws_moveit/install/moveit_visual_tools/lib:/home/student36/ws_moveit/install/rviz_visual_tools/lib:/home/student36/ws_moveit/install/moveit_task_constructor_demo/lib:/home/student36/ws_moveit/install/moveit_task_constructor_visualization/lib:/home/student36/ws_moveit/install/moveit_task_constructor_capabilities/lib:/home/student36/ws_moveit/install/moveit_task_constructor_core/lib:/home/student36/ws_moveit/install/rviz_marker_tools/lib:/home/student36/ws_moveit/install/robotiq_controllers/lib:/home/student36/ws_moveit/install/pilz_industrial_motion_planner_testutils/lib:/home/student36/ws_moveit/install/pilz_industrial_motion_planner/lib:/home/student36/ws_moveit/install/moveit_task_constructor_msgs/lib:/home/student36/ws_moveit/install/moveit_ros_control_interface/lib:/home/student36/ws_moveit/install/moveit_simple_controller_manager/lib:/home/student36/ws_moveit/install/moveit_setup_assistant/lib:/home/student36/ws_moveit/install/moveit_setup_srdf_plugins/lib:/home/student36/ws_moveit/install/moveit_setup_core_plugins/lib:/home/student36/ws_moveit/install/moveit_setup_controllers/lib:/home/student36/ws_moveit/install/moveit_setup_app_plugins/lib:/home/student36/ws_moveit/install/moveit_setup_framework/lib:/home/student36/ws_moveit/install/moveit_servo/lib:/home/student36/ws_moveit/install/moveit_ros_trajectory_cache/lib:/home/student36/ws_moveit/install/moveit_ros_visualization/lib:/home/student36/ws_moveit/install/moveit_py/lib:/home/student36/ws_moveit/install/moveit_hybrid_planning/lib:/home/student36/ws_moveit/install/moveit_ros_planning_interface/lib:/home/student36/ws_moveit/install/moveit_ros_benchmarks/lib:/home/student36/ws_moveit/install/moveit_ros_warehouse/lib:/home/student36/ws_moveit/install/moveit_ros_robot_interaction/lib:/home/student36/ws_moveit/install/moveit_ros_perception/lib:/home/student36/ws_moveit/install/moveit_ros_move_group/lib:/home/student36/ws_moveit/install/moveit_planners_ompl/lib:/home/student36/ws_moveit/install/moveit_kinematics/lib:/home/student36/ws_moveit/install/moveit_ros_planning/lib:/home/student36/ws_moveit/install/moveit_ros_occupancy_map_monitor/lib:/home/student36/ws_moveit/install/moveit_resources_prbt_ikfast_manipulator_plugin/lib:/home/student36/ws_moveit/install/moveit_planners_stomp/lib:/home/student36/ws_moveit/install/moveit_planners_chomp/lib:/home/student36/ws_moveit/install/chomp_motion_planner/lib:/home/student36/ws_moveit/install/moveit_core/lib:/home/student36/ws_moveit/install/moveit_msgs/lib:/home/student36/ws_moveit/install/kortex_driver/lib:/opt/ros/jazzy/opt/gz_sim_vendor/lib:/opt/ros/jazzy/opt/gz_sensors_vendor/lib:/opt/ros/jazzy/opt/gz_physics_vendor/lib:/opt/ros/jazzy/opt/sdformat_vendor/lib:/opt/ros/jazzy/opt/rviz_ogre_vendor/lib:/opt/ros/jazzy/lib/x86_64-linux-gnu:/opt/ros/jazzy/opt/gz_gui_vendor/lib:/opt/ros/jazzy/opt/gz_transport_vendor/lib:/opt/ros/jazzy/opt/gz_rendering_vendor/lib:/opt/ros/jazzy/opt/gz_plugin_vendor/lib:/opt/ros/jazzy/opt/gz_fuel_tools_vendor/lib:/opt/ros/jazzy/opt/gz_msgs_vendor/lib:/opt/ros/jazzy/opt/gz_common_vendor/lib:/opt/ros/jazzy/opt/gz_math_vendor/lib:/opt/ros/jazzy/opt/gz_utils_vendor/lib:/opt/ros/jazzy/opt/gz_tools_vendor/lib:/opt/ros/jazzy/opt/gz_ogre_next_vendor/lib:/opt/ros/jazzy/opt/gz_dartsim_vendor/lib:/opt/ros/jazzy/opt/gz_cmake_vendor/lib:/opt/ros/jazzy/lib /usr/bin/cmake --install /home/student36/RoboticsDesignProject/Git-repos/LeoRover-Team7/elephant_arm_ws/build/moveit_task_constructor_capabilities
[4.017s] Level 1:colcon.colcon_core.environment:checking '/home/student36/RoboticsDesignProject/Git-repos/LeoRover-Team7/elephant_arm_ws/install/moveit_task_constructor_capabilities' for CMake config files
[4.018s] Level 1:colcon.colcon_core.shell:create_environment_hook('moveit_task_constructor_capabilities', 'cmake_prefix_path')
[4.019s] INFO:colcon.colcon_core.shell:Creating environment hook '/home/student36/RoboticsDesignProject/Git-repos/LeoRover-Team7/elephant_arm_ws/install/moveit_task_constructor_capabilities/share/moveit_task_constructor_capabilities/hook/cmake_prefix_path.ps1'
[4.020s] INFO:colcon.colcon_core.shell:Creating environment descriptor '/home/student36/RoboticsDesignProject/Git-repos/LeoRover-Team7/elephant_arm_ws/install/moveit_task_constructor_capabilities/share/moveit_task_constructor_capabilities/hook/cmake_prefix_path.dsv'
[4.020s] INFO:colcon.colcon_core.shell:Creating environment hook '/home/student36/RoboticsDesignProject/Git-repos/LeoRover-Team7/elephant_arm_ws/install/moveit_task_constructor_capabilities/share/moveit_task_constructor_capabilities/hook/cmake_prefix_path.sh'
[4.022s] Level 1:colcon.colcon_core.environment:checking '/home/student36/RoboticsDesignProject/Git-repos/LeoRover-Team7/elephant_arm_ws/install/moveit_task_constructor_capabilities/lib'
[4.022s] Level 1:colcon.colcon_core.shell:create_environment_hook('moveit_task_constructor_capabilities', 'ld_library_path_lib')
[4.022s] INFO:colcon.colcon_core.shell:Creating environment hook '/home/student36/RoboticsDesignProject/Git-repos/LeoRover-Team7/elephant_arm_ws/install/moveit_task_constructor_capabilities/share/moveit_task_constructor_capabilities/hook/ld_library_path_lib.ps1'
[4.023s] INFO:colcon.colcon_core.shell:Creating environment descriptor '/home/student36/RoboticsDesignProject/Git-repos/LeoRover-Team7/elephant_arm_ws/install/moveit_task_constructor_capabilities/share/moveit_task_constructor_capabilities/hook/ld_library_path_lib.dsv'
[4.023s] INFO:colcon.colcon_core.shell:Creating environment hook '/home/student36/RoboticsDesignProject/Git-repos/LeoRover-Team7/elephant_arm_ws/install/moveit_task_constructor_capabilities/share/moveit_task_constructor_capabilities/hook/ld_library_path_lib.sh'
[4.024s] Level 1:colcon.colcon_core.environment:checking '/home/student36/RoboticsDesignProject/Git-repos/LeoRover-Team7/elephant_arm_ws/install/moveit_task_constructor_capabilities/bin'
[4.024s] Level 1:colcon.colcon_core.environment:checking '/home/student36/RoboticsDesignProject/Git-repos/LeoRover-Team7/elephant_arm_ws/install/moveit_task_constructor_capabilities/lib/pkgconfig/moveit_task_constructor_capabilities.pc'
[4.024s] Level 1:colcon.colcon_core.environment:checking '/home/student36/RoboticsDesignProject/Git-repos/LeoRover-Team7/elephant_arm_ws/install/moveit_task_constructor_capabilities/lib/python3.12/site-packages'
[4.024s] Level 1:colcon.colcon_core.environment:checking '/home/student36/RoboticsDesignProject/Git-repos/LeoRover-Team7/elephant_arm_ws/install/moveit_task_constructor_capabilities/bin'
[4.025s] INFO:colcon.colcon_core.shell:Creating package script '/home/student36/RoboticsDesignProject/Git-repos/LeoRover-Team7/elephant_arm_ws/install/moveit_task_constructor_capabilities/share/moveit_task_constructor_capabilities/package.ps1'
[4.026s] INFO:colcon.colcon_core.shell:Creating package descriptor '/home/student36/RoboticsDesignProject/Git-repos/LeoRover-Team7/elephant_arm_ws/install/moveit_task_constructor_capabilities/share/moveit_task_constructor_capabilities/package.dsv'
[4.027s] INFO:colcon.colcon_core.shell:Creating package script '/home/student36/RoboticsDesignProject/Git-repos/LeoRover-Team7/elephant_arm_ws/install/moveit_task_constructor_capabilities/share/moveit_task_constructor_capabilities/package.sh'
[4.029s] INFO:colcon.colcon_core.shell:Creating package script '/home/student36/RoboticsDesignProject/Git-repos/LeoRover-Team7/elephant_arm_ws/install/moveit_task_constructor_capabilities/share/moveit_task_constructor_capabilities/package.bash'
[4.030s] INFO:colcon.colcon_core.shell:Creating package script '/home/student36/RoboticsDesignProject/Git-repos/LeoRover-Team7/elephant_arm_ws/install/moveit_task_constructor_capabilities/share/moveit_task_constructor_capabilities/package.zsh'
[4.031s] Level 1:colcon.colcon_core.environment:create_file_with_runtime_dependencies(/home/student36/RoboticsDesignProject/Git-repos/LeoRover-Team7/elephant_arm_ws/install/moveit_task_constructor_capabilities/share/colcon-core/packages/moveit_task_constructor_capabilities)
[4.032s] Level 1:colcon.colcon_core.environment:create_environment_scripts_only(moveit_task_constructor_capabilities)
[4.032s] Level 1:colcon.colcon_core.environment:checking '/home/student36/RoboticsDesignProject/Git-repos/LeoRover-Team7/elephant_arm_ws/install/moveit_task_constructor_capabilities' for CMake module files
[4.034s] Level 1:colcon.colcon_core.environment:checking '/home/student36/RoboticsDesignProject/Git-repos/LeoRover-Team7/elephant_arm_ws/install/moveit_task_constructor_capabilities' for CMake config files
[4.034s] Level 1:colcon.colcon_core.shell:create_environment_hook('moveit_task_constructor_capabilities', 'cmake_prefix_path')
[4.034s] INFO:colcon.colcon_core.shell:Creating environment hook '/home/student36/RoboticsDesignProject/Git-repos/LeoRover-Team7/elephant_arm_ws/install/moveit_task_constructor_capabilities/share/moveit_task_constructor_capabilities/hook/cmake_prefix_path.ps1'
[4.035s] INFO:colcon.colcon_core.shell:Creating environment descriptor '/home/student36/RoboticsDesignProject/Git-repos/LeoRover-Team7/elephant_arm_ws/install/moveit_task_constructor_capabilities/share/moveit_task_constructor_capabilities/hook/cmake_prefix_path.dsv'
[4.036s] INFO:colcon.colcon_core.shell:Creating environment hook '/home/student36/RoboticsDesignProject/Git-repos/LeoRover-Team7/elephant_arm_ws/install/moveit_task_constructor_capabilities/share/moveit_task_constructor_capabilities/hook/cmake_prefix_path.sh'
[4.038s] Level 1:colcon.colcon_core.environment:checking '/home/student36/RoboticsDesignProject/Git-repos/LeoRover-Team7/elephant_arm_ws/install/moveit_task_constructor_capabilities/lib'
[4.039s] Level 1:colcon.colcon_core.shell:create_environment_hook('moveit_task_constructor_capabilities', 'ld_library_path_lib')
[4.039s] INFO:colcon.colcon_core.shell:Creating environment hook '/home/student36/RoboticsDesignProject/Git-repos/LeoRover-Team7/elephant_arm_ws/install/moveit_task_constructor_capabilities/share/moveit_task_constructor_capabilities/hook/ld_library_path_lib.ps1'
[4.040s] INFO:colcon.colcon_core.shell:Creating environment descriptor '/home/student36/RoboticsDesignProject/Git-repos/LeoRover-Team7/elephant_arm_ws/install/moveit_task_constructor_capabilities/share/moveit_task_constructor_capabilities/hook/ld_library_path_lib.dsv'
[4.041s] INFO:colcon.colcon_core.shell:Creating environment hook '/home/student36/RoboticsDesignProject/Git-repos/LeoRover-Team7/elephant_arm_ws/install/moveit_task_constructor_capabilities/share/moveit_task_constructor_capabilities/hook/ld_library_path_lib.sh'
[4.042s] Level 1:colcon.colcon_core.environment:checking '/home/student36/RoboticsDesignProject/Git-repos/LeoRover-Team7/elephant_arm_ws/install/moveit_task_constructor_capabilities/bin'
[4.042s] Level 1:colcon.colcon_core.environment:checking '/home/student36/RoboticsDesignProject/Git-repos/LeoRover-Team7/elephant_arm_ws/install/moveit_task_constructor_capabilities/lib/pkgconfig/moveit_task_constructor_capabilities.pc'
[4.042s] Level 1:colcon.colcon_core.environment:checking '/home/student36/RoboticsDesignProject/Git-repos/LeoRover-Team7/elephant_arm_ws/install/moveit_task_constructor_capabilities/lib/python3.12/site-packages'
[4.043s] Level 1:colcon.colcon_core.environment:checking '/home/student36/RoboticsDesignProject/Git-repos/LeoRover-Team7/elephant_arm_ws/install/moveit_task_constructor_capabilities/bin'
[4.043s] INFO:colcon.colcon_core.shell:Creating package script '/home/student36/RoboticsDesignProject/Git-repos/LeoRover-Team7/elephant_arm_ws/install/moveit_task_constructor_capabilities/share/moveit_task_constructor_capabilities/package.ps1'
[4.044s] INFO:colcon.colcon_core.shell:Creating package descriptor '/home/student36/RoboticsDesignProject/Git-repos/LeoRover-Team7/elephant_arm_ws/install/moveit_task_constructor_capabilities/share/moveit_task_constructor_capabilities/package.dsv'
[4.045s] INFO:colcon.colcon_core.shell:Creating package script '/home/student36/RoboticsDesignProject/Git-repos/LeoRover-Team7/elephant_arm_ws/install/moveit_task_constructor_capabilities/share/moveit_task_constructor_capabilities/package.sh'
[4.047s] INFO:colcon.colcon_core.shell:Creating package script '/home/student36/RoboticsDesignProject/Git-repos/LeoRover-Team7/elephant_arm_ws/install/moveit_task_constructor_capabilities/share/moveit_task_constructor_capabilities/package.bash'
[4.048s] INFO:colcon.colcon_core.shell:Creating package script '/home/student36/RoboticsDesignProject/Git-repos/LeoRover-Team7/elephant_arm_ws/install/moveit_task_constructor_capabilities/share/moveit_task_constructor_capabilities/package.zsh'
[4.049s] Level 1:colcon.colcon_core.environment:create_file_with_runtime_dependencies(/home/student36/RoboticsDesignProject/Git-repos/LeoRover-Team7/elephant_arm_ws/install/moveit_task_constructor_capabilities/share/colcon-core/packages/moveit_task_constructor_capabilities)
[4.716s] DEBUG:colcon.colcon_core.event_handler.log_command:Invoked command in '/home/student36/RoboticsDesignProject/Git-repos/LeoRover-Team7/elephant_arm_ws/build/moveit_task_constructor_visualization' returned '0': CMAKE_PREFIX_PATH=/home/student36/RoboticsDesignProject/Git-repos/LeoRover-Team7/elephant_arm_ws/install/moveit_task_constructor_core:/home/student36/RoboticsDesignProject/Git-repos/LeoRover-Team7/elephant_arm_ws/install/rviz_marker_tools:/home/student36/RoboticsDesignProject/Git-repos/LeoRover-Team7/elephant_arm_ws/install/moveit_task_constructor_msgs:/home/student36/RoboticsDesignProject/Git-repos/LeoRover-Team7/elephant_arm_ws/install/mtc_tutorial:/home/student36/RoboticsDesignProject/Git-repos/LeoRover-Team7/elephant_arm_ws/install/moveit_task_constructor_demo:/home/student36/RoboticsDesignProject/Git-repos/LeoRover-Team7/elephant_arm_ws/install/moveit_task_constructor_visualization:/home/student36/RoboticsDesignProject/Git-repos/LeoRover-Team7/elephant_arm_ws/install/moveit_task_constructor_capabilities:/home/student36/RoboticsDesignProject/Git-repos/LeoRover-Team7/elephant_arm_ws/install/mycobot_ros2:/home/student36/RoboticsDesignProject/Git-repos/LeoRover-Team7/elephant_arm_ws/install/mycobot_moveit_config:/home/student36/RoboticsDesignProject/Git-repos/LeoRover-Team7/elephant_arm_ws/install/mycobot_gazebo:/home/student36/RoboticsDesignProject/Git-repos/LeoRover-Team7/elephant_arm_ws/install/mycobot_description:/home/student36/RoboticsDesignProject/Git-repos/LeoRover-Team7/elephant_arm_ws/install/mycobot_bringup:/home/student36/RoboticsDesignProject/Git-repos/LeoRover-Team7/elephant_arm_ws/install/hello_moveit:/home/student36/ros2_tutorial_workspace/install/package_with_interfaces:/home/student36/ws_moveit/install/robotiq_hardware_tests:/home/student36/ws_moveit/install/robotiq_driver:/home/student36/ws_moveit/install/serial:/home/student36/ws_moveit/install/moveit2_tutorials:/home/student36/ws_moveit/install/hello_moveit:/home/student36/ws_moveit/install/moveit_visual_tools:/home/student36/ws_moveit/install/rviz_visual_tools:/home/student36/ws_moveit/install/mtc_tutorial:/home/student36/ws_moveit/install/moveit_task_constructor_demo:/home/student36/ws_moveit/install/moveit_task_constructor_visualization:/home/student36/ws_moveit/install/moveit_task_constructor_capabilities:/home/student36/ws_moveit/install/elephant:/home/student36/ws_moveit/install/moveit_task_constructor_core:/home/student36/ws_moveit/install/rviz_marker_tools:/home/student36/ws_moveit/install/kortex_bringup:/home/student36/ws_moveit/install/kinova_gen3_lite_moveit_config:/home/student36/ws_moveit/install/kinova_gen3_7dof_robotiq_2f_85_moveit_config:/home/student36/ws_moveit/install/kinova_gen3_6dof_robotiq_2f_85_moveit_config:/home/student36/ws_moveit/install/kortex_description:/home/student36/ws_moveit/install/robotiq_description:/home/student36/ws_moveit/install/robotiq_controllers:/home/student36/ws_moveit/install/pilz_industrial_motion_planner_testutils:/home/student36/ws_moveit/install/mycobot_280_moveit2:/home/student36/ws_moveit/install/moveit_runtime:/home/student36/ws_moveit/install/moveit:/home/student36/ws_moveit/install/elephant_arm:/home/student36/ws_moveit/install/moveit_planners:/home/student36/ws_moveit/install/pilz_industrial_motion_planner:/home/student36/ws_moveit/install/mycobot_description:/home/student36/ws_moveit/install/moveit_task_constructor_msgs:/home/student36/ws_moveit/install/moveit_ros_control_interface:/home/student36/ws_moveit/install/moveit_plugins:/home/student36/ws_moveit/install/moveit_simple_controller_manager:/home/student36/ws_moveit/install/moveit_setup_assistant:/home/student36/ws_moveit/install/moveit_setup_srdf_plugins:/home/student36/ws_moveit/install/moveit_setup_core_plugins:/home/student36/ws_moveit/install/moveit_setup_controllers:/home/student36/ws_moveit/install/moveit_setup_app_plugins:/home/student36/ws_moveit/install/moveit_setup_framework:/home/student36/ws_moveit/install/moveit_servo:/home/student36/ws_moveit/install/moveit_ros_trajectory_cache:/home/student36/ws_moveit/install/moveit_ros:/home/student36/ws_moveit/install/moveit_ros_visualization:/home/student36/ws_moveit/install/moveit_py:/home/student36/ws_moveit/install/moveit_hybrid_planning:/home/student36/ws_moveit/install/moveit_ros_planning_interface:/home/student36/ws_moveit/install/moveit_ros_benchmarks:/home/student36/ws_moveit/install/moveit_ros_warehouse:/home/student36/ws_moveit/install/moveit_ros_robot_interaction:/home/student36/ws_moveit/install/moveit_ros_perception:/home/student36/ws_moveit/install/moveit_resources_prbt_pg70_support:/home/student36/ws_moveit/install/moveit_resources_prbt_moveit_config:/home/student36/ws_moveit/install/moveit_ros_move_group:/home/student36/ws_moveit/install/moveit_planners_ompl:/home/student36/ws_moveit/install/moveit_kinematics:/home/student36/ws_moveit/install/moveit_ros_planning:/home/student36/ws_moveit/install/moveit_ros_occupancy_map_monitor:/home/student36/ws_moveit/install/moveit_resources_prbt_support:/home/student36/ws_moveit/install/moveit_resources_prbt_ikfast_manipulator_plugin:/home/student36/ws_moveit/install/moveit_resources:/home/student36/ws_moveit/install/moveit_resources_pr2_description:/home/student36/ws_moveit/install/moveit_resources_panda_moveit_config:/home/student36/ws_moveit/install/dual_arm_panda_moveit_config:/home/student36/ws_moveit/install/moveit_resources_panda_description:/home/student36/ws_moveit/install/moveit_resources_fanuc_moveit_config:/home/student36/ws_moveit/install/moveit_resources_fanuc_description:/home/student36/ws_moveit/install/moveit_planners_stomp:/home/student36/ws_moveit/install/moveit_planners_chomp:/home/student36/ws_moveit/install/chomp_motion_planner:/home/student36/ws_moveit/install/moveit_core:/home/student36/ws_moveit/install/moveit_msgs:/home/student36/ws_moveit/install/moveit_common:/home/student36/ws_moveit/install/kortex_driver:/home/student36/ws_moveit/install/kortex_api:/home/student36/rplidar_ws/install/rplidar_ros:/home/student36/elephant_arm_ws/install/mycobot_280_moveit2:/opt/ros/jazzy/opt/gz_sim_vendor:/opt/ros/jazzy/opt/gz_sensors_vendor:/opt/ros/jazzy/opt/gz_physics_vendor:/opt/ros/jazzy/opt/sdformat_vendor:/opt/ros/jazzy/opt/gz_gui_vendor:/opt/ros/jazzy/opt/gz_transport_vendor:/opt/ros/jazzy/opt/gz_rendering_vendor:/opt/ros/jazzy/opt/gz_plugin_vendor:/opt/ros/jazzy/opt/gz_fuel_tools_vendor:/opt/ros/jazzy/opt/gz_msgs_vendor:/opt/ros/jazzy/opt/gz_common_vendor:/opt/ros/jazzy/opt/gz_math_vendor:/opt/ros/jazzy/opt/gz_utils_vendor:/opt/ros/jazzy/opt/gz_tools_vendor:/opt/ros/jazzy/opt/gz_ogre_next_vendor:/opt/ros/jazzy/opt/gz_dartsim_vendor:/opt/ros/jazzy/opt/gz_cmake_vendor:/home/student36/ros2_tutorial_workspace/install/the_simplest_python_package:/home/student36/ros2_tutorial_workspace/install/python_package_with_a_node:/home/student36/ros2_tutorial_workspace/install/python_package_that_uses_the_library:/home/student36/ros2_tutorial_workspace/install/python_package_with_a_library:/home/student36/ros2_tutorial_workspace/install/python_package_that_uses_the_services:/home/student36/ros2_tutorial_workspace/install/python_package_that_uses_the_actions:/home/student36/ros2_tutorial_workspace/install/python_package_that_uses_tf2:/home/student36/ros2_tutorial_workspace/install/python_package_that_uses_parameters_and_launch_files:/home/student36/ros2_tutorial_workspace/install/python_package_that_uses_nottf2:/home/student36/ros2_tutorial_workspace/install/python_package_that_uses_nav2:/home/student36/ros2_tutorial_workspace/install/python_package_that_uses_messages:/home/student36/ros2_tutorial_workspace/install/python_package_that_uses_geometry_msgs:/home/student36/ros2_tutorial_workspace/install/python_package_that_uses_gazebo:/home/student36/ws_moveit/install/moveit_configs_utils:/home/student36/elephant_arm_ws/install/mycobot_description:/opt/ros/jazzy DEBUGINFOD_URLS=https://debuginfod.ubuntu.com LD_LIBRARY_PATH=/home/student36/RoboticsDesignProject/Git-repos/LeoRover-Team7/elephant_arm_ws/install/moveit_task_constructor_core/lib:/home/student36/RoboticsDesignProject/Git-repos/LeoRover-Team7/elephant_arm_ws/install/rviz_marker_tools/lib:/home/student36/RoboticsDesignProject/Git-repos/LeoRover-Team7/elephant_arm_ws/install/moveit_task_constructor_msgs/lib:/home/student36/RoboticsDesignProject/Git-repos/LeoRover-Team7/elephant_arm_ws/install/moveit_task_constructor_demo/lib:/home/student36/RoboticsDesignProject/Git-repos/LeoRover-Team7/elephant_arm_ws/install/moveit_task_constructor_visualization/lib:/home/student36/RoboticsDesignProject/Git-repos/LeoRover-Team7/elephant_arm_ws/install/moveit_task_constructor_capabilities/lib:/home/student36/ros2_tutorial_workspace/install/package_with_interfaces/lib:/home/student36/ws_moveit/install/robotiq_driver/lib:/home/student36/ws_moveit/install/serial/lib:/home/student36/ws_moveit/install/moveit_visual_tools/lib:/home/student36/ws_moveit/install/rviz_visual_tools/lib:/home/student36/ws_moveit/install/moveit_task_constructor_demo/lib:/home/student36/ws_moveit/install/moveit_task_constructor_visualization/lib:/home/student36/ws_moveit/install/moveit_task_constructor_capabilities/lib:/home/student36/ws_moveit/install/moveit_task_constructor_core/lib:/home/student36/ws_moveit/install/rviz_marker_tools/lib:/home/student36/ws_moveit/install/robotiq_controllers/lib:/home/student36/ws_moveit/install/pilz_industrial_motion_planner_testutils/lib:/home/student36/ws_moveit/install/pilz_industrial_motion_planner/lib:/home/student36/ws_moveit/install/moveit_task_constructor_msgs/lib:/home/student36/ws_moveit/install/moveit_ros_control_interface/lib:/home/student36/ws_moveit/install/moveit_simple_controller_manager/lib:/home/student36/ws_moveit/install/moveit_setup_assistant/lib:/home/student36/ws_moveit/install/moveit_setup_srdf_plugins/lib:/home/student36/ws_moveit/install/moveit_setup_core_plugins/lib:/home/student36/ws_moveit/install/moveit_setup_controllers/lib:/home/student36/ws_moveit/install/moveit_setup_app_plugins/lib:/home/student36/ws_moveit/install/moveit_setup_framework/lib:/home/student36/ws_moveit/install/moveit_servo/lib:/home/student36/ws_moveit/install/moveit_ros_trajectory_cache/lib:/home/student36/ws_moveit/install/moveit_ros_visualization/lib:/home/student36/ws_moveit/install/moveit_py/lib:/home/student36/ws_moveit/install/moveit_hybrid_planning/lib:/home/student36/ws_moveit/install/moveit_ros_planning_interface/lib:/home/student36/ws_moveit/install/moveit_ros_benchmarks/lib:/home/student36/ws_moveit/install/moveit_ros_warehouse/lib:/home/student36/ws_moveit/install/moveit_ros_robot_interaction/lib:/home/student36/ws_moveit/install/moveit_ros_perception/lib:/home/student36/ws_moveit/install/moveit_ros_move_group/lib:/home/student36/ws_moveit/install/moveit_planners_ompl/lib:/home/student36/ws_moveit/install/moveit_kinematics/lib:/home/student36/ws_moveit/install/moveit_ros_planning/lib:/home/student36/ws_moveit/install/moveit_ros_occupancy_map_monitor/lib:/home/student36/ws_moveit/install/moveit_resources_prbt_ikfast_manipulator_plugin/lib:/home/student36/ws_moveit/install/moveit_planners_stomp/lib:/home/student36/ws_moveit/install/moveit_planners_chomp/lib:/home/student36/ws_moveit/install/chomp_motion_planner/lib:/home/student36/ws_moveit/install/moveit_core/lib:/home/student36/ws_moveit/install/moveit_msgs/lib:/home/student36/ws_moveit/install/kortex_driver/lib:/opt/ros/jazzy/opt/gz_sim_vendor/lib:/opt/ros/jazzy/opt/gz_sensors_vendor/lib:/opt/ros/jazzy/opt/gz_physics_vendor/lib:/opt/ros/jazzy/opt/sdformat_vendor/lib:/opt/ros/jazzy/opt/rviz_ogre_vendor/lib:/opt/ros/jazzy/lib/x86_64-linux-gnu:/opt/ros/jazzy/opt/gz_gui_vendor/lib:/opt/ros/jazzy/opt/gz_transport_vendor/lib:/opt/ros/jazzy/opt/gz_rendering_vendor/lib:/opt/ros/jazzy/opt/gz_plugin_vendor/lib:/opt/ros/jazzy/opt/gz_fuel_tools_vendor/lib:/opt/ros/jazzy/opt/gz_msgs_vendor/lib:/opt/ros/jazzy/opt/gz_common_vendor/lib:/opt/ros/jazzy/opt/gz_math_vendor/lib:/opt/ros/jazzy/opt/gz_utils_vendor/lib:/opt/ros/jazzy/opt/gz_tools_vendor/lib:/opt/ros/jazzy/opt/gz_ogre_next_vendor/lib:/opt/ros/jazzy/opt/gz_dartsim_vendor/lib:/opt/ros/jazzy/opt/gz_cmake_vendor/lib:/opt/ros/jazzy/lib /usr/bin/cmake --build /home/student36/RoboticsDesignProject/Git-repos/LeoRover-Team7/elephant_arm_ws/build/moveit_task_constructor_visualization -- -j12 -l12
[4.720s] DEBUG:colcon.colcon_core.event_handler.log_command:Invoking command in '/home/student36/RoboticsDesignProject/Git-repos/LeoRover-Team7/elephant_arm_ws/build/moveit_task_constructor_visualization': CMAKE_PREFIX_PATH=/home/student36/RoboticsDesignProject/Git-repos/LeoRover-Team7/elephant_arm_ws/install/moveit_task_constructor_core:/home/student36/RoboticsDesignProject/Git-repos/LeoRover-Team7/elephant_arm_ws/install/rviz_marker_tools:/home/student36/RoboticsDesignProject/Git-repos/LeoRover-Team7/elephant_arm_ws/install/moveit_task_constructor_msgs:/home/student36/RoboticsDesignProject/Git-repos/LeoRover-Team7/elephant_arm_ws/install/mtc_tutorial:/home/student36/RoboticsDesignProject/Git-repos/LeoRover-Team7/elephant_arm_ws/install/moveit_task_constructor_demo:/home/student36/RoboticsDesignProject/Git-repos/LeoRover-Team7/elephant_arm_ws/install/moveit_task_constructor_visualization:/home/student36/RoboticsDesignProject/Git-repos/LeoRover-Team7/elephant_arm_ws/install/moveit_task_constructor_capabilities:/home/student36/RoboticsDesignProject/Git-repos/LeoRover-Team7/elephant_arm_ws/install/mycobot_ros2:/home/student36/RoboticsDesignProject/Git-repos/LeoRover-Team7/elephant_arm_ws/install/mycobot_moveit_config:/home/student36/RoboticsDesignProject/Git-repos/LeoRover-Team7/elephant_arm_ws/install/mycobot_gazebo:/home/student36/RoboticsDesignProject/Git-repos/LeoRover-Team7/elephant_arm_ws/install/mycobot_description:/home/student36/RoboticsDesignProject/Git-repos/LeoRover-Team7/elephant_arm_ws/install/mycobot_bringup:/home/student36/RoboticsDesignProject/Git-repos/LeoRover-Team7/elephant_arm_ws/install/hello_moveit:/home/student36/ros2_tutorial_workspace/install/package_with_interfaces:/home/student36/ws_moveit/install/robotiq_hardware_tests:/home/student36/ws_moveit/install/robotiq_driver:/home/student36/ws_moveit/install/serial:/home/student36/ws_moveit/install/moveit2_tutorials:/home/student36/ws_moveit/install/hello_moveit:/home/student36/ws_moveit/install/moveit_visual_tools:/home/student36/ws_moveit/install/rviz_visual_tools:/home/student36/ws_moveit/install/mtc_tutorial:/home/student36/ws_moveit/install/moveit_task_constructor_demo:/home/student36/ws_moveit/install/moveit_task_constructor_visualization:/home/student36/ws_moveit/install/moveit_task_constructor_capabilities:/home/student36/ws_moveit/install/elephant:/home/student36/ws_moveit/install/moveit_task_constructor_core:/home/student36/ws_moveit/install/rviz_marker_tools:/home/student36/ws_moveit/install/kortex_bringup:/home/student36/ws_moveit/install/kinova_gen3_lite_moveit_config:/home/student36/ws_moveit/install/kinova_gen3_7dof_robotiq_2f_85_moveit_config:/home/student36/ws_moveit/install/kinova_gen3_6dof_robotiq_2f_85_moveit_config:/home/student36/ws_moveit/install/kortex_description:/home/student36/ws_moveit/install/robotiq_description:/home/student36/ws_moveit/install/robotiq_controllers:/home/student36/ws_moveit/install/pilz_industrial_motion_planner_testutils:/home/student36/ws_moveit/install/mycobot_280_moveit2:/home/student36/ws_moveit/install/moveit_runtime:/home/student36/ws_moveit/install/moveit:/home/student36/ws_moveit/install/elephant_arm:/home/student36/ws_moveit/install/moveit_planners:/home/student36/ws_moveit/install/pilz_industrial_motion_planner:/home/student36/ws_moveit/install/mycobot_description:/home/student36/ws_moveit/install/moveit_task_constructor_msgs:/home/student36/ws_moveit/install/moveit_ros_control_interface:/home/student36/ws_moveit/install/moveit_plugins:/home/student36/ws_moveit/install/moveit_simple_controller_manager:/home/student36/ws_moveit/install/moveit_setup_assistant:/home/student36/ws_moveit/install/moveit_setup_srdf_plugins:/home/student36/ws_moveit/install/moveit_setup_core_plugins:/home/student36/ws_moveit/install/moveit_setup_controllers:/home/student36/ws_moveit/install/moveit_setup_app_plugins:/home/student36/ws_moveit/install/moveit_setup_framework:/home/student36/ws_moveit/install/moveit_servo:/home/student36/ws_moveit/install/moveit_ros_trajectory_cache:/home/student36/ws_moveit/install/moveit_ros:/home/student36/ws_moveit/install/moveit_ros_visualization:/home/student36/ws_moveit/install/moveit_py:/home/student36/ws_moveit/install/moveit_hybrid_planning:/home/student36/ws_moveit/install/moveit_ros_planning_interface:/home/student36/ws_moveit/install/moveit_ros_benchmarks:/home/student36/ws_moveit/install/moveit_ros_warehouse:/home/student36/ws_moveit/install/moveit_ros_robot_interaction:/home/student36/ws_moveit/install/moveit_ros_perception:/home/student36/ws_moveit/install/moveit_resources_prbt_pg70_support:/home/student36/ws_moveit/install/moveit_resources_prbt_moveit_config:/home/student36/ws_moveit/install/moveit_ros_move_group:/home/student36/ws_moveit/install/moveit_planners_ompl:/home/student36/ws_moveit/install/moveit_kinematics:/home/student36/ws_moveit/install/moveit_ros_planning:/home/student36/ws_moveit/install/moveit_ros_occupancy_map_monitor:/home/student36/ws_moveit/install/moveit_resources_prbt_support:/home/student36/ws_moveit/install/moveit_resources_prbt_ikfast_manipulator_plugin:/home/student36/ws_moveit/install/moveit_resources:/home/student36/ws_moveit/install/moveit_resources_pr2_description:/home/student36/ws_moveit/install/moveit_resources_panda_moveit_config:/home/student36/ws_moveit/install/dual_arm_panda_moveit_config:/home/student36/ws_moveit/install/moveit_resources_panda_description:/home/student36/ws_moveit/install/moveit_resources_fanuc_moveit_config:/home/student36/ws_moveit/install/moveit_resources_fanuc_description:/home/student36/ws_moveit/install/moveit_planners_stomp:/home/student36/ws_moveit/install/moveit_planners_chomp:/home/student36/ws_moveit/install/chomp_motion_planner:/home/student36/ws_moveit/install/moveit_core:/home/student36/ws_moveit/install/moveit_msgs:/home/student36/ws_moveit/install/moveit_common:/home/student36/ws_moveit/install/kortex_driver:/home/student36/ws_moveit/install/kortex_api:/home/student36/rplidar_ws/install/rplidar_ros:/home/student36/elephant_arm_ws/install/mycobot_280_moveit2:/opt/ros/jazzy/opt/gz_sim_vendor:/opt/ros/jazzy/opt/gz_sensors_vendor:/opt/ros/jazzy/opt/gz_physics_vendor:/opt/ros/jazzy/opt/sdformat_vendor:/opt/ros/jazzy/opt/gz_gui_vendor:/opt/ros/jazzy/opt/gz_transport_vendor:/opt/ros/jazzy/opt/gz_rendering_vendor:/opt/ros/jazzy/opt/gz_plugin_vendor:/opt/ros/jazzy/opt/gz_fuel_tools_vendor:/opt/ros/jazzy/opt/gz_msgs_vendor:/opt/ros/jazzy/opt/gz_common_vendor:/opt/ros/jazzy/opt/gz_math_vendor:/opt/ros/jazzy/opt/gz_utils_vendor:/opt/ros/jazzy/opt/gz_tools_vendor:/opt/ros/jazzy/opt/gz_ogre_next_vendor:/opt/ros/jazzy/opt/gz_dartsim_vendor:/opt/ros/jazzy/opt/gz_cmake_vendor:/home/student36/ros2_tutorial_workspace/install/the_simplest_python_package:/home/student36/ros2_tutorial_workspace/install/python_package_with_a_node:/home/student36/ros2_tutorial_workspace/install/python_package_that_uses_the_library:/home/student36/ros2_tutorial_workspace/install/python_package_with_a_library:/home/student36/ros2_tutorial_workspace/install/python_package_that_uses_the_services:/home/student36/ros2_tutorial_workspace/install/python_package_that_uses_the_actions:/home/student36/ros2_tutorial_workspace/install/python_package_that_uses_tf2:/home/student36/ros2_tutorial_workspace/install/python_package_that_uses_parameters_and_launch_files:/home/student36/ros2_tutorial_workspace/install/python_package_that_uses_nottf2:/home/student36/ros2_tutorial_workspace/install/python_package_that_uses_nav2:/home/student36/ros2_tutorial_workspace/install/python_package_that_uses_messages:/home/student36/ros2_tutorial_workspace/install/python_package_that_uses_geometry_msgs:/home/student36/ros2_tutorial_workspace/install/python_package_that_uses_gazebo:/home/student36/ws_moveit/install/moveit_configs_utils:/home/student36/elephant_arm_ws/install/mycobot_description:/opt/ros/jazzy DEBUGINFOD_URLS=https://debuginfod.ubuntu.com LD_LIBRARY_PATH=/home/student36/RoboticsDesignProject/Git-repos/LeoRover-Team7/elephant_arm_ws/install/moveit_task_constructor_core/lib:/home/student36/RoboticsDesignProject/Git-repos/LeoRover-Team7/elephant_arm_ws/install/rviz_marker_tools/lib:/home/student36/RoboticsDesignProject/Git-repos/LeoRover-Team7/elephant_arm_ws/install/moveit_task_constructor_msgs/lib:/home/student36/RoboticsDesignProject/Git-repos/LeoRover-Team7/elephant_arm_ws/install/moveit_task_constructor_demo/lib:/home/student36/RoboticsDesignProject/Git-repos/LeoRover-Team7/elephant_arm_ws/install/moveit_task_constructor_visualization/lib:/home/student36/RoboticsDesignProject/Git-repos/LeoRover-Team7/elephant_arm_ws/install/moveit_task_constructor_capabilities/lib:/home/student36/ros2_tutorial_workspace/install/package_with_interfaces/lib:/home/student36/ws_moveit/install/robotiq_driver/lib:/home/student36/ws_moveit/install/serial/lib:/home/student36/ws_moveit/install/moveit_visual_tools/lib:/home/student36/ws_moveit/install/rviz_visual_tools/lib:/home/student36/ws_moveit/install/moveit_task_constructor_demo/lib:/home/student36/ws_moveit/install/moveit_task_constructor_visualization/lib:/home/student36/ws_moveit/install/moveit_task_constructor_capabilities/lib:/home/student36/ws_moveit/install/moveit_task_constructor_core/lib:/home/student36/ws_moveit/install/rviz_marker_tools/lib:/home/student36/ws_moveit/install/robotiq_controllers/lib:/home/student36/ws_moveit/install/pilz_industrial_motion_planner_testutils/lib:/home/student36/ws_moveit/install/pilz_industrial_motion_planner/lib:/home/student36/ws_moveit/install/moveit_task_constructor_msgs/lib:/home/student36/ws_moveit/install/moveit_ros_control_interface/lib:/home/student36/ws_moveit/install/moveit_simple_controller_manager/lib:/home/student36/ws_moveit/install/moveit_setup_assistant/lib:/home/student36/ws_moveit/install/moveit_setup_srdf_plugins/lib:/home/student36/ws_moveit/install/moveit_setup_core_plugins/lib:/home/student36/ws_moveit/install/moveit_setup_controllers/lib:/home/student36/ws_moveit/install/moveit_setup_app_plugins/lib:/home/student36/ws_moveit/install/moveit_setup_framework/lib:/home/student36/ws_moveit/install/moveit_servo/lib:/home/student36/ws_moveit/install/moveit_ros_trajectory_cache/lib:/home/student36/ws_moveit/install/moveit_ros_visualization/lib:/home/student36/ws_moveit/install/moveit_py/lib:/home/student36/ws_moveit/install/moveit_hybrid_planning/lib:/home/student36/ws_moveit/install/moveit_ros_planning_interface/lib:/home/student36/ws_moveit/install/moveit_ros_benchmarks/lib:/home/student36/ws_moveit/install/moveit_ros_warehouse/lib:/home/student36/ws_moveit/install/moveit_ros_robot_interaction/lib:/home/student36/ws_moveit/install/moveit_ros_perception/lib:/home/student36/ws_moveit/install/moveit_ros_move_group/lib:/home/student36/ws_moveit/install/moveit_planners_ompl/lib:/home/student36/ws_moveit/install/moveit_kinematics/lib:/home/student36/ws_moveit/install/moveit_ros_planning/lib:/home/student36/ws_moveit/install/moveit_ros_occupancy_map_monitor/lib:/home/student36/ws_moveit/install/moveit_resources_prbt_ikfast_manipulator_plugin/lib:/home/student36/ws_moveit/install/moveit_planners_stomp/lib:/home/student36/ws_moveit/install/moveit_planners_chomp/lib:/home/student36/ws_moveit/install/chomp_motion_planner/lib:/home/student36/ws_moveit/install/moveit_core/lib:/home/student36/ws_moveit/install/moveit_msgs/lib:/home/student36/ws_moveit/install/kortex_driver/lib:/opt/ros/jazzy/opt/gz_sim_vendor/lib:/opt/ros/jazzy/opt/gz_sensors_vendor/lib:/opt/ros/jazzy/opt/gz_physics_vendor/lib:/opt/ros/jazzy/opt/sdformat_vendor/lib:/opt/ros/jazzy/opt/rviz_ogre_vendor/lib:/opt/ros/jazzy/lib/x86_64-linux-gnu:/opt/ros/jazzy/opt/gz_gui_vendor/lib:/opt/ros/jazzy/opt/gz_transport_vendor/lib:/opt/ros/jazzy/opt/gz_rendering_vendor/lib:/opt/ros/jazzy/opt/gz_plugin_vendor/lib:/opt/ros/jazzy/opt/gz_fuel_tools_vendor/lib:/opt/ros/jazzy/opt/gz_msgs_vendor/lib:/opt/ros/jazzy/opt/gz_common_vendor/lib:/opt/ros/jazzy/opt/gz_math_vendor/lib:/opt/ros/jazzy/opt/gz_utils_vendor/lib:/opt/ros/jazzy/opt/gz_tools_vendor/lib:/opt/ros/jazzy/opt/gz_ogre_next_vendor/lib:/opt/ros/jazzy/opt/gz_dartsim_vendor/lib:/opt/ros/jazzy/opt/gz_cmake_vendor/lib:/opt/ros/jazzy/lib /usr/bin/cmake --install /home/student36/RoboticsDesignProject/Git-repos/LeoRover-Team7/elephant_arm_ws/build/moveit_task_constructor_visualization
[4.762s] Level 1:colcon.colcon_core.environment:create_environment_scripts_only(moveit_task_constructor_visualization)
[4.763s] Level 1:colcon.colcon_core.environment:checking '/home/student36/RoboticsDesignProject/Git-repos/LeoRover-Team7/elephant_arm_ws/install/moveit_task_constructor_visualization' for CMake module files
[4.763s] DEBUG:colcon.colcon_core.event_handler.log_command:Invoked command in '/home/student36/RoboticsDesignProject/Git-repos/LeoRover-Team7/elephant_arm_ws/build/moveit_task_constructor_visualization' returned '0': CMAKE_PREFIX_PATH=/home/student36/RoboticsDesignProject/Git-repos/LeoRover-Team7/elephant_arm_ws/install/moveit_task_constructor_core:/home/student36/RoboticsDesignProject/Git-repos/LeoRover-Team7/elephant_arm_ws/install/rviz_marker_tools:/home/student36/RoboticsDesignProject/Git-repos/LeoRover-Team7/elephant_arm_ws/install/moveit_task_constructor_msgs:/home/student36/RoboticsDesignProject/Git-repos/LeoRover-Team7/elephant_arm_ws/install/mtc_tutorial:/home/student36/RoboticsDesignProject/Git-repos/LeoRover-Team7/elephant_arm_ws/install/moveit_task_constructor_demo:/home/student36/RoboticsDesignProject/Git-repos/LeoRover-Team7/elephant_arm_ws/install/moveit_task_constructor_visualization:/home/student36/RoboticsDesignProject/Git-repos/LeoRover-Team7/elephant_arm_ws/install/moveit_task_constructor_capabilities:/home/student36/RoboticsDesignProject/Git-repos/LeoRover-Team7/elephant_arm_ws/install/mycobot_ros2:/home/student36/RoboticsDesignProject/Git-repos/LeoRover-Team7/elephant_arm_ws/install/mycobot_moveit_config:/home/student36/RoboticsDesignProject/Git-repos/LeoRover-Team7/elephant_arm_ws/install/mycobot_gazebo:/home/student36/RoboticsDesignProject/Git-repos/LeoRover-Team7/elephant_arm_ws/install/mycobot_description:/home/student36/RoboticsDesignProject/Git-repos/LeoRover-Team7/elephant_arm_ws/install/mycobot_bringup:/home/student36/RoboticsDesignProject/Git-repos/LeoRover-Team7/elephant_arm_ws/install/hello_moveit:/home/student36/ros2_tutorial_workspace/install/package_with_interfaces:/home/student36/ws_moveit/install/robotiq_hardware_tests:/home/student36/ws_moveit/install/robotiq_driver:/home/student36/ws_moveit/install/serial:/home/student36/ws_moveit/install/moveit2_tutorials:/home/student36/ws_moveit/install/hello_moveit:/home/student36/ws_moveit/install/moveit_visual_tools:/home/student36/ws_moveit/install/rviz_visual_tools:/home/student36/ws_moveit/install/mtc_tutorial:/home/student36/ws_moveit/install/moveit_task_constructor_demo:/home/student36/ws_moveit/install/moveit_task_constructor_visualization:/home/student36/ws_moveit/install/moveit_task_constructor_capabilities:/home/student36/ws_moveit/install/elephant:/home/student36/ws_moveit/install/moveit_task_constructor_core:/home/student36/ws_moveit/install/rviz_marker_tools:/home/student36/ws_moveit/install/kortex_bringup:/home/student36/ws_moveit/install/kinova_gen3_lite_moveit_config:/home/student36/ws_moveit/install/kinova_gen3_7dof_robotiq_2f_85_moveit_config:/home/student36/ws_moveit/install/kinova_gen3_6dof_robotiq_2f_85_moveit_config:/home/student36/ws_moveit/install/kortex_description:/home/student36/ws_moveit/install/robotiq_description:/home/student36/ws_moveit/install/robotiq_controllers:/home/student36/ws_moveit/install/pilz_industrial_motion_planner_testutils:/home/student36/ws_moveit/install/mycobot_280_moveit2:/home/student36/ws_moveit/install/moveit_runtime:/home/student36/ws_moveit/install/moveit:/home/student36/ws_moveit/install/elephant_arm:/home/student36/ws_moveit/install/moveit_planners:/home/student36/ws_moveit/install/pilz_industrial_motion_planner:/home/student36/ws_moveit/install/mycobot_description:/home/student36/ws_moveit/install/moveit_task_constructor_msgs:/home/student36/ws_moveit/install/moveit_ros_control_interface:/home/student36/ws_moveit/install/moveit_plugins:/home/student36/ws_moveit/install/moveit_simple_controller_manager:/home/student36/ws_moveit/install/moveit_setup_assistant:/home/student36/ws_moveit/install/moveit_setup_srdf_plugins:/home/student36/ws_moveit/install/moveit_setup_core_plugins:/home/student36/ws_moveit/install/moveit_setup_controllers:/home/student36/ws_moveit/install/moveit_setup_app_plugins:/home/student36/ws_moveit/install/moveit_setup_framework:/home/student36/ws_moveit/install/moveit_servo:/home/student36/ws_moveit/install/moveit_ros_trajectory_cache:/home/student36/ws_moveit/install/moveit_ros:/home/student36/ws_moveit/install/moveit_ros_visualization:/home/student36/ws_moveit/install/moveit_py:/home/student36/ws_moveit/install/moveit_hybrid_planning:/home/student36/ws_moveit/install/moveit_ros_planning_interface:/home/student36/ws_moveit/install/moveit_ros_benchmarks:/home/student36/ws_moveit/install/moveit_ros_warehouse:/home/student36/ws_moveit/install/moveit_ros_robot_interaction:/home/student36/ws_moveit/install/moveit_ros_perception:/home/student36/ws_moveit/install/moveit_resources_prbt_pg70_support:/home/student36/ws_moveit/install/moveit_resources_prbt_moveit_config:/home/student36/ws_moveit/install/moveit_ros_move_group:/home/student36/ws_moveit/install/moveit_planners_ompl:/home/student36/ws_moveit/install/moveit_kinematics:/home/student36/ws_moveit/install/moveit_ros_planning:/home/student36/ws_moveit/install/moveit_ros_occupancy_map_monitor:/home/student36/ws_moveit/install/moveit_resources_prbt_support:/home/student36/ws_moveit/install/moveit_resources_prbt_ikfast_manipulator_plugin:/home/student36/ws_moveit/install/moveit_resources:/home/student36/ws_moveit/install/moveit_resources_pr2_description:/home/student36/ws_moveit/install/moveit_resources_panda_moveit_config:/home/student36/ws_moveit/install/dual_arm_panda_moveit_config:/home/student36/ws_moveit/install/moveit_resources_panda_description:/home/student36/ws_moveit/install/moveit_resources_fanuc_moveit_config:/home/student36/ws_moveit/install/moveit_resources_fanuc_description:/home/student36/ws_moveit/install/moveit_planners_stomp:/home/student36/ws_moveit/install/moveit_planners_chomp:/home/student36/ws_moveit/install/chomp_motion_planner:/home/student36/ws_moveit/install/moveit_core:/home/student36/ws_moveit/install/moveit_msgs:/home/student36/ws_moveit/install/moveit_common:/home/student36/ws_moveit/install/kortex_driver:/home/student36/ws_moveit/install/kortex_api:/home/student36/rplidar_ws/install/rplidar_ros:/home/student36/elephant_arm_ws/install/mycobot_280_moveit2:/opt/ros/jazzy/opt/gz_sim_vendor:/opt/ros/jazzy/opt/gz_sensors_vendor:/opt/ros/jazzy/opt/gz_physics_vendor:/opt/ros/jazzy/opt/sdformat_vendor:/opt/ros/jazzy/opt/gz_gui_vendor:/opt/ros/jazzy/opt/gz_transport_vendor:/opt/ros/jazzy/opt/gz_rendering_vendor:/opt/ros/jazzy/opt/gz_plugin_vendor:/opt/ros/jazzy/opt/gz_fuel_tools_vendor:/opt/ros/jazzy/opt/gz_msgs_vendor:/opt/ros/jazzy/opt/gz_common_vendor:/opt/ros/jazzy/opt/gz_math_vendor:/opt/ros/jazzy/opt/gz_utils_vendor:/opt/ros/jazzy/opt/gz_tools_vendor:/opt/ros/jazzy/opt/gz_ogre_next_vendor:/opt/ros/jazzy/opt/gz_dartsim_vendor:/opt/ros/jazzy/opt/gz_cmake_vendor:/home/student36/ros2_tutorial_workspace/install/the_simplest_python_package:/home/student36/ros2_tutorial_workspace/install/python_package_with_a_node:/home/student36/ros2_tutorial_workspace/install/python_package_that_uses_the_library:/home/student36/ros2_tutorial_workspace/install/python_package_with_a_library:/home/student36/ros2_tutorial_workspace/install/python_package_that_uses_the_services:/home/student36/ros2_tutorial_workspace/install/python_package_that_uses_the_actions:/home/student36/ros2_tutorial_workspace/install/python_package_that_uses_tf2:/home/student36/ros2_tutorial_workspace/install/python_package_that_uses_parameters_and_launch_files:/home/student36/ros2_tutorial_workspace/install/python_package_that_uses_nottf2:/home/student36/ros2_tutorial_workspace/install/python_package_that_uses_nav2:/home/student36/ros2_tutorial_workspace/install/python_package_that_uses_messages:/home/student36/ros2_tutorial_workspace/install/python_package_that_uses_geometry_msgs:/home/student36/ros2_tutorial_workspace/install/python_package_that_uses_gazebo:/home/student36/ws_moveit/install/moveit_configs_utils:/home/student36/elephant_arm_ws/install/mycobot_description:/opt/ros/jazzy DEBUGINFOD_URLS=https://debuginfod.ubuntu.com LD_LIBRARY_PATH=/home/student36/RoboticsDesignProject/Git-repos/LeoRover-Team7/elephant_arm_ws/install/moveit_task_constructor_core/lib:/home/student36/RoboticsDesignProject/Git-repos/LeoRover-Team7/elephant_arm_ws/install/rviz_marker_tools/lib:/home/student36/RoboticsDesignProject/Git-repos/LeoRover-Team7/elephant_arm_ws/install/moveit_task_constructor_msgs/lib:/home/student36/RoboticsDesignProject/Git-repos/LeoRover-Team7/elephant_arm_ws/install/moveit_task_constructor_demo/lib:/home/student36/RoboticsDesignProject/Git-repos/LeoRover-Team7/elephant_arm_ws/install/moveit_task_constructor_visualization/lib:/home/student36/RoboticsDesignProject/Git-repos/LeoRover-Team7/elephant_arm_ws/install/moveit_task_constructor_capabilities/lib:/home/student36/ros2_tutorial_workspace/install/package_with_interfaces/lib:/home/student36/ws_moveit/install/robotiq_driver/lib:/home/student36/ws_moveit/install/serial/lib:/home/student36/ws_moveit/install/moveit_visual_tools/lib:/home/student36/ws_moveit/install/rviz_visual_tools/lib:/home/student36/ws_moveit/install/moveit_task_constructor_demo/lib:/home/student36/ws_moveit/install/moveit_task_constructor_visualization/lib:/home/student36/ws_moveit/install/moveit_task_constructor_capabilities/lib:/home/student36/ws_moveit/install/moveit_task_constructor_core/lib:/home/student36/ws_moveit/install/rviz_marker_tools/lib:/home/student36/ws_moveit/install/robotiq_controllers/lib:/home/student36/ws_moveit/install/pilz_industrial_motion_planner_testutils/lib:/home/student36/ws_moveit/install/pilz_industrial_motion_planner/lib:/home/student36/ws_moveit/install/moveit_task_constructor_msgs/lib:/home/student36/ws_moveit/install/moveit_ros_control_interface/lib:/home/student36/ws_moveit/install/moveit_simple_controller_manager/lib:/home/student36/ws_moveit/install/moveit_setup_assistant/lib:/home/student36/ws_moveit/install/moveit_setup_srdf_plugins/lib:/home/student36/ws_moveit/install/moveit_setup_core_plugins/lib:/home/student36/ws_moveit/install/moveit_setup_controllers/lib:/home/student36/ws_moveit/install/moveit_setup_app_plugins/lib:/home/student36/ws_moveit/install/moveit_setup_framework/lib:/home/student36/ws_moveit/install/moveit_servo/lib:/home/student36/ws_moveit/install/moveit_ros_trajectory_cache/lib:/home/student36/ws_moveit/install/moveit_ros_visualization/lib:/home/student36/ws_moveit/install/moveit_py/lib:/home/student36/ws_moveit/install/moveit_hybrid_planning/lib:/home/student36/ws_moveit/install/moveit_ros_planning_interface/lib:/home/student36/ws_moveit/install/moveit_ros_benchmarks/lib:/home/student36/ws_moveit/install/moveit_ros_warehouse/lib:/home/student36/ws_moveit/install/moveit_ros_robot_interaction/lib:/home/student36/ws_moveit/install/moveit_ros_perception/lib:/home/student36/ws_moveit/install/moveit_ros_move_group/lib:/home/student36/ws_moveit/install/moveit_planners_ompl/lib:/home/student36/ws_moveit/install/moveit_kinematics/lib:/home/student36/ws_moveit/install/moveit_ros_planning/lib:/home/student36/ws_moveit/install/moveit_ros_occupancy_map_monitor/lib:/home/student36/ws_moveit/install/moveit_resources_prbt_ikfast_manipulator_plugin/lib:/home/student36/ws_moveit/install/moveit_planners_stomp/lib:/home/student36/ws_moveit/install/moveit_planners_chomp/lib:/home/student36/ws_moveit/install/chomp_motion_planner/lib:/home/student36/ws_moveit/install/moveit_core/lib:/home/student36/ws_moveit/install/moveit_msgs/lib:/home/student36/ws_moveit/install/kortex_driver/lib:/opt/ros/jazzy/opt/gz_sim_vendor/lib:/opt/ros/jazzy/opt/gz_sensors_vendor/lib:/opt/ros/jazzy/opt/gz_physics_vendor/lib:/opt/ros/jazzy/opt/sdformat_vendor/lib:/opt/ros/jazzy/opt/rviz_ogre_vendor/lib:/opt/ros/jazzy/lib/x86_64-linux-gnu:/opt/ros/jazzy/opt/gz_gui_vendor/lib:/opt/ros/jazzy/opt/gz_transport_vendor/lib:/opt/ros/jazzy/opt/gz_rendering_vendor/lib:/opt/ros/jazzy/opt/gz_plugin_vendor/lib:/opt/ros/jazzy/opt/gz_fuel_tools_vendor/lib:/opt/ros/jazzy/opt/gz_msgs_vendor/lib:/opt/ros/jazzy/opt/gz_common_vendor/lib:/opt/ros/jazzy/opt/gz_math_vendor/lib:/opt/ros/jazzy/opt/gz_utils_vendor/lib:/opt/ros/jazzy/opt/gz_tools_vendor/lib:/opt/ros/jazzy/opt/gz_ogre_next_vendor/lib:/opt/ros/jazzy/opt/gz_dartsim_vendor/lib:/opt/ros/jazzy/opt/gz_cmake_vendor/lib:/opt/ros/jazzy/lib /usr/bin/cmake --install /home/student36/RoboticsDesignProject/Git-repos/LeoRover-Team7/elephant_arm_ws/build/moveit_task_constructor_visualization
[4.764s] Level 1:colcon.colcon_core.environment:checking '/home/student36/RoboticsDesignProject/Git-repos/LeoRover-Team7/elephant_arm_ws/install/moveit_task_constructor_visualization' for CMake config files
[4.765s] Level 1:colcon.colcon_core.shell:create_environment_hook('moveit_task_constructor_visualization', 'cmake_prefix_path')
[4.765s] INFO:colcon.colcon_core.shell:Creating environment hook '/home/student36/RoboticsDesignProject/Git-repos/LeoRover-Team7/elephant_arm_ws/install/moveit_task_constructor_visualization/share/moveit_task_constructor_visualization/hook/cmake_prefix_path.ps1'
[4.766s] INFO:colcon.colcon_core.shell:Creating environment descriptor '/home/student36/RoboticsDesignProject/Git-repos/LeoRover-Team7/elephant_arm_ws/install/moveit_task_constructor_visualization/share/moveit_task_constructor_visualization/hook/cmake_prefix_path.dsv'
[4.767s] INFO:colcon.colcon_core.shell:Creating environment hook '/home/student36/RoboticsDesignProject/Git-repos/LeoRover-Team7/elephant_arm_ws/install/moveit_task_constructor_visualization/share/moveit_task_constructor_visualization/hook/cmake_prefix_path.sh'
[4.768s] Level 1:colcon.colcon_core.environment:checking '/home/student36/RoboticsDesignProject/Git-repos/LeoRover-Team7/elephant_arm_ws/install/moveit_task_constructor_visualization/lib'
[4.768s] Level 1:colcon.colcon_core.shell:create_environment_hook('moveit_task_constructor_visualization', 'ld_library_path_lib')
[4.769s] INFO:colcon.colcon_core.shell:Creating environment hook '/home/student36/RoboticsDesignProject/Git-repos/LeoRover-Team7/elephant_arm_ws/install/moveit_task_constructor_visualization/share/moveit_task_constructor_visualization/hook/ld_library_path_lib.ps1'
[4.769s] INFO:colcon.colcon_core.shell:Creating environment descriptor '/home/student36/RoboticsDesignProject/Git-repos/LeoRover-Team7/elephant_arm_ws/install/moveit_task_constructor_visualization/share/moveit_task_constructor_visualization/hook/ld_library_path_lib.dsv'
[4.770s] INFO:colcon.colcon_core.shell:Creating environment hook '/home/student36/RoboticsDesignProject/Git-repos/LeoRover-Team7/elephant_arm_ws/install/moveit_task_constructor_visualization/share/moveit_task_constructor_visualization/hook/ld_library_path_lib.sh'
[4.771s] Level 1:colcon.colcon_core.environment:checking '/home/student36/RoboticsDesignProject/Git-repos/LeoRover-Team7/elephant_arm_ws/install/moveit_task_constructor_visualization/bin'
[4.771s] Level 1:colcon.colcon_core.environment:checking '/home/student36/RoboticsDesignProject/Git-repos/LeoRover-Team7/elephant_arm_ws/install/moveit_task_constructor_visualization/lib/pkgconfig/moveit_task_constructor_visualization.pc'
[4.771s] Level 1:colcon.colcon_core.environment:checking '/home/student36/RoboticsDesignProject/Git-repos/LeoRover-Team7/elephant_arm_ws/install/moveit_task_constructor_visualization/lib/python3.12/site-packages'
[4.772s] Level 1:colcon.colcon_core.environment:checking '/home/student36/RoboticsDesignProject/Git-repos/LeoRover-Team7/elephant_arm_ws/install/moveit_task_constructor_visualization/bin'
[4.773s] INFO:colcon.colcon_core.shell:Creating package script '/home/student36/RoboticsDesignProject/Git-repos/LeoRover-Team7/elephant_arm_ws/install/moveit_task_constructor_visualization/share/moveit_task_constructor_visualization/package.ps1'
[4.774s] INFO:colcon.colcon_core.shell:Creating package descriptor '/home/student36/RoboticsDesignProject/Git-repos/LeoRover-Team7/elephant_arm_ws/install/moveit_task_constructor_visualization/share/moveit_task_constructor_visualization/package.dsv'
[4.775s] INFO:colcon.colcon_core.shell:Creating package script '/home/student36/RoboticsDesignProject/Git-repos/LeoRover-Team7/elephant_arm_ws/install/moveit_task_constructor_visualization/share/moveit_task_constructor_visualization/package.sh'
[4.776s] INFO:colcon.colcon_core.shell:Creating package script '/home/student36/RoboticsDesignProject/Git-repos/LeoRover-Team7/elephant_arm_ws/install/moveit_task_constructor_visualization/share/moveit_task_constructor_visualization/package.bash'
[4.777s] INFO:colcon.colcon_core.shell:Creating package script '/home/student36/RoboticsDesignProject/Git-repos/LeoRover-Team7/elephant_arm_ws/install/moveit_task_constructor_visualization/share/moveit_task_constructor_visualization/package.zsh'
[4.777s] Level 1:colcon.colcon_core.environment:create_file_with_runtime_dependencies(/home/student36/RoboticsDesignProject/Git-repos/LeoRover-Team7/elephant_arm_ws/install/moveit_task_constructor_visualization/share/colcon-core/packages/moveit_task_constructor_visualization)
[4.779s] Level 1:colcon.colcon_core.environment:create_environment_scripts_only(moveit_task_constructor_visualization)
[4.779s] Level 1:colcon.colcon_core.environment:checking '/home/student36/RoboticsDesignProject/Git-repos/LeoRover-Team7/elephant_arm_ws/install/moveit_task_constructor_visualization' for CMake module files
[4.781s] Level 1:colcon.colcon_core.environment:checking '/home/student36/RoboticsDesignProject/Git-repos/LeoRover-Team7/elephant_arm_ws/install/moveit_task_constructor_visualization' for CMake config files
[4.781s] Level 1:colcon.colcon_core.shell:create_environment_hook('moveit_task_constructor_visualization', 'cmake_prefix_path')
[4.782s] INFO:colcon.colcon_core.shell:Creating environment hook '/home/student36/RoboticsDesignProject/Git-repos/LeoRover-Team7/elephant_arm_ws/install/moveit_task_constructor_visualization/share/moveit_task_constructor_visualization/hook/cmake_prefix_path.ps1'
[4.783s] INFO:colcon.colcon_core.shell:Creating environment descriptor '/home/student36/RoboticsDesignProject/Git-repos/LeoRover-Team7/elephant_arm_ws/install/moveit_task_constructor_visualization/share/moveit_task_constructor_visualization/hook/cmake_prefix_path.dsv'
[4.783s] INFO:colcon.colcon_core.shell:Creating environment hook '/home/student36/RoboticsDesignProject/Git-repos/LeoRover-Team7/elephant_arm_ws/install/moveit_task_constructor_visualization/share/moveit_task_constructor_visualization/hook/cmake_prefix_path.sh'
[4.784s] Level 1:colcon.colcon_core.environment:checking '/home/student36/RoboticsDesignProject/Git-repos/LeoRover-Team7/elephant_arm_ws/install/moveit_task_constructor_visualization/lib'
[4.785s] Level 1:colcon.colcon_core.shell:create_environment_hook('moveit_task_constructor_visualization', 'ld_library_path_lib')
[4.785s] INFO:colcon.colcon_core.shell:Creating environment hook '/home/student36/RoboticsDesignProject/Git-repos/LeoRover-Team7/elephant_arm_ws/install/moveit_task_constructor_visualization/share/moveit_task_constructor_visualization/hook/ld_library_path_lib.ps1'
[4.786s] INFO:colcon.colcon_core.shell:Creating environment descriptor '/home/student36/RoboticsDesignProject/Git-repos/LeoRover-Team7/elephant_arm_ws/install/moveit_task_constructor_visualization/share/moveit_task_constructor_visualization/hook/ld_library_path_lib.dsv'
[4.786s] INFO:colcon.colcon_core.shell:Creating environment hook '/home/student36/RoboticsDesignProject/Git-repos/LeoRover-Team7/elephant_arm_ws/install/moveit_task_constructor_visualization/share/moveit_task_constructor_visualization/hook/ld_library_path_lib.sh'
[4.787s] Level 1:colcon.colcon_core.environment:checking '/home/student36/RoboticsDesignProject/Git-repos/LeoRover-Team7/elephant_arm_ws/install/moveit_task_constructor_visualization/bin'
[4.787s] Level 1:colcon.colcon_core.environment:checking '/home/student36/RoboticsDesignProject/Git-repos/LeoRover-Team7/elephant_arm_ws/install/moveit_task_constructor_visualization/lib/pkgconfig/moveit_task_constructor_visualization.pc'
[4.788s] Level 1:colcon.colcon_core.environment:checking '/home/student36/RoboticsDesignProject/Git-repos/LeoRover-Team7/elephant_arm_ws/install/moveit_task_constructor_visualization/lib/python3.12/site-packages'
[4.788s] Level 1:colcon.colcon_core.environment:checking '/home/student36/RoboticsDesignProject/Git-repos/LeoRover-Team7/elephant_arm_ws/install/moveit_task_constructor_visualization/bin'
[4.789s] INFO:colcon.colcon_core.shell:Creating package script '/home/student36/RoboticsDesignProject/Git-repos/LeoRover-Team7/elephant_arm_ws/install/moveit_task_constructor_visualization/share/moveit_task_constructor_visualization/package.ps1'
[4.790s] INFO:colcon.colcon_core.shell:Creating package descriptor '/home/student36/RoboticsDesignProject/Git-repos/LeoRover-Team7/elephant_arm_ws/install/moveit_task_constructor_visualization/share/moveit_task_constructor_visualization/package.dsv'
[4.791s] INFO:colcon.colcon_core.shell:Creating package script '/home/student36/RoboticsDesignProject/Git-repos/LeoRover-Team7/elephant_arm_ws/install/moveit_task_constructor_visualization/share/moveit_task_constructor_visualization/package.sh'
[4.792s] INFO:colcon.colcon_core.shell:Creating package script '/home/student36/RoboticsDesignProject/Git-repos/LeoRover-Team7/elephant_arm_ws/install/moveit_task_constructor_visualization/share/moveit_task_constructor_visualization/package.bash'
[4.792s] INFO:colcon.colcon_core.shell:Creating package script '/home/student36/RoboticsDesignProject/Git-repos/LeoRover-Team7/elephant_arm_ws/install/moveit_task_constructor_visualization/share/moveit_task_constructor_visualization/package.zsh'
[4.793s] Level 1:colcon.colcon_core.environment:create_file_with_runtime_dependencies(/home/student36/RoboticsDesignProject/Git-repos/LeoRover-Team7/elephant_arm_ws/install/moveit_task_constructor_visualization/share/colcon-core/packages/moveit_task_constructor_visualization)
[4.794s] INFO:colcon.colcon_ros.task.ament_cmake.build:Building ROS package in '/home/student36/RoboticsDesignProject/Git-repos/LeoRover-Team7/elephant_arm_ws/src/moveit_task_constructor/demo' with build type 'ament_cmake'
[4.794s] INFO:colcon.colcon_cmake.task.cmake.build:Building CMake package in '/home/student36/RoboticsDesignProject/Git-repos/LeoRover-Team7/elephant_arm_ws/src/moveit_task_constructor/demo'
[4.794s] INFO:colcon.colcon_core.shell:Skip shell extension 'powershell' for command environment: Not usable outside of PowerShell
[4.794s] DEBUG:colcon.colcon_core.shell:Skip shell extension 'dsv' for command environment
[4.892s] DEBUG:colcon.colcon_core.event_handler.log_command:Invoking command in '/home/student36/RoboticsDesignProject/Git-repos/LeoRover-Team7/elephant_arm_ws/build/moveit_task_constructor_demo': CMAKE_PREFIX_PATH=/home/student36/RoboticsDesignProject/Git-repos/LeoRover-Team7/elephant_arm_ws/install/moveit_task_constructor_visualization:/home/student36/RoboticsDesignProject/Git-repos/LeoRover-Team7/elephant_arm_ws/install/moveit_task_constructor_capabilities:/home/student36/RoboticsDesignProject/Git-repos/LeoRover-Team7/elephant_arm_ws/install/moveit_task_constructor_core:/home/student36/RoboticsDesignProject/Git-repos/LeoRover-Team7/elephant_arm_ws/install/rviz_marker_tools:/home/student36/RoboticsDesignProject/Git-repos/LeoRover-Team7/elephant_arm_ws/install/moveit_task_constructor_msgs:/home/student36/RoboticsDesignProject/Git-repos/LeoRover-Team7/elephant_arm_ws/install/mtc_tutorial:/home/student36/RoboticsDesignProject/Git-repos/LeoRover-Team7/elephant_arm_ws/install/moveit_task_constructor_demo:/home/student36/RoboticsDesignProject/Git-repos/LeoRover-Team7/elephant_arm_ws/install/mycobot_ros2:/home/student36/RoboticsDesignProject/Git-repos/LeoRover-Team7/elephant_arm_ws/install/mycobot_moveit_config:/home/student36/RoboticsDesignProject/Git-repos/LeoRover-Team7/elephant_arm_ws/install/mycobot_gazebo:/home/student36/RoboticsDesignProject/Git-repos/LeoRover-Team7/elephant_arm_ws/install/mycobot_description:/home/student36/RoboticsDesignProject/Git-repos/LeoRover-Team7/elephant_arm_ws/install/mycobot_bringup:/home/student36/RoboticsDesignProject/Git-repos/LeoRover-Team7/elephant_arm_ws/install/hello_moveit:/home/student36/ros2_tutorial_workspace/install/package_with_interfaces:/home/student36/ws_moveit/install/robotiq_hardware_tests:/home/student36/ws_moveit/install/robotiq_driver:/home/student36/ws_moveit/install/serial:/home/student36/ws_moveit/install/moveit2_tutorials:/home/student36/ws_moveit/install/hello_moveit:/home/student36/ws_moveit/install/moveit_visual_tools:/home/student36/ws_moveit/install/rviz_visual_tools:/home/student36/ws_moveit/install/mtc_tutorial:/home/student36/ws_moveit/install/moveit_task_constructor_demo:/home/student36/ws_moveit/install/moveit_task_constructor_visualization:/home/student36/ws_moveit/install/moveit_task_constructor_capabilities:/home/student36/ws_moveit/install/elephant:/home/student36/ws_moveit/install/moveit_task_constructor_core:/home/student36/ws_moveit/install/rviz_marker_tools:/home/student36/ws_moveit/install/kortex_bringup:/home/student36/ws_moveit/install/kinova_gen3_lite_moveit_config:/home/student36/ws_moveit/install/kinova_gen3_7dof_robotiq_2f_85_moveit_config:/home/student36/ws_moveit/install/kinova_gen3_6dof_robotiq_2f_85_moveit_config:/home/student36/ws_moveit/install/kortex_description:/home/student36/ws_moveit/install/robotiq_description:/home/student36/ws_moveit/install/robotiq_controllers:/home/student36/ws_moveit/install/pilz_industrial_motion_planner_testutils:/home/student36/ws_moveit/install/mycobot_280_moveit2:/home/student36/ws_moveit/install/moveit_runtime:/home/student36/ws_moveit/install/moveit:/home/student36/ws_moveit/install/elephant_arm:/home/student36/ws_moveit/install/moveit_planners:/home/student36/ws_moveit/install/pilz_industrial_motion_planner:/home/student36/ws_moveit/install/mycobot_description:/home/student36/ws_moveit/install/moveit_task_constructor_msgs:/home/student36/ws_moveit/install/moveit_ros_control_interface:/home/student36/ws_moveit/install/moveit_plugins:/home/student36/ws_moveit/install/moveit_simple_controller_manager:/home/student36/ws_moveit/install/moveit_setup_assistant:/home/student36/ws_moveit/install/moveit_setup_srdf_plugins:/home/student36/ws_moveit/install/moveit_setup_core_plugins:/home/student36/ws_moveit/install/moveit_setup_controllers:/home/student36/ws_moveit/install/moveit_setup_app_plugins:/home/student36/ws_moveit/install/moveit_setup_framework:/home/student36/ws_moveit/install/moveit_servo:/home/student36/ws_moveit/install/moveit_ros_trajectory_cache:/home/student36/ws_moveit/install/moveit_ros:/home/student36/ws_moveit/install/moveit_ros_visualization:/home/student36/ws_moveit/install/moveit_py:/home/student36/ws_moveit/install/moveit_hybrid_planning:/home/student36/ws_moveit/install/moveit_ros_planning_interface:/home/student36/ws_moveit/install/moveit_ros_benchmarks:/home/student36/ws_moveit/install/moveit_ros_warehouse:/home/student36/ws_moveit/install/moveit_ros_robot_interaction:/home/student36/ws_moveit/install/moveit_ros_perception:/home/student36/ws_moveit/install/moveit_resources_prbt_pg70_support:/home/student36/ws_moveit/install/moveit_resources_prbt_moveit_config:/home/student36/ws_moveit/install/moveit_ros_move_group:/home/student36/ws_moveit/install/moveit_planners_ompl:/home/student36/ws_moveit/install/moveit_kinematics:/home/student36/ws_moveit/install/moveit_ros_planning:/home/student36/ws_moveit/install/moveit_ros_occupancy_map_monitor:/home/student36/ws_moveit/install/moveit_resources_prbt_support:/home/student36/ws_moveit/install/moveit_resources_prbt_ikfast_manipulator_plugin:/home/student36/ws_moveit/install/moveit_resources:/home/student36/ws_moveit/install/moveit_resources_pr2_description:/home/student36/ws_moveit/install/moveit_resources_panda_moveit_config:/home/student36/ws_moveit/install/dual_arm_panda_moveit_config:/home/student36/ws_moveit/install/moveit_resources_panda_description:/home/student36/ws_moveit/install/moveit_resources_fanuc_moveit_config:/home/student36/ws_moveit/install/moveit_resources_fanuc_description:/home/student36/ws_moveit/install/moveit_planners_stomp:/home/student36/ws_moveit/install/moveit_planners_chomp:/home/student36/ws_moveit/install/chomp_motion_planner:/home/student36/ws_moveit/install/moveit_core:/home/student36/ws_moveit/install/moveit_msgs:/home/student36/ws_moveit/install/moveit_common:/home/student36/ws_moveit/install/kortex_driver:/home/student36/ws_moveit/install/kortex_api:/home/student36/rplidar_ws/install/rplidar_ros:/home/student36/elephant_arm_ws/install/mycobot_280_moveit2:/opt/ros/jazzy/opt/gz_sim_vendor:/opt/ros/jazzy/opt/gz_sensors_vendor:/opt/ros/jazzy/opt/gz_physics_vendor:/opt/ros/jazzy/opt/sdformat_vendor:/opt/ros/jazzy/opt/gz_gui_vendor:/opt/ros/jazzy/opt/gz_transport_vendor:/opt/ros/jazzy/opt/gz_rendering_vendor:/opt/ros/jazzy/opt/gz_plugin_vendor:/opt/ros/jazzy/opt/gz_fuel_tools_vendor:/opt/ros/jazzy/opt/gz_msgs_vendor:/opt/ros/jazzy/opt/gz_common_vendor:/opt/ros/jazzy/opt/gz_math_vendor:/opt/ros/jazzy/opt/gz_utils_vendor:/opt/ros/jazzy/opt/gz_tools_vendor:/opt/ros/jazzy/opt/gz_ogre_next_vendor:/opt/ros/jazzy/opt/gz_dartsim_vendor:/opt/ros/jazzy/opt/gz_cmake_vendor:/home/student36/ros2_tutorial_workspace/install/the_simplest_python_package:/home/student36/ros2_tutorial_workspace/install/python_package_with_a_node:/home/student36/ros2_tutorial_workspace/install/python_package_that_uses_the_library:/home/student36/ros2_tutorial_workspace/install/python_package_with_a_library:/home/student36/ros2_tutorial_workspace/install/python_package_that_uses_the_services:/home/student36/ros2_tutorial_workspace/install/python_package_that_uses_the_actions:/home/student36/ros2_tutorial_workspace/install/python_package_that_uses_tf2:/home/student36/ros2_tutorial_workspace/install/python_package_that_uses_parameters_and_launch_files:/home/student36/ros2_tutorial_workspace/install/python_package_that_uses_nottf2:/home/student36/ros2_tutorial_workspace/install/python_package_that_uses_nav2:/home/student36/ros2_tutorial_workspace/install/python_package_that_uses_messages:/home/student36/ros2_tutorial_workspace/install/python_package_that_uses_geometry_msgs:/home/student36/ros2_tutorial_workspace/install/python_package_that_uses_gazebo:/home/student36/ws_moveit/install/moveit_configs_utils:/home/student36/elephant_arm_ws/install/mycobot_description:/opt/ros/jazzy DEBUGINFOD_URLS=https://debuginfod.ubuntu.com LD_LIBRARY_PATH=/home/student36/RoboticsDesignProject/Git-repos/LeoRover-Team7/elephant_arm_ws/install/moveit_task_constructor_visualization/lib:/home/student36/RoboticsDesignProject/Git-repos/LeoRover-Team7/elephant_arm_ws/install/moveit_task_constructor_capabilities/lib:/home/student36/RoboticsDesignProject/Git-repos/LeoRover-Team7/elephant_arm_ws/install/moveit_task_constructor_core/lib:/home/student36/RoboticsDesignProject/Git-repos/LeoRover-Team7/elephant_arm_ws/install/rviz_marker_tools/lib:/home/student36/RoboticsDesignProject/Git-repos/LeoRover-Team7/elephant_arm_ws/install/moveit_task_constructor_msgs/lib:/home/student36/RoboticsDesignProject/Git-repos/LeoRover-Team7/elephant_arm_ws/install/moveit_task_constructor_demo/lib:/home/student36/ros2_tutorial_workspace/install/package_with_interfaces/lib:/home/student36/ws_moveit/install/robotiq_driver/lib:/home/student36/ws_moveit/install/serial/lib:/home/student36/ws_moveit/install/moveit_visual_tools/lib:/home/student36/ws_moveit/install/rviz_visual_tools/lib:/home/student36/ws_moveit/install/moveit_task_constructor_demo/lib:/home/student36/ws_moveit/install/moveit_task_constructor_visualization/lib:/home/student36/ws_moveit/install/moveit_task_constructor_capabilities/lib:/home/student36/ws_moveit/install/moveit_task_constructor_core/lib:/home/student36/ws_moveit/install/rviz_marker_tools/lib:/home/student36/ws_moveit/install/robotiq_controllers/lib:/home/student36/ws_moveit/install/pilz_industrial_motion_planner_testutils/lib:/home/student36/ws_moveit/install/pilz_industrial_motion_planner/lib:/home/student36/ws_moveit/install/moveit_task_constructor_msgs/lib:/home/student36/ws_moveit/install/moveit_ros_control_interface/lib:/home/student36/ws_moveit/install/moveit_simple_controller_manager/lib:/home/student36/ws_moveit/install/moveit_setup_assistant/lib:/home/student36/ws_moveit/install/moveit_setup_srdf_plugins/lib:/home/student36/ws_moveit/install/moveit_setup_core_plugins/lib:/home/student36/ws_moveit/install/moveit_setup_controllers/lib:/home/student36/ws_moveit/install/moveit_setup_app_plugins/lib:/home/student36/ws_moveit/install/moveit_setup_framework/lib:/home/student36/ws_moveit/install/moveit_servo/lib:/home/student36/ws_moveit/install/moveit_ros_trajectory_cache/lib:/home/student36/ws_moveit/install/moveit_ros_visualization/lib:/home/student36/ws_moveit/install/moveit_py/lib:/home/student36/ws_moveit/install/moveit_hybrid_planning/lib:/home/student36/ws_moveit/install/moveit_ros_planning_interface/lib:/home/student36/ws_moveit/install/moveit_ros_benchmarks/lib:/home/student36/ws_moveit/install/moveit_ros_warehouse/lib:/home/student36/ws_moveit/install/moveit_ros_robot_interaction/lib:/home/student36/ws_moveit/install/moveit_ros_perception/lib:/home/student36/ws_moveit/install/moveit_ros_move_group/lib:/home/student36/ws_moveit/install/moveit_planners_ompl/lib:/home/student36/ws_moveit/install/moveit_kinematics/lib:/home/student36/ws_moveit/install/moveit_ros_planning/lib:/home/student36/ws_moveit/install/moveit_ros_occupancy_map_monitor/lib:/home/student36/ws_moveit/install/moveit_resources_prbt_ikfast_manipulator_plugin/lib:/home/student36/ws_moveit/install/moveit_planners_stomp/lib:/home/student36/ws_moveit/install/moveit_planners_chomp/lib:/home/student36/ws_moveit/install/chomp_motion_planner/lib:/home/student36/ws_moveit/install/moveit_core/lib:/home/student36/ws_moveit/install/moveit_msgs/lib:/home/student36/ws_moveit/install/kortex_driver/lib:/opt/ros/jazzy/opt/gz_sim_vendor/lib:/opt/ros/jazzy/opt/gz_sensors_vendor/lib:/opt/ros/jazzy/opt/gz_physics_vendor/lib:/opt/ros/jazzy/opt/sdformat_vendor/lib:/opt/ros/jazzy/opt/rviz_ogre_vendor/lib:/opt/ros/jazzy/lib/x86_64-linux-gnu:/opt/ros/jazzy/opt/gz_gui_vendor/lib:/opt/ros/jazzy/opt/gz_transport_vendor/lib:/opt/ros/jazzy/opt/gz_rendering_vendor/lib:/opt/ros/jazzy/opt/gz_plugin_vendor/lib:/opt/ros/jazzy/opt/gz_fuel_tools_vendor/lib:/opt/ros/jazzy/opt/gz_msgs_vendor/lib:/opt/ros/jazzy/opt/gz_common_vendor/lib:/opt/ros/jazzy/opt/gz_math_vendor/lib:/opt/ros/jazzy/opt/gz_utils_vendor/lib:/opt/ros/jazzy/opt/gz_tools_vendor/lib:/opt/ros/jazzy/opt/gz_ogre_next_vendor/lib:/opt/ros/jazzy/opt/gz_dartsim_vendor/lib:/opt/ros/jazzy/opt/gz_cmake_vendor/lib:/opt/ros/jazzy/lib /usr/bin/cmake --build /home/student36/RoboticsDesignProject/Git-repos/LeoRover-Team7/elephant_arm_ws/build/moveit_task_constructor_demo -- -j12 -l12
[5.255s] DEBUG:colcon.colcon_core.event_handler.log_command:Invoked command in '/home/student36/RoboticsDesignProject/Git-repos/LeoRover-Team7/elephant_arm_ws/build/moveit_task_constructor_demo' returned '0': CMAKE_PREFIX_PATH=/home/student36/RoboticsDesignProject/Git-repos/LeoRover-Team7/elephant_arm_ws/install/moveit_task_constructor_visualization:/home/student36/RoboticsDesignProject/Git-repos/LeoRover-Team7/elephant_arm_ws/install/moveit_task_constructor_capabilities:/home/student36/RoboticsDesignProject/Git-repos/LeoRover-Team7/elephant_arm_ws/install/moveit_task_constructor_core:/home/student36/RoboticsDesignProject/Git-repos/LeoRover-Team7/elephant_arm_ws/install/rviz_marker_tools:/home/student36/RoboticsDesignProject/Git-repos/LeoRover-Team7/elephant_arm_ws/install/moveit_task_constructor_msgs:/home/student36/RoboticsDesignProject/Git-repos/LeoRover-Team7/elephant_arm_ws/install/mtc_tutorial:/home/student36/RoboticsDesignProject/Git-repos/LeoRover-Team7/elephant_arm_ws/install/moveit_task_constructor_demo:/home/student36/RoboticsDesignProject/Git-repos/LeoRover-Team7/elephant_arm_ws/install/mycobot_ros2:/home/student36/RoboticsDesignProject/Git-repos/LeoRover-Team7/elephant_arm_ws/install/mycobot_moveit_config:/home/student36/RoboticsDesignProject/Git-repos/LeoRover-Team7/elephant_arm_ws/install/mycobot_gazebo:/home/student36/RoboticsDesignProject/Git-repos/LeoRover-Team7/elephant_arm_ws/install/mycobot_description:/home/student36/RoboticsDesignProject/Git-repos/LeoRover-Team7/elephant_arm_ws/install/mycobot_bringup:/home/student36/RoboticsDesignProject/Git-repos/LeoRover-Team7/elephant_arm_ws/install/hello_moveit:/home/student36/ros2_tutorial_workspace/install/package_with_interfaces:/home/student36/ws_moveit/install/robotiq_hardware_tests:/home/student36/ws_moveit/install/robotiq_driver:/home/student36/ws_moveit/install/serial:/home/student36/ws_moveit/install/moveit2_tutorials:/home/student36/ws_moveit/install/hello_moveit:/home/student36/ws_moveit/install/moveit_visual_tools:/home/student36/ws_moveit/install/rviz_visual_tools:/home/student36/ws_moveit/install/mtc_tutorial:/home/student36/ws_moveit/install/moveit_task_constructor_demo:/home/student36/ws_moveit/install/moveit_task_constructor_visualization:/home/student36/ws_moveit/install/moveit_task_constructor_capabilities:/home/student36/ws_moveit/install/elephant:/home/student36/ws_moveit/install/moveit_task_constructor_core:/home/student36/ws_moveit/install/rviz_marker_tools:/home/student36/ws_moveit/install/kortex_bringup:/home/student36/ws_moveit/install/kinova_gen3_lite_moveit_config:/home/student36/ws_moveit/install/kinova_gen3_7dof_robotiq_2f_85_moveit_config:/home/student36/ws_moveit/install/kinova_gen3_6dof_robotiq_2f_85_moveit_config:/home/student36/ws_moveit/install/kortex_description:/home/student36/ws_moveit/install/robotiq_description:/home/student36/ws_moveit/install/robotiq_controllers:/home/student36/ws_moveit/install/pilz_industrial_motion_planner_testutils:/home/student36/ws_moveit/install/mycobot_280_moveit2:/home/student36/ws_moveit/install/moveit_runtime:/home/student36/ws_moveit/install/moveit:/home/student36/ws_moveit/install/elephant_arm:/home/student36/ws_moveit/install/moveit_planners:/home/student36/ws_moveit/install/pilz_industrial_motion_planner:/home/student36/ws_moveit/install/mycobot_description:/home/student36/ws_moveit/install/moveit_task_constructor_msgs:/home/student36/ws_moveit/install/moveit_ros_control_interface:/home/student36/ws_moveit/install/moveit_plugins:/home/student36/ws_moveit/install/moveit_simple_controller_manager:/home/student36/ws_moveit/install/moveit_setup_assistant:/home/student36/ws_moveit/install/moveit_setup_srdf_plugins:/home/student36/ws_moveit/install/moveit_setup_core_plugins:/home/student36/ws_moveit/install/moveit_setup_controllers:/home/student36/ws_moveit/install/moveit_setup_app_plugins:/home/student36/ws_moveit/install/moveit_setup_framework:/home/student36/ws_moveit/install/moveit_servo:/home/student36/ws_moveit/install/moveit_ros_trajectory_cache:/home/student36/ws_moveit/install/moveit_ros:/home/student36/ws_moveit/install/moveit_ros_visualization:/home/student36/ws_moveit/install/moveit_py:/home/student36/ws_moveit/install/moveit_hybrid_planning:/home/student36/ws_moveit/install/moveit_ros_planning_interface:/home/student36/ws_moveit/install/moveit_ros_benchmarks:/home/student36/ws_moveit/install/moveit_ros_warehouse:/home/student36/ws_moveit/install/moveit_ros_robot_interaction:/home/student36/ws_moveit/install/moveit_ros_perception:/home/student36/ws_moveit/install/moveit_resources_prbt_pg70_support:/home/student36/ws_moveit/install/moveit_resources_prbt_moveit_config:/home/student36/ws_moveit/install/moveit_ros_move_group:/home/student36/ws_moveit/install/moveit_planners_ompl:/home/student36/ws_moveit/install/moveit_kinematics:/home/student36/ws_moveit/install/moveit_ros_planning:/home/student36/ws_moveit/install/moveit_ros_occupancy_map_monitor:/home/student36/ws_moveit/install/moveit_resources_prbt_support:/home/student36/ws_moveit/install/moveit_resources_prbt_ikfast_manipulator_plugin:/home/student36/ws_moveit/install/moveit_resources:/home/student36/ws_moveit/install/moveit_resources_pr2_description:/home/student36/ws_moveit/install/moveit_resources_panda_moveit_config:/home/student36/ws_moveit/install/dual_arm_panda_moveit_config:/home/student36/ws_moveit/install/moveit_resources_panda_description:/home/student36/ws_moveit/install/moveit_resources_fanuc_moveit_config:/home/student36/ws_moveit/install/moveit_resources_fanuc_description:/home/student36/ws_moveit/install/moveit_planners_stomp:/home/student36/ws_moveit/install/moveit_planners_chomp:/home/student36/ws_moveit/install/chomp_motion_planner:/home/student36/ws_moveit/install/moveit_core:/home/student36/ws_moveit/install/moveit_msgs:/home/student36/ws_moveit/install/moveit_common:/home/student36/ws_moveit/install/kortex_driver:/home/student36/ws_moveit/install/kortex_api:/home/student36/rplidar_ws/install/rplidar_ros:/home/student36/elephant_arm_ws/install/mycobot_280_moveit2:/opt/ros/jazzy/opt/gz_sim_vendor:/opt/ros/jazzy/opt/gz_sensors_vendor:/opt/ros/jazzy/opt/gz_physics_vendor:/opt/ros/jazzy/opt/sdformat_vendor:/opt/ros/jazzy/opt/gz_gui_vendor:/opt/ros/jazzy/opt/gz_transport_vendor:/opt/ros/jazzy/opt/gz_rendering_vendor:/opt/ros/jazzy/opt/gz_plugin_vendor:/opt/ros/jazzy/opt/gz_fuel_tools_vendor:/opt/ros/jazzy/opt/gz_msgs_vendor:/opt/ros/jazzy/opt/gz_common_vendor:/opt/ros/jazzy/opt/gz_math_vendor:/opt/ros/jazzy/opt/gz_utils_vendor:/opt/ros/jazzy/opt/gz_tools_vendor:/opt/ros/jazzy/opt/gz_ogre_next_vendor:/opt/ros/jazzy/opt/gz_dartsim_vendor:/opt/ros/jazzy/opt/gz_cmake_vendor:/home/student36/ros2_tutorial_workspace/install/the_simplest_python_package:/home/student36/ros2_tutorial_workspace/install/python_package_with_a_node:/home/student36/ros2_tutorial_workspace/install/python_package_that_uses_the_library:/home/student36/ros2_tutorial_workspace/install/python_package_with_a_library:/home/student36/ros2_tutorial_workspace/install/python_package_that_uses_the_services:/home/student36/ros2_tutorial_workspace/install/python_package_that_uses_the_actions:/home/student36/ros2_tutorial_workspace/install/python_package_that_uses_tf2:/home/student36/ros2_tutorial_workspace/install/python_package_that_uses_parameters_and_launch_files:/home/student36/ros2_tutorial_workspace/install/python_package_that_uses_nottf2:/home/student36/ros2_tutorial_workspace/install/python_package_that_uses_nav2:/home/student36/ros2_tutorial_workspace/install/python_package_that_uses_messages:/home/student36/ros2_tutorial_workspace/install/python_package_that_uses_geometry_msgs:/home/student36/ros2_tutorial_workspace/install/python_package_that_uses_gazebo:/home/student36/ws_moveit/install/moveit_configs_utils:/home/student36/elephant_arm_ws/install/mycobot_description:/opt/ros/jazzy DEBUGINFOD_URLS=https://debuginfod.ubuntu.com LD_LIBRARY_PATH=/home/student36/RoboticsDesignProject/Git-repos/LeoRover-Team7/elephant_arm_ws/install/moveit_task_constructor_visualization/lib:/home/student36/RoboticsDesignProject/Git-repos/LeoRover-Team7/elephant_arm_ws/install/moveit_task_constructor_capabilities/lib:/home/student36/RoboticsDesignProject/Git-repos/LeoRover-Team7/elephant_arm_ws/install/moveit_task_constructor_core/lib:/home/student36/RoboticsDesignProject/Git-repos/LeoRover-Team7/elephant_arm_ws/install/rviz_marker_tools/lib:/home/student36/RoboticsDesignProject/Git-repos/LeoRover-Team7/elephant_arm_ws/install/moveit_task_constructor_msgs/lib:/home/student36/RoboticsDesignProject/Git-repos/LeoRover-Team7/elephant_arm_ws/install/moveit_task_constructor_demo/lib:/home/student36/ros2_tutorial_workspace/install/package_with_interfaces/lib:/home/student36/ws_moveit/install/robotiq_driver/lib:/home/student36/ws_moveit/install/serial/lib:/home/student36/ws_moveit/install/moveit_visual_tools/lib:/home/student36/ws_moveit/install/rviz_visual_tools/lib:/home/student36/ws_moveit/install/moveit_task_constructor_demo/lib:/home/student36/ws_moveit/install/moveit_task_constructor_visualization/lib:/home/student36/ws_moveit/install/moveit_task_constructor_capabilities/lib:/home/student36/ws_moveit/install/moveit_task_constructor_core/lib:/home/student36/ws_moveit/install/rviz_marker_tools/lib:/home/student36/ws_moveit/install/robotiq_controllers/lib:/home/student36/ws_moveit/install/pilz_industrial_motion_planner_testutils/lib:/home/student36/ws_moveit/install/pilz_industrial_motion_planner/lib:/home/student36/ws_moveit/install/moveit_task_constructor_msgs/lib:/home/student36/ws_moveit/install/moveit_ros_control_interface/lib:/home/student36/ws_moveit/install/moveit_simple_controller_manager/lib:/home/student36/ws_moveit/install/moveit_setup_assistant/lib:/home/student36/ws_moveit/install/moveit_setup_srdf_plugins/lib:/home/student36/ws_moveit/install/moveit_setup_core_plugins/lib:/home/student36/ws_moveit/install/moveit_setup_controllers/lib:/home/student36/ws_moveit/install/moveit_setup_app_plugins/lib:/home/student36/ws_moveit/install/moveit_setup_framework/lib:/home/student36/ws_moveit/install/moveit_servo/lib:/home/student36/ws_moveit/install/moveit_ros_trajectory_cache/lib:/home/student36/ws_moveit/install/moveit_ros_visualization/lib:/home/student36/ws_moveit/install/moveit_py/lib:/home/student36/ws_moveit/install/moveit_hybrid_planning/lib:/home/student36/ws_moveit/install/moveit_ros_planning_interface/lib:/home/student36/ws_moveit/install/moveit_ros_benchmarks/lib:/home/student36/ws_moveit/install/moveit_ros_warehouse/lib:/home/student36/ws_moveit/install/moveit_ros_robot_interaction/lib:/home/student36/ws_moveit/install/moveit_ros_perception/lib:/home/student36/ws_moveit/install/moveit_ros_move_group/lib:/home/student36/ws_moveit/install/moveit_planners_ompl/lib:/home/student36/ws_moveit/install/moveit_kinematics/lib:/home/student36/ws_moveit/install/moveit_ros_planning/lib:/home/student36/ws_moveit/install/moveit_ros_occupancy_map_monitor/lib:/home/student36/ws_moveit/install/moveit_resources_prbt_ikfast_manipulator_plugin/lib:/home/student36/ws_moveit/install/moveit_planners_stomp/lib:/home/student36/ws_moveit/install/moveit_planners_chomp/lib:/home/student36/ws_moveit/install/chomp_motion_planner/lib:/home/student36/ws_moveit/install/moveit_core/lib:/home/student36/ws_moveit/install/moveit_msgs/lib:/home/student36/ws_moveit/install/kortex_driver/lib:/opt/ros/jazzy/opt/gz_sim_vendor/lib:/opt/ros/jazzy/opt/gz_sensors_vendor/lib:/opt/ros/jazzy/opt/gz_physics_vendor/lib:/opt/ros/jazzy/opt/sdformat_vendor/lib:/opt/ros/jazzy/opt/rviz_ogre_vendor/lib:/opt/ros/jazzy/lib/x86_64-linux-gnu:/opt/ros/jazzy/opt/gz_gui_vendor/lib:/opt/ros/jazzy/opt/gz_transport_vendor/lib:/opt/ros/jazzy/opt/gz_rendering_vendor/lib:/opt/ros/jazzy/opt/gz_plugin_vendor/lib:/opt/ros/jazzy/opt/gz_fuel_tools_vendor/lib:/opt/ros/jazzy/opt/gz_msgs_vendor/lib:/opt/ros/jazzy/opt/gz_common_vendor/lib:/opt/ros/jazzy/opt/gz_math_vendor/lib:/opt/ros/jazzy/opt/gz_utils_vendor/lib:/opt/ros/jazzy/opt/gz_tools_vendor/lib:/opt/ros/jazzy/opt/gz_ogre_next_vendor/lib:/opt/ros/jazzy/opt/gz_dartsim_vendor/lib:/opt/ros/jazzy/opt/gz_cmake_vendor/lib:/opt/ros/jazzy/lib /usr/bin/cmake --build /home/student36/RoboticsDesignProject/Git-repos/LeoRover-Team7/elephant_arm_ws/build/moveit_task_constructor_demo -- -j12 -l12
[5.261s] DEBUG:colcon.colcon_core.event_handler.log_command:Invoking command in '/home/student36/RoboticsDesignProject/Git-repos/LeoRover-Team7/elephant_arm_ws/build/moveit_task_constructor_demo': CMAKE_PREFIX_PATH=/home/student36/RoboticsDesignProject/Git-repos/LeoRover-Team7/elephant_arm_ws/install/moveit_task_constructor_visualization:/home/student36/RoboticsDesignProject/Git-repos/LeoRover-Team7/elephant_arm_ws/install/moveit_task_constructor_capabilities:/home/student36/RoboticsDesignProject/Git-repos/LeoRover-Team7/elephant_arm_ws/install/moveit_task_constructor_core:/home/student36/RoboticsDesignProject/Git-repos/LeoRover-Team7/elephant_arm_ws/install/rviz_marker_tools:/home/student36/RoboticsDesignProject/Git-repos/LeoRover-Team7/elephant_arm_ws/install/moveit_task_constructor_msgs:/home/student36/RoboticsDesignProject/Git-repos/LeoRover-Team7/elephant_arm_ws/install/mtc_tutorial:/home/student36/RoboticsDesignProject/Git-repos/LeoRover-Team7/elephant_arm_ws/install/moveit_task_constructor_demo:/home/student36/RoboticsDesignProject/Git-repos/LeoRover-Team7/elephant_arm_ws/install/mycobot_ros2:/home/student36/RoboticsDesignProject/Git-repos/LeoRover-Team7/elephant_arm_ws/install/mycobot_moveit_config:/home/student36/RoboticsDesignProject/Git-repos/LeoRover-Team7/elephant_arm_ws/install/mycobot_gazebo:/home/student36/RoboticsDesignProject/Git-repos/LeoRover-Team7/elephant_arm_ws/install/mycobot_description:/home/student36/RoboticsDesignProject/Git-repos/LeoRover-Team7/elephant_arm_ws/install/mycobot_bringup:/home/student36/RoboticsDesignProject/Git-repos/LeoRover-Team7/elephant_arm_ws/install/hello_moveit:/home/student36/ros2_tutorial_workspace/install/package_with_interfaces:/home/student36/ws_moveit/install/robotiq_hardware_tests:/home/student36/ws_moveit/install/robotiq_driver:/home/student36/ws_moveit/install/serial:/home/student36/ws_moveit/install/moveit2_tutorials:/home/student36/ws_moveit/install/hello_moveit:/home/student36/ws_moveit/install/moveit_visual_tools:/home/student36/ws_moveit/install/rviz_visual_tools:/home/student36/ws_moveit/install/mtc_tutorial:/home/student36/ws_moveit/install/moveit_task_constructor_demo:/home/student36/ws_moveit/install/moveit_task_constructor_visualization:/home/student36/ws_moveit/install/moveit_task_constructor_capabilities:/home/student36/ws_moveit/install/elephant:/home/student36/ws_moveit/install/moveit_task_constructor_core:/home/student36/ws_moveit/install/rviz_marker_tools:/home/student36/ws_moveit/install/kortex_bringup:/home/student36/ws_moveit/install/kinova_gen3_lite_moveit_config:/home/student36/ws_moveit/install/kinova_gen3_7dof_robotiq_2f_85_moveit_config:/home/student36/ws_moveit/install/kinova_gen3_6dof_robotiq_2f_85_moveit_config:/home/student36/ws_moveit/install/kortex_description:/home/student36/ws_moveit/install/robotiq_description:/home/student36/ws_moveit/install/robotiq_controllers:/home/student36/ws_moveit/install/pilz_industrial_motion_planner_testutils:/home/student36/ws_moveit/install/mycobot_280_moveit2:/home/student36/ws_moveit/install/moveit_runtime:/home/student36/ws_moveit/install/moveit:/home/student36/ws_moveit/install/elephant_arm:/home/student36/ws_moveit/install/moveit_planners:/home/student36/ws_moveit/install/pilz_industrial_motion_planner:/home/student36/ws_moveit/install/mycobot_description:/home/student36/ws_moveit/install/moveit_task_constructor_msgs:/home/student36/ws_moveit/install/moveit_ros_control_interface:/home/student36/ws_moveit/install/moveit_plugins:/home/student36/ws_moveit/install/moveit_simple_controller_manager:/home/student36/ws_moveit/install/moveit_setup_assistant:/home/student36/ws_moveit/install/moveit_setup_srdf_plugins:/home/student36/ws_moveit/install/moveit_setup_core_plugins:/home/student36/ws_moveit/install/moveit_setup_controllers:/home/student36/ws_moveit/install/moveit_setup_app_plugins:/home/student36/ws_moveit/install/moveit_setup_framework:/home/student36/ws_moveit/install/moveit_servo:/home/student36/ws_moveit/install/moveit_ros_trajectory_cache:/home/student36/ws_moveit/install/moveit_ros:/home/student36/ws_moveit/install/moveit_ros_visualization:/home/student36/ws_moveit/install/moveit_py:/home/student36/ws_moveit/install/moveit_hybrid_planning:/home/student36/ws_moveit/install/moveit_ros_planning_interface:/home/student36/ws_moveit/install/moveit_ros_benchmarks:/home/student36/ws_moveit/install/moveit_ros_warehouse:/home/student36/ws_moveit/install/moveit_ros_robot_interaction:/home/student36/ws_moveit/install/moveit_ros_perception:/home/student36/ws_moveit/install/moveit_resources_prbt_pg70_support:/home/student36/ws_moveit/install/moveit_resources_prbt_moveit_config:/home/student36/ws_moveit/install/moveit_ros_move_group:/home/student36/ws_moveit/install/moveit_planners_ompl:/home/student36/ws_moveit/install/moveit_kinematics:/home/student36/ws_moveit/install/moveit_ros_planning:/home/student36/ws_moveit/install/moveit_ros_occupancy_map_monitor:/home/student36/ws_moveit/install/moveit_resources_prbt_support:/home/student36/ws_moveit/install/moveit_resources_prbt_ikfast_manipulator_plugin:/home/student36/ws_moveit/install/moveit_resources:/home/student36/ws_moveit/install/moveit_resources_pr2_description:/home/student36/ws_moveit/install/moveit_resources_panda_moveit_config:/home/student36/ws_moveit/install/dual_arm_panda_moveit_config:/home/student36/ws_moveit/install/moveit_resources_panda_description:/home/student36/ws_moveit/install/moveit_resources_fanuc_moveit_config:/home/student36/ws_moveit/install/moveit_resources_fanuc_description:/home/student36/ws_moveit/install/moveit_planners_stomp:/home/student36/ws_moveit/install/moveit_planners_chomp:/home/student36/ws_moveit/install/chomp_motion_planner:/home/student36/ws_moveit/install/moveit_core:/home/student36/ws_moveit/install/moveit_msgs:/home/student36/ws_moveit/install/moveit_common:/home/student36/ws_moveit/install/kortex_driver:/home/student36/ws_moveit/install/kortex_api:/home/student36/rplidar_ws/install/rplidar_ros:/home/student36/elephant_arm_ws/install/mycobot_280_moveit2:/opt/ros/jazzy/opt/gz_sim_vendor:/opt/ros/jazzy/opt/gz_sensors_vendor:/opt/ros/jazzy/opt/gz_physics_vendor:/opt/ros/jazzy/opt/sdformat_vendor:/opt/ros/jazzy/opt/gz_gui_vendor:/opt/ros/jazzy/opt/gz_transport_vendor:/opt/ros/jazzy/opt/gz_rendering_vendor:/opt/ros/jazzy/opt/gz_plugin_vendor:/opt/ros/jazzy/opt/gz_fuel_tools_vendor:/opt/ros/jazzy/opt/gz_msgs_vendor:/opt/ros/jazzy/opt/gz_common_vendor:/opt/ros/jazzy/opt/gz_math_vendor:/opt/ros/jazzy/opt/gz_utils_vendor:/opt/ros/jazzy/opt/gz_tools_vendor:/opt/ros/jazzy/opt/gz_ogre_next_vendor:/opt/ros/jazzy/opt/gz_dartsim_vendor:/opt/ros/jazzy/opt/gz_cmake_vendor:/home/student36/ros2_tutorial_workspace/install/the_simplest_python_package:/home/student36/ros2_tutorial_workspace/install/python_package_with_a_node:/home/student36/ros2_tutorial_workspace/install/python_package_that_uses_the_library:/home/student36/ros2_tutorial_workspace/install/python_package_with_a_library:/home/student36/ros2_tutorial_workspace/install/python_package_that_uses_the_services:/home/student36/ros2_tutorial_workspace/install/python_package_that_uses_the_actions:/home/student36/ros2_tutorial_workspace/install/python_package_that_uses_tf2:/home/student36/ros2_tutorial_workspace/install/python_package_that_uses_parameters_and_launch_files:/home/student36/ros2_tutorial_workspace/install/python_package_that_uses_nottf2:/home/student36/ros2_tutorial_workspace/install/python_package_that_uses_nav2:/home/student36/ros2_tutorial_workspace/install/python_package_that_uses_messages:/home/student36/ros2_tutorial_workspace/install/python_package_that_uses_geometry_msgs:/home/student36/ros2_tutorial_workspace/install/python_package_that_uses_gazebo:/home/student36/ws_moveit/install/moveit_configs_utils:/home/student36/elephant_arm_ws/install/mycobot_description:/opt/ros/jazzy DEBUGINFOD_URLS=https://debuginfod.ubuntu.com LD_LIBRARY_PATH=/home/student36/RoboticsDesignProject/Git-repos/LeoRover-Team7/elephant_arm_ws/install/moveit_task_constructor_visualization/lib:/home/student36/RoboticsDesignProject/Git-repos/LeoRover-Team7/elephant_arm_ws/install/moveit_task_constructor_capabilities/lib:/home/student36/RoboticsDesignProject/Git-repos/LeoRover-Team7/elephant_arm_ws/install/moveit_task_constructor_core/lib:/home/student36/RoboticsDesignProject/Git-repos/LeoRover-Team7/elephant_arm_ws/install/rviz_marker_tools/lib:/home/student36/RoboticsDesignProject/Git-repos/LeoRover-Team7/elephant_arm_ws/install/moveit_task_constructor_msgs/lib:/home/student36/RoboticsDesignProject/Git-repos/LeoRover-Team7/elephant_arm_ws/install/moveit_task_constructor_demo/lib:/home/student36/ros2_tutorial_workspace/install/package_with_interfaces/lib:/home/student36/ws_moveit/install/robotiq_driver/lib:/home/student36/ws_moveit/install/serial/lib:/home/student36/ws_moveit/install/moveit_visual_tools/lib:/home/student36/ws_moveit/install/rviz_visual_tools/lib:/home/student36/ws_moveit/install/moveit_task_constructor_demo/lib:/home/student36/ws_moveit/install/moveit_task_constructor_visualization/lib:/home/student36/ws_moveit/install/moveit_task_constructor_capabilities/lib:/home/student36/ws_moveit/install/moveit_task_constructor_core/lib:/home/student36/ws_moveit/install/rviz_marker_tools/lib:/home/student36/ws_moveit/install/robotiq_controllers/lib:/home/student36/ws_moveit/install/pilz_industrial_motion_planner_testutils/lib:/home/student36/ws_moveit/install/pilz_industrial_motion_planner/lib:/home/student36/ws_moveit/install/moveit_task_constructor_msgs/lib:/home/student36/ws_moveit/install/moveit_ros_control_interface/lib:/home/student36/ws_moveit/install/moveit_simple_controller_manager/lib:/home/student36/ws_moveit/install/moveit_setup_assistant/lib:/home/student36/ws_moveit/install/moveit_setup_srdf_plugins/lib:/home/student36/ws_moveit/install/moveit_setup_core_plugins/lib:/home/student36/ws_moveit/install/moveit_setup_controllers/lib:/home/student36/ws_moveit/install/moveit_setup_app_plugins/lib:/home/student36/ws_moveit/install/moveit_setup_framework/lib:/home/student36/ws_moveit/install/moveit_servo/lib:/home/student36/ws_moveit/install/moveit_ros_trajectory_cache/lib:/home/student36/ws_moveit/install/moveit_ros_visualization/lib:/home/student36/ws_moveit/install/moveit_py/lib:/home/student36/ws_moveit/install/moveit_hybrid_planning/lib:/home/student36/ws_moveit/install/moveit_ros_planning_interface/lib:/home/student36/ws_moveit/install/moveit_ros_benchmarks/lib:/home/student36/ws_moveit/install/moveit_ros_warehouse/lib:/home/student36/ws_moveit/install/moveit_ros_robot_interaction/lib:/home/student36/ws_moveit/install/moveit_ros_perception/lib:/home/student36/ws_moveit/install/moveit_ros_move_group/lib:/home/student36/ws_moveit/install/moveit_planners_ompl/lib:/home/student36/ws_moveit/install/moveit_kinematics/lib:/home/student36/ws_moveit/install/moveit_ros_planning/lib:/home/student36/ws_moveit/install/moveit_ros_occupancy_map_monitor/lib:/home/student36/ws_moveit/install/moveit_resources_prbt_ikfast_manipulator_plugin/lib:/home/student36/ws_moveit/install/moveit_planners_stomp/lib:/home/student36/ws_moveit/install/moveit_planners_chomp/lib:/home/student36/ws_moveit/install/chomp_motion_planner/lib:/home/student36/ws_moveit/install/moveit_core/lib:/home/student36/ws_moveit/install/moveit_msgs/lib:/home/student36/ws_moveit/install/kortex_driver/lib:/opt/ros/jazzy/opt/gz_sim_vendor/lib:/opt/ros/jazzy/opt/gz_sensors_vendor/lib:/opt/ros/jazzy/opt/gz_physics_vendor/lib:/opt/ros/jazzy/opt/sdformat_vendor/lib:/opt/ros/jazzy/opt/rviz_ogre_vendor/lib:/opt/ros/jazzy/lib/x86_64-linux-gnu:/opt/ros/jazzy/opt/gz_gui_vendor/lib:/opt/ros/jazzy/opt/gz_transport_vendor/lib:/opt/ros/jazzy/opt/gz_rendering_vendor/lib:/opt/ros/jazzy/opt/gz_plugin_vendor/lib:/opt/ros/jazzy/opt/gz_fuel_tools_vendor/lib:/opt/ros/jazzy/opt/gz_msgs_vendor/lib:/opt/ros/jazzy/opt/gz_common_vendor/lib:/opt/ros/jazzy/opt/gz_math_vendor/lib:/opt/ros/jazzy/opt/gz_utils_vendor/lib:/opt/ros/jazzy/opt/gz_tools_vendor/lib:/opt/ros/jazzy/opt/gz_ogre_next_vendor/lib:/opt/ros/jazzy/opt/gz_dartsim_vendor/lib:/opt/ros/jazzy/opt/gz_cmake_vendor/lib:/opt/ros/jazzy/lib /usr/bin/cmake --install /home/student36/RoboticsDesignProject/Git-repos/LeoRover-Team7/elephant_arm_ws/build/moveit_task_constructor_demo
[5.298s] Level 1:colcon.colcon_core.environment:create_environment_scripts_only(moveit_task_constructor_demo)
[5.299s] Level 1:colcon.colcon_core.environment:checking '/home/student36/RoboticsDesignProject/Git-repos/LeoRover-Team7/elephant_arm_ws/install/moveit_task_constructor_demo' for CMake module files
[5.302s] Level 1:colcon.colcon_core.environment:checking '/home/student36/RoboticsDesignProject/Git-repos/LeoRover-Team7/elephant_arm_ws/install/moveit_task_constructor_demo' for CMake config files
[5.304s] DEBUG:colcon.colcon_core.event_handler.log_command:Invoked command in '/home/student36/RoboticsDesignProject/Git-repos/LeoRover-Team7/elephant_arm_ws/build/moveit_task_constructor_demo' returned '0': CMAKE_PREFIX_PATH=/home/student36/RoboticsDesignProject/Git-repos/LeoRover-Team7/elephant_arm_ws/install/moveit_task_constructor_visualization:/home/student36/RoboticsDesignProject/Git-repos/LeoRover-Team7/elephant_arm_ws/install/moveit_task_constructor_capabilities:/home/student36/RoboticsDesignProject/Git-repos/LeoRover-Team7/elephant_arm_ws/install/moveit_task_constructor_core:/home/student36/RoboticsDesignProject/Git-repos/LeoRover-Team7/elephant_arm_ws/install/rviz_marker_tools:/home/student36/RoboticsDesignProject/Git-repos/LeoRover-Team7/elephant_arm_ws/install/moveit_task_constructor_msgs:/home/student36/RoboticsDesignProject/Git-repos/LeoRover-Team7/elephant_arm_ws/install/mtc_tutorial:/home/student36/RoboticsDesignProject/Git-repos/LeoRover-Team7/elephant_arm_ws/install/moveit_task_constructor_demo:/home/student36/RoboticsDesignProject/Git-repos/LeoRover-Team7/elephant_arm_ws/install/mycobot_ros2:/home/student36/RoboticsDesignProject/Git-repos/LeoRover-Team7/elephant_arm_ws/install/mycobot_moveit_config:/home/student36/RoboticsDesignProject/Git-repos/LeoRover-Team7/elephant_arm_ws/install/mycobot_gazebo:/home/student36/RoboticsDesignProject/Git-repos/LeoRover-Team7/elephant_arm_ws/install/mycobot_description:/home/student36/RoboticsDesignProject/Git-repos/LeoRover-Team7/elephant_arm_ws/install/mycobot_bringup:/home/student36/RoboticsDesignProject/Git-repos/LeoRover-Team7/elephant_arm_ws/install/hello_moveit:/home/student36/ros2_tutorial_workspace/install/package_with_interfaces:/home/student36/ws_moveit/install/robotiq_hardware_tests:/home/student36/ws_moveit/install/robotiq_driver:/home/student36/ws_moveit/install/serial:/home/student36/ws_moveit/install/moveit2_tutorials:/home/student36/ws_moveit/install/hello_moveit:/home/student36/ws_moveit/install/moveit_visual_tools:/home/student36/ws_moveit/install/rviz_visual_tools:/home/student36/ws_moveit/install/mtc_tutorial:/home/student36/ws_moveit/install/moveit_task_constructor_demo:/home/student36/ws_moveit/install/moveit_task_constructor_visualization:/home/student36/ws_moveit/install/moveit_task_constructor_capabilities:/home/student36/ws_moveit/install/elephant:/home/student36/ws_moveit/install/moveit_task_constructor_core:/home/student36/ws_moveit/install/rviz_marker_tools:/home/student36/ws_moveit/install/kortex_bringup:/home/student36/ws_moveit/install/kinova_gen3_lite_moveit_config:/home/student36/ws_moveit/install/kinova_gen3_7dof_robotiq_2f_85_moveit_config:/home/student36/ws_moveit/install/kinova_gen3_6dof_robotiq_2f_85_moveit_config:/home/student36/ws_moveit/install/kortex_description:/home/student36/ws_moveit/install/robotiq_description:/home/student36/ws_moveit/install/robotiq_controllers:/home/student36/ws_moveit/install/pilz_industrial_motion_planner_testutils:/home/student36/ws_moveit/install/mycobot_280_moveit2:/home/student36/ws_moveit/install/moveit_runtime:/home/student36/ws_moveit/install/moveit:/home/student36/ws_moveit/install/elephant_arm:/home/student36/ws_moveit/install/moveit_planners:/home/student36/ws_moveit/install/pilz_industrial_motion_planner:/home/student36/ws_moveit/install/mycobot_description:/home/student36/ws_moveit/install/moveit_task_constructor_msgs:/home/student36/ws_moveit/install/moveit_ros_control_interface:/home/student36/ws_moveit/install/moveit_plugins:/home/student36/ws_moveit/install/moveit_simple_controller_manager:/home/student36/ws_moveit/install/moveit_setup_assistant:/home/student36/ws_moveit/install/moveit_setup_srdf_plugins:/home/student36/ws_moveit/install/moveit_setup_core_plugins:/home/student36/ws_moveit/install/moveit_setup_controllers:/home/student36/ws_moveit/install/moveit_setup_app_plugins:/home/student36/ws_moveit/install/moveit_setup_framework:/home/student36/ws_moveit/install/moveit_servo:/home/student36/ws_moveit/install/moveit_ros_trajectory_cache:/home/student36/ws_moveit/install/moveit_ros:/home/student36/ws_moveit/install/moveit_ros_visualization:/home/student36/ws_moveit/install/moveit_py:/home/student36/ws_moveit/install/moveit_hybrid_planning:/home/student36/ws_moveit/install/moveit_ros_planning_interface:/home/student36/ws_moveit/install/moveit_ros_benchmarks:/home/student36/ws_moveit/install/moveit_ros_warehouse:/home/student36/ws_moveit/install/moveit_ros_robot_interaction:/home/student36/ws_moveit/install/moveit_ros_perception:/home/student36/ws_moveit/install/moveit_resources_prbt_pg70_support:/home/student36/ws_moveit/install/moveit_resources_prbt_moveit_config:/home/student36/ws_moveit/install/moveit_ros_move_group:/home/student36/ws_moveit/install/moveit_planners_ompl:/home/student36/ws_moveit/install/moveit_kinematics:/home/student36/ws_moveit/install/moveit_ros_planning:/home/student36/ws_moveit/install/moveit_ros_occupancy_map_monitor:/home/student36/ws_moveit/install/moveit_resources_prbt_support:/home/student36/ws_moveit/install/moveit_resources_prbt_ikfast_manipulator_plugin:/home/student36/ws_moveit/install/moveit_resources:/home/student36/ws_moveit/install/moveit_resources_pr2_description:/home/student36/ws_moveit/install/moveit_resources_panda_moveit_config:/home/student36/ws_moveit/install/dual_arm_panda_moveit_config:/home/student36/ws_moveit/install/moveit_resources_panda_description:/home/student36/ws_moveit/install/moveit_resources_fanuc_moveit_config:/home/student36/ws_moveit/install/moveit_resources_fanuc_description:/home/student36/ws_moveit/install/moveit_planners_stomp:/home/student36/ws_moveit/install/moveit_planners_chomp:/home/student36/ws_moveit/install/chomp_motion_planner:/home/student36/ws_moveit/install/moveit_core:/home/student36/ws_moveit/install/moveit_msgs:/home/student36/ws_moveit/install/moveit_common:/home/student36/ws_moveit/install/kortex_driver:/home/student36/ws_moveit/install/kortex_api:/home/student36/rplidar_ws/install/rplidar_ros:/home/student36/elephant_arm_ws/install/mycobot_280_moveit2:/opt/ros/jazzy/opt/gz_sim_vendor:/opt/ros/jazzy/opt/gz_sensors_vendor:/opt/ros/jazzy/opt/gz_physics_vendor:/opt/ros/jazzy/opt/sdformat_vendor:/opt/ros/jazzy/opt/gz_gui_vendor:/opt/ros/jazzy/opt/gz_transport_vendor:/opt/ros/jazzy/opt/gz_rendering_vendor:/opt/ros/jazzy/opt/gz_plugin_vendor:/opt/ros/jazzy/opt/gz_fuel_tools_vendor:/opt/ros/jazzy/opt/gz_msgs_vendor:/opt/ros/jazzy/opt/gz_common_vendor:/opt/ros/jazzy/opt/gz_math_vendor:/opt/ros/jazzy/opt/gz_utils_vendor:/opt/ros/jazzy/opt/gz_tools_vendor:/opt/ros/jazzy/opt/gz_ogre_next_vendor:/opt/ros/jazzy/opt/gz_dartsim_vendor:/opt/ros/jazzy/opt/gz_cmake_vendor:/home/student36/ros2_tutorial_workspace/install/the_simplest_python_package:/home/student36/ros2_tutorial_workspace/install/python_package_with_a_node:/home/student36/ros2_tutorial_workspace/install/python_package_that_uses_the_library:/home/student36/ros2_tutorial_workspace/install/python_package_with_a_library:/home/student36/ros2_tutorial_workspace/install/python_package_that_uses_the_services:/home/student36/ros2_tutorial_workspace/install/python_package_that_uses_the_actions:/home/student36/ros2_tutorial_workspace/install/python_package_that_uses_tf2:/home/student36/ros2_tutorial_workspace/install/python_package_that_uses_parameters_and_launch_files:/home/student36/ros2_tutorial_workspace/install/python_package_that_uses_nottf2:/home/student36/ros2_tutorial_workspace/install/python_package_that_uses_nav2:/home/student36/ros2_tutorial_workspace/install/python_package_that_uses_messages:/home/student36/ros2_tutorial_workspace/install/python_package_that_uses_geometry_msgs:/home/student36/ros2_tutorial_workspace/install/python_package_that_uses_gazebo:/home/student36/ws_moveit/install/moveit_configs_utils:/home/student36/elephant_arm_ws/install/mycobot_description:/opt/ros/jazzy DEBUGINFOD_URLS=https://debuginfod.ubuntu.com LD_LIBRARY_PATH=/home/student36/RoboticsDesignProject/Git-repos/LeoRover-Team7/elephant_arm_ws/install/moveit_task_constructor_visualization/lib:/home/student36/RoboticsDesignProject/Git-repos/LeoRover-Team7/elephant_arm_ws/install/moveit_task_constructor_capabilities/lib:/home/student36/RoboticsDesignProject/Git-repos/LeoRover-Team7/elephant_arm_ws/install/moveit_task_constructor_core/lib:/home/student36/RoboticsDesignProject/Git-repos/LeoRover-Team7/elephant_arm_ws/install/rviz_marker_tools/lib:/home/student36/RoboticsDesignProject/Git-repos/LeoRover-Team7/elephant_arm_ws/install/moveit_task_constructor_msgs/lib:/home/student36/RoboticsDesignProject/Git-repos/LeoRover-Team7/elephant_arm_ws/install/moveit_task_constructor_demo/lib:/home/student36/ros2_tutorial_workspace/install/package_with_interfaces/lib:/home/student36/ws_moveit/install/robotiq_driver/lib:/home/student36/ws_moveit/install/serial/lib:/home/student36/ws_moveit/install/moveit_visual_tools/lib:/home/student36/ws_moveit/install/rviz_visual_tools/lib:/home/student36/ws_moveit/install/moveit_task_constructor_demo/lib:/home/student36/ws_moveit/install/moveit_task_constructor_visualization/lib:/home/student36/ws_moveit/install/moveit_task_constructor_capabilities/lib:/home/student36/ws_moveit/install/moveit_task_constructor_core/lib:/home/student36/ws_moveit/install/rviz_marker_tools/lib:/home/student36/ws_moveit/install/robotiq_controllers/lib:/home/student36/ws_moveit/install/pilz_industrial_motion_planner_testutils/lib:/home/student36/ws_moveit/install/pilz_industrial_motion_planner/lib:/home/student36/ws_moveit/install/moveit_task_constructor_msgs/lib:/home/student36/ws_moveit/install/moveit_ros_control_interface/lib:/home/student36/ws_moveit/install/moveit_simple_controller_manager/lib:/home/student36/ws_moveit/install/moveit_setup_assistant/lib:/home/student36/ws_moveit/install/moveit_setup_srdf_plugins/lib:/home/student36/ws_moveit/install/moveit_setup_core_plugins/lib:/home/student36/ws_moveit/install/moveit_setup_controllers/lib:/home/student36/ws_moveit/install/moveit_setup_app_plugins/lib:/home/student36/ws_moveit/install/moveit_setup_framework/lib:/home/student36/ws_moveit/install/moveit_servo/lib:/home/student36/ws_moveit/install/moveit_ros_trajectory_cache/lib:/home/student36/ws_moveit/install/moveit_ros_visualization/lib:/home/student36/ws_moveit/install/moveit_py/lib:/home/student36/ws_moveit/install/moveit_hybrid_planning/lib:/home/student36/ws_moveit/install/moveit_ros_planning_interface/lib:/home/student36/ws_moveit/install/moveit_ros_benchmarks/lib:/home/student36/ws_moveit/install/moveit_ros_warehouse/lib:/home/student36/ws_moveit/install/moveit_ros_robot_interaction/lib:/home/student36/ws_moveit/install/moveit_ros_perception/lib:/home/student36/ws_moveit/install/moveit_ros_move_group/lib:/home/student36/ws_moveit/install/moveit_planners_ompl/lib:/home/student36/ws_moveit/install/moveit_kinematics/lib:/home/student36/ws_moveit/install/moveit_ros_planning/lib:/home/student36/ws_moveit/install/moveit_ros_occupancy_map_monitor/lib:/home/student36/ws_moveit/install/moveit_resources_prbt_ikfast_manipulator_plugin/lib:/home/student36/ws_moveit/install/moveit_planners_stomp/lib:/home/student36/ws_moveit/install/moveit_planners_chomp/lib:/home/student36/ws_moveit/install/chomp_motion_planner/lib:/home/student36/ws_moveit/install/moveit_core/lib:/home/student36/ws_moveit/install/moveit_msgs/lib:/home/student36/ws_moveit/install/kortex_driver/lib:/opt/ros/jazzy/opt/gz_sim_vendor/lib:/opt/ros/jazzy/opt/gz_sensors_vendor/lib:/opt/ros/jazzy/opt/gz_physics_vendor/lib:/opt/ros/jazzy/opt/sdformat_vendor/lib:/opt/ros/jazzy/opt/rviz_ogre_vendor/lib:/opt/ros/jazzy/lib/x86_64-linux-gnu:/opt/ros/jazzy/opt/gz_gui_vendor/lib:/opt/ros/jazzy/opt/gz_transport_vendor/lib:/opt/ros/jazzy/opt/gz_rendering_vendor/lib:/opt/ros/jazzy/opt/gz_plugin_vendor/lib:/opt/ros/jazzy/opt/gz_fuel_tools_vendor/lib:/opt/ros/jazzy/opt/gz_msgs_vendor/lib:/opt/ros/jazzy/opt/gz_common_vendor/lib:/opt/ros/jazzy/opt/gz_math_vendor/lib:/opt/ros/jazzy/opt/gz_utils_vendor/lib:/opt/ros/jazzy/opt/gz_tools_vendor/lib:/opt/ros/jazzy/opt/gz_ogre_next_vendor/lib:/opt/ros/jazzy/opt/gz_dartsim_vendor/lib:/opt/ros/jazzy/opt/gz_cmake_vendor/lib:/opt/ros/jazzy/lib /usr/bin/cmake --install /home/student36/RoboticsDesignProject/Git-repos/LeoRover-Team7/elephant_arm_ws/build/moveit_task_constructor_demo
[5.305s] Level 1:colcon.colcon_core.shell:create_environment_hook('moveit_task_constructor_demo', 'cmake_prefix_path')
[5.306s] INFO:colcon.colcon_core.shell:Creating environment hook '/home/student36/RoboticsDesignProject/Git-repos/LeoRover-Team7/elephant_arm_ws/install/moveit_task_constructor_demo/share/moveit_task_constructor_demo/hook/cmake_prefix_path.ps1'
[5.307s] INFO:colcon.colcon_core.shell:Creating environment descriptor '/home/student36/RoboticsDesignProject/Git-repos/LeoRover-Team7/elephant_arm_ws/install/moveit_task_constructor_demo/share/moveit_task_constructor_demo/hook/cmake_prefix_path.dsv'
[5.308s] INFO:colcon.colcon_core.shell:Creating environment hook '/home/student36/RoboticsDesignProject/Git-repos/LeoRover-Team7/elephant_arm_ws/install/moveit_task_constructor_demo/share/moveit_task_constructor_demo/hook/cmake_prefix_path.sh'
[5.309s] Level 1:colcon.colcon_core.environment:checking '/home/student36/RoboticsDesignProject/Git-repos/LeoRover-Team7/elephant_arm_ws/install/moveit_task_constructor_demo/lib'
[5.309s] Level 1:colcon.colcon_core.shell:create_environment_hook('moveit_task_constructor_demo', 'ld_library_path_lib')
[5.310s] INFO:colcon.colcon_core.shell:Creating environment hook '/home/student36/RoboticsDesignProject/Git-repos/LeoRover-Team7/elephant_arm_ws/install/moveit_task_constructor_demo/share/moveit_task_constructor_demo/hook/ld_library_path_lib.ps1'
[5.310s] INFO:colcon.colcon_core.shell:Creating environment descriptor '/home/student36/RoboticsDesignProject/Git-repos/LeoRover-Team7/elephant_arm_ws/install/moveit_task_constructor_demo/share/moveit_task_constructor_demo/hook/ld_library_path_lib.dsv'
[5.311s] INFO:colcon.colcon_core.shell:Creating environment hook '/home/student36/RoboticsDesignProject/Git-repos/LeoRover-Team7/elephant_arm_ws/install/moveit_task_constructor_demo/share/moveit_task_constructor_demo/hook/ld_library_path_lib.sh'
[5.312s] Level 1:colcon.colcon_core.environment:checking '/home/student36/RoboticsDesignProject/Git-repos/LeoRover-Team7/elephant_arm_ws/install/moveit_task_constructor_demo/bin'
[5.312s] Level 1:colcon.colcon_core.environment:checking '/home/student36/RoboticsDesignProject/Git-repos/LeoRover-Team7/elephant_arm_ws/install/moveit_task_constructor_demo/lib/pkgconfig/moveit_task_constructor_demo.pc'
[5.313s] Level 1:colcon.colcon_core.environment:checking '/home/student36/RoboticsDesignProject/Git-repos/LeoRover-Team7/elephant_arm_ws/install/moveit_task_constructor_demo/lib/python3.12/site-packages'
[5.313s] Level 1:colcon.colcon_core.environment:checking '/home/student36/RoboticsDesignProject/Git-repos/LeoRover-Team7/elephant_arm_ws/install/moveit_task_constructor_demo/bin'
[5.314s] INFO:colcon.colcon_core.shell:Creating package script '/home/student36/RoboticsDesignProject/Git-repos/LeoRover-Team7/elephant_arm_ws/install/moveit_task_constructor_demo/share/moveit_task_constructor_demo/package.ps1'
[5.315s] INFO:colcon.colcon_core.shell:Creating package descriptor '/home/student36/RoboticsDesignProject/Git-repos/LeoRover-Team7/elephant_arm_ws/install/moveit_task_constructor_demo/share/moveit_task_constructor_demo/package.dsv'
[5.316s] INFO:colcon.colcon_core.shell:Creating package script '/home/student36/RoboticsDesignProject/Git-repos/LeoRover-Team7/elephant_arm_ws/install/moveit_task_constructor_demo/share/moveit_task_constructor_demo/package.sh'
[5.317s] INFO:colcon.colcon_core.shell:Creating package script '/home/student36/RoboticsDesignProject/Git-repos/LeoRover-Team7/elephant_arm_ws/install/moveit_task_constructor_demo/share/moveit_task_constructor_demo/package.bash'
[5.318s] INFO:colcon.colcon_core.shell:Creating package script '/home/student36/RoboticsDesignProject/Git-repos/LeoRover-Team7/elephant_arm_ws/install/moveit_task_constructor_demo/share/moveit_task_constructor_demo/package.zsh'
[5.319s] Level 1:colcon.colcon_core.environment:create_file_with_runtime_dependencies(/home/student36/RoboticsDesignProject/Git-repos/LeoRover-Team7/elephant_arm_ws/install/moveit_task_constructor_demo/share/colcon-core/packages/moveit_task_constructor_demo)
[5.320s] Level 1:colcon.colcon_core.environment:create_environment_scripts_only(moveit_task_constructor_demo)
[5.320s] Level 1:colcon.colcon_core.environment:checking '/home/student36/RoboticsDesignProject/Git-repos/LeoRover-Team7/elephant_arm_ws/install/moveit_task_constructor_demo' for CMake module files
[5.322s] Level 1:colcon.colcon_core.environment:checking '/home/student36/RoboticsDesignProject/Git-repos/LeoRover-Team7/elephant_arm_ws/install/moveit_task_constructor_demo' for CMake config files
[5.322s] Level 1:colcon.colcon_core.shell:create_environment_hook('moveit_task_constructor_demo', 'cmake_prefix_path')
[5.323s] INFO:colcon.colcon_core.shell:Creating environment hook '/home/student36/RoboticsDesignProject/Git-repos/LeoRover-Team7/elephant_arm_ws/install/moveit_task_constructor_demo/share/moveit_task_constructor_demo/hook/cmake_prefix_path.ps1'
[5.324s] INFO:colcon.colcon_core.shell:Creating environment descriptor '/home/student36/RoboticsDesignProject/Git-repos/LeoRover-Team7/elephant_arm_ws/install/moveit_task_constructor_demo/share/moveit_task_constructor_demo/hook/cmake_prefix_path.dsv'
[5.325s] INFO:colcon.colcon_core.shell:Creating environment hook '/home/student36/RoboticsDesignProject/Git-repos/LeoRover-Team7/elephant_arm_ws/install/moveit_task_constructor_demo/share/moveit_task_constructor_demo/hook/cmake_prefix_path.sh'
[5.328s] Level 1:colcon.colcon_core.environment:checking '/home/student36/RoboticsDesignProject/Git-repos/LeoRover-Team7/elephant_arm_ws/install/moveit_task_constructor_demo/lib'
[5.329s] Level 1:colcon.colcon_core.shell:create_environment_hook('moveit_task_constructor_demo', 'ld_library_path_lib')
[5.331s] INFO:colcon.colcon_core.shell:Creating environment hook '/home/student36/RoboticsDesignProject/Git-repos/LeoRover-Team7/elephant_arm_ws/install/moveit_task_constructor_demo/share/moveit_task_constructor_demo/hook/ld_library_path_lib.ps1'
[5.336s] INFO:colcon.colcon_core.shell:Creating environment descriptor '/home/student36/RoboticsDesignProject/Git-repos/LeoRover-Team7/elephant_arm_ws/install/moveit_task_constructor_demo/share/moveit_task_constructor_demo/hook/ld_library_path_lib.dsv'
[5.338s] INFO:colcon.colcon_core.shell:Creating environment hook '/home/student36/RoboticsDesignProject/Git-repos/LeoRover-Team7/elephant_arm_ws/install/moveit_task_constructor_demo/share/moveit_task_constructor_demo/hook/ld_library_path_lib.sh'
[5.340s] Level 1:colcon.colcon_core.environment:checking '/home/student36/RoboticsDesignProject/Git-repos/LeoRover-Team7/elephant_arm_ws/install/moveit_task_constructor_demo/bin'
[5.340s] Level 1:colcon.colcon_core.environment:checking '/home/student36/RoboticsDesignProject/Git-repos/LeoRover-Team7/elephant_arm_ws/install/moveit_task_constructor_demo/lib/pkgconfig/moveit_task_constructor_demo.pc'
[5.341s] Level 1:colcon.colcon_core.environment:checking '/home/student36/RoboticsDesignProject/Git-repos/LeoRover-Team7/elephant_arm_ws/install/moveit_task_constructor_demo/lib/python3.12/site-packages'
[5.342s] Level 1:colcon.colcon_core.environment:checking '/home/student36/RoboticsDesignProject/Git-repos/LeoRover-Team7/elephant_arm_ws/install/moveit_task_constructor_demo/bin'
[5.343s] INFO:colcon.colcon_core.shell:Creating package script '/home/student36/RoboticsDesignProject/Git-repos/LeoRover-Team7/elephant_arm_ws/install/moveit_task_constructor_demo/share/moveit_task_constructor_demo/package.ps1'
[5.346s] INFO:colcon.colcon_core.shell:Creating package descriptor '/home/student36/RoboticsDesignProject/Git-repos/LeoRover-Team7/elephant_arm_ws/install/moveit_task_constructor_demo/share/moveit_task_constructor_demo/package.dsv'
[5.347s] INFO:colcon.colcon_core.shell:Creating package script '/home/student36/RoboticsDesignProject/Git-repos/LeoRover-Team7/elephant_arm_ws/install/moveit_task_constructor_demo/share/moveit_task_constructor_demo/package.sh'
[5.349s] INFO:colcon.colcon_core.shell:Creating package script '/home/student36/RoboticsDesignProject/Git-repos/LeoRover-Team7/elephant_arm_ws/install/moveit_task_constructor_demo/share/moveit_task_constructor_demo/package.bash'
[5.350s] INFO:colcon.colcon_core.shell:Creating package script '/home/student36/RoboticsDesignProject/Git-repos/LeoRover-Team7/elephant_arm_ws/install/moveit_task_constructor_demo/share/moveit_task_constructor_demo/package.zsh'
[5.351s] Level 1:colcon.colcon_core.environment:create_file_with_runtime_dependencies(/home/student36/RoboticsDesignProject/Git-repos/LeoRover-Team7/elephant_arm_ws/install/moveit_task_constructor_demo/share/colcon-core/packages/moveit_task_constructor_demo)
[5.352s] DEBUG:colcon.colcon_parallel_executor.executor.parallel:closing loop
[5.353s] DEBUG:colcon.colcon_parallel_executor.executor.parallel:loop closed
[5.353s] DEBUG:colcon.colcon_parallel_executor.executor.parallel:run_until_complete finished with '0'
[5.353s] DEBUG:colcon.colcon_core.event_reactor:joining thread
[5.382s] INFO:colcon.colcon_core.plugin_system:Skipping extension 'colcon_notification.desktop_notification.terminal_notifier': Not used on non-Darwin systems
[5.383s] INFO:colcon.colcon_core.plugin_system:Skipping extension 'colcon_notification.desktop_notification.win32': Not used on non-Windows systems
[5.383s] INFO:colcon.colcon_notification.desktop_notification:Sending desktop notification using 'notify2'
[5.405s] DEBUG:colcon.colcon_core.event_reactor:joined thread
[5.406s] INFO:colcon.colcon_core.shell:Creating prefix script '/home/student36/RoboticsDesignProject/Git-repos/LeoRover-Team7/elephant_arm_ws/install/local_setup.ps1'
[5.408s] INFO:colcon.colcon_core.shell:Creating prefix util module '/home/student36/RoboticsDesignProject/Git-repos/LeoRover-Team7/elephant_arm_ws/install/_local_setup_util_ps1.py'
[5.411s] INFO:colcon.colcon_core.shell:Creating prefix chain script '/home/student36/RoboticsDesignProject/Git-repos/LeoRover-Team7/elephant_arm_ws/install/setup.ps1'
[5.422s] INFO:colcon.colcon_core.shell:Creating prefix script '/home/student36/RoboticsDesignProject/Git-repos/LeoRover-Team7/elephant_arm_ws/install/local_setup.sh'
[5.424s] INFO:colcon.colcon_core.shell:Creating prefix util module '/home/student36/RoboticsDesignProject/Git-repos/LeoRover-Team7/elephant_arm_ws/install/_local_setup_util_sh.py'
[5.426s] INFO:colcon.colcon_core.shell:Creating prefix chain script '/home/student36/RoboticsDesignProject/Git-repos/LeoRover-Team7/elephant_arm_ws/install/setup.sh'
[5.441s] INFO:colcon.colcon_core.shell:Creating prefix script '/home/student36/RoboticsDesignProject/Git-repos/LeoRover-Team7/elephant_arm_ws/install/local_setup.bash'
[5.443s] INFO:colcon.colcon_core.shell:Creating prefix chain script '/home/student36/RoboticsDesignProject/Git-repos/LeoRover-Team7/elephant_arm_ws/install/setup.bash'
[5.450s] INFO:colcon.colcon_core.shell:Creating prefix script '/home/student36/RoboticsDesignProject/Git-repos/LeoRover-Team7/elephant_arm_ws/install/local_setup.zsh'
[5.452s] INFO:colcon.colcon_core.shell:Creating prefix chain script '/home/student36/RoboticsDesignProject/Git-repos/LeoRover-Team7/elephant_arm_ws/install/setup.zsh'
