ISO-10303-21;
HEADER;
FILE_DESCRIPTION (( 'STEP AP214' ),
    '1' );
FILE_NAME ('NUC base2023.STEP',
    '2026-03-18T20:53:23',
    ( '' ),
    ( '' ),
    'SwSTEP 2.0',
    'SolidWorks 2023',
    '' );
FILE_SCHEMA (( 'AUTOMOTIVE_DESIGN' ));
ENDSEC;

DATA;
#1 = AXIS2_PLACEMENT_3D ( 'NONE', #1795, #639, #354 ) ;
#2 = CARTESIAN_POINT ( 'NONE',  ( -41.60000000000000853, 6.000000000000000000, -22.93830022182460837 ) ) ;
#3 = DIRECTION ( 'NONE',  ( 0.000000000000000000, 0.000000000000000000, -1.000000000000000000 ) ) ;
#4 = CARTESIAN_POINT ( 'NONE',  ( 4.000000000000000000, 0.000000000000000000, 4.061699778175390740 ) ) ;
#5 = DIRECTION ( 'NONE',  ( -0.000000000000000000, -1.000000000000000000, -0.000000000000000000 ) ) ;
#6 = CIRCLE ( 'NONE', #1047, 5.000000000000004441 ) ;
#7 = EDGE_LOOP ( 'NONE', ( #170, #685, #1585, #1674 ) ) ;
#8 = DIRECTION ( 'NONE',  ( 0.000000000000000000, 0.000000000000000000, 1.000000000000000000 ) ) ;
#9 = ORIENTED_EDGE ( 'NONE', *, *, #1054, .F. ) ;
#10 = VERTEX_POINT ( 'NONE', #450 ) ;
#11 = DIRECTION ( 'NONE',  ( 0.000000000000000000, 0.000000000000000000, 1.000000000000000000 ) ) ;
#12 = EDGE_CURVE ( 'NONE', #1535, #637, #1577, .T. ) ;
#13 = ORIENTED_EDGE ( 'NONE', *, *, #543, .T. ) ;
#14 = LINE ( 'NONE', #1825, #937 ) ;
#15 = CARTESIAN_POINT ( 'NONE',  ( 32.60500000000001819, 0.000000000000000000, 118.9616997781753867 ) ) ;
#16 = DIRECTION ( 'NONE',  ( 0.000000000000000000, 0.000000000000000000, 1.000000000000000000 ) ) ;
#17 = DIRECTION ( 'NONE',  ( 0.000000000000000000, -1.000000000000000000, 0.000000000000000000 ) ) ;
#18 = DIRECTION ( 'NONE',  ( 0.000000000000000000, 0.000000000000000000, 1.000000000000000000 ) ) ;
#19 = EDGE_LOOP ( 'NONE', ( #1176, #257, #662, #546 ) ) ;
#20 = ADVANCED_FACE ( 'NONE', ( #1316 ), #1280, .F. ) ;
#21 = LINE ( 'NONE', #1835, #608 ) ;
#22 = DIRECTION ( 'NONE',  ( 0.000000000000000000, 0.000000000000000000, -1.000000000000000000 ) ) ;
#23 = DIRECTION ( 'NONE',  ( 0.000000000000000000, 0.000000000000000000, -1.000000000000000000 ) ) ;
#24 = AXIS2_PLACEMENT_3D ( 'NONE', #308, #1155, #447 ) ;
#25 = VERTEX_POINT ( 'NONE', #1006 ) ;
#26 = DIRECTION ( 'NONE',  ( 1.397092732330314579E-16, 0.000000000000000000, 1.000000000000000000 ) ) ;
#27 = AXIS2_PLACEMENT_3D ( 'NONE', #636, #1217, #1349 ) ;
#28 = CARTESIAN_POINT ( 'NONE',  ( -41.59999999999999432, 0.000000000000000000, -2.938300221824605263 ) ) ;
#29 = ORIENTED_EDGE ( 'NONE', *, *, #747, .F. ) ;
#30 = VERTEX_POINT ( 'NONE', #1602 ) ;
#31 = AXIS2_PLACEMENT_3D ( 'NONE', #514, #1222, #245 ) ;
#32 = LINE ( 'NONE', #70, #220 ) ;
#33 = EDGE_CURVE ( 'NONE', #1638, #849, #1168, .T. ) ;
#34 = CARTESIAN_POINT ( 'NONE',  ( -3.999999999999999112, 3.000000000000000000, 4.061699778175390740 ) ) ;
#35 = VECTOR ( 'NONE', #602, 1000.000000000000000 ) ;
#36 = ORIENTED_EDGE ( 'NONE', *, *, #224, .F. ) ;
#37 = DIRECTION ( 'NONE',  ( 0.000000000000000000, 1.000000000000000000, 0.000000000000000000 ) ) ;
#38 = ORIENTED_EDGE ( 'NONE', *, *, #197, .T. ) ;
#39 = ORIENTED_EDGE ( 'NONE', *, *, #1680, .F. ) ;
#40 = CARTESIAN_POINT ( 'NONE',  ( 39.59999999999998721, 0.000000000000000000, 106.0616997781753952 ) ) ;
#41 = DIRECTION ( 'NONE',  ( 9.130123557772668026E-18, -0.000000000000000000, -1.000000000000000000 ) ) ;
#42 = EDGE_CURVE ( 'NONE', #1833, #1416, #1438, .T. ) ;
#43 = AXIS2_PLACEMENT_3D ( 'NONE', #587, #1160, #1000 ) ;
#44 = CARTESIAN_POINT ( 'NONE',  ( -25.80000000000000071, 6.000000000000000000, -22.93830022182460837 ) ) ;
#45 = ADVANCED_FACE ( 'NONE', ( #155 ), #310, .F. ) ;
#46 = EDGE_LOOP ( 'NONE', ( #1260, #423, #741, #279 ) ) ;
#47 = DIRECTION ( 'NONE',  ( 0.000000000000000000, 1.000000000000000000, 0.000000000000000000 ) ) ;
#48 = CARTESIAN_POINT ( 'NONE',  ( 26.60000000000000853, 6.000000000000000000, 104.0616997781754236 ) ) ;
#49 = LINE ( 'NONE', #466, #302 ) ;
#50 = ORIENTED_EDGE ( 'NONE', *, *, #456, .F. ) ;
#51 = CARTESIAN_POINT ( 'NONE',  ( -32.60499999999998266, 6.000000000000000000, 116.0616997781754094 ) ) ;
#52 = EDGE_LOOP ( 'NONE', ( #347, #1832, #1169, #1836 ) ) ;
#53 = EDGE_CURVE ( 'NONE', #10, #1233, #768, .T. ) ;
#54 = CARTESIAN_POINT ( 'NONE',  ( 32.60500000000001819, 2.000000000000000000, 116.0616997781753952 ) ) ;
#55 = EDGE_LOOP ( 'NONE', ( #1536, #1478, #94, #1394 ) ) ;
#56 = CARTESIAN_POINT ( 'NONE',  ( 41.60000000000000142, 6.000000000000000000, -4.938300221824593272 ) ) ;
#57 = DIRECTION ( 'NONE',  ( -0.000000000000000000, 1.000000000000000000, -0.000000000000000000 ) ) ;
#58 = CIRCLE ( 'NONE', #1188, 2.000000000000000000 ) ;
#59 = PLANE ( 'NONE',  #682 ) ;
#60 = ORIENTED_EDGE ( 'NONE', *, *, #1803, .F. ) ;
#61 = LINE ( 'NONE', #764, #1011 ) ;
#62 = AXIS2_PLACEMENT_3D ( 'NONE', #130, #158, #1012 ) ;
#63 = CARTESIAN_POINT ( 'NONE',  ( 41.60000000000000142, 0.000000000000000000, -4.938300221824593272 ) ) ;
#64 = EDGE_LOOP ( 'NONE', ( #1107, #203, #1378, #1467 ) ) ;
#65 = EDGE_CURVE ( 'NONE', #1811, #1813, #120, .T. ) ;
#66 = ADVANCED_FACE ( 'NONE', ( #1144 ), #432, .F. ) ;
#67 = AXIS2_PLACEMENT_3D ( 'NONE', #1562, #1689, #691 ) ;
#68 = AXIS2_PLACEMENT_3D ( 'NONE', #264, #876, #129 ) ;
#69 = CARTESIAN_POINT ( 'NONE',  ( -32.60499999999998266, 0.000000000000000000, 118.9616997781754009 ) ) ;
#70 = CARTESIAN_POINT ( 'NONE',  ( 32.60500000000001819, 6.000000000000000000, 118.9616997781753867 ) ) ;
#71 = DIRECTION ( 'NONE',  ( 0.000000000000000000, 0.000000000000000000, 1.000000000000000000 ) ) ;
#72 = ORIENTED_EDGE ( 'NONE', *, *, #137, .T. ) ;
#73 = CARTESIAN_POINT ( 'NONE',  ( 25.79999999999999005, 6.000000000000000000, -22.93830022182462614 ) ) ;
#74 = CARTESIAN_POINT ( 'NONE',  ( 4.000000000000000000, 3.000000000000000000, 99.06169977817539518 ) ) ;
#75 = ORIENTED_EDGE ( 'NONE', *, *, #442, .T. ) ;
#76 = CARTESIAN_POINT ( 'NONE',  ( -39.59999999999997300, 6.000000000000000000, 106.0616997781754094 ) ) ;
#77 = FACE_BOUND ( 'NONE', #1192, .T. ) ;
#78 = EDGE_CURVE ( 'NONE', #1158, #1738, #1427, .T. ) ;
#79 = CARTESIAN_POINT ( 'NONE',  ( -4.000000000000000000, 0.000000000000000000, 99.06169977817539518 ) ) ;
#80 = VERTEX_POINT ( 'NONE', #1715 ) ;
#81 = AXIS2_PLACEMENT_3D ( 'NONE', #1173, #901, #892 ) ;
#82 = CARTESIAN_POINT ( 'NONE',  ( 0.000000000000000000, 6.000000000000000000, 94.06169977817539518 ) ) ;
#83 = CARTESIAN_POINT ( 'NONE',  ( -39.59999999999998010, 6.000000000000000000, 108.0616997781753952 ) ) ;
#84 = ORIENTED_EDGE ( 'NONE', *, *, #713, .T. ) ;
#85 = CARTESIAN_POINT ( 'NONE',  ( -33.70000000000000995, 0.000000000000000000, -30.83830022182461406 ) ) ;
#86 = DIRECTION ( 'NONE',  ( 0.000000000000000000, -0.000000000000000000, 1.000000000000000000 ) ) ;
#87 = CARTESIAN_POINT ( 'NONE',  ( -33.70000000000000995, 6.000000000000000000, -22.93830022182460837 ) ) ;
#88 = CIRCLE ( 'NONE', #1131, 2.899999999999999911 ) ;
#89 = VERTEX_POINT ( 'NONE', #439 ) ;
#90 = EDGE_CURVE ( 'NONE', #679, #1445, #1071, .T. ) ;
#91 = VECTOR ( 'NONE', #1666, 1000.000000000000000 ) ;
#92 = DIRECTION ( 'NONE',  ( 0.000000000000000000, 1.000000000000000000, 0.000000000000000000 ) ) ;
#93 = CARTESIAN_POINT ( 'NONE',  ( -25.79999999999999716, 0.000000000000000000, -12.93830022182460837 ) ) ;
#94 = ORIENTED_EDGE ( 'NONE', *, *, #396, .F. ) ;
#95 = EDGE_LOOP ( 'NONE', ( #335, #1130, #1565, #1140 ) ) ;
#96 = CARTESIAN_POINT ( 'NONE',  ( 32.60500000000001819, 6.000000000000000000, 121.0616997781753952 ) ) ;
#97 = CIRCLE ( 'NONE', #928, 2.000000000000000000 ) ;
#98 = AXIS2_PLACEMENT_3D ( 'NONE', #573, #1719, #1163 ) ;
#99 = CARTESIAN_POINT ( 'NONE',  ( -33.70000000000000995, 0.000000000000000000, -20.03830022182460979 ) ) ;
#100 = ORIENTED_EDGE ( 'NONE', *, *, #1455, .F. ) ;
#101 = CARTESIAN_POINT ( 'NONE',  ( 32.60500000000001819, 2.000000000000000000, 118.9616997781753867 ) ) ;
#102 = EDGE_CURVE ( 'NONE', #515, #1358, #1042, .T. ) ;
#103 = DIRECTION ( 'NONE',  ( -1.000000000000000000, 0.000000000000000000, 0.000000000000000000 ) ) ;
#104 = ORIENTED_EDGE ( 'NONE', *, *, #1174, .T. ) ;
#105 = ORIENTED_EDGE ( 'NONE', *, *, #112, .T. ) ;
#106 = LINE ( 'NONE', #1530, #830 ) ;
#107 = ORIENTED_EDGE ( 'NONE', *, *, #112, .F. ) ;
#108 = CARTESIAN_POINT ( 'NONE',  ( 32.60500000000001819, 2.000000000000000000, 111.0616997781753810 ) ) ;
#109 = DIRECTION ( 'NONE',  ( 0.000000000000000000, 0.000000000000000000, 1.000000000000000000 ) ) ;
#110 = ORIENTED_EDGE ( 'NONE', *, *, #1708, .T. ) ;
#111 = ORIENTED_EDGE ( 'NONE', *, *, #665, .F. ) ;
#112 = EDGE_CURVE ( 'NONE', #991, #385, #221, .T. ) ;
#113 = ORIENTED_EDGE ( 'NONE', *, *, #1326, .F. ) ;
#114 = VECTOR ( 'NONE', #965, 1000.000000000000000 ) ;
#115 = AXIS2_PLACEMENT_3D ( 'NONE', #54, #1775, #1322 ) ;
#116 = DIRECTION ( 'NONE',  ( -0.000000000000000000, 1.000000000000000000, -0.000000000000000000 ) ) ;
#117 = ORIENTED_EDGE ( 'NONE', *, *, #644, .T. ) ;
#118 = ORIENTED_EDGE ( 'NONE', *, *, #932, .F. ) ;
#119 = DIRECTION ( 'NONE',  ( -0.000000000000000000, -1.000000000000000000, -0.000000000000000000 ) ) ;
#120 = CIRCLE ( 'NONE', #206, 7.900000000000002132 ) ;
#121 = DIRECTION ( 'NONE',  ( 0.000000000000000000, 0.000000000000000000, -1.000000000000000000 ) ) ;
#122 = VERTEX_POINT ( 'NONE', #894 ) ;
#123 = ORIENTED_EDGE ( 'NONE', *, *, #53, .T. ) ;
#124 = ORIENTED_EDGE ( 'NONE', *, *, #1668, .T. ) ;
#125 = CIRCLE ( 'NONE', #1729, 2.899999999999999911 ) ;
#126 = ADVANCED_FACE ( 'NONE', ( #1357 ), #1080, .T. ) ;
#127 = DIRECTION ( 'NONE',  ( 1.000000000000000000, 0.000000000000000000, 0.000000000000000000 ) ) ;
#128 = ORIENTED_EDGE ( 'NONE', *, *, #190, .T. ) ;
#129 = DIRECTION ( 'NONE',  ( 0.000000000000000000, 0.000000000000000000, -1.000000000000000000 ) ) ;
#130 = CARTESIAN_POINT ( 'NONE',  ( -33.70000000000000995, 0.000000000000000000, -22.93830022182460837 ) ) ;
#131 = CARTESIAN_POINT ( 'NONE',  ( -33.70000000000000995, 0.000000000000000000, -22.93830022182460837 ) ) ;
#132 = ORIENTED_EDGE ( 'NONE', *, *, #727, .F. ) ;
#133 = ORIENTED_EDGE ( 'NONE', *, *, #1749, .F. ) ;
#134 = CIRCLE ( 'NONE', #1114, 5.000000000000004441 ) ;
#135 = DIRECTION ( 'NONE',  ( 1.397092732330314579E-16, 0.000000000000000000, 1.000000000000000000 ) ) ;
#136 = ORIENTED_EDGE ( 'NONE', *, *, #1014, .T. ) ;
#137 = EDGE_CURVE ( 'NONE', #538, #696, #351, .T. ) ;
#138 = DIRECTION ( 'NONE',  ( -0.000000000000000000, -1.000000000000000000, -0.000000000000000000 ) ) ;
#139 = CARTESIAN_POINT ( 'NONE',  ( -33.70000000000000995, 2.000000000000000000, -17.93830022182460837 ) ) ;
#140 = ORIENTED_EDGE ( 'NONE', *, *, #1708, .F. ) ;
#141 = LINE ( 'NONE', #1004, #1479 ) ;
#142 = ORIENTED_EDGE ( 'NONE', *, *, #382, .F. ) ;
#143 = VERTEX_POINT ( 'NONE', #1489 ) ;
#144 = ORIENTED_EDGE ( 'NONE', *, *, #897, .F. ) ;
#145 = DIRECTION ( 'NONE',  ( 0.000000000000000000, 0.000000000000000000, 1.000000000000000000 ) ) ;
#146 = DIRECTION ( 'NONE',  ( 1.000000000000000000, -0.000000000000000000, -0.000000000000000000 ) ) ;
#147 = CARTESIAN_POINT ( 'NONE',  ( -33.70000000000000995, 2.000000000000000000, -25.83830022182461050 ) ) ;
#148 = ADVANCED_FACE ( 'NONE', ( #211 ), #1784, .F. ) ;
#149 = CARTESIAN_POINT ( 'NONE',  ( 28.59999999999999432, 0.000000000000000000, -2.938300221824605263 ) ) ;
#150 = ORIENTED_EDGE ( 'NONE', *, *, #90, .F. ) ;
#151 = ORIENTED_EDGE ( 'NONE', *, *, #1740, .F. ) ;
#152 = CARTESIAN_POINT ( 'NONE',  ( 0.000000000000000000, 0.000000000000000000, 0.000000000000000000 ) ) ;
#153 = VECTOR ( 'NONE', #358, 1000.000000000000000 ) ;
#154 = VECTOR ( 'NONE', #57, 1000.000000000000000 ) ;
#155 = FACE_OUTER_BOUND ( 'NONE', #767, .T. ) ;
#156 = FACE_BOUND ( 'NONE', #1529, .T. ) ;
#157 = CARTESIAN_POINT ( 'NONE',  ( 4.000000000000000000, 3.000000000000000000, 4.061699778175390740 ) ) ;
#158 = DIRECTION ( 'NONE',  ( 0.000000000000000000, 1.000000000000000000, 0.000000000000000000 ) ) ;
#159 = VECTOR ( 'NONE', #1645, 1000.000000000000000 ) ;
#160 = VECTOR ( 'NONE', #1431, 1000.000000000000000 ) ;
#161 = LINE ( 'NONE', #724, #172 ) ;
#162 = EDGE_CURVE ( 'NONE', #80, #659, #1159, .T. ) ;
#163 = DIRECTION ( 'NONE',  ( -0.000000000000000000, 1.000000000000000000, -0.000000000000000000 ) ) ;
#164 = PLANE ( 'NONE',  #1409 ) ;
#165 = LINE ( 'NONE', #982, #1588 ) ;
#166 = CARTESIAN_POINT ( 'NONE',  ( -32.60499999999998266, 6.000000000000000000, 118.9616997781754009 ) ) ;
#167 = VERTEX_POINT ( 'NONE', #1461 ) ;
#168 = CARTESIAN_POINT ( 'NONE',  ( -26.60000000000000497, 6.000000000000000000, 104.0616997781754236 ) ) ;
#169 = EDGE_LOOP ( 'NONE', ( #985, #1335, #136, #736 ) ) ;
#170 = ORIENTED_EDGE ( 'NONE', *, *, #1194, .T. ) ;
#171 = EDGE_CURVE ( 'NONE', #1085, #1754, #1389, .T. ) ;
#172 = VECTOR ( 'NONE', #1840, 1000.000000000000000 ) ;
#173 = CARTESIAN_POINT ( 'NONE',  ( 33.69999999999999574, 2.000000000000000000, -27.93830022182462258 ) ) ;
#174 = CARTESIAN_POINT ( 'NONE',  ( 32.60500000000001819, 2.000000000000000000, 111.0616997781753810 ) ) ;
#175 = CYLINDRICAL_SURFACE ( 'NONE', #1684, 2.899999999999999911 ) ;
#176 = DIRECTION ( 'NONE',  ( 0.000000000000000000, 1.000000000000000000, 0.000000000000000000 ) ) ;
#177 = DIRECTION ( 'NONE',  ( 0.000000000000000000, 1.000000000000000000, 0.000000000000000000 ) ) ;
#178 = EDGE_LOOP ( 'NONE', ( #357, #252, #1425, #829 ) ) ;
#179 = CIRCLE ( 'NONE', #1070, 5.000000000000004441 ) ;
#180 = EDGE_CURVE ( 'NONE', #1834, #1826, #1637, .T. ) ;
#181 = CARTESIAN_POINT ( 'NONE',  ( -33.70000000000000995, 2.000000000000000000, -20.03830022182460979 ) ) ;
#182 = EDGE_CURVE ( 'NONE', #978, #1506, #1065, .T. ) ;
#183 = CARTESIAN_POINT ( 'NONE',  ( 39.59999999999999432, 6.000000000000000000, 108.0616997781753952 ) ) ;
#184 = CARTESIAN_POINT ( 'NONE',  ( 41.60000000000000142, 6.000000000000000000, 108.0616997781753952 ) ) ;
#185 = AXIS2_PLACEMENT_3D ( 'NONE', #512, #1082, #1650 ) ;
#186 = DIRECTION ( 'NONE',  ( -0.000000000000000000, -1.000000000000000000, -0.000000000000000000 ) ) ;
#187 = DIRECTION ( 'NONE',  ( 0.000000000000000000, -1.000000000000000000, 0.000000000000000000 ) ) ;
#188 = LINE ( 'NONE', #754, #91 ) ;
#189 = ORIENTED_EDGE ( 'NONE', *, *, #1380, .F. ) ;
#190 = EDGE_CURVE ( 'NONE', #847, #270, #362, .T. ) ;
#191 = LINE ( 'NONE', #481, #1301 ) ;
#192 = DIRECTION ( 'NONE',  ( -1.273191542001326070E-16, -0.000000000000000000, 1.000000000000000000 ) ) ;
#193 = DIRECTION ( 'NONE',  ( 0.000000000000000000, -1.000000000000000000, 0.000000000000000000 ) ) ;
#194 = PLANE ( 'NONE',  #1824 ) ;
#195 = CARTESIAN_POINT ( 'NONE',  ( 0.000000000000000000, 6.000000000000000000, 92.06169977817539518 ) ) ;
#196 = EDGE_LOOP ( 'NONE', ( #123, #551 ) ) ;
#197 = EDGE_CURVE ( 'NONE', #1137, #836, #916, .T. ) ;
#198 = DIRECTION ( 'NONE',  ( 0.000000000000000000, 0.000000000000000000, 1.000000000000000000 ) ) ;
#199 = AXIS2_PLACEMENT_3D ( 'NONE', #878, #734, #1412 ) ;
#200 = VECTOR ( 'NONE', #192, 1000.000000000000000 ) ;
#201 = AXIS2_PLACEMENT_3D ( 'NONE', #267, #835, #808 ) ;
#202 = DIRECTION ( 'NONE',  ( 0.000000000000000000, -1.000000000000000000, 0.000000000000000000 ) ) ;
#203 = ORIENTED_EDGE ( 'NONE', *, *, #1380, .T. ) ;
#204 = CARTESIAN_POINT ( 'NONE',  ( -32.60499999999998266, 0.000000000000000000, 116.0616997781754094 ) ) ;
#205 = LINE ( 'NONE', #173, #154 ) ;
#206 = AXIS2_PLACEMENT_3D ( 'NONE', #1453, #177, #872 ) ;
#207 = DIRECTION ( 'NONE',  ( 1.273191542001326070E-16, 0.000000000000000000, 1.000000000000000000 ) ) ;
#208 = EDGE_LOOP ( 'NONE', ( #1340, #1207, #142, #189 ) ) ;
#209 = CARTESIAN_POINT ( 'NONE',  ( 0.000000000000000000, 3.000000000000000000, 94.06169977817539518 ) ) ;
#210 = CIRCLE ( 'NONE', #1074, 4.999999999999997335 ) ;
#211 = FACE_OUTER_BOUND ( 'NONE', #669, .T. ) ;
#212 = ORIENTED_EDGE ( 'NONE', *, *, #271, .F. ) ;
#213 = EDGE_CURVE ( 'NONE', #1081, #1776, #474, .T. ) ;
#214 = AXIS2_PLACEMENT_3D ( 'NONE', #1124, #1294, #1688 ) ;
#215 = LINE ( 'NONE', #1621, #1552 ) ;
#216 = CARTESIAN_POINT ( 'NONE',  ( 25.79999999999999361, 6.000000000000000000, -12.93830022182460837 ) ) ;
#217 = DIRECTION ( 'NONE',  ( 0.000000000000000000, 0.000000000000000000, 1.000000000000000000 ) ) ;
#218 = ORIENTED_EDGE ( 'NONE', *, *, #655, .T. ) ;
#219 = DIRECTION ( 'NONE',  ( 0.000000000000000000, 0.000000000000000000, 1.000000000000000000 ) ) ;
#220 = VECTOR ( 'NONE', #1622, 1000.000000000000000 ) ;
#221 = LINE ( 'NONE', #787, #680 ) ;
#222 = ORIENTED_EDGE ( 'NONE', *, *, #1374, .F. ) ;
#223 = DIRECTION ( 'NONE',  ( 0.000000000000000000, 0.000000000000000000, 1.000000000000000000 ) ) ;
#224 = EDGE_CURVE ( 'NONE', #1748, #849, #1243, .T. ) ;
#225 = DIRECTION ( 'NONE',  ( 0.000000000000000000, 1.000000000000000000, 0.000000000000000000 ) ) ;
#226 = CARTESIAN_POINT ( 'NONE',  ( -26.59999999999999076, 0.000000000000000000, -0.9383002218246033754 ) ) ;
#227 = VERTEX_POINT ( 'NONE', #63 ) ;
#228 = VECTOR ( 'NONE', #315, 1000.000000000000000 ) ;
#229 = CYLINDRICAL_SURFACE ( 'NONE', #1516, 2.000000000000000000 ) ;
#230 = FACE_OUTER_BOUND ( 'NONE', #1120, .T. ) ;
#231 = VERTEX_POINT ( 'NONE', #1765 ) ;
#232 = CARTESIAN_POINT ( 'NONE',  ( 33.69999999999999574, 2.000000000000000000, -17.93830022182462969 ) ) ;
#233 = DIRECTION ( 'NONE',  ( -0.000000000000000000, -1.000000000000000000, -0.000000000000000000 ) ) ;
#234 = MANIFOLD_SOLID_BREP ( 'Cut-Extrude4', #1251 ) ;
#235 = EDGE_CURVE ( 'NONE', #143, #715, #1008, .T. ) ;
#236 = DIRECTION ( 'NONE',  ( 0.000000000000000000, 0.000000000000000000, 1.000000000000000000 ) ) ;
#237 = VERTEX_POINT ( 'NONE', #1534 ) ;
#238 = AXIS2_PLACEMENT_3D ( 'NONE', #345, #1178, #896 ) ;
#239 = ADVANCED_FACE ( 'NONE', ( #1799 ), #1543, .F. ) ;
#240 = CARTESIAN_POINT ( 'NONE',  ( -41.59999999999998721, 0.000000000000000000, 126.0616997781754094 ) ) ;
#241 = FACE_OUTER_BOUND ( 'NONE', #1624, .T. ) ;
#242 = ORIENTED_EDGE ( 'NONE', *, *, #879, .T. ) ;
#243 = VERTEX_POINT ( 'NONE', #657 ) ;
#244 = VECTOR ( 'NONE', #5, 1000.000000000000000 ) ;
#245 = DIRECTION ( 'NONE',  ( 0.000000000000000000, 0.000000000000000000, 1.000000000000000000 ) ) ;
#246 = ORIENTED_EDGE ( 'NONE', *, *, #1151, .F. ) ;
#247 = DIRECTION ( 'NONE',  ( -0.000000000000000000, -1.000000000000000000, -0.000000000000000000 ) ) ;
#248 = EDGE_CURVE ( 'NONE', #637, #1535, #1483, .T. ) ;
#249 = FACE_OUTER_BOUND ( 'NONE', #415, .T. ) ;
#250 = EDGE_LOOP ( 'NONE', ( #949, #1693 ) ) ;
#251 = EDGE_LOOP ( 'NONE', ( #1108, #1490, #278, #1707 ) ) ;
#252 = ORIENTED_EDGE ( 'NONE', *, *, #338, .F. ) ;
#253 = FACE_OUTER_BOUND ( 'NONE', #962, .T. ) ;
#254 = ORIENTED_EDGE ( 'NONE', *, *, #919, .F. ) ;
#255 = DIRECTION ( 'NONE',  ( -0.000000000000000000, -1.000000000000000000, -0.000000000000000000 ) ) ;
#256 = AXIS2_PLACEMENT_3D ( 'NONE', #209, #1321, #1617 ) ;
#257 = ORIENTED_EDGE ( 'NONE', *, *, #1143, .F. ) ;
#258 = EDGE_LOOP ( 'NONE', ( #13, #994 ) ) ;
#259 = ORIENTED_EDGE ( 'NONE', *, *, #1680, .T. ) ;
#260 = AXIS2_PLACEMENT_3D ( 'NONE', #848, #714, #8 ) ;
#261 = VECTOR ( 'NONE', #1329, 1000.000000000000000 ) ;
#262 = DIRECTION ( 'NONE',  ( -0.000000000000000000, -1.000000000000000000, -0.000000000000000000 ) ) ;
#263 = ORIENTED_EDGE ( 'NONE', *, *, #805, .F. ) ;
#264 = CARTESIAN_POINT ( 'NONE',  ( 0.000000000000000000, 6.000000000000000000, 9.061699778175391629 ) ) ;
#265 = DIRECTION ( 'NONE',  ( 9.130123557772668026E-18, -0.000000000000000000, -1.000000000000000000 ) ) ;
#266 = CIRCLE ( 'NONE', #893, 2.000000000000000888 ) ;
#267 = CARTESIAN_POINT ( 'NONE',  ( 32.60500000000001819, 0.000000000000000000, 116.0616997781753952 ) ) ;
#268 = ORIENTED_EDGE ( 'NONE', *, *, #235, .T. ) ;
#269 = ORIENTED_EDGE ( 'NONE', *, *, #589, .F. ) ;
#270 = VERTEX_POINT ( 'NONE', #93 ) ;
#271 = EDGE_CURVE ( 'NONE', #1404, #1748, #444, .T. ) ;
#272 = VECTOR ( 'NONE', #939, 1000.000000000000000 ) ;
#273 = CARTESIAN_POINT ( 'NONE',  ( -41.59999999999998721, 0.000000000000000000, 126.0616997781754094 ) ) ;
#274 = ORIENTED_EDGE ( 'NONE', *, *, #813, .F. ) ;
#275 = CARTESIAN_POINT ( 'NONE',  ( 0.000000000000000000, 6.000000000000000000, 92.06169977817539518 ) ) ;
#276 = DIRECTION ( 'NONE',  ( 0.000000000000000000, 0.000000000000000000, -1.000000000000000000 ) ) ;
#277 = CARTESIAN_POINT ( 'NONE',  ( -33.70000000000000995, 6.000000000000000000, -22.93830022182460837 ) ) ;
#278 = ORIENTED_EDGE ( 'NONE', *, *, #1614, .T. ) ;
#279 = ORIENTED_EDGE ( 'NONE', *, *, #726, .T. ) ;
#280 = ORIENTED_EDGE ( 'NONE', *, *, #727, .T. ) ;
#281 = PRODUCT_DEFINITION ( 'ๆ', '', #1605, #1415 ) ;
#282 = ADVANCED_FACE ( 'NONE', ( #230 ), #536, .F. ) ;
#283 = FACE_OUTER_BOUND ( 'NONE', #1632, .T. ) ;
#284 = ORIENTED_EDGE ( 'NONE', *, *, #182, .T. ) ;
#285 = CARTESIAN_POINT ( 'NONE',  ( -41.60000000000000853, 6.000000000000000000, -22.93830022182460837 ) ) ;
#286 = CYLINDRICAL_SURFACE ( 'NONE', #1524, 2.000000000000000000 ) ;
#287 = ORIENTED_EDGE ( 'NONE', *, *, #1215, .F. ) ;
#288 = DIRECTION ( 'NONE',  ( -1.273191542001326070E-16, 0.000000000000000000, -1.000000000000000000 ) ) ;
#289 = ORIENTED_EDGE ( 'NONE', *, *, #1648, .T. ) ;
#290 = VERTEX_POINT ( 'NONE', #946 ) ;
#291 = CARTESIAN_POINT ( 'NONE',  ( 25.79999999999999361, 6.000000000000000000, -12.93830022182460837 ) ) ;
#292 = DIRECTION ( 'NONE',  ( -0.000000000000000000, -1.000000000000000000, -0.000000000000000000 ) ) ;
#293 = DIRECTION ( 'NONE',  ( -0.000000000000000000, -1.000000000000000000, -0.000000000000000000 ) ) ;
#294 = AXIS2_PLACEMENT_3D ( 'NONE', #1747, #47, #612 ) ;
#295 = DIRECTION ( 'NONE',  ( -0.000000000000000000, 1.000000000000000000, -0.000000000000000000 ) ) ;
#296 = DIRECTION ( 'NONE',  ( 0.000000000000000000, 0.000000000000000000, 1.000000000000000000 ) ) ;
#297 = ADVANCED_FACE ( 'NONE', ( #241 ), #545, .F. ) ;
#298 = LINE ( 'NONE', #168, #1241 ) ;
#299 = VECTOR ( 'NONE', #1388, 1000.000000000000000 ) ;
#300 = AXIS2_PLACEMENT_3D ( 'NONE', #760, #1332, #889 ) ;
#301 = CARTESIAN_POINT ( 'NONE',  ( -33.70000000000000995, 2.000000000000000000, -22.93830022182460837 ) ) ;
#302 = VECTOR ( 'NONE', #1449, 1000.000000000000000 ) ;
#303 = FACE_BOUND ( 'NONE', #1687, .T. ) ;
#304 = CARTESIAN_POINT ( 'NONE',  ( 28.60000000000001208, 6.000000000000000000, 106.0616997781754236 ) ) ;
#305 = CARTESIAN_POINT ( 'NONE',  ( 28.60000000000001208, 0.000000000000000000, 106.0616997781754236 ) ) ;
#306 = AXIS2_PLACEMENT_3D ( 'NONE', #1153, #138, #690 ) ;
#307 = EDGE_CURVE ( 'NONE', #849, #715, #1375, .T. ) ;
#308 = CARTESIAN_POINT ( 'NONE',  ( 33.69999999999999574, 6.000000000000000000, -22.93830022182462614 ) ) ;
#309 = CARTESIAN_POINT ( 'NONE',  ( 33.69999999999999574, 6.000000000000000000, -30.83830022182462827 ) ) ;
#310 = CYLINDRICAL_SURFACE ( 'NONE', #532, 5.000000000000000888 ) ;
#311 = EDGE_LOOP ( 'NONE', ( #667, #598 ) ) ;
#312 = DIRECTION ( 'NONE',  ( 0.000000000000000000, -1.000000000000000000, 0.000000000000000000 ) ) ;
#313 = VECTOR ( 'NONE', #127, 1000.000000000000000 ) ;
#314 = PLANE ( 'NONE',  #955 ) ;
#315 = DIRECTION ( 'NONE',  ( -0.000000000000000000, -1.000000000000000000, -0.000000000000000000 ) ) ;
#316 =( NAMED_UNIT ( * ) SI_UNIT ( $, .STERADIAN. ) SOLID_ANGLE_UNIT ( ) );
#317 = EDGE_CURVE ( 'NONE', #30, #390, #399, .T. ) ;
#318 = EDGE_CURVE ( 'NONE', #967, #1451, #1810, .T. ) ;
#319 = ORIENTED_EDGE ( 'NONE', *, *, #1504, .T. ) ;
#320 = ORIENTED_EDGE ( 'NONE', *, *, #1603, .T. ) ;
#321 = ADVANCED_FACE ( 'NONE', ( #683 ), #671, .F. ) ;
#322 = AXIS2_PLACEMENT_3D ( 'NONE', #468, #1474, #1033 ) ;
#323 = DIRECTION ( 'NONE',  ( -0.000000000000000000, -1.000000000000000000, -0.000000000000000000 ) ) ;
#324 = CARTESIAN_POINT ( 'NONE',  ( 28.59999999999999432, 0.000000000000000000, -2.938300221824605263 ) ) ;
#325 = LINE ( 'NONE', #750, #1356 ) ;
#326 = DIRECTION ( 'NONE',  ( -0.000000000000000000, -1.000000000000000000, -0.000000000000000000 ) ) ;
#327 =( GEOMETRIC_REPRESENTATION_CONTEXT ( 3 ) GLOBAL_UNCERTAINTY_ASSIGNED_CONTEXT ( ( #484 ) ) GLOBAL_UNIT_ASSIGNED_CONTEXT ( ( #1435, #1305, #316 ) ) REPRESENTATION_CONTEXT ( 'NONE', 'WORKASPACE' ) );
#328 = AXIS2_PLACEMENT_3D ( 'NONE', #1643, #366, #383 ) ;
#329 = ADVANCED_FACE ( 'NONE', ( #666 ), #1820, .F. ) ;
#330 = DIRECTION ( 'NONE',  ( 0.000000000000000000, 1.000000000000000000, 0.000000000000000000 ) ) ;
#331 = DIRECTION ( 'NONE',  ( -0.000000000000000000, -1.000000000000000000, -0.000000000000000000 ) ) ;
#332 = DIRECTION ( 'NONE',  ( 0.000000000000000000, 1.000000000000000000, 0.000000000000000000 ) ) ;
#333 = VECTOR ( 'NONE', #247, 1000.000000000000000 ) ;
#334 = CARTESIAN_POINT ( 'NONE',  ( 32.60500000000001819, 2.000000000000000000, 116.0616997781753952 ) ) ;
#335 = ORIENTED_EDGE ( 'NONE', *, *, #1716, .T. ) ;
#336 = DIRECTION ( 'NONE',  ( 0.000000000000000000, 1.000000000000000000, 0.000000000000000000 ) ) ;
#337 = CARTESIAN_POINT ( 'NONE',  ( 41.60000000000000142, 6.000000000000000000, -22.93830022182462614 ) ) ;
#338 = EDGE_CURVE ( 'NONE', #1240, #706, #822, .T. ) ;
#339 = DIRECTION ( 'NONE',  ( 0.000000000000000000, 0.000000000000000000, 1.000000000000000000 ) ) ;
#340 = ORIENTED_EDGE ( 'NONE', *, *, #476, .T. ) ;
#341 = CARTESIAN_POINT ( 'NONE',  ( 0.000000000000000000, 6.000000000000000000, 7.061699778175390740 ) ) ;
#342 = DIRECTION ( 'NONE',  ( 0.000000000000000000, 0.000000000000000000, 1.000000000000000000 ) ) ;
#343 = VERTEX_POINT ( 'NONE', #410 ) ;
#344 = CARTESIAN_POINT ( 'NONE',  ( 39.59999999999999432, 0.000000000000000000, 108.0616997781753952 ) ) ;
#345 = CARTESIAN_POINT ( 'NONE',  ( 33.69999999999999574, 2.000000000000000000, -22.93830022182462614 ) ) ;
#346 = CARTESIAN_POINT ( 'NONE',  ( -33.70000000000000995, 6.000000000000000000, -22.93830022182460837 ) ) ;
#347 = ORIENTED_EDGE ( 'NONE', *, *, #235, .F. ) ;
#348 = LINE ( 'NONE', #920, #299 ) ;
#349 = ADVANCED_FACE ( 'NONE', ( #249 ), #556, .F. ) ;
#350 = AXIS2_PLACEMENT_3D ( 'NONE', #575, #1148, #437 ) ;
#351 = CIRCLE ( 'NONE', #526, 2.899999999999999911 ) ;
#352 = EDGE_LOOP ( 'NONE', ( #1683, #1657, #566, #287 ) ) ;
#353 = DIRECTION ( 'NONE',  ( -0.000000000000000000, 1.000000000000000000, -0.000000000000000000 ) ) ;
#354 = DIRECTION ( 'NONE',  ( 0.000000000000000000, 0.000000000000000000, 1.000000000000000000 ) ) ;
#355 = AXIS2_PLACEMENT_3D ( 'NONE', #998, #292, #717 ) ;
#356 = DIRECTION ( 'NONE',  ( 0.000000000000000000, 0.000000000000000000, 1.000000000000000000 ) ) ;
#357 = ORIENTED_EDGE ( 'NONE', *, *, #1475, .F. ) ;
#358 = DIRECTION ( 'NONE',  ( -0.000000000000000000, -1.000000000000000000, -0.000000000000000000 ) ) ;
#359 = VECTOR ( 'NONE', #1615, 1000.000000000000000 ) ;
#360 = EDGE_CURVE ( 'NONE', #1439, #1793, #1655, .T. ) ;
#361 = VECTOR ( 'NONE', #146, 1000.000000000000000 ) ;
#362 = LINE ( 'NONE', #499, #261 ) ;
#363 = ORIENTED_EDGE ( 'NONE', *, *, #33, .F. ) ;
#364 = LINE ( 'NONE', #933, #898 ) ;
#365 = FACE_BOUND ( 'NONE', #1218, .T. ) ;
#366 = DIRECTION ( 'NONE',  ( 0.000000000000000000, 1.000000000000000000, 0.000000000000000000 ) ) ;
#367 = ORIENTED_EDGE ( 'NONE', *, *, #1014, .F. ) ;
#368 = CARTESIAN_POINT ( 'NONE',  ( 0.000000000000000000, 6.000000000000000000, 94.06169977817539518 ) ) ;
#369 = AXIS2_PLACEMENT_3D ( 'NONE', #863, #990, #145 ) ;
#370 = CARTESIAN_POINT ( 'NONE',  ( 41.59999999999999432, 0.000000000000000000, -2.938300221824605263 ) ) ;
#371 = EDGE_LOOP ( 'NONE', ( #1277, #1372, #1407, #104 ) ) ;
#372 = EDGE_CURVE ( 'NONE', #400, #1811, #1387, .T. ) ;
#373 = DIRECTION ( 'NONE',  ( 1.397092732330314579E-16, 0.000000000000000000, 1.000000000000000000 ) ) ;
#374 = PLANE ( 'NONE',  #620 ) ;
#375 = ADVANCED_FACE ( 'NONE', ( #605 ), #564, .F. ) ;
#376 = CARTESIAN_POINT ( 'NONE',  ( 28.60000000000001563, 6.000000000000000000, 106.0616997781754236 ) ) ;
#377 = ORIENTED_EDGE ( 'NONE', *, *, #1546, .T. ) ;
#378 = DIRECTION ( 'NONE',  ( 0.000000000000000000, 0.000000000000000000, 1.000000000000000000 ) ) ;
#379 = DIRECTION ( 'NONE',  ( 1.397092732330314579E-16, 0.000000000000000000, 1.000000000000000000 ) ) ;
#380 = ORIENTED_EDGE ( 'NONE', *, *, #372, .T. ) ;
#381 = ORIENTED_EDGE ( 'NONE', *, *, #1290, .T. ) ;
#382 = EDGE_CURVE ( 'NONE', #824, #1158, #1005, .T. ) ;
#383 = DIRECTION ( 'NONE',  ( 0.000000000000000000, -0.000000000000000000, 1.000000000000000000 ) ) ;
#384 = CIRCLE ( 'NONE', #1428, 7.900000000000002132 ) ;
#385 = VERTEX_POINT ( 'NONE', #1553 ) ;
#386 = AXIS2_PLACEMENT_3D ( 'NONE', #1503, #1786, #86 ) ;
#387 = CARTESIAN_POINT ( 'NONE',  ( 41.60000000000000142, 6.000000000000000000, 126.0616997781754094 ) ) ;
#388 = DIRECTION ( 'NONE',  ( 1.000000000000000000, 0.000000000000000000, -1.397092732330314579E-16 ) ) ;
#389 = ORIENTED_EDGE ( 'NONE', *, *, #162, .F. ) ;
#390 = VERTEX_POINT ( 'NONE', #429 ) ;
#391 = ORIENTED_EDGE ( 'NONE', *, *, #642, .F. ) ;
#392 = ADVANCED_BREP_SHAPE_REPRESENTATION ( 'NUC base2023', ( #234, #1039 ), #327 ) ;
#393 = AXIS2_PLACEMENT_3D ( 'NONE', #1572, #857, #1286 ) ;
#394 = DIRECTION ( 'NONE',  ( 0.000000000000000000, -0.000000000000000000, 1.000000000000000000 ) ) ;
#395 = ORIENTED_EDGE ( 'NONE', *, *, #1749, .T. ) ;
#396 = EDGE_CURVE ( 'NONE', #967, #1734, #1062, .T. ) ;
#397 = EDGE_CURVE ( 'NONE', #1776, #539, #298, .T. ) ;
#398 = CARTESIAN_POINT ( 'NONE',  ( 41.60000000000000142, 0.000000000000000000, -22.93830022182462614 ) ) ;
#399 = LINE ( 'NONE', #1127, #114 ) ;
#400 = VERTEX_POINT ( 'NONE', #1015 ) ;
#401 = EDGE_LOOP ( 'NONE', ( #1003, #585 ) ) ;
#402 = EDGE_LOOP ( 'NONE', ( #1794, #1540, #367, #1531 ) ) ;
#403 = APPLICATION_CONTEXT ( 'automotive_design' ) ;
#404 = FACE_OUTER_BOUND ( 'NONE', #1473, .T. ) ;
#405 = ORIENTED_EDGE ( 'NONE', *, *, #1769, .T. ) ;
#406 = FACE_OUTER_BOUND ( 'NONE', #1354, .T. ) ;
#407 = CARTESIAN_POINT ( 'NONE',  ( 41.60000000000000142, 6.000000000000000000, 126.0616997781754094 ) ) ;
#408 = AXIS2_PLACEMENT_3D ( 'NONE', #82, #1741, #491 ) ;
#409 = EDGE_CURVE ( 'NONE', #870, #1704, #141, .T. ) ;
#410 = CARTESIAN_POINT ( 'NONE',  ( -33.70000000000000995, 0.000000000000000000, -25.83830022182461050 ) ) ;
#411 = EDGE_LOOP ( 'NONE', ( #881, #854, #1102, #462 ) ) ;
#412 = ORIENTED_EDGE ( 'NONE', *, *, #1320, .F. ) ;
#413 = ORIENTED_EDGE ( 'NONE', *, *, #1225, .F. ) ;
#414 = FACE_OUTER_BOUND ( 'NONE', #1509, .T. ) ;
#415 = EDGE_LOOP ( 'NONE', ( #381, #574, #816, #1594 ) ) ;
#416 = PLANE ( 'NONE',  #1437 ) ;
#417 = DIRECTION ( 'NONE',  ( 0.000000000000000000, 1.000000000000000000, 0.000000000000000000 ) ) ;
#418 = AXIS2_PLACEMENT_3D ( 'NONE', #643, #1084, #217 ) ;
#419 = CARTESIAN_POINT ( 'NONE',  ( 33.69999999999999574, 0.000000000000000000, -20.03830022182462756 ) ) ;
#420 = ORIENTED_EDGE ( 'NONE', *, *, #1475, .T. ) ;
#421 = EDGE_LOOP ( 'NONE', ( #1133, #1675, #1023, #1049 ) ) ;
#422 = ADVANCED_FACE ( 'NONE', ( #703 ), #1434, .F. ) ;
#423 = ORIENTED_EDGE ( 'NONE', *, *, #506, .F. ) ;
#424 = AXIS2_PLACEMENT_3D ( 'NONE', #1369, #1072, #1612 ) ;
#425 = LINE ( 'NONE', #1717, #695 ) ;
#426 = ORIENTED_EDGE ( 'NONE', *, *, #999, .F. ) ;
#427 = CARTESIAN_POINT ( 'NONE',  ( 4.000000000000000000, 3.000000000000000000, 4.061699778175390740 ) ) ;
#428 = DIRECTION ( 'NONE',  ( 5.204170427930416550E-15, 0.000000000000000000, 1.000000000000000000 ) ) ;
#429 = CARTESIAN_POINT ( 'NONE',  ( 41.60000000000000142, 6.000000000000000000, 126.0616997781754094 ) ) ;
#430 = EDGE_LOOP ( 'NONE', ( #860, #1149, #39, #784 ) ) ;
#431 = VERTEX_POINT ( 'NONE', #1593 ) ;
#432 = CYLINDRICAL_SURFACE ( 'NONE', #355, 2.899999999999999911 ) ;
#433 = ADVANCED_FACE ( 'NONE', ( #459 ), #1276, .T. ) ;
#434 = DIRECTION ( 'NONE',  ( -0.000000000000000000, 1.000000000000000000, -0.000000000000000000 ) ) ;
#435 = CYLINDRICAL_SURFACE ( 'NONE', #306, 2.000000000000001776 ) ;
#436 = FACE_OUTER_BOUND ( 'NONE', #653, .T. ) ;
#437 = DIRECTION ( 'NONE',  ( 0.000000000000000000, 0.000000000000000000, -1.000000000000000000 ) ) ;
#438 = CARTESIAN_POINT ( 'NONE',  ( 26.59999999999999432, 6.000000000000000000, -0.9383002218246033754 ) ) ;
#439 = CARTESIAN_POINT ( 'NONE',  ( -33.70000000000000995, 6.000000000000000000, -17.93830022182460837 ) ) ;
#440 = FACE_BOUND ( 'NONE', #927, .T. ) ;
#441 = VECTOR ( 'NONE', #1831, 1000.000000000000000 ) ;
#442 = EDGE_CURVE ( 'NONE', #1118, #1028, #913, .T. ) ;
#443 = AXIS2_PLACEMENT_3D ( 'NONE', #930, #758, #342 ) ;
#444 = CIRCLE ( 'NONE', #917, 7.900000000000002132 ) ;
#445 = DIRECTION ( 'NONE',  ( -1.000000000000000000, 0.000000000000000000, 0.000000000000000000 ) ) ;
#446 = CARTESIAN_POINT ( 'NONE',  ( 39.59999999999999432, 6.000000000000000000, 108.0616997781753952 ) ) ;
#447 = DIRECTION ( 'NONE',  ( 0.000000000000000000, 0.000000000000000000, 1.000000000000000000 ) ) ;
#448 = AXIS2_PLACEMENT_3D ( 'NONE', #1208, #1635, #1755 ) ;
#449 = VECTOR ( 'NONE', #1150, 1000.000000000000000 ) ;
#450 = CARTESIAN_POINT ( 'NONE',  ( -33.70000000000000995, 2.000000000000000000, -17.93830022182460837 ) ) ;
#451 = EDGE_LOOP ( 'NONE', ( #1656, #615 ) ) ;
#452 = AXIS2_PLACEMENT_3D ( 'NONE', #592, #417, #296 ) ;
#453 = DIRECTION ( 'NONE',  ( -0.000000000000000000, 1.000000000000000000, -0.000000000000000000 ) ) ;
#454 = LINE ( 'NONE', #1628, #1317 ) ;
#455 = CARTESIAN_POINT ( 'NONE',  ( 25.79999999999999361, 0.000000000000000000, -12.93830022182460837 ) ) ;
#456 = EDGE_CURVE ( 'NONE', #1028, #1724, #161, .T. ) ;
#457 = EDGE_CURVE ( 'NONE', #1137, #1734, #1296, .T. ) ;
#458 = ORIENTED_EDGE ( 'NONE', *, *, #397, .F. ) ;
#459 = FACE_OUTER_BOUND ( 'NONE', #1403, .T. ) ;
#460 = EDGE_CURVE ( 'NONE', #971, #967, #1731, .T. ) ;
#461 = DIRECTION ( 'NONE',  ( 0.000000000000000000, 0.000000000000000000, 1.000000000000000000 ) ) ;
#462 = ORIENTED_EDGE ( 'NONE', *, *, #1815, .T. ) ;
#463 = ORIENTED_EDGE ( 'NONE', *, *, #1444, .F. ) ;
#464 = CARTESIAN_POINT ( 'NONE',  ( -33.70000000000000995, 6.000000000000000000, -25.83830022182461050 ) ) ;
#465 = VECTOR ( 'NONE', #843, 1000.000000000000000 ) ;
#466 = CARTESIAN_POINT ( 'NONE',  ( 33.69999999999999574, 6.000000000000000000, -30.83830022182462827 ) ) ;
#467 = ORIENTED_EDGE ( 'NONE', *, *, #1182, .F. ) ;
#468 = CARTESIAN_POINT ( 'NONE',  ( 33.69999999999999574, 0.000000000000000000, -22.93830022182462614 ) ) ;
#469 = EDGE_CURVE ( 'NONE', #715, #809, #1025, .T. ) ;
#470 = ORIENTED_EDGE ( 'NONE', *, *, #271, .T. ) ;
#471 = FACE_OUTER_BOUND ( 'NONE', #1495, .T. ) ;
#472 = LINE ( 'NONE', #34, #1639 ) ;
#473 = DIRECTION ( 'NONE',  ( -0.000000000000000000, -1.000000000000000000, -0.000000000000000000 ) ) ;
#474 = LINE ( 'NONE', #1469, #200 ) ;
#475 = AXIS2_PLACEMENT_3D ( 'NONE', #861, #1166, #461 ) ;
#476 = EDGE_CURVE ( 'NONE', #122, #30, #1586, .T. ) ;
#477 = EDGE_CURVE ( 'NONE', #797, #143, #593, .T. ) ;
#478 = CIRCLE ( 'NONE', #1670, 2.899999999999999911 ) ;
#479 = DIRECTION ( 'NONE',  ( -0.000000000000000000, 1.000000000000000000, -0.000000000000000000 ) ) ;
#480 = DIRECTION ( 'NONE',  ( 0.000000000000000000, 0.000000000000000000, 1.000000000000000000 ) ) ;
#481 = CARTESIAN_POINT ( 'NONE',  ( 4.000000000000000000, 0.000000000000000000, 99.06169977817539518 ) ) ;
#482 = AXIS2_PLACEMENT_3D ( 'NONE', #346, #1623, #1458 ) ;
#483 = AXIS2_PLACEMENT_3D ( 'NONE', #427, #1302, #1678 ) ;
#484 = UNCERTAINTY_MEASURE_WITH_UNIT (LENGTH_MEASURE( 1.000000000000000082E-05 ), #1435, 'distance_accuracy_value', 'NONE');
#485 = SURFACE_SIDE_STYLE ('',( #628 ) ) ;
#486 = DIRECTION ( 'NONE',  ( 0.000000000000000000, 0.000000000000000000, 1.000000000000000000 ) ) ;
#487 = CARTESIAN_POINT ( 'NONE',  ( -33.69999999999976836, 6.000000000000000000, 106.0616997781755373 ) ) ;
#488 = ADVANCED_FACE ( 'NONE', ( #884 ), #175, .F. ) ;
#489 = CARTESIAN_POINT ( 'NONE',  ( 26.60000000000000497, 10.00000000000000000, 106.0616997781754236 ) ) ;
#490 = VERTEX_POINT ( 'NONE', #419 ) ;
#491 = DIRECTION ( 'NONE',  ( 0.000000000000000000, 0.000000000000000000, -1.000000000000000000 ) ) ;
#492 = CARTESIAN_POINT ( 'NONE',  ( -26.60000000000000497, 0.000000000000000000, 104.0616997781754236 ) ) ;
#493 = DIRECTION ( 'NONE',  ( 0.000000000000000000, 0.000000000000000000, 1.000000000000000000 ) ) ;
#494 = AXIS2_PLACEMENT_3D ( 'NONE', #1574, #1564, #871 ) ;
#495 = FACE_OUTER_BOUND ( 'NONE', #1245, .T. ) ;
#496 = ORIENTED_EDGE ( 'NONE', *, *, #779, .T. ) ;
#497 = ADVANCED_FACE ( 'NONE', ( #984 ), #1138, .F. ) ;
#498 = DIRECTION ( 'NONE',  ( -0.000000000000000000, 1.000000000000000000, -0.000000000000000000 ) ) ;
#499 = CARTESIAN_POINT ( 'NONE',  ( -25.79999999999999716, 0.000000000000000000, -12.93830022182460837 ) ) ;
#500 = ORIENTED_EDGE ( 'NONE', *, *, #1830, .F. ) ;
#501 = CARTESIAN_POINT ( 'NONE',  ( 41.60000000000000142, 0.000000000000000000, 108.0616997781753952 ) ) ;
#502 = FACE_OUTER_BOUND ( 'NONE', #402, .T. ) ;
#503 = CIRCLE ( 'NONE', #1134, 2.000000000000000000 ) ;
#504 = FACE_BOUND ( 'NONE', #606, .T. ) ;
#505 = ORIENTED_EDGE ( 'NONE', *, *, #907, .T. ) ;
#506 = EDGE_CURVE ( 'NONE', #958, #1404, #1348, .T. ) ;
#507 = CYLINDRICAL_SURFACE ( 'NONE', #718, 2.000000000000001776 ) ;
#508 = EDGE_CURVE ( 'NONE', #959, #1776, #969, .T. ) ;
#509 = VECTOR ( 'NONE', #1195, 1000.000000000000000 ) ;
#510 = CARTESIAN_POINT ( 'NONE',  ( 39.59999999999998721, 10.00000000000000000, 106.0616997781753952 ) ) ;
#511 = ORIENTED_EDGE ( 'NONE', *, *, #1504, .F. ) ;
#512 = CARTESIAN_POINT ( 'NONE',  ( -33.70000000000000995, 6.000000000000000000, -22.93830022182460837 ) ) ;
#513 = LINE ( 'NONE', #1061, #769 ) ;
#514 = CARTESIAN_POINT ( 'NONE',  ( -28.60000000000000853, 10.00000000000000000, 104.0616997781754236 ) ) ;
#515 = VERTEX_POINT ( 'NONE', #1460 ) ;
#516 = CARTESIAN_POINT ( 'NONE',  ( 2.449293598294706907E-16, 3.000000000000000000, 11.06169977817539340 ) ) ;
#517 = DIRECTION ( 'NONE',  ( 1.850371707708594366E-15, -0.000000000000000000, 1.000000000000000000 ) ) ;
#518 = ORIENTED_EDGE ( 'NONE', *, *, #568, .T. ) ;
#519 = EDGE_CURVE ( 'NONE', #944, #1724, #885, .T. ) ;
#520 = EDGE_LOOP ( 'NONE', ( #1647, #1109 ) ) ;
#521 = CARTESIAN_POINT ( 'NONE',  ( -32.60499999999998266, 2.000000000000000000, 111.0616997781753952 ) ) ;
#522 = CARTESIAN_POINT ( 'NONE',  ( -25.79999999999999716, 6.000000000000000000, -12.93830022182460837 ) ) ;
#523 = DIRECTION ( 'NONE',  ( -1.397092732330314579E-16, 0.000000000000000000, -1.000000000000000000 ) ) ;
#524 = AXIS2_PLACEMENT_3D ( 'NONE', #1244, #103, #1256 ) ;
#525 = ORIENTED_EDGE ( 'NONE', *, *, #248, .T. ) ;
#526 = AXIS2_PLACEMENT_3D ( 'NONE', #1183, #1610, #1339 ) ;
#527 = ORIENTED_EDGE ( 'NONE', *, *, #213, .F. ) ;
#528 = ADVANCED_FACE ( 'NONE', ( #1764 ), #1355, .F. ) ;
#529 = FACE_OUTER_BOUND ( 'NONE', #1259, .T. ) ;
#530 = VECTOR ( 'NONE', #1255, 1000.000000000000000 ) ;
#531 = ORIENTED_EDGE ( 'NONE', *, *, #1100, .T. ) ;
#532 = AXIS2_PLACEMENT_3D ( 'NONE', #1027, #163, #1568 ) ;
#533 = AXIS2_PLACEMENT_3D ( 'NONE', #1344, #1725, #1590 ) ;
#534 = DIRECTION ( 'NONE',  ( 0.000000000000000000, 0.000000000000000000, 1.000000000000000000 ) ) ;
#535 = VECTOR ( 'NONE', #71, 1000.000000000000000 ) ;
#536 = PLANE ( 'NONE',  #1599 ) ;
#537 = VERTEX_POINT ( 'NONE', #184 ) ;
#538 = VERTEX_POINT ( 'NONE', #1180 ) ;
#539 = VERTEX_POINT ( 'NONE', #786 ) ;
#540 = CIRCLE ( 'NONE', #1197, 2.000000000000000000 ) ;
#541 = CARTESIAN_POINT ( 'NONE',  ( 39.59999999999999432, 0.000000000000000000, -4.938300221824593272 ) ) ;
#542 = EDGE_LOOP ( 'NONE', ( #1187, #684 ) ) ;
#543 = EDGE_CURVE ( 'NONE', #1043, #1514, #1034, .T. ) ;
#544 = CARTESIAN_POINT ( 'NONE',  ( 39.59999999999999432, 6.000000000000000000, -4.938300221824593272 ) ) ;
#545 = CYLINDRICAL_SURFACE ( 'NONE', #1627, 2.899999999999999911 ) ;
#546 = ORIENTED_EDGE ( 'NONE', *, *, #631, .T. ) ;
#547 = ORIENTED_EDGE ( 'NONE', *, *, #307, .F. ) ;
#548 = AXIS2_PLACEMENT_3D ( 'NONE', #1569, #1686, #3 ) ;
#549 = ORIENTED_EDGE ( 'NONE', *, *, #631, .F. ) ;
#550 = PLANE ( 'NONE',  #1649 ) ;
#551 = ORIENTED_EDGE ( 'NONE', *, *, #1374, .T. ) ;
#552 = DIRECTION ( 'NONE',  ( -0.000000000000000000, -1.000000000000000000, -0.000000000000000000 ) ) ;
#553 = CARTESIAN_POINT ( 'NONE',  ( 32.60500000000001819, 6.000000000000000000, 116.0616997781753952 ) ) ;
#554 = EDGE_CURVE ( 'NONE', #490, #980, #1448, .T. ) ;
#555 = AXIS2_PLACEMENT_3D ( 'NONE', #1468, #1200, #1496 ) ;
#556 = PLANE ( 'NONE',  #1573 ) ;
#557 = ORIENTED_EDGE ( 'NONE', *, *, #1224, .T. ) ;
#558 = ORIENTED_EDGE ( 'NONE', *, *, #171, .T. ) ;
#559 = ORIENTED_EDGE ( 'NONE', *, *, #1067, .F. ) ;
#560 = DIRECTION ( 'NONE',  ( 0.000000000000000000, 1.000000000000000000, 0.000000000000000000 ) ) ;
#561 = ORIENTED_EDGE ( 'NONE', *, *, #1290, .F. ) ;
#562 = LINE ( 'NONE', #1146, #1493 ) ;
#563 = FACE_OUTER_BOUND ( 'NONE', #1096, .T. ) ;
#564 = CYLINDRICAL_SURFACE ( 'NONE', #588, 2.000000000000000888 ) ;
#565 = ORIENTED_EDGE ( 'NONE', *, *, #477, .T. ) ;
#566 = ORIENTED_EDGE ( 'NONE', *, *, #687, .F. ) ;
#567 = LINE ( 'NONE', #28, #891 ) ;
#568 = EDGE_CURVE ( 'NONE', #231, #290, #325, .T. ) ;
#569 = DIRECTION ( 'NONE',  ( 1.273191542001326070E-16, -0.000000000000000000, 1.000000000000000000 ) ) ;
#570 = VECTOR ( 'NONE', #265, 1000.000000000000000 ) ;
#571 = CARTESIAN_POINT ( 'NONE',  ( -26.60000000000000497, 10.00000000000000000, 106.0616997781754236 ) ) ;
#572 = DIRECTION ( 'NONE',  ( -0.000000000000000000, 1.000000000000000000, -0.000000000000000000 ) ) ;
#573 = CARTESIAN_POINT ( 'NONE',  ( -33.70000000000000995, 2.000000000000000000, -22.93830022182460837 ) ) ;
#574 = ORIENTED_EDGE ( 'NONE', *, *, #102, .T. ) ;
#575 = CARTESIAN_POINT ( 'NONE',  ( -33.70000000000000995, 6.000000000000000000, -22.93830022182460837 ) ) ;
#576 = ORIENTED_EDGE ( 'NONE', *, *, #508, .F. ) ;
#577 = CARTESIAN_POINT ( 'NONE',  ( -33.70000000000000995, 6.000000000000000000, -22.93830022182460837 ) ) ;
#578 = CARTESIAN_POINT ( 'NONE',  ( -39.59999999999997300, 10.00000000000000000, 106.0616997781753952 ) ) ;
#579 = EDGE_CURVE ( 'NONE', #1129, #237, #791, .T. ) ;
#580 = CARTESIAN_POINT ( 'NONE',  ( 32.60500000000001819, 6.000000000000000000, 116.0616997781753952 ) ) ;
#581 = LINE ( 'NONE', #1550, #1818 ) ;
#582 = FACE_OUTER_BOUND ( 'NONE', #733, .T. ) ;
#583 = ORIENTED_EDGE ( 'NONE', *, *, #655, .F. ) ;
#584 = CARTESIAN_POINT ( 'NONE',  ( -41.60000000000000853, 6.000000000000000000, -4.938300221824606595 ) ) ;
#585 = ORIENTED_EDGE ( 'NONE', *, *, #1024, .F. ) ;
#586 = EDGE_CURVE ( 'NONE', #1363, #1111, #191, .T. ) ;
#587 = CARTESIAN_POINT ( 'NONE',  ( 32.60500000000001819, 2.000000000000000000, 116.0616997781753952 ) ) ;
#588 = AXIS2_PLACEMENT_3D ( 'NONE', #1713, #1287, #1722 ) ;
#589 = EDGE_CURVE ( 'NONE', #237, #1129, #1097, .T. ) ;
#590 = VECTOR ( 'NONE', #1051, 1000.000000000000000 ) ;
#591 = CARTESIAN_POINT ( 'NONE',  ( 28.60000000000000853, 10.00000000000000000, 104.0616997781754236 ) ) ;
#592 = CARTESIAN_POINT ( 'NONE',  ( -28.59999999999999432, 10.00000000000000000, -0.9383002218246033754 ) ) ;
#593 = LINE ( 'NONE', #1165, #228 ) ;
#594 = CARTESIAN_POINT ( 'NONE',  ( -33.70000000000000995, 6.000000000000000000, -27.93830022182460837 ) ) ;
#595 = AXIS2_PLACEMENT_3D ( 'NONE', #1607, #331, #1466 ) ;
#596 = VECTOR ( 'NONE', #569, 1000.000000000000000 ) ;
#597 = DIRECTION ( 'NONE',  ( 0.000000000000000000, 0.000000000000000000, 1.000000000000000000 ) ) ;
#598 = ORIENTED_EDGE ( 'NONE', *, *, #1091, .T. ) ;
#599 = VECTOR ( 'NONE', #1311, 1000.000000000000000 ) ;
#600 = CARTESIAN_POINT ( 'NONE',  ( 0.000000000000000000, 3.000000000000000000, 0.000000000000000000 ) ) ;
#601 = AXIS2_PLACEMENT_3D ( 'NONE', #344, #911, #1480 ) ;
#602 = DIRECTION ( 'NONE',  ( 1.000000000000000000, -0.000000000000000000, 1.850371707708594366E-15 ) ) ;
#603 = EDGE_CURVE ( 'NONE', #1240, #80, #1601, .T. ) ;
#604 = ORIENTED_EDGE ( 'NONE', *, *, #940, .F. ) ;
#605 = FACE_OUTER_BOUND ( 'NONE', #178, .T. ) ;
#606 = EDGE_LOOP ( 'NONE', ( #549, #254 ) ) ;
#607 = DIRECTION ( 'NONE',  ( 0.000000000000000000, -0.000000000000000000, -1.000000000000000000 ) ) ;
#608 = VECTOR ( 'NONE', #262, 1000.000000000000000 ) ;
#609 = CARTESIAN_POINT ( 'NONE',  ( -25.80000000000000071, 6.000000000000000000, -22.93830022182460837 ) ) ;
#610 = EDGE_CURVE ( 'NONE', #1813, #25, #1338, .T. ) ;
#611 = FACE_OUTER_BOUND ( 'NONE', #352, .T. ) ;
#612 = DIRECTION ( 'NONE',  ( 0.000000000000000000, 0.000000000000000000, 1.000000000000000000 ) ) ;
#613 = CARTESIAN_POINT ( 'NONE',  ( 33.69999999999999574, 6.000000000000000000, -22.93830022182462614 ) ) ;
#614 = DIRECTION ( 'NONE',  ( 3.469446951953613696E-16, 0.000000000000000000, 1.000000000000000000 ) ) ;
#615 = ORIENTED_EDGE ( 'NONE', *, *, #554, .T. ) ;
#616 = DIRECTION ( 'NONE',  ( 0.000000000000000000, 0.000000000000000000, 1.000000000000000000 ) ) ;
#617 = EDGE_LOOP ( 'NONE', ( #289, #413, #1414, #518 ) ) ;
#618 = DIRECTION ( 'NONE',  ( 0.000000000000000000, 0.000000000000000000, 1.000000000000000000 ) ) ;
#619 = VECTOR ( 'NONE', #119, 1000.000000000000000 ) ;
#620 = AXIS2_PLACEMENT_3D ( 'NONE', #1204, #790, #650 ) ;
#621 = ADVANCED_FACE ( 'NONE', ( #611 ), #1745, .F. ) ;
#622 = DIRECTION ( 'NONE',  ( 0.000000000000000000, -1.000000000000000000, 0.000000000000000000 ) ) ;
#623 = DIRECTION ( 'NONE',  ( -0.000000000000000000, -1.000000000000000000, -0.000000000000000000 ) ) ;
#624 = CARTESIAN_POINT ( 'NONE',  ( 33.69999999999999574, 0.000000000000000000, -25.83830022182462471 ) ) ;
#625 = ORIENTED_EDGE ( 'NONE', *, *, #1205, .F. ) ;
#626 = DIRECTION ( 'NONE',  ( 0.000000000000000000, 0.000000000000000000, -1.000000000000000000 ) ) ;
#627 = AXIS2_PLACEMENT_3D ( 'NONE', #407, #1234, #534 ) ;
#628 = SURFACE_STYLE_FILL_AREA ( #1756 ) ;
#629 = ORIENTED_EDGE ( 'NONE', *, *, #1215, .T. ) ;
#630 = FACE_OUTER_BOUND ( 'NONE', #411, .T. ) ;
#631 = EDGE_CURVE ( 'NONE', #1800, #1268, #1247, .T. ) ;
#632 = CARTESIAN_POINT ( 'NONE',  ( -32.60499999999998266, 2.000000000000000000, 116.0616997781754094 ) ) ;
#633 = LINE ( 'NONE', #1346, #359 ) ;
#634 = ORIENTED_EDGE ( 'NONE', *, *, #610, .F. ) ;
#635 = DIRECTION ( 'NONE',  ( 0.000000000000000000, 1.000000000000000000, 0.000000000000000000 ) ) ;
#636 = CARTESIAN_POINT ( 'NONE',  ( 0.000000000000000000, 3.000000000000000000, 9.061699778175391629 ) ) ;
#637 = VERTEX_POINT ( 'NONE', #908 ) ;
#638 = DIRECTION ( 'NONE',  ( 0.000000000000000000, 1.000000000000000000, 0.000000000000000000 ) ) ;
#639 = DIRECTION ( 'NONE',  ( 0.000000000000000000, 1.000000000000000000, 0.000000000000000000 ) ) ;
#640 = VECTOR ( 'NONE', #26, 1000.000000000000000 ) ;
#641 = EDGE_CURVE ( 'NONE', #1797, #243, #58, .T. ) ;
#642 = EDGE_CURVE ( 'NONE', #1514, #1043, #1751, .T. ) ;
#643 = CARTESIAN_POINT ( 'NONE',  ( -39.60000000000000142, 6.000000000000000000, -4.938300221824606595 ) ) ;
#644 = EDGE_CURVE ( 'NONE', #1118, #944, #61, .T. ) ;
#645 = LINE ( 'NONE', #1661, #1611 ) ;
#646 = DIRECTION ( 'NONE',  ( 0.000000000000000000, 0.000000000000000000, -1.000000000000000000 ) ) ;
#647 = EDGE_LOOP ( 'NONE', ( #1802, #117, #698, #50 ) ) ;
#648 = AXIS2_PLACEMENT_3D ( 'NONE', #577, #1843, #1706 ) ;
#649 = LINE ( 'NONE', #1785, #509 ) ;
#650 = DIRECTION ( 'NONE',  ( -9.130123557772668026E-18, 0.000000000000000000, 1.000000000000000000 ) ) ;
#651 = AXIS2_PLACEMENT_3D ( 'NONE', #1110, #1676, #1779 ) ;
#652 = CARTESIAN_POINT ( 'NONE',  ( 26.60000000000000497, 0.000000000000000000, 104.0616997781754236 ) ) ;
#653 = EDGE_LOOP ( 'NONE', ( #1423, #284 ) ) ;
#654 = CARTESIAN_POINT ( 'NONE',  ( -32.60499999999998266, 2.000000000000000000, 113.1616997781754037 ) ) ;
#655 = EDGE_CURVE ( 'NONE', #1797, #971, #348, .T. ) ;
#656 = CIRCLE ( 'NONE', #185, 7.900000000000002132 ) ;
#657 = CARTESIAN_POINT ( 'NONE',  ( 41.60000000000000142, 6.000000000000000000, -4.938300221824593272 ) ) ;
#658 = ORIENTED_EDGE ( 'NONE', *, *, #1310, .F. ) ;
#659 = VERTEX_POINT ( 'NONE', #516 ) ;
#660 = CARTESIAN_POINT ( 'NONE',  ( 39.59999999999999432, 0.000000000000000000, -2.938300221824605263 ) ) ;
#661 = CARTESIAN_POINT ( 'NONE',  ( 41.60000000000000853, 0.000000000000000000, 106.0616997781753952 ) ) ;
#662 = ORIENTED_EDGE ( 'NONE', *, *, #1583, .T. ) ;
#663 = CARTESIAN_POINT ( 'NONE',  ( 2.449293598294706907E-16, 6.000000000000000000, 11.06169977817539340 ) ) ;
#664 = ADVANCED_FACE ( 'NONE', ( #1379 ), #681, .F. ) ;
#665 = EDGE_CURVE ( 'NONE', #1826, #1111, #1086, .T. ) ;
#666 = FACE_OUTER_BOUND ( 'NONE', #64, .T. ) ;
#667 = ORIENTED_EDGE ( 'NONE', *, *, #162, .T. ) ;
#668 = FACE_OUTER_BOUND ( 'NONE', #1090, .T. ) ;
#669 = EDGE_LOOP ( 'NONE', ( #1328, #873, #1664, #29 ) ) ;
#670 = DIRECTION ( 'NONE',  ( -0.000000000000000000, -1.000000000000000000, -0.000000000000000000 ) ) ;
#671 = PLANE ( 'NONE',  #524 ) ;
#672 = AXIS2_PLACEMENT_3D ( 'NONE', #1424, #995, #1450 ) ;
#673 = ORIENTED_EDGE ( 'NONE', *, *, #397, .T. ) ;
#674 = VERTEX_POINT ( 'NONE', #240 ) ;
#675 =( GEOMETRIC_REPRESENTATION_CONTEXT ( 3 ) GLOBAL_UNCERTAINTY_ASSIGNED_CONTEXT ( ( #1041 ) ) GLOBAL_UNIT_ASSIGNED_CONTEXT ( ( #1059, #922, #821 ) ) REPRESENTATION_CONTEXT ( 'NONE', 'WORKASPACE' ) );
#676 = ORIENTED_EDGE ( 'NONE', *, *, #867, .F. ) ;
#677 = EDGE_CURVE ( 'NONE', #978, #679, #1507, .T. ) ;
#678 = DIRECTION ( 'NONE',  ( -0.000000000000000000, -1.000000000000000000, -0.000000000000000000 ) ) ;
#679 = VERTEX_POINT ( 'NONE', #806 ) ;
#680 = VECTOR ( 'NONE', #777, 1000.000000000000000 ) ;
#681 = CYLINDRICAL_SURFACE ( 'NONE', #948, 4.999999999999997335 ) ;
#682 = AXIS2_PLACEMENT_3D ( 'NONE', #900, #1319, #614 ) ;
#683 = FACE_OUTER_BOUND ( 'NONE', #1660, .T. ) ;
#684 = ORIENTED_EDGE ( 'NONE', *, *, #579, .T. ) ;
#685 = ORIENTED_EDGE ( 'NONE', *, *, #779, .F. ) ;
#686 = VERTEX_POINT ( 'NONE', #398 ) ;
#687 = EDGE_CURVE ( 'NONE', #1556, #1789, #1809, .T. ) ;
#688 = CARTESIAN_POINT ( 'NONE',  ( -33.70000000000000995, 2.000000000000000000, -27.93830022182460837 ) ) ;
#689 = ORIENTED_EDGE ( 'NONE', *, *, #841, .T. ) ;
#690 = DIRECTION ( 'NONE',  ( 0.000000000000000000, 0.000000000000000000, -1.000000000000000000 ) ) ;
#691 = DIRECTION ( 'NONE',  ( 0.000000000000000000, -0.000000000000000000, 1.000000000000000000 ) ) ;
#692 = DIRECTION ( 'NONE',  ( 0.000000000000000000, 0.000000000000000000, -1.000000000000000000 ) ) ;
#693 = ORIENTED_EDGE ( 'NONE', *, *, #457, .F. ) ;
#694 = ORIENTED_EDGE ( 'NONE', *, *, #1341, .F. ) ;
#695 = VECTOR ( 'NONE', #1293, 1000.000000000000000 ) ;
#696 = VERTEX_POINT ( 'NONE', #654 ) ;
#697 = FACE_BOUND ( 'NONE', #1823, .T. ) ;
#698 = ORIENTED_EDGE ( 'NONE', *, *, #519, .T. ) ;
#699 = ADVANCED_FACE ( 'NONE', ( #820 ), #229, .T. ) ;
#700 = CYLINDRICAL_SURFACE ( 'NONE', #776, 4.999999999999997335 ) ;
#701 = DIRECTION ( 'NONE',  ( -0.000000000000000000, 1.000000000000000000, -0.000000000000000000 ) ) ;
#702 = ORIENTED_EDGE ( 'NONE', *, *, #180, .F. ) ;
#703 = FACE_OUTER_BOUND ( 'NONE', #1712, .T. ) ;
#704 = EDGE_LOOP ( 'NONE', ( #60, #268, #547, #36, #212, #9, #1229, #426, #100, #1446, #467, #531, #1123, #752, #693, #38, #1056, #1184, #1271, #1199, #625, #1696, #1842, #1253, #527, #839 ) ) ;
#705 = ORIENTED_EDGE ( 'NONE', *, *, #1740, .T. ) ;
#706 = VERTEX_POINT ( 'NONE', #663 ) ;
#707 = CARTESIAN_POINT ( 'NONE',  ( 33.69999999999999574, 6.000000000000000000, -22.93830022182462614 ) ) ;
#708 = LINE ( 'NONE', #275, #1021 ) ;
#709 = AXIS2_PLACEMENT_3D ( 'NONE', #51, #473, #1190 ) ;
#710 = CYLINDRICAL_SURFACE ( 'NONE', #1584, 2.899999999999999911 ) ;
#711 = VECTOR ( 'NONE', #312, 1000.000000000000000 ) ;
#712 = ORIENTED_EDGE ( 'NONE', *, *, #1512, .F. ) ;
#713 = EDGE_CURVE ( 'NONE', #686, #1763, #384, .T. ) ;
#714 = DIRECTION ( 'NONE',  ( -0.000000000000000000, -1.000000000000000000, -0.000000000000000000 ) ) ;
#715 = VERTEX_POINT ( 'NONE', #1115 ) ;
#716 = ORIENTED_EDGE ( 'NONE', *, *, #932, .T. ) ;
#717 = DIRECTION ( 'NONE',  ( 0.000000000000000000, 0.000000000000000000, -1.000000000000000000 ) ) ;
#718 = AXIS2_PLACEMENT_3D ( 'NONE', #368, #255, #938 ) ;
#719 = DIRECTION ( 'NONE',  ( 0.000000000000000000, 0.000000000000000000, -1.000000000000000000 ) ) ;
#720 = CIRCLE ( 'NONE', #875, 2.000000000000001776 ) ;
#721 = CYLINDRICAL_SURFACE ( 'NONE', #214, 2.000000000000000000 ) ;
#722 = FACE_OUTER_BOUND ( 'NONE', #1397, .T. ) ;
#723 = ORIENTED_EDGE ( 'NONE', *, *, #12, .T. ) ;
#724 = CARTESIAN_POINT ( 'NONE',  ( -32.60499999999998266, 2.000000000000000000, 121.0616997781754094 ) ) ;
#725 = CARTESIAN_POINT ( 'NONE',  ( 33.69999999999999574, 6.000000000000000000, -17.93830022182462969 ) ) ;
#726 = EDGE_CURVE ( 'NONE', #1793, #270, #1526, .T. ) ;
#727 = EDGE_CURVE ( 'NONE', #431, #1748, #963, .T. ) ;
#728 = DIRECTION ( 'NONE',  ( 0.000000000000000000, 0.000000000000000000, 1.000000000000000000 ) ) ;
#729 = VERTEX_POINT ( 'NONE', #101 ) ;
#730 = CARTESIAN_POINT ( 'NONE',  ( -33.70000000000000995, 0.000000000000000000, -22.93830022182460837 ) ) ;
#731 = FACE_OUTER_BOUND ( 'NONE', #19, .T. ) ;
#732 = CARTESIAN_POINT ( 'NONE',  ( 32.60500000000001819, 6.000000000000000000, 113.1616997781753895 ) ) ;
#733 = EDGE_LOOP ( 'NONE', ( #1386, #1812, #218, #1817 ) ) ;
#734 = DIRECTION ( 'NONE',  ( 0.000000000000000000, 1.000000000000000000, 0.000000000000000000 ) ) ;
#735 = VECTOR ( 'NONE', #17, 1000.000000000000000 ) ;
#736 = ORIENTED_EDGE ( 'NONE', *, *, #1760, .T. ) ;
#737 = ORIENTED_EDGE ( 'NONE', *, *, #610, .T. ) ;
#738 = ADVANCED_FACE ( 'NONE', ( #1808 ), #1094, .F. ) ;
#739 = CARTESIAN_POINT ( 'NONE',  ( -25.80000000000000071, 0.000000000000000000, -22.93830022182460837 ) ) ;
#740 = CARTESIAN_POINT ( 'NONE',  ( 28.60000000000000853, 6.000000000000000000, 104.0616997781754236 ) ) ;
#741 = ORIENTED_EDGE ( 'NONE', *, *, #1193, .F. ) ;
#742 = DIRECTION ( 'NONE',  ( 0.000000000000000000, 0.000000000000000000, -1.000000000000000000 ) ) ;
#743 = AXIS2_PLACEMENT_3D ( 'NONE', #1505, #394, #1101 ) ;
#744 = ORIENTED_EDGE ( 'NONE', *, *, #360, .F. ) ;
#745 = ORIENTED_EDGE ( 'NONE', *, *, #1193, .T. ) ;
#746 = FACE_BOUND ( 'NONE', #311, .T. ) ;
#747 = EDGE_CURVE ( 'NONE', #1506, #1445, #645, .T. ) ;
#748 = VECTOR ( 'NONE', #336, 1000.000000000000000 ) ;
#749 = CARTESIAN_POINT ( 'NONE',  ( -32.60499999999998266, 2.000000000000000000, 121.0616997781754094 ) ) ;
#750 = CARTESIAN_POINT ( 'NONE',  ( -3.999999999999999112, 3.000000000000000000, 4.061699778175390740 ) ) ;
#751 = DIRECTION ( 'NONE',  ( 0.000000000000000000, 1.000000000000000000, 0.000000000000000000 ) ) ;
#752 = ORIENTED_EDGE ( 'NONE', *, *, #396, .T. ) ;
#753 = DIRECTION ( 'NONE',  ( -1.000000000000000000, 0.000000000000000000, -0.000000000000000000 ) ) ;
#754 = CARTESIAN_POINT ( 'NONE',  ( -25.80000000000000071, 0.000000000000000000, -22.93830022182460837 ) ) ;
#755 = ORIENTED_EDGE ( 'NONE', *, *, #1746, .T. ) ;
#756 = DIRECTION ( 'NONE',  ( -0.000000000000000000, -1.000000000000000000, -0.000000000000000000 ) ) ;
#757 = EDGE_CURVE ( 'NONE', #1111, #290, #1798, .T. ) ;
#758 = DIRECTION ( 'NONE',  ( 0.000000000000000000, 1.000000000000000000, 0.000000000000000000 ) ) ;
#759 = LINE ( 'NONE', #799, #838 ) ;
#760 = CARTESIAN_POINT ( 'NONE',  ( 33.69999999999999574, 2.000000000000000000, -22.93830022182462614 ) ) ;
#761 = VECTOR ( 'NONE', #1381, 1000.000000000000000 ) ;
#762 = CARTESIAN_POINT ( 'NONE',  ( 33.69999999999999574, 6.000000000000000000, -22.93830022182462614 ) ) ;
#763 = ORIENTED_EDGE ( 'NONE', *, *, #1582, .F. ) ;
#764 = CARTESIAN_POINT ( 'NONE',  ( -32.60499999999998266, 2.000000000000000000, 111.0616997781753952 ) ) ;
#765 = EDGE_CURVE ( 'NONE', #1734, #1833, #833, .T. ) ;
#766 = AXIS2_PLACEMENT_3D ( 'NONE', #1040, #635, #616 ) ;
#767 = EDGE_LOOP ( 'NONE', ( #222, #557, #1721, #144 ) ) ;
#768 = CIRCLE ( 'NONE', #1013, 5.000000000000000888 ) ;
#769 = VECTOR ( 'NONE', #925, 1000.000000000000000 ) ;
#770 = DIRECTION ( 'NONE',  ( 0.000000000000000000, 1.000000000000000000, 0.000000000000000000 ) ) ;
#771 = LINE ( 'NONE', #337, #1029 ) ;
#772 = CIRCLE ( 'NONE', #62, 2.899999999999999911 ) ;
#773 = DIRECTION ( 'NONE',  ( -1.000000000000000000, 0.000000000000000000, 1.273191542001326070E-16 ) ) ;
#774 = ORIENTED_EDGE ( 'NONE', *, *, #907, .F. ) ;
#775 = DIRECTION ( 'NONE',  ( -1.000000000000000000, 0.000000000000000000, 0.000000000000000000 ) ) ;
#776 = AXIS2_PLACEMENT_3D ( 'NONE', #1272, #295, #1837 ) ;
#777 = DIRECTION ( 'NONE',  ( -0.000000000000000000, 1.000000000000000000, -0.000000000000000000 ) ) ;
#778 = ORIENTED_EDGE ( 'NONE', *, *, #317, .T. ) ;
#779 = EDGE_CURVE ( 'NONE', #390, #870, #1216, .T. ) ;
#780 = LINE ( 'NONE', #1640, #272 ) ;
#781 = DIRECTION ( 'NONE',  ( -0.000000000000000000, -1.000000000000000000, -0.000000000000000000 ) ) ;
#782 = ADVANCED_FACE ( 'NONE', ( #954 ), #507, .F. ) ;
#783 = FACE_BOUND ( 'NONE', #401, .T. ) ;
#784 = ORIENTED_EDGE ( 'NONE', *, *, #33, .T. ) ;
#785 = AXIS2_PLACEMENT_3D ( 'NONE', #707, #1145, #1284 ) ;
#786 = CARTESIAN_POINT ( 'NONE',  ( -26.60000000000000497, 6.000000000000000000, 104.0616997781754236 ) ) ;
#787 = CARTESIAN_POINT ( 'NONE',  ( -28.59999999999999432, 6.000000000000000000, -2.938300221824605263 ) ) ;
#788 = ORIENTED_EDGE ( 'NONE', *, *, #989, .T. ) ;
#789 = CARTESIAN_POINT ( 'NONE',  ( 33.69999999999999574, 2.000000000000000000, -25.83830022182462471 ) ) ;
#790 = DIRECTION ( 'NONE',  ( -1.000000000000000000, 0.000000000000000000, -9.130123557772668026E-18 ) ) ;
#791 = CIRCLE ( 'NONE', #256, 2.000000000000001776 ) ;
#792 = EDGE_CURVE ( 'NONE', #1506, #978, #6, .T. ) ;
#793 = DIRECTION ( 'NONE',  ( -0.000000000000000000, -1.000000000000000000, -0.000000000000000000 ) ) ;
#794 = ORIENTED_EDGE ( 'NONE', *, *, #842, .T. ) ;
#795 = CARTESIAN_POINT ( 'NONE',  ( 32.60500000000001819, 2.000000000000000000, 116.0616997781753952 ) ) ;
#796 = CARTESIAN_POINT ( 'NONE',  ( -41.59999999999999432, 10.00000000000000000, -2.938300221824605263 ) ) ;
#797 = VERTEX_POINT ( 'NONE', #1790 ) ;
#798 = CIRCLE ( 'NONE', #475, 2.899999999999999911 ) ;
#799 = CARTESIAN_POINT ( 'NONE',  ( 33.69999999999999574, 6.000000000000000000, -25.83830022182462471 ) ) ;
#800 = DIRECTION ( 'NONE',  ( 0.000000000000000000, 0.000000000000000000, 1.000000000000000000 ) ) ;
#801 = VECTOR ( 'NONE', #233, 1000.000000000000000 ) ;
#802 = DIRECTION ( 'NONE',  ( -0.000000000000000000, 1.000000000000000000, -0.000000000000000000 ) ) ;
#803 = EDGE_LOOP ( 'NONE', ( #412, #1677, #1732, #1544 ) ) ;
#804 = ADVANCED_FACE ( 'NONE', ( #945, #436 ), #1273, .T. ) ;
#805 = EDGE_CURVE ( 'NONE', #539, #167, #1669, .T. ) ;
#806 = CARTESIAN_POINT ( 'NONE',  ( 32.60500000000001819, 6.000000000000000000, 111.0616997781753810 ) ) ;
#807 = VECTOR ( 'NONE', #1782, 1000.000000000000000 ) ;
#808 = DIRECTION ( 'NONE',  ( 0.000000000000000000, 0.000000000000000000, 1.000000000000000000 ) ) ;
#809 = VERTEX_POINT ( 'NONE', #1551 ) ;
#810 = DIRECTION ( 'NONE',  ( 0.000000000000000000, 0.000000000000000000, -1.000000000000000000 ) ) ;
#811 = ORIENTED_EDGE ( 'NONE', *, *, #1695, .T. ) ;
#812 = DIRECTION ( 'NONE',  ( 0.000000000000000000, 1.000000000000000000, 0.000000000000000000 ) ) ;
#813 = EDGE_CURVE ( 'NONE', #538, #1789, #1421, .T. ) ;
#814 = CARTESIAN_POINT ( 'NONE',  ( -25.79999999999999716, 6.000000000000000000, -12.93830022182460837 ) ) ;
#815 = ORIENTED_EDGE ( 'NONE', *, *, #842, .F. ) ;
#816 = ORIENTED_EDGE ( 'NONE', *, *, #1112, .T. ) ;
#817 = ORIENTED_EDGE ( 'NONE', *, *, #506, .T. ) ;
#818 = CARTESIAN_POINT ( 'NONE',  ( 33.69999999999999574, 2.000000000000000000, -22.93830022182462614 ) ) ;
#819 = EDGE_LOOP ( 'NONE', ( #559, #395, #1644, #1454 ) ) ;
#820 = FACE_OUTER_BOUND ( 'NONE', #968, .T. ) ;
#821 =( NAMED_UNIT ( * ) SI_UNIT ( $, .STERADIAN. ) SOLID_ANGLE_UNIT ( ) );
#822 = CIRCLE ( 'NONE', #1720, 2.000000000000000888 ) ;
#823 = VERTEX_POINT ( 'NONE', #1002 ) ;
#824 = VERTEX_POINT ( 'NONE', #1838 ) ;
#825 = ADVANCED_FACE ( 'NONE', ( #1147 ), #286, .F. ) ;
#826 = AXIS2_PLACEMENT_3D ( 'NONE', #83, #202, #646 ) ;
#827 = ORIENTED_EDGE ( 'NONE', *, *, #805, .T. ) ;
#828 = CARTESIAN_POINT ( 'NONE',  ( -41.60000000000000853, 0.000000000000000000, -22.93830022182460837 ) ) ;
#829 = ORIENTED_EDGE ( 'NONE', *, *, #1091, .F. ) ;
#830 = VECTOR ( 'NONE', #1377, 1000.000000000000000 ) ;
#831 = AXIS2_PLACEMENT_3D ( 'NONE', #1018, #1742, #1575 ) ;
#832 = FACE_OUTER_BOUND ( 'NONE', #251, .T. ) ;
#833 = LINE ( 'NONE', #1654, #159 ) ;
#834 = AXIS2_PLACEMENT_3D ( 'NONE', #183, #1031, #356 ) ;
#835 = DIRECTION ( 'NONE',  ( 0.000000000000000000, 1.000000000000000000, 0.000000000000000000 ) ) ;
#836 = VERTEX_POINT ( 'NONE', #305 ) ;
#837 = ORIENTED_EDGE ( 'NONE', *, *, #197, .F. ) ;
#838 = VECTOR ( 'NONE', #1220, 1000.000000000000000 ) ;
#839 = ORIENTED_EDGE ( 'NONE', *, *, #1582, .T. ) ;
#840 = ADVANCED_FACE ( 'NONE', ( #563 ), #877, .F. ) ;
#841 = EDGE_CURVE ( 'NONE', #947, #637, #1295, .T. ) ;
#842 = EDGE_CURVE ( 'NONE', #1834, #1363, #1727, .T. ) ;
#843 = DIRECTION ( 'NONE',  ( 0.000000000000000000, -1.000000000000000000, 0.000000000000000000 ) ) ;
#844 = EDGE_LOOP ( 'NONE', ( #712, #420, #389, #1292 ) ) ;
#845 = CARTESIAN_POINT ( 'NONE',  ( -41.60000000000000853, 10.00000000000000000, 106.0616997781753952 ) ) ;
#846 = LINE ( 'NONE', #139, #1814 ) ;
#847 = VERTEX_POINT ( 'NONE', #455 ) ;
#848 = CARTESIAN_POINT ( 'NONE',  ( -39.59999999999998010, 0.000000000000000000, 108.0616997781753952 ) ) ;
#849 = VERTEX_POINT ( 'NONE', #883 ) ;
#850 = ORIENTED_EDGE ( 'NONE', *, *, #941, .T. ) ;
#851 = CIRCLE ( 'NONE', #369, 2.899999999999999911 ) ;
#852 = ORIENTED_EDGE ( 'NONE', *, *, #1769, .F. ) ;
#853 = FACE_OUTER_BOUND ( 'NONE', #371, .T. ) ;
#854 = ORIENTED_EDGE ( 'NONE', *, *, #53, .F. ) ;
#855 = ADVANCED_FACE ( 'NONE', ( #582 ), #314, .F. ) ;
#856 = LINE ( 'NONE', #1420, #361 ) ;
#857 = DIRECTION ( 'NONE',  ( -0.000000000000000000, -1.000000000000000000, -0.000000000000000000 ) ) ;
#858 = DIRECTION ( 'NONE',  ( -0.000000000000000000, 1.000000000000000000, -0.000000000000000000 ) ) ;
#859 = ORIENTED_EDGE ( 'NONE', *, *, #1570, .F. ) ;
#860 = ORIENTED_EDGE ( 'NONE', *, *, #307, .T. ) ;
#861 = CARTESIAN_POINT ( 'NONE',  ( -32.60499999999998266, 2.000000000000000000, 116.0616997781754094 ) ) ;
#862 = ORIENTED_EDGE ( 'NONE', *, *, #65, .F. ) ;
#863 = CARTESIAN_POINT ( 'NONE',  ( -33.70000000000000995, 2.000000000000000000, -22.93830022182460837 ) ) ;
#864 = LINE ( 'NONE', #1828, #160 ) ;
#865 = VECTOR ( 'NONE', #1057, 1000.000000000000000 ) ;
#866 = CARTESIAN_POINT ( 'NONE',  ( -28.60000000000000853, 6.000000000000000000, 104.0616997781754236 ) ) ;
#867 = EDGE_CURVE ( 'NONE', #880, #1289, #899, .T. ) ;
#868 = ADVANCED_FACE ( 'NONE', ( #1442 ), #1154, .F. ) ;
#869 = CIRCLE ( 'NONE', #238, 4.999999999999997335 ) ;
#870 = VERTEX_POINT ( 'NONE', #1022 ) ;
#871 = DIRECTION ( 'NONE',  ( 0.000000000000000000, 0.000000000000000000, 1.000000000000000000 ) ) ;
#872 = DIRECTION ( 'NONE',  ( 0.000000000000000000, 0.000000000000000000, 1.000000000000000000 ) ) ;
#873 = ORIENTED_EDGE ( 'NONE', *, *, #677, .T. ) ;
#874 = DIRECTION ( 'NONE',  ( 0.000000000000000000, -0.000000000000000000, 1.000000000000000000 ) ) ;
#875 = AXIS2_PLACEMENT_3D ( 'NONE', #1285, #1580, #1571 ) ;
#876 = DIRECTION ( 'NONE',  ( 0.000000000000000000, -1.000000000000000000, 0.000000000000000000 ) ) ;
#877 = CYLINDRICAL_SURFACE ( 'NONE', #393, 2.899999999999999911 ) ;
#878 = CARTESIAN_POINT ( 'NONE',  ( 28.59999999999999432, 0.000000000000000000, -0.9383002218246051518 ) ) ;
#879 = EDGE_CURVE ( 'NONE', #343, #1093, #772, .T. ) ;
#880 = VERTEX_POINT ( 'NONE', #147 ) ;
#881 = ORIENTED_EDGE ( 'NONE', *, *, #1224, .F. ) ;
#882 = DIRECTION ( 'NONE',  ( 0.000000000000000000, 0.000000000000000000, 1.000000000000000000 ) ) ;
#883 = CARTESIAN_POINT ( 'NONE',  ( -41.60000000000000853, 0.000000000000000000, -22.93830022182460837 ) ) ;
#884 = FACE_OUTER_BOUND ( 'NONE', #1384, .T. ) ;
#885 = CIRCLE ( 'NONE', #555, 5.000000000000004441 ) ;
#886 = APPLICATION_PROTOCOL_DEFINITION ( 'draft international standard', 'automotive_design', 1998, #1801 ) ;
#887 = ORIENTED_EDGE ( 'NONE', *, *, #1690, .F. ) ;
#888 = ADVANCED_FACE ( 'NONE', ( #722 ), #1266, .T. ) ;
#889 = DIRECTION ( 'NONE',  ( 0.000000000000000000, 0.000000000000000000, 1.000000000000000000 ) ) ;
#890 = CARTESIAN_POINT ( 'NONE',  ( -28.59999999999999432, 0.000000000000000000, -2.938300221824605263 ) ) ;
#891 = VECTOR ( 'NONE', #1714, 1000.000000000000000 ) ;
#892 = DIRECTION ( 'NONE',  ( -1.397092732330314579E-16, 0.000000000000000000, -1.000000000000000000 ) ) ;
#893 = AXIS2_PLACEMENT_3D ( 'NONE', #1213, #116, #810 ) ;
#894 = CARTESIAN_POINT ( 'NONE',  ( -41.59999999999998721, 6.000000000000000000, 108.0616997781753952 ) ) ;
#895 = ADVANCED_FACE ( 'NONE', ( #1829 ), #710, .F. ) ;
#896 = DIRECTION ( 'NONE',  ( 0.000000000000000000, 0.000000000000000000, 1.000000000000000000 ) ) ;
#897 = EDGE_CURVE ( 'NONE', #10, #89, #846, .T. ) ;
#898 = VECTOR ( 'NONE', #193, 1000.000000000000000 ) ;
#899 = CIRCLE ( 'NONE', #98, 2.899999999999999911 ) ;
#900 = CARTESIAN_POINT ( 'NONE',  ( -25.80000000000000071, 6.000000000000000000, -22.93830022182460837 ) ) ;
#901 = DIRECTION ( 'NONE',  ( 1.000000000000000000, 0.000000000000000000, -1.397092732330314579E-16 ) ) ;
#902 = CARTESIAN_POINT ( 'NONE',  ( 32.60500000000001819, 6.000000000000000000, 116.0616997781753952 ) ) ;
#903 = DIRECTION ( 'NONE',  ( 0.000000000000000000, 0.000000000000000000, 1.000000000000000000 ) ) ;
#904 = CYLINDRICAL_SURFACE ( 'NONE', #1337, 5.000000000000004441 ) ;
#905 = DIRECTION ( 'NONE',  ( 0.000000000000000000, 1.000000000000000000, 0.000000000000000000 ) ) ;
#906 = ORIENTED_EDGE ( 'NONE', *, *, #1465, .F. ) ;
#907 = EDGE_CURVE ( 'NONE', #537, #515, #1398, .T. ) ;
#908 = CARTESIAN_POINT ( 'NONE',  ( 32.60500000000001819, 0.000000000000000000, 113.1616997781753895 ) ) ;
#909 = SURFACE_STYLE_USAGE ( .BOTH. , #485 ) ;
#910 = ORIENTED_EDGE ( 'NONE', *, *, #554, .F. ) ;
#911 = DIRECTION ( 'NONE',  ( -0.000000000000000000, -1.000000000000000000, -0.000000000000000000 ) ) ;
#912 = CARTESIAN_POINT ( 'NONE',  ( 3.999999999999996447, 0.000000000000000000, 99.06169977817539518 ) ) ;
#913 = CIRCLE ( 'NONE', #494, 5.000000000000004441 ) ;
#914 = CYLINDRICAL_SURFACE ( 'NONE', #595, 7.900000000000000355 ) ;
#915 = ORIENTED_EDGE ( 'NONE', *, *, #1225, .T. ) ;
#916 = CIRCLE ( 'NONE', #294, 2.000000000000001776 ) ;
#917 = AXIS2_PLACEMENT_3D ( 'NONE', #131, #1367, #1235 ) ;
#918 = PRODUCT_RELATED_PRODUCT_CATEGORY ( 'part', '', ( #1456 ) ) ;
#919 = EDGE_CURVE ( 'NONE', #1268, #1800, #210, .T. ) ;
#920 = CARTESIAN_POINT ( 'NONE',  ( -33.70000000000000995, 6.000000000000000000, -2.938300221824605263 ) ) ;
#921 = ADVANCED_FACE ( 'NONE', ( #1737 ), #59, .F. ) ;
#922 =( NAMED_UNIT ( * ) PLANE_ANGLE_UNIT ( ) SI_UNIT ( $, .RADIAN. ) );
#923 = VECTOR ( 'NONE', #326, 1000.000000000000000 ) ;
#924 = DIRECTION ( 'NONE',  ( 0.000000000000000000, 0.000000000000000000, 1.000000000000000000 ) ) ;
#925 = DIRECTION ( 'NONE',  ( 1.273191542001326070E-16, 0.000000000000000000, -1.000000000000000000 ) ) ;
#926 = CARTESIAN_POINT ( 'NONE',  ( -39.59999999999997300, 0.000000000000000000, 106.0616997781753952 ) ) ;
#927 = EDGE_LOOP ( 'NONE', ( #242, #1236 ) ) ;
#928 = AXIS2_PLACEMENT_3D ( 'NONE', #1510, #1359, #1211 ) ;
#929 = DIRECTION ( 'NONE',  ( -0.000000000000000000, -1.000000000000000000, -0.000000000000000000 ) ) ;
#930 = CARTESIAN_POINT ( 'NONE',  ( -33.70000000000000995, 0.000000000000000000, -22.93830022182460837 ) ) ;
#931 = ORIENTED_EDGE ( 'NONE', *, *, #999, .T. ) ;
#932 = EDGE_CURVE ( 'NONE', #729, #947, #125, .T. ) ;
#933 = CARTESIAN_POINT ( 'NONE',  ( -26.59999999999999076, 0.000000000000000000, -0.9383002218246031534 ) ) ;
#934 = CARTESIAN_POINT ( 'NONE',  ( -33.70000000000000995, 6.000000000000000000, -20.03830022182460979 ) ) ;
#935 = CARTESIAN_POINT ( 'NONE',  ( -28.60000000000001208, 0.000000000000000000, 106.0616997781754236 ) ) ;
#936 = ORIENTED_EDGE ( 'NONE', *, *, #456, .T. ) ;
#937 = VECTOR ( 'NONE', #293, 1000.000000000000000 ) ;
#938 = DIRECTION ( 'NONE',  ( 0.000000000000000000, 0.000000000000000000, -1.000000000000000000 ) ) ;
#939 = DIRECTION ( 'NONE',  ( -0.000000000000000000, -1.000000000000000000, -0.000000000000000000 ) ) ;
#940 = EDGE_CURVE ( 'NONE', #1811, #1763, #49, .T. ) ;
#941 = EDGE_CURVE ( 'NONE', #1547, #1363, #1753, .T. ) ;
#942 = DIRECTION ( 'NONE',  ( -0.000000000000000000, -1.000000000000000000, -0.000000000000000000 ) ) ;
#943 = FACE_BOUND ( 'NONE', #250, .T. ) ;
#944 = VERTEX_POINT ( 'NONE', #1600 ) ;
#945 = FACE_BOUND ( 'NONE', #1841, .T. ) ;
#946 = CARTESIAN_POINT ( 'NONE',  ( -3.999999999999999112, 0.000000000000000000, 4.061699778175390740 ) ) ;
#947 = VERTEX_POINT ( 'NONE', #1762 ) ;
#948 = AXIS2_PLACEMENT_3D ( 'NONE', #1400, #1515, #1226 ) ;
#949 = ORIENTED_EDGE ( 'NONE', *, *, #338, .T. ) ;
#950 = AXIS2_PLACEMENT_3D ( 'NONE', #1196, #330, #1463 ) ;
#951 = CARTESIAN_POINT ( 'NONE',  ( -32.60499999999998266, 2.000000000000000000, 116.0616997781754094 ) ) ;
#952 = ORIENTED_EDGE ( 'NONE', *, *, #1036, .T. ) ;
#953 = ADVANCED_FACE ( 'NONE', ( #1063 ), #1631, .F. ) ;
#954 = FACE_OUTER_BOUND ( 'NONE', #1139, .T. ) ;
#955 = AXIS2_PLACEMENT_3D ( 'NONE', #993, #23, #1125 ) ;
#956 = CARTESIAN_POINT ( 'NONE',  ( 0.000000000000000000, 6.000000000000000000, 9.061699778175391629 ) ) ;
#957 = VECTOR ( 'NONE', #572, 1000.000000000000000 ) ;
#958 = VERTEX_POINT ( 'NONE', #609 ) ;
#959 = VERTEX_POINT ( 'NONE', #1324 ) ;
#960 = ORIENTED_EDGE ( 'NONE', *, *, #1827, .F. ) ;
#961 = DIRECTION ( 'NONE',  ( 0.000000000000000000, 0.000000000000000000, 1.000000000000000000 ) ) ;
#962 = EDGE_LOOP ( 'NONE', ( #132, #966, #817, #470 ) ) ;
#963 = LINE ( 'NONE', #1532, #333 ) ;
#964 = EDGE_CURVE ( 'NONE', #1738, #167, #1179, .T. ) ;
#965 = DIRECTION ( 'NONE',  ( 1.000000000000000000, 0.000000000000000000, 0.000000000000000000 ) ) ;
#966 = ORIENTED_EDGE ( 'NONE', *, *, #1746, .F. ) ;
#967 = VERTEX_POINT ( 'NONE', #324 ) ;
#968 = EDGE_LOOP ( 'NONE', ( #1248, #113, #975, #133 ) ) ;
#969 = CIRCLE ( 'NONE', #1121, 2.000000000000001776 ) ;
#970 = CARTESIAN_POINT ( 'NONE',  ( -33.70000000000000995, 2.000000000000000000, -27.93830022182460837 ) ) ;
#971 = VERTEX_POINT ( 'NONE', #1472 ) ;
#972 = CARTESIAN_POINT ( 'NONE',  ( -32.60499999999998266, 0.000000000000000000, 113.1616997781754037 ) ) ;
#973 = DIRECTION ( 'NONE',  ( -0.000000000000000000, 1.000000000000000000, -0.000000000000000000 ) ) ;
#974 = DIRECTION ( 'NONE',  ( -0.000000000000000000, -1.000000000000000000, -0.000000000000000000 ) ) ;
#975 = ORIENTED_EDGE ( 'NONE', *, *, #1100, .F. ) ;
#976 = ORIENTED_EDGE ( 'NONE', *, *, #1603, .F. ) ;
#977 = EDGE_CURVE ( 'NONE', #1416, #1137, #633, .T. ) ;
#978 = VERTEX_POINT ( 'NONE', #174 ) ;
#979 = DIRECTION ( 'NONE',  ( 0.000000000000000000, 1.000000000000000000, 0.000000000000000000 ) ) ;
#980 = VERTEX_POINT ( 'NONE', #624 ) ;
#981 = AXIS2_PLACEMENT_3D ( 'NONE', #87, #793, #1816 ) ;
#982 = CARTESIAN_POINT ( 'NONE',  ( 41.60000000000000142, 6.000000000000000000, 126.0616997781754094 ) ) ;
#983 = DIRECTION ( 'NONE',  ( -0.000000000000000000, -1.000000000000000000, -0.000000000000000000 ) ) ;
#984 = FACE_OUTER_BOUND ( 'NONE', #844, .T. ) ;
#985 = ORIENTED_EDGE ( 'NONE', *, *, #1690, .T. ) ;
#986 = ORIENTED_EDGE ( 'NONE', *, *, #42, .F. ) ;
#987 = CIRCLE ( 'NONE', #1642, 2.899999999999999911 ) ;
#988 = ORIENTED_EDGE ( 'NONE', *, *, #1151, .T. ) ;
#989 = EDGE_CURVE ( 'NONE', #1064, #1416, #1254, .T. ) ;
#990 = DIRECTION ( 'NONE',  ( 0.000000000000000000, 1.000000000000000000, 0.000000000000000000 ) ) ;
#991 = VERTEX_POINT ( 'NONE', #890 ) ;
#992 = DIRECTION ( 'NONE',  ( 1.000000000000000000, 0.000000000000000000, 1.850371707708594366E-15 ) ) ;
#993 = CARTESIAN_POINT ( 'NONE',  ( 41.59999999999999432, 10.00000000000000000, -2.938300221824605263 ) ) ;
#994 = ORIENTED_EDGE ( 'NONE', *, *, #642, .T. ) ;
#995 = DIRECTION ( 'NONE',  ( 1.000000000000000000, 0.000000000000000000, 0.000000000000000000 ) ) ;
#996 = ORIENTED_EDGE ( 'NONE', *, *, #1465, .T. ) ;
#997 = ORIENTED_EDGE ( 'NONE', *, *, #964, .T. ) ;
#998 = CARTESIAN_POINT ( 'NONE',  ( 33.69999999999999574, 6.000000000000000000, -22.93830022182462614 ) ) ;
#999 = EDGE_CURVE ( 'NONE', #25, #847, #1055, .T. ) ;
#1000 = DIRECTION ( 'NONE',  ( 0.000000000000000000, 0.000000000000000000, 1.000000000000000000 ) ) ;
#1001 = DIRECTION ( 'NONE',  ( 0.000000000000000000, 1.000000000000000000, 0.000000000000000000 ) ) ;
#1002 = CARTESIAN_POINT ( 'NONE',  ( 33.69999999999999574, 2.000000000000000000, -27.93830022182462258 ) ) ;
#1003 = ORIENTED_EDGE ( 'NONE', *, *, #1815, .F. ) ;
#1004 = CARTESIAN_POINT ( 'NONE',  ( 41.60000000000000142, 0.000000000000000000, 126.0616997781754094 ) ) ;
#1005 = CIRCLE ( 'NONE', #260, 2.000000000000001776 ) ;
#1006 = CARTESIAN_POINT ( 'NONE',  ( 25.79999999999999005, 0.000000000000000000, -22.93830022182462614 ) ) ;
#1007 = AXIS2_PLACEMENT_3D ( 'NONE', #1646, #751, #618 ) ;
#1008 = CIRCLE ( 'NONE', #1390, 2.000000000000000000 ) ;
#1009 = LINE ( 'NONE', #688, #1265 ) ;
#1010 = FACE_OUTER_BOUND ( 'NONE', #52, .T. ) ;
#1011 = VECTOR ( 'NONE', #1626, 1000.000000000000000 ) ;
#1012 = DIRECTION ( 'NONE',  ( 0.000000000000000000, 0.000000000000000000, 1.000000000000000000 ) ) ;
#1013 = AXIS2_PLACEMENT_3D ( 'NONE', #301, #1306, #597 ) ;
#1014 = EDGE_CURVE ( 'NONE', #1826, #231, #472, .T. ) ;
#1015 = CARTESIAN_POINT ( 'NONE',  ( 41.60000000000000142, 6.000000000000000000, -22.93830022182462614 ) ) ;
#1016 = APPLICATION_PROTOCOL_DEFINITION ( 'draft international standard', 'automotive_design', 1998, #403 ) ;
#1017 = AXIS2_PLACEMENT_3D ( 'NONE', #489, #773, #207 ) ;
#1018 = CARTESIAN_POINT ( 'NONE',  ( -25.79999999999999716, 6.000000000000000000, -12.93830022182460837 ) ) ;
#1019 = ORIENTED_EDGE ( 'NONE', *, *, #586, .F. ) ;
#1020 = PLANE ( 'NONE',  #950 ) ;
#1021 = VECTOR ( 'NONE', #552, 1000.000000000000000 ) ;
#1022 = CARTESIAN_POINT ( 'NONE',  ( 41.60000000000000142, 0.000000000000000000, 126.0616997781754094 ) ) ;
#1023 = ORIENTED_EDGE ( 'NONE', *, *, #42, .T. ) ;
#1024 = EDGE_CURVE ( 'NONE', #1821, #89, #1167, .T. ) ;
#1025 = LINE ( 'NONE', #584, #1773 ) ;
#1026 = CARTESIAN_POINT ( 'NONE',  ( 25.79999999999999005, 6.000000000000000000, -22.93830022182462614 ) ) ;
#1027 = CARTESIAN_POINT ( 'NONE',  ( -33.70000000000000995, 2.000000000000000000, -22.93830022182460837 ) ) ;
#1028 = VERTEX_POINT ( 'NONE', #749 ) ;
#1029 = VECTOR ( 'NONE', #623, 1000.000000000000000 ) ;
#1030 = FACE_OUTER_BOUND ( 'NONE', #169, .T. ) ;
#1031 = DIRECTION ( 'NONE',  ( 0.000000000000000000, 1.000000000000000000, 0.000000000000000000 ) ) ;
#1032 = EDGE_LOOP ( 'NONE', ( #259, #1418, #976, #319, #906, #827, #1214, #377, #340, #778, #1181, #505, #561, #788, #986, #124, #583, #1368, #1210, #380, #1673, #1269, #1298, #745, #755, #405 ) ) ;
#1033 = DIRECTION ( 'NONE',  ( 0.000000000000000000, 0.000000000000000000, 1.000000000000000000 ) ) ;
#1034 = CIRCLE ( 'NONE', #408, 2.000000000000001776 ) ;
#1035 = CARTESIAN_POINT ( 'NONE',  ( 32.60500000000001819, 0.000000000000000000, 116.0616997781753952 ) ) ;
#1036 = EDGE_CURVE ( 'NONE', #1724, #944, #179, .T. ) ;
#1037 = CYLINDRICAL_SURFACE ( 'NONE', #1606, 7.900000000000000355 ) ;
#1038 = DIRECTION ( 'NONE',  ( 0.000000000000000000, 1.000000000000000000, 0.000000000000000000 ) ) ;
#1039 = AXIS2_PLACEMENT_3D ( 'NONE', #152, #11, #1567 ) ;
#1040 = CARTESIAN_POINT ( 'NONE',  ( 33.69999999999999574, 6.000000000000000000, -22.93830022182462614 ) ) ;
#1041 = UNCERTAINTY_MEASURE_WITH_UNIT (LENGTH_MEASURE( 1.000000000000000082E-05 ), #1059, 'distance_accuracy_value', 'NONE');
#1042 = LINE ( 'NONE', #510, #1634 ) ;
#1043 = VERTEX_POINT ( 'NONE', #195 ) ;
#1044 = CARTESIAN_POINT ( 'NONE',  ( 41.60000000000000142, 6.000000000000000000, 108.0616997781753952 ) ) ;
#1045 = ADVANCED_FACE ( 'NONE', ( #495 ), #914, .T. ) ;
#1046 = DIRECTION ( 'NONE',  ( 1.000000000000000000, 0.000000000000000000, -1.850371707708594366E-15 ) ) ;
#1047 = AXIS2_PLACEMENT_3D ( 'NONE', #795, #92, #378 ) ;
#1048 = CARTESIAN_POINT ( 'NONE',  ( 25.79999999999999361, 0.000000000000000000, -22.93830022182462614 ) ) ;
#1049 = ORIENTED_EDGE ( 'NONE', *, *, #977, .T. ) ;
#1050 = CARTESIAN_POINT ( 'NONE',  ( 0.000000000000000000, 3.000000000000000000, 94.06169977817539518 ) ) ;
#1051 = DIRECTION ( 'NONE',  ( -1.000000000000000000, 0.000000000000000000, 0.000000000000000000 ) ) ;
#1052 = CYLINDRICAL_SURFACE ( 'NONE', #1702, 2.000000000000001776 ) ;
#1053 = CARTESIAN_POINT ( 'NONE',  ( 4.000000000000000000, 3.000000000000000000, 4.061699778175390740 ) ) ;
#1054 = EDGE_CURVE ( 'NONE', #270, #1404, #188, .T. ) ;
#1055 = LINE ( 'NONE', #1048, #535 ) ;
#1056 = ORIENTED_EDGE ( 'NONE', *, *, #1112, .F. ) ;
#1057 = DIRECTION ( 'NONE',  ( -0.000000000000000000, -1.000000000000000000, -0.000000000000000000 ) ) ;
#1058 = AXIS2_PLACEMENT_3D ( 'NONE', #1703, #929, #626 ) ;
#1059 =( LENGTH_UNIT ( ) NAMED_UNIT ( * ) SI_UNIT ( .MILLI., .METRE. ) );
#1060 = CARTESIAN_POINT ( 'NONE',  ( -33.70000000000000995, 2.000000000000000000, -22.93830022182460837 ) ) ;
#1061 = CARTESIAN_POINT ( 'NONE',  ( -26.59999999999998721, 6.000000000000000000, -22.93830022182460837 ) ) ;
#1062 = CIRCLE ( 'NONE', #199, 2.000000000000000000 ) ;
#1063 = FACE_OUTER_BOUND ( 'NONE', #421, .T. ) ;
#1064 = VERTEX_POINT ( 'NONE', #376 ) ;
#1065 = CIRCLE ( 'NONE', #115, 5.000000000000004441 ) ;
#1066 = CARTESIAN_POINT ( 'NONE',  ( -28.60000000000000853, 0.000000000000000000, 104.0616997781754236 ) ) ;
#1067 = EDGE_CURVE ( 'NONE', #243, #400, #106, .T. ) ;
#1068 = DIRECTION ( 'NONE',  ( -0.000000000000000000, 1.000000000000000000, -0.000000000000000000 ) ) ;
#1069 = ORIENTED_EDGE ( 'NONE', *, *, #989, .F. ) ;
#1070 = AXIS2_PLACEMENT_3D ( 'NONE', #1198, #1038, #339 ) ;
#1071 = CIRCLE ( 'NONE', #1486, 5.000000000000004441 ) ;
#1072 = DIRECTION ( 'NONE',  ( 0.000000000000000000, 1.000000000000000000, 0.000000000000000000 ) ) ;
#1073 = PLANE ( 'NONE',  #386 ) ;
#1074 = AXIS2_PLACEMENT_3D ( 'NONE', #762, #1334, #1171 ) ;
#1075 = PLANE ( 'NONE',  #328 ) ;
#1076 = ORIENTED_EDGE ( 'NONE', *, *, #726, .F. ) ;
#1077 = AXIS2_PLACEMENT_3D ( 'NONE', #1331, #1502, #223 ) ;
#1078 = CARTESIAN_POINT ( 'NONE',  ( -3.999999999999999112, 0.000000000000000000, 4.061699778175390740 ) ) ;
#1079 = ADVANCED_FACE ( 'NONE', ( #668 ), #1371, .F. ) ;
#1080 = CYLINDRICAL_SURFACE ( 'NONE', #826, 2.000000000000001776 ) ;
#1081 = VERTEX_POINT ( 'NONE', #226 ) ;
#1082 = DIRECTION ( 'NONE',  ( 0.000000000000000000, 1.000000000000000000, 0.000000000000000000 ) ) ;
#1083 = LINE ( 'NONE', #1641, #801 ) ;
#1084 = DIRECTION ( 'NONE',  ( 0.000000000000000000, 1.000000000000000000, 0.000000000000000000 ) ) ;
#1085 = VERTEX_POINT ( 'NONE', #1239 ) ;
#1086 = LINE ( 'NONE', #1679, #1336 ) ;
#1087 = DIRECTION ( 'NONE',  ( 1.000000000000000000, 0.000000000000000000, -1.850371707708594366E-15 ) ) ;
#1088 = ORIENTED_EDGE ( 'NONE', *, *, #1455, .T. ) ;
#1089 = ADVANCED_FACE ( 'NONE', ( #1788 ), #1796, .F. ) ;
#1090 = EDGE_LOOP ( 'NONE', ( #1383, #246, #936, #952 ) ) ;
#1091 = EDGE_CURVE ( 'NONE', #659, #80, #266, .T. ) ;
#1092 = CARTESIAN_POINT ( 'NONE',  ( 2.449293598294709866E-16, 3.000000000000000000, 96.06169977817539518 ) ) ;
#1093 = VERTEX_POINT ( 'NONE', #99 ) ;
#1094 = PLANE ( 'NONE',  #627 ) ;
#1095 = CARTESIAN_POINT ( 'NONE',  ( -32.60499999999998266, 6.000000000000000000, 116.0616997781754094 ) ) ;
#1096 = EDGE_LOOP ( 'NONE', ( #658, #716, #689, #1128 ) ) ;
#1097 = CIRCLE ( 'NONE', #1576, 2.000000000000001776 ) ;
#1098 = ORIENTED_EDGE ( 'NONE', *, *, #1839, .F. ) ;
#1099 = VECTOR ( 'NONE', #453, 1000.000000000000000 ) ;
#1100 = EDGE_CURVE ( 'NONE', #227, #1451, #503, .T. ) ;
#1101 = DIRECTION ( 'NONE',  ( 1.000000000000000000, 0.000000000000000000, -0.000000000000000000 ) ) ;
#1102 = ORIENTED_EDGE ( 'NONE', *, *, #897, .T. ) ;
#1103 = AXIS2_PLACEMENT_3D ( 'NONE', #446, #1581, #1410 ) ;
#1104 = CARTESIAN_POINT ( 'NONE',  ( 33.69999999999999574, 0.000000000000000000, -22.93830022182462614 ) ) ;
#1105 = DIRECTION ( 'NONE',  ( -0.000000000000000000, -1.000000000000000000, -0.000000000000000000 ) ) ;
#1106 = AXIS2_PLACEMENT_3D ( 'NONE', #1778, #225, #1360 ) ;
#1107 = ORIENTED_EDGE ( 'NONE', *, *, #476, .F. ) ;
#1108 = ORIENTED_EDGE ( 'NONE', *, *, #1249, .F. ) ;
#1109 = ORIENTED_EDGE ( 'NONE', *, *, #519, .F. ) ;
#1110 = CARTESIAN_POINT ( 'NONE',  ( -32.60499999999998266, 2.000000000000000000, 116.0616997781754094 ) ) ;
#1111 = VERTEX_POINT ( 'NONE', #79 ) ;
#1112 = EDGE_CURVE ( 'NONE', #1358, #836, #1806, .T. ) ;
#1113 = DIRECTION ( 'NONE',  ( -1.000000000000000000, -0.000000000000000000, -1.850371707708594366E-15 ) ) ;
#1114 = AXIS2_PLACEMENT_3D ( 'NONE', #580, #560, #1709 ) ;
#1115 = CARTESIAN_POINT ( 'NONE',  ( -41.60000000000000853, 0.000000000000000000, -4.938300221824606595 ) ) ;
#1116 = ADVANCED_FACE ( 'NONE', ( #529 ), #1252, .F. ) ;
#1117 = CARTESIAN_POINT ( 'NONE',  ( -41.60000000000000853, 6.000000000000000000, -22.93830022182460837 ) ) ;
#1118 = VERTEX_POINT ( 'NONE', #521 ) ;
#1119 = ORIENTED_EDGE ( 'NONE', *, *, #1419, .F. ) ;
#1120 = EDGE_LOOP ( 'NONE', ( #1522, #105, #320, #565 ) ) ;
#1121 = AXIS2_PLACEMENT_3D ( 'NONE', #1066, #1774, #219 ) ;
#1122 = CYLINDRICAL_SURFACE ( 'NONE', #548, 2.899999999999999911 ) ;
#1123 = ORIENTED_EDGE ( 'NONE', *, *, #318, .F. ) ;
#1124 = CARTESIAN_POINT ( 'NONE',  ( -39.60000000000000142, 6.000000000000000000, -4.938300221824606595 ) ) ;
#1125 = DIRECTION ( 'NONE',  ( -1.000000000000000000, 0.000000000000000000, -0.000000000000000000 ) ) ;
#1126 = ADVANCED_FACE ( 'NONE', ( #253 ), #1232, .T. ) ;
#1127 = CARTESIAN_POINT ( 'NONE',  ( -41.59999999999998721, 6.000000000000000000, 126.0616997781754094 ) ) ;
#1128 = ORIENTED_EDGE ( 'NONE', *, *, #12, .F. ) ;
#1129 = VERTEX_POINT ( 'NONE', #1092 ) ;
#1130 = ORIENTED_EDGE ( 'NONE', *, *, #1310, .T. ) ;
#1131 = AXIS2_PLACEMENT_3D ( 'NONE', #1297, #176, #18 ) ;
#1132 = FACE_BOUND ( 'NONE', #451, .T. ) ;
#1133 = ORIENTED_EDGE ( 'NONE', *, *, #457, .T. ) ;
#1134 = AXIS2_PLACEMENT_3D ( 'NONE', #541, #678, #236 ) ;
#1135 = LINE ( 'NONE', #304, #957 ) ;
#1136 = DIRECTION ( 'NONE',  ( -0.000000000000000000, -1.000000000000000000, -0.000000000000000000 ) ) ;
#1137 = VERTEX_POINT ( 'NONE', #652 ) ;
#1138 = CYLINDRICAL_SURFACE ( 'NONE', #1058, 2.000000000000000888 ) ;
#1139 = EDGE_LOOP ( 'NONE', ( #391, #1382, #269, #1685 ) ) ;
#1140 = ORIENTED_EDGE ( 'NONE', *, *, #841, .F. ) ;
#1141 = CARTESIAN_POINT ( 'NONE',  ( 39.59999999999999432, 6.000000000000000000, -2.938300221824605263 ) ) ;
#1142 = EDGE_CURVE ( 'NONE', #809, #797, #1781, .T. ) ;
#1143 = EDGE_CURVE ( 'NONE', #1766, #823, #1697, .T. ) ;
#1144 = FACE_OUTER_BOUND ( 'NONE', #1822, .T. ) ;
#1145 = DIRECTION ( 'NONE',  ( -0.000000000000000000, -1.000000000000000000, -0.000000000000000000 ) ) ;
#1146 = CARTESIAN_POINT ( 'NONE',  ( -33.70000000000000995, 6.000000000000000000, -2.938300221824605263 ) ) ;
#1147 = FACE_OUTER_BOUND ( 'NONE', #55, .T. ) ;
#1148 = DIRECTION ( 'NONE',  ( -0.000000000000000000, -1.000000000000000000, -0.000000000000000000 ) ) ;
#1149 = ORIENTED_EDGE ( 'NONE', *, *, #469, .T. ) ;
#1150 = DIRECTION ( 'NONE',  ( -0.000000000000000000, 1.000000000000000000, -0.000000000000000000 ) ) ;
#1151 = EDGE_CURVE ( 'NONE', #1028, #1118, #1608, .T. ) ;
#1152 = CARTESIAN_POINT ( 'NONE',  ( 41.60000000000000142, 0.000000000000000000, 126.0616997781754094 ) ) ;
#1153 = CARTESIAN_POINT ( 'NONE',  ( 0.000000000000000000, 6.000000000000000000, 94.06169977817539518 ) ) ;
#1154 = CYLINDRICAL_SURFACE ( 'NONE', #452, 2.000000000000000000 ) ;
#1155 = DIRECTION ( 'NONE',  ( 0.000000000000000000, 1.000000000000000000, 0.000000000000000000 ) ) ;
#1156 = LINE ( 'NONE', #291, #1694 ) ;
#1157 = AXIS2_PLACEMENT_3D ( 'NONE', #1117, #388, #523 ) ;
#1158 = VERTEX_POINT ( 'NONE', #926 ) ;
#1159 = CIRCLE ( 'NONE', #27, 2.000000000000000888 ) ;
#1160 = DIRECTION ( 'NONE',  ( -0.000000000000000000, 1.000000000000000000, -0.000000000000000000 ) ) ;
#1161 = ADVANCED_FACE ( 'NONE', ( #1362, #1494, #504, #783, #1652, #1353, #943 ), #1075, .T. ) ;
#1162 = CARTESIAN_POINT ( 'NONE',  ( -32.60499999999998266, 6.000000000000000000, 121.0616997781754094 ) ) ;
#1163 = DIRECTION ( 'NONE',  ( 0.000000000000000000, 0.000000000000000000, 1.000000000000000000 ) ) ;
#1164 = AXIS2_PLACEMENT_3D ( 'NONE', #1035, #1175, #728 ) ;
#1165 = CARTESIAN_POINT ( 'NONE',  ( -39.60000000000000142, 10.00000000000000000, -2.938300221824605263 ) ) ;
#1166 = DIRECTION ( 'NONE',  ( 0.000000000000000000, 1.000000000000000000, 0.000000000000000000 ) ) ;
#1167 = CIRCLE ( 'NONE', #482, 5.000000000000000888 ) ;
#1168 = LINE ( 'NONE', #2, #923 ) ;
#1169 = ORIENTED_EDGE ( 'NONE', *, *, #1142, .F. ) ;
#1170 = LINE ( 'NONE', #464, #1578 ) ;
#1171 = DIRECTION ( 'NONE',  ( 0.000000000000000000, 0.000000000000000000, 1.000000000000000000 ) ) ;
#1172 = EDGE_CURVE ( 'NONE', #167, #959, #1513, .T. ) ;
#1173 = CARTESIAN_POINT ( 'NONE',  ( -41.60000000000000853, 6.000000000000000000, -22.93830022182460837 ) ) ;
#1174 = EDGE_CURVE ( 'NONE', #1445, #679, #134, .T. ) ;
#1175 = DIRECTION ( 'NONE',  ( 0.000000000000000000, 1.000000000000000000, 0.000000000000000000 ) ) ;
#1176 = ORIENTED_EDGE ( 'NONE', *, *, #1364, .F. ) ;
#1177 = VECTOR ( 'NONE', #135, 1000.000000000000000 ) ;
#1178 = DIRECTION ( 'NONE',  ( 0.000000000000000000, 1.000000000000000000, 0.000000000000000000 ) ) ;
#1179 = LINE ( 'NONE', #1770, #35 ) ;
#1180 = CARTESIAN_POINT ( 'NONE',  ( -32.60499999999998266, 2.000000000000000000, 118.9616997781754009 ) ) ;
#1181 = ORIENTED_EDGE ( 'NONE', *, *, #1533, .T. ) ;
#1182 = EDGE_CURVE ( 'NONE', #227, #686, #1698, .T. ) ;
#1183 = CARTESIAN_POINT ( 'NONE',  ( -32.60499999999998266, 2.000000000000000000, 116.0616997781754094 ) ) ;
#1184 = ORIENTED_EDGE ( 'NONE', *, *, #1772, .T. ) ;
#1185 = LINE ( 'NONE', #487, #1592 ) ;
#1186 = DIRECTION ( 'NONE',  ( -0.000000000000000000, -1.000000000000000000, -0.000000000000000000 ) ) ;
#1187 = ORIENTED_EDGE ( 'NONE', *, *, #589, .T. ) ;
#1188 = AXIS2_PLACEMENT_3D ( 'NONE', #1609, #332, #198 ) ;
#1189 = VECTOR ( 'NONE', #323, 1000.000000000000000 ) ;
#1190 = DIRECTION ( 'NONE',  ( 0.000000000000000000, 0.000000000000000000, -1.000000000000000000 ) ) ;
#1191 = FILL_AREA_STYLE_COLOUR ( '', #1482 ) ;
#1192 = EDGE_LOOP ( 'NONE', ( #676, #1413 ) ) ;
#1193 = EDGE_CURVE ( 'NONE', #1793, #958, #425, .T. ) ;
#1194 = EDGE_CURVE ( 'NONE', #674, #870, #1406, .T. ) ;
#1195 = DIRECTION ( 'NONE',  ( 1.000000000000000000, -0.000000000000000000, -0.000000000000000000 ) ) ;
#1196 = CARTESIAN_POINT ( 'NONE',  ( -32.60499999999998266, 2.000000000000000000, 116.0616997781754094 ) ) ;
#1197 = AXIS2_PLACEMENT_3D ( 'NONE', #1718, #1001, #1264 ) ;
#1198 = CARTESIAN_POINT ( 'NONE',  ( -32.60499999999998266, 6.000000000000000000, 116.0616997781754094 ) ) ;
#1199 = ORIENTED_EDGE ( 'NONE', *, *, #1194, .F. ) ;
#1200 = DIRECTION ( 'NONE',  ( 0.000000000000000000, 1.000000000000000000, 0.000000000000000000 ) ) ;
#1201 = CARTESIAN_POINT ( 'NONE',  ( -39.60000000000000142, 0.000000000000000000, -4.938300221824606595 ) ) ;
#1202 = ORIENTED_EDGE ( 'NONE', *, *, #879, .F. ) ;
#1203 = CYLINDRICAL_SURFACE ( 'NONE', #1282, 5.000000000000000888 ) ;
#1204 = CARTESIAN_POINT ( 'NONE',  ( -3.999999999999999112, 3.000000000000000000, 4.061699778175390740 ) ) ;
#1205 = EDGE_CURVE ( 'NONE', #824, #674, #1261, .T. ) ;
#1206 = CARTESIAN_POINT ( 'NONE',  ( 32.60500000000001819, 2.000000000000000000, 116.0616997781753952 ) ) ;
#1207 = ORIENTED_EDGE ( 'NONE', *, *, #78, .F. ) ;
#1208 = CARTESIAN_POINT ( 'NONE',  ( 0.000000000000000000, 6.000000000000000000, 94.06169977817539518 ) ) ;
#1209 = DIRECTION ( 'NONE',  ( 0.000000000000000000, 1.000000000000000000, 0.000000000000000000 ) ) ;
#1210 = ORIENTED_EDGE ( 'NONE', *, *, #1067, .T. ) ;
#1211 = DIRECTION ( 'NONE',  ( 0.000000000000000000, 0.000000000000000000, 1.000000000000000000 ) ) ;
#1212 = PLANE ( 'NONE',  #1106 ) ;
#1213 = CARTESIAN_POINT ( 'NONE',  ( 0.000000000000000000, 3.000000000000000000, 9.061699778175391629 ) ) ;
#1214 = ORIENTED_EDGE ( 'NONE', *, *, #964, .F. ) ;
#1215 = EDGE_CURVE ( 'NONE', #696, #1556, #1579, .T. ) ;
#1216 = LINE ( 'NONE', #387, #807 ) ;
#1217 = DIRECTION ( 'NONE',  ( -0.000000000000000000, 1.000000000000000000, -0.000000000000000000 ) ) ;
#1218 = EDGE_LOOP ( 'NONE', ( #694, #1476 ) ) ;
#1219 = AXIS2_PLACEMENT_3D ( 'NONE', #951, #802, #961 ) ;
#1220 = DIRECTION ( 'NONE',  ( -0.000000000000000000, -1.000000000000000000, -0.000000000000000000 ) ) ;
#1221 = FACE_OUTER_BOUND ( 'NONE', #196, .T. ) ;
#1222 = DIRECTION ( 'NONE',  ( 0.000000000000000000, 1.000000000000000000, 0.000000000000000000 ) ) ;
#1223 = CIRCLE ( 'NONE', #424, 2.899999999999999911 ) ;
#1224 = EDGE_CURVE ( 'NONE', #1233, #1821, #1009, .T. ) ;
#1225 = EDGE_CURVE ( 'NONE', #1616, #1547, #14, .T. ) ;
#1226 = DIRECTION ( 'NONE',  ( 0.000000000000000000, 0.000000000000000000, 1.000000000000000000 ) ) ;
#1227 = EDGE_CURVE ( 'NONE', #1289, #880, #851, .T. ) ;
#1228 = DIRECTION ( 'NONE',  ( 0.000000000000000000, -1.000000000000000000, 0.000000000000000000 ) ) ;
#1229 = ORIENTED_EDGE ( 'NONE', *, *, #190, .F. ) ;
#1230 = ORIENTED_EDGE ( 'NONE', *, *, #1827, .T. ) ;
#1231 = DIRECTION ( 'NONE',  ( -0.000000000000000000, -1.000000000000000000, -0.000000000000000000 ) ) ;
#1232 = CYLINDRICAL_SURFACE ( 'NONE', #981, 7.900000000000003908 ) ;
#1233 = VERTEX_POINT ( 'NONE', #970 ) ;
#1234 = DIRECTION ( 'NONE',  ( -1.000000000000000000, 0.000000000000000000, 0.000000000000000000 ) ) ;
#1235 = DIRECTION ( 'NONE',  ( 0.000000000000000000, 0.000000000000000000, 1.000000000000000000 ) ) ;
#1236 = ORIENTED_EDGE ( 'NONE', *, *, #1839, .T. ) ;
#1237 = ADVANCED_FACE ( 'NONE', ( #697, #1270, #1132, #440, #303, #156 ), #164, .F. ) ;
#1238 = ORIENTED_EDGE ( 'NONE', *, *, #1783, .F. ) ;
#1239 = CARTESIAN_POINT ( 'NONE',  ( 33.69999999999999574, 2.000000000000000000, -20.03830022182462756 ) ) ;
#1240 = VERTEX_POINT ( 'NONE', #1440 ) ;
#1241 = VECTOR ( 'NONE', #858, 1000.000000000000000 ) ;
#1242 = CARTESIAN_POINT ( 'NONE',  ( -32.60499999999998266, 0.000000000000000000, 116.0616997781754094 ) ) ;
#1243 = CIRCLE ( 'NONE', #443, 7.900000000000002132 ) ;
#1244 = CARTESIAN_POINT ( 'NONE',  ( 41.60000000000000142, 6.000000000000000000, 126.0616997781754094 ) ) ;
#1245 = EDGE_LOOP ( 'NONE', ( #604, #1288, #1667, #84 ) ) ;
#1246 = ORIENTED_EDGE ( 'NONE', *, *, #1172, .F. ) ;
#1247 = CIRCLE ( 'NONE', #766, 4.999999999999997335 ) ;
#1248 = ORIENTED_EDGE ( 'NONE', *, *, #641, .F. ) ;
#1249 = EDGE_CURVE ( 'NONE', #1514, #1129, #21, .T. ) ;
#1250 = ADVANCED_FACE ( 'NONE', ( #853 ), #1417, .F. ) ;
#1251 = CLOSED_SHELL ( 'NONE', ( #664, #45, #148, #1351, #1422, #433, #782, #497, #621, #895, #488, #66, #1275, #1274, #840, #297, #329, #738, #375, #1557, #1161, #1237, #1126, #528, #239, #321, #1045, #422, #20, #921, #1405, #1633, #1299, #1464, #1116, #855, #953, #349, #1636, #1263, #282, #868, #1625, #1089, #126, #888, #699, #825, #1658, #1079, #1361, #1250, #804, #1791, #1433, #1558, #1500 ) ) ;
#1252 = PLANE ( 'NONE',  #743 ) ;
#1253 = ORIENTED_EDGE ( 'NONE', *, *, #508, .T. ) ;
#1254 = CIRCLE ( 'NONE', #1342, 2.000000000000001776 ) ;
#1255 = DIRECTION ( 'NONE',  ( -0.000000000000000000, 1.000000000000000000, -0.000000000000000000 ) ) ;
#1256 = DIRECTION ( 'NONE',  ( 0.000000000000000000, 0.000000000000000000, 1.000000000000000000 ) ) ;
#1257 = VECTOR ( 'NONE', #1113, 1000.000000000000000 ) ;
#1258 = EDGE_LOOP ( 'NONE', ( #1278, #150 ) ) ;
#1259 = EDGE_LOOP ( 'NONE', ( #1499, #111, #702, #794 ) ) ;
#1260 = ORIENTED_EDGE ( 'NONE', *, *, #1054, .T. ) ;
#1261 = LINE ( 'NONE', #828, #1177 ) ;
#1262 = ORIENTED_EDGE ( 'NONE', *, *, #78, .T. ) ;
#1263 = ADVANCED_FACE ( 'NONE', ( #404 ), #550, .F. ) ;
#1264 = DIRECTION ( 'NONE',  ( 0.000000000000000000, 0.000000000000000000, 1.000000000000000000 ) ) ;
#1265 = VECTOR ( 'NONE', #434, 1000.000000000000000 ) ;
#1266 = CYLINDRICAL_SURFACE ( 'NONE', #1103, 2.000000000000001776 ) ;
#1267 = ORIENTED_EDGE ( 'NONE', *, *, #102, .F. ) ;
#1268 = VERTEX_POINT ( 'NONE', #1559 ) ;
#1269 = ORIENTED_EDGE ( 'NONE', *, *, #1595, .T. ) ;
#1270 = FACE_OUTER_BOUND ( 'NONE', #704, .T. ) ;
#1271 = ORIENTED_EDGE ( 'NONE', *, *, #409, .F. ) ;
#1272 = CARTESIAN_POINT ( 'NONE',  ( 33.69999999999999574, 2.000000000000000000, -22.93830022182462614 ) ) ;
#1273 = PLANE ( 'NONE',  #67 ) ;
#1274 = ADVANCED_FACE ( 'NONE', ( #283 ), #1122, .F. ) ;
#1275 = ADVANCED_FACE ( 'NONE', ( #414 ), #1548, .F. ) ;
#1276 = CYLINDRICAL_SURFACE ( 'NONE', #350, 7.900000000000003908 ) ;
#1277 = ORIENTED_EDGE ( 'NONE', *, *, #677, .F. ) ;
#1278 = ORIENTED_EDGE ( 'NONE', *, *, #1174, .F. ) ;
#1279 = DIRECTION ( 'NONE',  ( -0.000000000000000000, -1.000000000000000000, -0.000000000000000000 ) ) ;
#1280 = PLANE ( 'NONE',  #831 ) ;
#1281 = AXIS2_PLACEMENT_3D ( 'NONE', #1242, #1373, #1365 ) ;
#1282 = AXIS2_PLACEMENT_3D ( 'NONE', #1060, #353, #924 ) ;
#1283 = CIRCLE ( 'NONE', #1, 7.900000000000002132 ) ;
#1284 = DIRECTION ( 'NONE',  ( 0.000000000000000000, 0.000000000000000000, -1.000000000000000000 ) ) ;
#1285 = CARTESIAN_POINT ( 'NONE',  ( -39.59999999999998010, 6.000000000000000000, 108.0616997781753952 ) ) ;
#1286 = DIRECTION ( 'NONE',  ( 0.000000000000000000, 0.000000000000000000, -1.000000000000000000 ) ) ;
#1287 = DIRECTION ( 'NONE',  ( -0.000000000000000000, -1.000000000000000000, -0.000000000000000000 ) ) ;
#1288 = ORIENTED_EDGE ( 'NONE', *, *, #372, .F. ) ;
#1289 = VERTEX_POINT ( 'NONE', #181 ) ;
#1290 = EDGE_CURVE ( 'NONE', #1064, #515, #1185, .T. ) ;
#1291 = VECTOR ( 'NONE', #1701, 1000.000000000000000 ) ;
#1292 = ORIENTED_EDGE ( 'NONE', *, *, #603, .F. ) ;
#1293 = DIRECTION ( 'NONE',  ( -3.469446951953614189E-16, -0.000000000000000000, -1.000000000000000000 ) ) ;
#1294 = DIRECTION ( 'NONE',  ( 0.000000000000000000, 1.000000000000000000, 0.000000000000000000 ) ) ;
#1295 = LINE ( 'NONE', #732, #1291 ) ;
#1296 = LINE ( 'NONE', #1691, #1537 ) ;
#1297 = CARTESIAN_POINT ( 'NONE',  ( -33.70000000000000995, 0.000000000000000000, -22.93830022182460837 ) ) ;
#1298 = ORIENTED_EDGE ( 'NONE', *, *, #360, .T. ) ;
#1299 = ADVANCED_FACE ( 'NONE', ( #1323 ), #194, .F. ) ;
#1300 = CARTESIAN_POINT ( 'NONE',  ( -32.60499999999998266, 6.000000000000000000, 113.1616997781754037 ) ) ;
#1301 = VECTOR ( 'NONE', #775, 1000.000000000000000 ) ;
#1302 = DIRECTION ( 'NONE',  ( 1.000000000000000000, 0.000000000000000000, 0.000000000000000000 ) ) ;
#1303 = CARTESIAN_POINT ( 'NONE',  ( 4.000000000000000000, 3.000000000000000000, 99.06169977817539518 ) ) ;
#1304 = CARTESIAN_POINT ( 'NONE',  ( -41.60000000000000853, 6.000000000000000000, -22.93830022182460837 ) ) ;
#1305 =( NAMED_UNIT ( * ) PLANE_ANGLE_UNIT ( ) SI_UNIT ( $, .RADIAN. ) );
#1306 = DIRECTION ( 'NONE',  ( 0.000000000000000000, 1.000000000000000000, 0.000000000000000000 ) ) ;
#1307 = ORIENTED_EDGE ( 'NONE', *, *, #1783, .T. ) ;
#1308 = EDGE_CURVE ( 'NONE', #400, #686, #771, .T. ) ;
#1309 = FACE_BOUND ( 'NONE', #542, .T. ) ;
#1310 = EDGE_CURVE ( 'NONE', #729, #1535, #32, .T. ) ;
#1311 = DIRECTION ( 'NONE',  ( 0.000000000000000000, 0.000000000000000000, 1.000000000000000000 ) ) ;
#1312 = VECTOR ( 'NONE', #1521, 1000.000000000000000 ) ;
#1313 = ORIENTED_EDGE ( 'NONE', *, *, #1523, .T. ) ;
#1314 = DIRECTION ( 'NONE',  ( -0.000000000000000000, -1.000000000000000000, -0.000000000000000000 ) ) ;
#1315 = PRODUCT_CONTEXT ( 'NONE', #1801, 'mechanical' ) ;
#1316 = FACE_OUTER_BOUND ( 'NONE', #1485, .T. ) ;
#1317 = VECTOR ( 'NONE', #373, 1000.000000000000000 ) ;
#1318 = PLANE ( 'NONE',  #1752 ) ;
#1319 = DIRECTION ( 'NONE',  ( -1.000000000000000000, 0.000000000000000000, 3.469446951953613696E-16 ) ) ;
#1320 = EDGE_CURVE ( 'NONE', #823, #1766, #869, .T. ) ;
#1321 = DIRECTION ( 'NONE',  ( -0.000000000000000000, 1.000000000000000000, -0.000000000000000000 ) ) ;
#1322 = DIRECTION ( 'NONE',  ( 0.000000000000000000, 0.000000000000000000, 1.000000000000000000 ) ) ;
#1323 = FACE_OUTER_BOUND ( 'NONE', #617, .T. ) ;
#1324 = CARTESIAN_POINT ( 'NONE',  ( -28.60000000000001208, 0.000000000000000000, 106.0616997781754236 ) ) ;
#1325 = ORIENTED_EDGE ( 'NONE', *, *, #1533, .F. ) ;
#1326 = EDGE_CURVE ( 'NONE', #1451, #1797, #1750, .T. ) ;
#1327 = DIRECTION ( 'NONE',  ( 0.000000000000000000, 0.000000000000000000, -1.000000000000000000 ) ) ;
#1328 = ORIENTED_EDGE ( 'NONE', *, *, #182, .F. ) ;
#1329 = DIRECTION ( 'NONE',  ( -1.000000000000000000, -0.000000000000000000, -0.000000000000000000 ) ) ;
#1330 = VECTOR ( 'NONE', #379, 1000.000000000000000 ) ;
#1331 = CARTESIAN_POINT ( 'NONE',  ( -33.70000000000000995, 6.000000000000000000, -22.93830022182460837 ) ) ;
#1332 = DIRECTION ( 'NONE',  ( 0.000000000000000000, 1.000000000000000000, 0.000000000000000000 ) ) ;
#1333 = PRESENTATION_LAYER_ASSIGNMENT (  '', '', ( #1723 ) ) ;
#1334 = DIRECTION ( 'NONE',  ( 0.000000000000000000, 1.000000000000000000, 0.000000000000000000 ) ) ;
#1335 = ORIENTED_EDGE ( 'NONE', *, *, #180, .T. ) ;
#1336 = VECTOR ( 'NONE', #670, 1000.000000000000000 ) ;
#1337 = AXIS2_PLACEMENT_3D ( 'NONE', #632, #479, #882 ) ;
#1338 = LINE ( 'NONE', #73, #865 ) ;
#1339 = DIRECTION ( 'NONE',  ( 0.000000000000000000, 0.000000000000000000, 1.000000000000000000 ) ) ;
#1340 = ORIENTED_EDGE ( 'NONE', *, *, #1546, .F. ) ;
#1341 = EDGE_CURVE ( 'NONE', #1754, #1085, #1429, .T. ) ;
#1342 = AXIS2_PLACEMENT_3D ( 'NONE', #740, #1186, #480 ) ;
#1343 = DIRECTION ( 'NONE',  ( 0.000000000000000000, 0.000000000000000000, 1.000000000000000000 ) ) ;
#1344 = CARTESIAN_POINT ( 'NONE',  ( -33.70000000000000995, 2.000000000000000000, -22.93830022182460837 ) ) ;
#1345 = AXIS2_PLACEMENT_3D ( 'NONE', #1651, #942, #800 ) ;
#1346 = CARTESIAN_POINT ( 'NONE',  ( 26.60000000000000497, 0.000000000000000000, 104.0616997781754236 ) ) ;
#1347 = EDGE_LOOP ( 'NONE', ( #1069, #859, #837, #1735 ) ) ;
#1348 = LINE ( 'NONE', #44, #1598 ) ;
#1349 = DIRECTION ( 'NONE',  ( 0.000000000000000000, 0.000000000000000000, -1.000000000000000000 ) ) ;
#1350 = LINE ( 'NONE', #56, #1462 ) ;
#1351 = ADVANCED_FACE ( 'NONE', ( #1613 ), #904, .F. ) ;
#1352 = DIRECTION ( 'NONE',  ( 0.000000000000000000, 0.000000000000000000, -1.000000000000000000 ) ) ;
#1353 = FACE_BOUND ( 'NONE', #258, .T. ) ;
#1354 = EDGE_LOOP ( 'NONE', ( #997, #1692, #1313, #1262 ) ) ;
#1355 = PLANE ( 'NONE',  #81 ) ;
#1356 = VECTOR ( 'NONE', #756, 1000.000000000000000 ) ;
#1357 = FACE_OUTER_BOUND ( 'NONE', #208, .T. ) ;
#1358 = VERTEX_POINT ( 'NONE', #40 ) ;
#1359 = DIRECTION ( 'NONE',  ( -0.000000000000000000, -1.000000000000000000, -0.000000000000000000 ) ) ;
#1360 = DIRECTION ( 'NONE',  ( 0.000000000000000000, -0.000000000000000000, 1.000000000000000000 ) ) ;
#1361 = ADVANCED_FACE ( 'NONE', ( #1471, #1761 ), #1020, .T. ) ;
#1362 = FACE_BOUND ( 'NONE', #520, .T. ) ;
#1363 = VERTEX_POINT ( 'NONE', #912 ) ;
#1364 = EDGE_CURVE ( 'NONE', #823, #1268, #205, .T. ) ;
#1365 = DIRECTION ( 'NONE',  ( 0.000000000000000000, 0.000000000000000000, 1.000000000000000000 ) ) ;
#1366 = CIRCLE ( 'NONE', #648, 5.000000000000000888 ) ;
#1367 = DIRECTION ( 'NONE',  ( 0.000000000000000000, 1.000000000000000000, 0.000000000000000000 ) ) ;
#1368 = ORIENTED_EDGE ( 'NONE', *, *, #641, .T. ) ;
#1369 = CARTESIAN_POINT ( 'NONE',  ( 32.60500000000001819, 2.000000000000000000, 116.0616997781753952 ) ) ;
#1370 = CARTESIAN_POINT ( 'NONE',  ( 32.60500000000001819, 2.000000000000000000, 121.0616997781753952 ) ) ;
#1371 = CYLINDRICAL_SURFACE ( 'NONE', #1219, 5.000000000000004441 ) ;
#1372 = ORIENTED_EDGE ( 'NONE', *, *, #792, .F. ) ;
#1373 = DIRECTION ( 'NONE',  ( 0.000000000000000000, 1.000000000000000000, 0.000000000000000000 ) ) ;
#1374 = EDGE_CURVE ( 'NONE', #1233, #10, #1662, .T. ) ;
#1375 = LINE ( 'NONE', #1663, #1330 ) ;
#1376 = EDGE_LOOP ( 'NONE', ( #263, #458, #576, #1246 ) ) ;
#1377 = DIRECTION ( 'NONE',  ( 0.000000000000000000, 0.000000000000000000, -1.000000000000000000 ) ) ;
#1378 = ORIENTED_EDGE ( 'NONE', *, *, #1205, .T. ) ;
#1379 = FACE_OUTER_BOUND ( 'NONE', #803, .T. ) ;
#1380 = EDGE_CURVE ( 'NONE', #122, #824, #1604, .T. ) ;
#1381 = DIRECTION ( 'NONE',  ( -1.000000000000000000, -0.000000000000000000, -0.000000000000000000 ) ) ;
#1382 = ORIENTED_EDGE ( 'NONE', *, *, #1249, .T. ) ;
#1383 = ORIENTED_EDGE ( 'NONE', *, *, #644, .F. ) ;
#1384 = EDGE_LOOP ( 'NONE', ( #1563, #1705, #1202, #1119 ) ) ;
#1385 = DIRECTION ( 'NONE',  ( 0.000000000000000000, 0.000000000000000000, 1.000000000000000000 ) ) ;
#1386 = ORIENTED_EDGE ( 'NONE', *, *, #318, .T. ) ;
#1387 = CIRCLE ( 'NONE', #24, 7.900000000000002132 ) ;
#1388 = DIRECTION ( 'NONE',  ( -1.000000000000000000, 0.000000000000000000, 0.000000000000000000 ) ) ;
#1389 = CIRCLE ( 'NONE', #1007, 2.899999999999999911 ) ;
#1390 = AXIS2_PLACEMENT_3D ( 'NONE', #1201, #1105, #109 ) ;
#1391 = DIRECTION ( 'NONE',  ( -1.000000000000000000, 0.000000000000000000, -0.000000000000000000 ) ) ;
#1392 = EDGE_LOOP ( 'NONE', ( #850, #815, #887, #915 ) ) ;
#1393 = ORIENTED_EDGE ( 'NONE', *, *, #224, .T. ) ;
#1394 = ORIENTED_EDGE ( 'NONE', *, *, #460, .F. ) ;
#1395 = EDGE_CURVE ( 'NONE', #1085, #490, #1447, .T. ) ;
#1396 = DIRECTION ( 'NONE',  ( 1.273191542001326070E-16, 0.000000000000000000, -1.000000000000000000 ) ) ;
#1397 = EDGE_LOOP ( 'NONE', ( #1620, #1267, #774, #1554 ) ) ;
#1398 = CIRCLE ( 'NONE', #834, 2.000000000000001776 ) ;
#1399 = CARTESIAN_POINT ( 'NONE',  ( -41.60000000000000853, 0.000000000000000000, 106.0616997781753952 ) ) ;
#1400 = CARTESIAN_POINT ( 'NONE',  ( 33.69999999999999574, 2.000000000000000000, -22.93830022182462614 ) ) ;
#1401 = CIRCLE ( 'NONE', #1077, 7.900000000000002132 ) ;
#1402 = ORIENTED_EDGE ( 'NONE', *, *, #137, .F. ) ;
#1403 = EDGE_LOOP ( 'NONE', ( #852, #280, #1393, #363 ) ) ;
#1404 = VERTEX_POINT ( 'NONE', #739 ) ;
#1405 = ADVANCED_FACE ( 'NONE', ( #1030, #1309, #746 ), #1318, .T. ) ;
#1406 = LINE ( 'NONE', #273, #313 ) ;
#1407 = ORIENTED_EDGE ( 'NONE', *, *, #747, .T. ) ;
#1408 = DIRECTION ( 'NONE',  ( -1.850371707708594366E-15, 0.000000000000000000, 1.000000000000000000 ) ) ;
#1409 = AXIS2_PLACEMENT_3D ( 'NONE', #730, #979, #874 ) ;
#1410 = DIRECTION ( 'NONE',  ( 0.000000000000000000, 0.000000000000000000, 1.000000000000000000 ) ) ;
#1411 = ORIENTED_EDGE ( 'NONE', *, *, #1419, .T. ) ;
#1412 = DIRECTION ( 'NONE',  ( 0.000000000000000000, 0.000000000000000000, 1.000000000000000000 ) ) ;
#1413 = ORIENTED_EDGE ( 'NONE', *, *, #1227, .F. ) ;
#1414 = ORIENTED_EDGE ( 'NONE', *, *, #1760, .F. ) ;
#1415 = PRODUCT_DEFINITION_CONTEXT ( 'detailed design', #403, 'design' ) ;
#1416 = VERTEX_POINT ( 'NONE', #48 ) ;
#1417 = CYLINDRICAL_SURFACE ( 'NONE', #43, 5.000000000000004441 ) ;
#1418 = ORIENTED_EDGE ( 'NONE', *, *, #1142, .T. ) ;
#1419 = EDGE_CURVE ( 'NONE', #880, #343, #1170, .T. ) ;
#1420 = CARTESIAN_POINT ( 'NONE',  ( 4.000000000000000000, 0.000000000000000000, 4.061699778175390740 ) ) ;
#1421 = LINE ( 'NONE', #166, #244 ) ;
#1422 = ADVANCED_FACE ( 'NONE', ( #471 ), #1037, .T. ) ;
#1423 = ORIENTED_EDGE ( 'NONE', *, *, #792, .T. ) ;
#1424 = CARTESIAN_POINT ( 'NONE',  ( 25.79999999999999361, 6.000000000000000000, -22.93830022182462614 ) ) ;
#1425 = ORIENTED_EDGE ( 'NONE', *, *, #603, .T. ) ;
#1426 = ORIENTED_EDGE ( 'NONE', *, *, #687, .T. ) ;
#1427 = LINE ( 'NONE', #578, #449 ) ;
#1428 = AXIS2_PLACEMENT_3D ( 'NONE', #1104, #812, #1671 ) ;
#1429 = CIRCLE ( 'NONE', #300, 2.899999999999999911 ) ;
#1430 = DIRECTION ( 'NONE',  ( -0.000000000000000000, -1.000000000000000000, -0.000000000000000000 ) ) ;
#1431 = DIRECTION ( 'NONE',  ( -0.000000000000000000, 1.000000000000000000, -0.000000000000000000 ) ) ;
#1432 = CARTESIAN_POINT ( 'NONE',  ( 28.59999999999999432, 10.00000000000000000, -0.9383002218246051518 ) ) ;
#1433 = ADVANCED_FACE ( 'NONE', ( #77, #1221 ), #1073, .T. ) ;
#1434 = PLANE ( 'NONE',  #672 ) ;
#1435 =( LENGTH_UNIT ( ) NAMED_UNIT ( * ) SI_UNIT ( .MILLI., .METRE. ) );
#1436 = VECTOR ( 'NONE', #1136, 1000.000000000000000 ) ;
#1437 = AXIS2_PLACEMENT_3D ( 'NONE', #845, #1408, #992 ) ;
#1438 = LINE ( 'NONE', #1589, #596 ) ;
#1439 = VERTEX_POINT ( 'NONE', #216 ) ;
#1440 = CARTESIAN_POINT ( 'NONE',  ( 0.000000000000000000, 6.000000000000000000, 7.061699778175390740 ) ) ;
#1441 = PLANE ( 'NONE',  #483 ) ;
#1442 = FACE_OUTER_BOUND ( 'NONE', #1497, .T. ) ;
#1443 = DIRECTION ( 'NONE',  ( 0.000000000000000000, 0.000000000000000000, -1.000000000000000000 ) ) ;
#1444 = EDGE_CURVE ( 'NONE', #1289, #1093, #1511, .T. ) ;
#1445 = VERTEX_POINT ( 'NONE', #96 ) ;
#1446 = ORIENTED_EDGE ( 'NONE', *, *, #713, .F. ) ;
#1447 = LINE ( 'NONE', #1457, #1189 ) ;
#1448 = CIRCLE ( 'NONE', #322, 2.899999999999999911 ) ;
#1449 = DIRECTION ( 'NONE',  ( -0.000000000000000000, -1.000000000000000000, -0.000000000000000000 ) ) ;
#1450 = DIRECTION ( 'NONE',  ( 0.000000000000000000, 0.000000000000000000, -1.000000000000000000 ) ) ;
#1451 = VERTEX_POINT ( 'NONE', #660 ) ;
#1452 = SHAPE_DEFINITION_REPRESENTATION ( #1618, #392 ) ;
#1453 = CARTESIAN_POINT ( 'NONE',  ( 33.69999999999999574, 6.000000000000000000, -22.93830022182462614 ) ) ;
#1454 = ORIENTED_EDGE ( 'NONE', *, *, #1308, .F. ) ;
#1455 = EDGE_CURVE ( 'NONE', #1763, #25, #1283, .T. ) ;
#1456 = PRODUCT ( 'NUC base2023', 'NUC base2023', '', ( #1315 ) ) ;
#1457 = CARTESIAN_POINT ( 'NONE',  ( 33.69999999999999574, 6.000000000000000000, -20.03830022182462756 ) ) ;
#1458 = DIRECTION ( 'NONE',  ( 0.000000000000000000, 0.000000000000000000, 1.000000000000000000 ) ) ;
#1459 = AXIS2_PLACEMENT_3D ( 'NONE', #818, #1659, #1385 ) ;
#1460 = CARTESIAN_POINT ( 'NONE',  ( 39.59999999999998010, 6.000000000000000000, 106.0616997781753952 ) ) ;
#1461 = CARTESIAN_POINT ( 'NONE',  ( -28.60000000000001208, 6.000000000000000000, 106.0616997781754378 ) ) ;
#1462 = VECTOR ( 'NONE', #622, 1000.000000000000000 ) ;
#1463 = DIRECTION ( 'NONE',  ( 0.000000000000000000, -0.000000000000000000, 1.000000000000000000 ) ) ;
#1464 = ADVANCED_FACE ( 'NONE', ( #502 ), #374, .F. ) ;
#1465 = EDGE_CURVE ( 'NONE', #539, #1699, #513, .T. ) ;
#1466 = DIRECTION ( 'NONE',  ( 0.000000000000000000, 0.000000000000000000, -1.000000000000000000 ) ) ;
#1467 = ORIENTED_EDGE ( 'NONE', *, *, #1728, .F. ) ;
#1468 = CARTESIAN_POINT ( 'NONE',  ( -32.60499999999998266, 6.000000000000000000, 116.0616997781754094 ) ) ;
#1469 = CARTESIAN_POINT ( 'NONE',  ( -26.60000000000000497, 0.000000000000000000, 106.0616997781754236 ) ) ;
#1470 = FACE_OUTER_BOUND ( 'NONE', #1347, .T. ) ;
#1471 = FACE_BOUND ( 'NONE', #1596, .T. ) ;
#1472 = CARTESIAN_POINT ( 'NONE',  ( 28.59999999999999432, 6.000000000000000000, -2.938300221824605263 ) ) ;
#1473 = EDGE_LOOP ( 'NONE', ( #996, #705, #1520, #673 ) ) ;
#1474 = DIRECTION ( 'NONE',  ( 0.000000000000000000, 1.000000000000000000, 0.000000000000000000 ) ) ;
#1475 = EDGE_CURVE ( 'NONE', #706, #659, #1083, .T. ) ;
#1476 = ORIENTED_EDGE ( 'NONE', *, *, #171, .F. ) ;
#1477 = PRESENTATION_STYLE_ASSIGNMENT (( #909 ) ) ;
#1478 = ORIENTED_EDGE ( 'NONE', *, *, #765, .F. ) ;
#1479 = VECTOR ( 'NONE', #1443, 1000.000000000000000 ) ;
#1480 = DIRECTION ( 'NONE',  ( 0.000000000000000000, 0.000000000000000000, 1.000000000000000000 ) ) ;
#1481 = DIRECTION ( 'NONE',  ( 0.000000000000000000, 0.000000000000000000, -1.000000000000000000 ) ) ;
#1482 = COLOUR_RGB ( '',0.7921568627450980005, 0.8196078431372548767, 0.9333333333333333481 ) ;
#1483 = CIRCLE ( 'NONE', #201, 2.899999999999999911 ) ;
#1484 = DIRECTION ( 'NONE',  ( 0.000000000000000000, 0.000000000000000000, 1.000000000000000000 ) ) ;
#1485 = EDGE_LOOP ( 'NONE', ( #128, #1076, #744, #1230 ) ) ;
#1486 = AXIS2_PLACEMENT_3D ( 'NONE', #902, #1209, #1498 ) ;
#1487 = DIRECTION ( 'NONE',  ( -0.000000000000000000, -1.000000000000000000, -0.000000000000000000 ) ) ;
#1488 = EDGE_CURVE ( 'NONE', #980, #490, #478, .T. ) ;
#1489 = CARTESIAN_POINT ( 'NONE',  ( -39.60000000000000142, 0.000000000000000000, -2.938300221824605263 ) ) ;
#1490 = ORIENTED_EDGE ( 'NONE', *, *, #543, .F. ) ;
#1491 = CARTESIAN_POINT ( 'NONE',  ( -25.79999999999999716, 6.000000000000000000, -12.93830022182460837 ) ) ;
#1492 = DIRECTION ( 'NONE',  ( 0.000000000000000000, 1.000000000000000000, 0.000000000000000000 ) ) ;
#1493 = VECTOR ( 'NONE', #445, 1000.000000000000000 ) ;
#1494 = FACE_BOUND ( 'NONE', #1258, .T. ) ;
#1495 = EDGE_LOOP ( 'NONE', ( #862, #1545, #1088, #634 ) ) ;
#1496 = DIRECTION ( 'NONE',  ( 0.000000000000000000, 0.000000000000000000, 1.000000000000000000 ) ) ;
#1497 = EDGE_LOOP ( 'NONE', ( #511, #107, #763, #151 ) ) ;
#1498 = DIRECTION ( 'NONE',  ( 0.000000000000000000, 0.000000000000000000, 1.000000000000000000 ) ) ;
#1499 = ORIENTED_EDGE ( 'NONE', *, *, #586, .T. ) ;
#1500 = ADVANCED_FACE ( 'NONE', ( #365, #1629 ), #1212, .T. ) ;
#1501 = VECTOR ( 'NONE', #719, 1000.000000000000000 ) ;
#1502 = DIRECTION ( 'NONE',  ( 0.000000000000000000, 1.000000000000000000, 0.000000000000000000 ) ) ;
#1503 = CARTESIAN_POINT ( 'NONE',  ( -33.70000000000000995, 2.000000000000000000, -22.93830022182460837 ) ) ;
#1504 = EDGE_CURVE ( 'NONE', #385, #1699, #1758, .T. ) ;
#1505 = CARTESIAN_POINT ( 'NONE',  ( 4.000000000000000000, 3.000000000000000000, 99.06169977817539518 ) ) ;
#1506 = VERTEX_POINT ( 'NONE', #1370 ) ;
#1507 = LINE ( 'NONE', #108, #530 ) ;
#1508 = CARTESIAN_POINT ( 'NONE',  ( -41.59999999999998721, 6.000000000000000000, 126.0616997781754094 ) ) ;
#1509 = EDGE_LOOP ( 'NONE', ( #1665, #558, #110, #910 ) ) ;
#1510 = CARTESIAN_POINT ( 'NONE',  ( 28.59999999999999432, 6.000000000000000000, -0.9383002218246051518 ) ) ;
#1511 = LINE ( 'NONE', #934, #1517 ) ;
#1512 = EDGE_CURVE ( 'NONE', #706, #1240, #1525, .T. ) ;
#1513 = LINE ( 'NONE', #935, #465 ) ;
#1514 = VERTEX_POINT ( 'NONE', #1710 ) ;
#1515 = DIRECTION ( 'NONE',  ( -0.000000000000000000, 1.000000000000000000, -0.000000000000000000 ) ) ;
#1516 = AXIS2_PLACEMENT_3D ( 'NONE', #544, #1819, #1542 ) ;
#1517 = VECTOR ( 'NONE', #1231, 1000.000000000000000 ) ;
#1518 = DIRECTION ( 'NONE',  ( 0.000000000000000000, 0.000000000000000000, -1.000000000000000000 ) ) ;
#1519 = EDGE_LOOP ( 'NONE', ( #1528, #1538 ) ) ;
#1520 = ORIENTED_EDGE ( 'NONE', *, *, #213, .T. ) ;
#1521 = DIRECTION ( 'NONE',  ( -1.000000000000000000, 0.000000000000000000, 1.850371707708594366E-15 ) ) ;
#1522 = ORIENTED_EDGE ( 'NONE', *, *, #1803, .T. ) ;
#1523 = EDGE_CURVE ( 'NONE', #959, #1158, #1561, .T. ) ;
#1524 = AXIS2_PLACEMENT_3D ( 'NONE', #1432, #1591, #16 ) ;
#1525 = CIRCLE ( 'NONE', #68, 2.000000000000000888 ) ;
#1526 = LINE ( 'NONE', #522, #619 ) ;
#1527 = ORIENTED_EDGE ( 'NONE', *, *, #1595, .F. ) ;
#1528 = ORIENTED_EDGE ( 'NONE', *, *, #1143, .T. ) ;
#1529 = EDGE_LOOP ( 'NONE', ( #1426, #1307 ) ) ;
#1530 = CARTESIAN_POINT ( 'NONE',  ( 41.60000000000000142, 6.000000000000000000, 126.0616997781754094 ) ) ;
#1531 = ORIENTED_EDGE ( 'NONE', *, *, #665, .T. ) ;
#1532 = CARTESIAN_POINT ( 'NONE',  ( -33.70000000000000995, 6.000000000000000000, -30.83830022182461406 ) ) ;
#1533 = EDGE_CURVE ( 'NONE', #390, #537, #165, .T. ) ;
#1534 = CARTESIAN_POINT ( 'NONE',  ( 0.000000000000000000, 3.000000000000000000, 92.06169977817539518 ) ) ;
#1535 = VERTEX_POINT ( 'NONE', #15 ) ;
#1536 = ORIENTED_EDGE ( 'NONE', *, *, #1668, .F. ) ;
#1537 = VECTOR ( 'NONE', #288, 1000.000000000000000 ) ;
#1538 = ORIENTED_EDGE ( 'NONE', *, *, #1320, .T. ) ;
#1539 = DIRECTION ( 'NONE',  ( 1.000000000000000000, -0.000000000000000000, 1.273191542001326070E-16 ) ) ;
#1540 = ORIENTED_EDGE ( 'NONE', *, *, #568, .F. ) ;
#1541 = DIRECTION ( 'NONE',  ( 0.000000000000000000, 0.000000000000000000, 1.000000000000000000 ) ) ;
#1542 = DIRECTION ( 'NONE',  ( 0.000000000000000000, 0.000000000000000000, -1.000000000000000000 ) ) ;
#1543 = PLANE ( 'NONE',  #1805 ) ;
#1544 = ORIENTED_EDGE ( 'NONE', *, *, #1583, .F. ) ;
#1545 = ORIENTED_EDGE ( 'NONE', *, *, #940, .T. ) ;
#1546 = EDGE_CURVE ( 'NONE', #1738, #122, #720, .T. ) ;
#1547 = VERTEX_POINT ( 'NONE', #4 ) ;
#1548 = CYLINDRICAL_SURFACE ( 'NONE', #785, 2.899999999999999911 ) ;
#1549 = ORIENTED_EDGE ( 'NONE', *, *, #757, .F. ) ;
#1550 = CARTESIAN_POINT ( 'NONE',  ( 25.79999999999999361, 6.000000000000000000, -22.93830022182462614 ) ) ;
#1551 = CARTESIAN_POINT ( 'NONE',  ( -41.60000000000000853, 6.000000000000000000, -4.938300221824606595 ) ) ;
#1552 = VECTOR ( 'NONE', #903, 1000.000000000000000 ) ;
#1553 = CARTESIAN_POINT ( 'NONE',  ( -28.59999999999999432, 6.000000000000000000, -2.938300221824605263 ) ) ;
#1554 = ORIENTED_EDGE ( 'NONE', *, *, #1695, .F. ) ;
#1555 = ORIENTED_EDGE ( 'NONE', *, *, #1227, .T. ) ;
#1556 = VERTEX_POINT ( 'NONE', #972 ) ;
#1557 = ADVANCED_FACE ( 'NONE', ( #832 ), #435, .F. ) ;
#1558 = ADVANCED_FACE ( 'NONE', ( #731 ), #700, .F. ) ;
#1559 = CARTESIAN_POINT ( 'NONE',  ( 33.69999999999999574, 6.000000000000000000, -27.93830022182462258 ) ) ;
#1560 = EDGE_LOOP ( 'NONE', ( #988, #75 ) ) ;
#1561 = LINE ( 'NONE', #1399, #1257 ) ;
#1562 = CARTESIAN_POINT ( 'NONE',  ( 32.60500000000001819, 2.000000000000000000, 116.0616997781753952 ) ) ;
#1563 = ORIENTED_EDGE ( 'NONE', *, *, #867, .T. ) ;
#1564 = DIRECTION ( 'NONE',  ( 0.000000000000000000, 1.000000000000000000, 0.000000000000000000 ) ) ;
#1565 = ORIENTED_EDGE ( 'NONE', *, *, #248, .F. ) ;
#1566 = ORIENTED_EDGE ( 'NONE', *, *, #1648, .F. ) ;
#1567 = DIRECTION ( 'NONE',  ( 1.000000000000000000, 0.000000000000000000, 0.000000000000000000 ) ) ;
#1568 = DIRECTION ( 'NONE',  ( 0.000000000000000000, 0.000000000000000000, 1.000000000000000000 ) ) ;
#1569 = CARTESIAN_POINT ( 'NONE',  ( -33.70000000000000995, 6.000000000000000000, -22.93830022182460837 ) ) ;
#1570 = EDGE_CURVE ( 'NONE', #836, #1064, #1135, .T. ) ;
#1571 = DIRECTION ( 'NONE',  ( 0.000000000000000000, 0.000000000000000000, 1.000000000000000000 ) ) ;
#1572 = CARTESIAN_POINT ( 'NONE',  ( 32.60500000000001819, 6.000000000000000000, 116.0616997781753952 ) ) ;
#1573 = AXIS2_PLACEMENT_3D ( 'NONE', #1792, #517, #1087 ) ;
#1574 = CARTESIAN_POINT ( 'NONE',  ( -32.60499999999998266, 2.000000000000000000, 116.0616997781754094 ) ) ;
#1575 = DIRECTION ( 'NONE',  ( 1.000000000000000000, 0.000000000000000000, -0.000000000000000000 ) ) ;
#1576 = AXIS2_PLACEMENT_3D ( 'NONE', #1050, #498, #1327 ) ;
#1577 = CIRCLE ( 'NONE', #1164, 2.899999999999999911 ) ;
#1578 = VECTOR ( 'NONE', #1743, 1000.000000000000000 ) ;
#1579 = LINE ( 'NONE', #1300, #1739 ) ;
#1580 = DIRECTION ( 'NONE',  ( 0.000000000000000000, 1.000000000000000000, 0.000000000000000000 ) ) ;
#1581 = DIRECTION ( 'NONE',  ( 0.000000000000000000, 1.000000000000000000, 0.000000000000000000 ) ) ;
#1582 = EDGE_CURVE ( 'NONE', #1081, #991, #540, .T. ) ;
#1583 = EDGE_CURVE ( 'NONE', #1766, #1800, #864, .T. ) ;
#1584 = AXIS2_PLACEMENT_3D ( 'NONE', #553, #983, #276 ) ;
#1585 = ORIENTED_EDGE ( 'NONE', *, *, #317, .F. ) ;
#1586 = LINE ( 'NONE', #1304, #640 ) ;
#1587 = CARTESIAN_POINT ( 'NONE',  ( -4.000000000000000000, 3.000000000000000000, 99.06169977817539518 ) ) ;
#1588 = VECTOR ( 'NONE', #22, 1000.000000000000000 ) ;
#1589 = CARTESIAN_POINT ( 'NONE',  ( 26.59999999999999076, 6.000000000000000000, -22.93830022182461548 ) ) ;
#1590 = DIRECTION ( 'NONE',  ( 0.000000000000000000, 0.000000000000000000, 1.000000000000000000 ) ) ;
#1591 = DIRECTION ( 'NONE',  ( 0.000000000000000000, 1.000000000000000000, 0.000000000000000000 ) ) ;
#1592 = VECTOR ( 'NONE', #1046, 1000.000000000000000 ) ;
#1593 = CARTESIAN_POINT ( 'NONE',  ( -33.70000000000000995, 6.000000000000000000, -30.83830022182461406 ) ) ;
#1594 = ORIENTED_EDGE ( 'NONE', *, *, #1570, .T. ) ;
#1595 = EDGE_CURVE ( 'NONE', #1813, #1439, #581, .T. ) ;
#1596 = EDGE_LOOP ( 'NONE', ( #500, #1402 ) ) ;
#1597 = CARTESIAN_POINT ( 'NONE',  ( -41.59999999999998721, 6.000000000000000000, 108.0616997781753952 ) ) ;
#1598 = VECTOR ( 'NONE', #1487, 1000.000000000000000 ) ;
#1599 = AXIS2_PLACEMENT_3D ( 'NONE', #796, #692, #1672 ) ;
#1600 = CARTESIAN_POINT ( 'NONE',  ( -32.60499999999998266, 6.000000000000000000, 111.0616997781753952 ) ) ;
#1601 = LINE ( 'NONE', #341, #153 ) ;
#1602 = CARTESIAN_POINT ( 'NONE',  ( -41.59999999999998721, 6.000000000000000000, 126.0616997781754094 ) ) ;
#1603 = EDGE_CURVE ( 'NONE', #385, #797, #562, .T. ) ;
#1604 = LINE ( 'NONE', #1597, #711 ) ;
#1605 = PRODUCT_DEFINITION_FORMATION_WITH_SPECIFIED_SOURCE ( 'ไป', '', #1456, .NOT_KNOWN. ) ;
#1606 = AXIS2_PLACEMENT_3D ( 'NONE', #613, #781, #1352 ) ;
#1607 = CARTESIAN_POINT ( 'NONE',  ( 33.69999999999999574, 6.000000000000000000, -22.93830022182462614 ) ) ;
#1608 = CIRCLE ( 'NONE', #651, 5.000000000000004441 ) ;
#1609 = CARTESIAN_POINT ( 'NONE',  ( 39.59999999999999432, 6.000000000000000000, -4.938300221824593272 ) ) ;
#1610 = DIRECTION ( 'NONE',  ( 0.000000000000000000, 1.000000000000000000, 0.000000000000000000 ) ) ;
#1611 = VECTOR ( 'NONE', #973, 1000.000000000000000 ) ;
#1612 = DIRECTION ( 'NONE',  ( 0.000000000000000000, 0.000000000000000000, 1.000000000000000000 ) ) ;
#1613 = FACE_OUTER_BOUND ( 'NONE', #647, .T. ) ;
#1614 = EDGE_CURVE ( 'NONE', #1043, #237, #708, .T. ) ;
#1615 = DIRECTION ( 'NONE',  ( 0.000000000000000000, -1.000000000000000000, 0.000000000000000000 ) ) ;
#1616 = VERTEX_POINT ( 'NONE', #157 ) ;
#1617 = DIRECTION ( 'NONE',  ( 0.000000000000000000, 0.000000000000000000, -1.000000000000000000 ) ) ;
#1618 = PRODUCT_DEFINITION_SHAPE ( 'NONE', 'NONE',  #281 ) ;
#1619 = DIRECTION ( 'NONE',  ( 0.000000000000000000, 0.000000000000000000, 1.000000000000000000 ) ) ;
#1620 = ORIENTED_EDGE ( 'NONE', *, *, #1772, .F. ) ;
#1621 = CARTESIAN_POINT ( 'NONE',  ( 4.000000000000000000, 3.000000000000000000, 4.061699778175390740 ) ) ;
#1622 = DIRECTION ( 'NONE',  ( -0.000000000000000000, -1.000000000000000000, -0.000000000000000000 ) ) ;
#1623 = DIRECTION ( 'NONE',  ( 0.000000000000000000, 1.000000000000000000, 0.000000000000000000 ) ) ;
#1624 = EDGE_LOOP ( 'NONE', ( #274, #72, #629, #1238 ) ) ;
#1625 = ADVANCED_FACE ( 'NONE', ( #1010 ), #721, .T. ) ;
#1626 = DIRECTION ( 'NONE',  ( -0.000000000000000000, 1.000000000000000000, -0.000000000000000000 ) ) ;
#1627 = AXIS2_PLACEMENT_3D ( 'NONE', #1095, #974, #121 ) ;
#1628 = CARTESIAN_POINT ( 'NONE',  ( -41.60000000000000853, 6.000000000000000000, -22.93830022182460837 ) ) ;
#1629 = FACE_OUTER_BOUND ( 'NONE', #1519, .T. ) ;
#1630 = AXIS2_PLACEMENT_3D ( 'NONE', #334, #1068, #1619 ) ;
#1631 = PLANE ( 'NONE',  #1017 ) ;
#1632 = EDGE_LOOP ( 'NONE', ( #463, #1555, #1411, #1098 ) ) ;
#1633 = ADVANCED_FACE ( 'NONE', ( #1700 ), #1441, .F. ) ;
#1634 = VECTOR ( 'NONE', #186, 1000.000000000000000 ) ;
#1635 = DIRECTION ( 'NONE',  ( 0.000000000000000000, -1.000000000000000000, 0.000000000000000000 ) ) ;
#1636 = ADVANCED_FACE ( 'NONE', ( #406 ), #416, .F. ) ;
#1637 = LINE ( 'NONE', #74, #590 ) ;
#1638 = VERTEX_POINT ( 'NONE', #285 ) ;
#1639 = VECTOR ( 'NONE', #41, 1000.000000000000000 ) ;
#1640 = CARTESIAN_POINT ( 'NONE',  ( -41.59999999999998721, 6.000000000000000000, 126.0616997781754094 ) ) ;
#1641 = CARTESIAN_POINT ( 'NONE',  ( 2.449293598294707893E-16, 6.000000000000000000, 11.06169977817539340 ) ) ;
#1642 = AXIS2_PLACEMENT_3D ( 'NONE', #204, #770, #1343 ) ;
#1643 = CARTESIAN_POINT ( 'NONE',  ( -33.70000000000000995, 6.000000000000000000, -22.93830022182460837 ) ) ;
#1644 = ORIENTED_EDGE ( 'NONE', *, *, #1182, .T. ) ;
#1645 = DIRECTION ( 'NONE',  ( -0.000000000000000000, 1.000000000000000000, -0.000000000000000000 ) ) ;
#1646 = CARTESIAN_POINT ( 'NONE',  ( 33.69999999999999574, 2.000000000000000000, -22.93830022182462614 ) ) ;
#1647 = ORIENTED_EDGE ( 'NONE', *, *, #1036, .F. ) ;
#1648 = EDGE_CURVE ( 'NONE', #290, #1547, #856, .T. ) ;
#1649 = AXIS2_PLACEMENT_3D ( 'NONE', #571, #1539, #1396 ) ;
#1650 = DIRECTION ( 'NONE',  ( 0.000000000000000000, 0.000000000000000000, 1.000000000000000000 ) ) ;
#1651 = CARTESIAN_POINT ( 'NONE',  ( -28.59999999999999432, 6.000000000000000000, -0.9383002218246033754 ) ) ;
#1652 = FACE_OUTER_BOUND ( 'NONE', #1032, .T. ) ;
#1653 = ORIENTED_EDGE ( 'NONE', *, *, #1395, .T. ) ;
#1654 = CARTESIAN_POINT ( 'NONE',  ( 26.59999999999999076, 6.000000000000000000, -0.9383002218246049297 ) ) ;
#1655 = LINE ( 'NONE', #814, #761 ) ;
#1656 = ORIENTED_EDGE ( 'NONE', *, *, #1488, .T. ) ;
#1657 = ORIENTED_EDGE ( 'NONE', *, *, #813, .T. ) ;
#1658 = ADVANCED_FACE ( 'NONE', ( #1470 ), #1052, .F. ) ;
#1659 = DIRECTION ( 'NONE',  ( 0.000000000000000000, 1.000000000000000000, 0.000000000000000000 ) ) ;
#1660 = EDGE_LOOP ( 'NONE', ( #1730, #811, #1325, #496 ) ) ;
#1661 = CARTESIAN_POINT ( 'NONE',  ( 32.60500000000001819, 2.000000000000000000, 121.0616997781753952 ) ) ;
#1662 = CIRCLE ( 'NONE', #533, 5.000000000000000888 ) ;
#1663 = CARTESIAN_POINT ( 'NONE',  ( -41.60000000000000853, 0.000000000000000000, -22.93830022182460837 ) ) ;
#1664 = ORIENTED_EDGE ( 'NONE', *, *, #90, .T. ) ;
#1665 = ORIENTED_EDGE ( 'NONE', *, *, #1395, .F. ) ;
#1666 = DIRECTION ( 'NONE',  ( -3.469446951953614189E-16, -0.000000000000000000, -1.000000000000000000 ) ) ;
#1667 = ORIENTED_EDGE ( 'NONE', *, *, #1308, .T. ) ;
#1668 = EDGE_CURVE ( 'NONE', #1833, #971, #97, .T. ) ;
#1669 = CIRCLE ( 'NONE', #1757, 2.000000000000001776 ) ;
#1670 = AXIS2_PLACEMENT_3D ( 'NONE', #1768, #1492, #493 ) ;
#1671 = DIRECTION ( 'NONE',  ( 0.000000000000000000, 0.000000000000000000, 1.000000000000000000 ) ) ;
#1672 = DIRECTION ( 'NONE',  ( -1.000000000000000000, 0.000000000000000000, -0.000000000000000000 ) ) ;
#1673 = ORIENTED_EDGE ( 'NONE', *, *, #65, .T. ) ;
#1674 = ORIENTED_EDGE ( 'NONE', *, *, #1728, .T. ) ;
#1675 = ORIENTED_EDGE ( 'NONE', *, *, #765, .T. ) ;
#1676 = DIRECTION ( 'NONE',  ( 0.000000000000000000, 1.000000000000000000, 0.000000000000000000 ) ) ;
#1677 = ORIENTED_EDGE ( 'NONE', *, *, #1364, .T. ) ;
#1678 = DIRECTION ( 'NONE',  ( 0.000000000000000000, 0.000000000000000000, -1.000000000000000000 ) ) ;
#1679 = CARTESIAN_POINT ( 'NONE',  ( -4.000000000000000000, 3.000000000000000000, 99.06169977817539518 ) ) ;
#1680 = EDGE_CURVE ( 'NONE', #1638, #809, #454, .T. ) ;
#1681 = DIRECTION ( 'NONE',  ( 0.000000000000000000, 0.000000000000000000, -1.000000000000000000 ) ) ;
#1682 = ORIENTED_EDGE ( 'NONE', *, *, #941, .F. ) ;
#1683 = ORIENTED_EDGE ( 'NONE', *, *, #1830, .T. ) ;
#1684 = AXIS2_PLACEMENT_3D ( 'NONE', #277, #1314, #742 ) ;
#1685 = ORIENTED_EDGE ( 'NONE', *, *, #1614, .F. ) ;
#1686 = DIRECTION ( 'NONE',  ( -0.000000000000000000, -1.000000000000000000, -0.000000000000000000 ) ) ;
#1687 = EDGE_LOOP ( 'NONE', ( #525, #723 ) ) ;
#1688 = DIRECTION ( 'NONE',  ( 0.000000000000000000, 0.000000000000000000, 1.000000000000000000 ) ) ;
#1689 = DIRECTION ( 'NONE',  ( 0.000000000000000000, 1.000000000000000000, 0.000000000000000000 ) ) ;
#1690 = EDGE_CURVE ( 'NONE', #1616, #1834, #215, .T. ) ;
#1691 = CARTESIAN_POINT ( 'NONE',  ( 26.60000000000000497, 0.000000000000000000, 106.0616997781754236 ) ) ;
#1692 = ORIENTED_EDGE ( 'NONE', *, *, #1172, .T. ) ;
#1693 = ORIENTED_EDGE ( 'NONE', *, *, #1512, .T. ) ;
#1694 = VECTOR ( 'NONE', #1279, 1000.000000000000000 ) ;
#1695 = EDGE_CURVE ( 'NONE', #1704, #537, #1777, .T. ) ;
#1696 = ORIENTED_EDGE ( 'NONE', *, *, #382, .T. ) ;
#1697 = CIRCLE ( 'NONE', #1459, 4.999999999999997335 ) ;
#1698 = LINE ( 'NONE', #1152, #1501 ) ;
#1699 = VERTEX_POINT ( 'NONE', #1767 ) ;
#1700 = FACE_OUTER_BOUND ( 'NONE', #1392, .T. ) ;
#1701 = DIRECTION ( 'NONE',  ( -0.000000000000000000, -1.000000000000000000, -0.000000000000000000 ) ) ;
#1702 = AXIS2_PLACEMENT_3D ( 'NONE', #591, #638, #486 ) ;
#1703 = CARTESIAN_POINT ( 'NONE',  ( 0.000000000000000000, 6.000000000000000000, 9.061699778175391629 ) ) ;
#1704 = VERTEX_POINT ( 'NONE', #501 ) ;
#1705 = ORIENTED_EDGE ( 'NONE', *, *, #1444, .T. ) ;
#1706 = DIRECTION ( 'NONE',  ( 0.000000000000000000, 0.000000000000000000, 1.000000000000000000 ) ) ;
#1707 = ORIENTED_EDGE ( 'NONE', *, *, #579, .F. ) ;
#1708 = EDGE_CURVE ( 'NONE', #1754, #980, #759, .T. ) ;
#1709 = DIRECTION ( 'NONE',  ( 0.000000000000000000, 0.000000000000000000, 1.000000000000000000 ) ) ;
#1710 = CARTESIAN_POINT ( 'NONE',  ( 2.449293598294709866E-16, 6.000000000000000000, 96.06169977817539518 ) ) ;
#1711 = DIRECTION ( 'NONE',  ( -0.000000000000000000, -1.000000000000000000, -0.000000000000000000 ) ) ;
#1712 = EDGE_LOOP ( 'NONE', ( #931, #960, #1527, #737 ) ) ;
#1713 = CARTESIAN_POINT ( 'NONE',  ( 0.000000000000000000, 6.000000000000000000, 9.061699778175391629 ) ) ;
#1714 = DIRECTION ( 'NONE',  ( 1.000000000000000000, 0.000000000000000000, 0.000000000000000000 ) ) ;
#1715 = CARTESIAN_POINT ( 'NONE',  ( 0.000000000000000000, 3.000000000000000000, 7.061699778175390740 ) ) ;
#1716 = EDGE_CURVE ( 'NONE', #947, #729, #1223, .T. ) ;
#1717 = CARTESIAN_POINT ( 'NONE',  ( -25.80000000000000071, 6.000000000000000000, -22.93830022182460837 ) ) ;
#1718 = CARTESIAN_POINT ( 'NONE',  ( -28.59999999999999432, 0.000000000000000000, -0.9383002218246033754 ) ) ;
#1719 = DIRECTION ( 'NONE',  ( 0.000000000000000000, 1.000000000000000000, 0.000000000000000000 ) ) ;
#1720 = AXIS2_PLACEMENT_3D ( 'NONE', #956, #1228, #1681 ) ;
#1721 = ORIENTED_EDGE ( 'NONE', *, *, #1024, .T. ) ;
#1722 = DIRECTION ( 'NONE',  ( 0.000000000000000000, 0.000000000000000000, -1.000000000000000000 ) ) ;
#1723 = STYLED_ITEM ( 'NONE', ( #1477 ), #234 ) ;
#1724 = VERTEX_POINT ( 'NONE', #1162 ) ;
#1725 = DIRECTION ( 'NONE',  ( 0.000000000000000000, 1.000000000000000000, 0.000000000000000000 ) ) ;
#1726 = CARTESIAN_POINT ( 'NONE',  ( 26.59999999999999076, 0.000000000000000000, -0.9383002218246033754 ) ) ;
#1727 = LINE ( 'NONE', #1303, #1436 ) ;
#1728 = EDGE_CURVE ( 'NONE', #30, #674, #780, .T. ) ;
#1729 = AXIS2_PLACEMENT_3D ( 'NONE', #1206, #905, #1484 ) ;
#1730 = ORIENTED_EDGE ( 'NONE', *, *, #409, .T. ) ;
#1731 = LINE ( 'NONE', #149, #735 ) ;
#1732 = ORIENTED_EDGE ( 'NONE', *, *, #919, .T. ) ;
#1733 = CARTESIAN_POINT ( 'NONE',  ( 4.000000000000000000, 3.000000000000000000, 99.06169977817539518 ) ) ;
#1734 = VERTEX_POINT ( 'NONE', #1726 ) ;
#1735 = ORIENTED_EDGE ( 'NONE', *, *, #977, .F. ) ;
#1736 = CARTESIAN_POINT ( 'NONE',  ( 39.59999999999999432, 10.00000000000000000, -2.938300221824605263 ) ) ;
#1737 = FACE_OUTER_BOUND ( 'NONE', #46, .T. ) ;
#1738 = VERTEX_POINT ( 'NONE', #76 ) ;
#1739 = VECTOR ( 'NONE', #1430, 1000.000000000000000 ) ;
#1740 = EDGE_CURVE ( 'NONE', #1699, #1081, #364, .T. ) ;
#1741 = DIRECTION ( 'NONE',  ( 0.000000000000000000, -1.000000000000000000, 0.000000000000000000 ) ) ;
#1742 = DIRECTION ( 'NONE',  ( 0.000000000000000000, 0.000000000000000000, 1.000000000000000000 ) ) ;
#1743 = DIRECTION ( 'NONE',  ( -0.000000000000000000, -1.000000000000000000, -0.000000000000000000 ) ) ;
#1744 = CARTESIAN_POINT ( 'NONE',  ( 4.000000000000000000, 0.000000000000000000, 4.061699778175390740 ) ) ;
#1745 = CYLINDRICAL_SURFACE ( 'NONE', #709, 2.899999999999999911 ) ;
#1746 = EDGE_CURVE ( 'NONE', #958, #431, #1401, .T. ) ;
#1747 = CARTESIAN_POINT ( 'NONE',  ( 28.60000000000000853, 0.000000000000000000, 104.0616997781754236 ) ) ;
#1748 = VERTEX_POINT ( 'NONE', #85 ) ;
#1749 = EDGE_CURVE ( 'NONE', #243, #227, #1350, .T. ) ;
#1750 = LINE ( 'NONE', #1736, #1099 ) ;
#1751 = CIRCLE ( 'NONE', #448, 2.000000000000001776 ) ;
#1752 = AXIS2_PLACEMENT_3D ( 'NONE', #600, #187, #607 ) ;
#1753 = LINE ( 'NONE', #1744, #599 ) ;
#1754 = VERTEX_POINT ( 'NONE', #789 ) ;
#1755 = DIRECTION ( 'NONE',  ( 0.000000000000000000, 0.000000000000000000, -1.000000000000000000 ) ) ;
#1756 = FILL_AREA_STYLE ('',( #1191 ) ) ;
#1757 = AXIS2_PLACEMENT_3D ( 'NONE', #866, #1711, #428 ) ;
#1758 = CIRCLE ( 'NONE', #1345, 2.000000000000000000 ) ;
#1759 = CARTESIAN_POINT ( 'NONE',  ( 33.69999999999999574, 0.000000000000000000, -30.83830022182462827 ) ) ;
#1760 = EDGE_CURVE ( 'NONE', #231, #1616, #649, .T. ) ;
#1761 = FACE_OUTER_BOUND ( 'NONE', #1560, .T. ) ;
#1762 = CARTESIAN_POINT ( 'NONE',  ( 32.60500000000001819, 2.000000000000000000, 113.1616997781753895 ) ) ;
#1763 = VERTEX_POINT ( 'NONE', #1759 ) ;
#1764 = FACE_OUTER_BOUND ( 'NONE', #430, .T. ) ;
#1765 = CARTESIAN_POINT ( 'NONE',  ( -3.999999999999999112, 3.000000000000000000, 4.061699778175390740 ) ) ;
#1766 = VERTEX_POINT ( 'NONE', #232 ) ;
#1767 = CARTESIAN_POINT ( 'NONE',  ( -26.59999999999999076, 6.000000000000000000, -0.9383002218246033754 ) ) ;
#1768 = CARTESIAN_POINT ( 'NONE',  ( 33.69999999999999574, 0.000000000000000000, -22.93830022182462614 ) ) ;
#1769 = EDGE_CURVE ( 'NONE', #431, #1638, #656, .T. ) ;
#1770 = CARTESIAN_POINT ( 'NONE',  ( -33.70000000000024443, 6.000000000000000000, 106.0616997781754236 ) ) ;
#1771 = ORIENTED_EDGE ( 'NONE', *, *, #1488, .F. ) ;
#1772 = EDGE_CURVE ( 'NONE', #1358, #1704, #1787, .T. ) ;
#1773 = VECTOR ( 'NONE', #37, 1000.000000000000000 ) ;
#1774 = DIRECTION ( 'NONE',  ( 0.000000000000000000, 1.000000000000000000, 0.000000000000000000 ) ) ;
#1775 = DIRECTION ( 'NONE',  ( 0.000000000000000000, 1.000000000000000000, 0.000000000000000000 ) ) ;
#1776 = VERTEX_POINT ( 'NONE', #492 ) ;
#1777 = LINE ( 'NONE', #1044, #748 ) ;
#1778 = CARTESIAN_POINT ( 'NONE',  ( 33.69999999999999574, 2.000000000000000000, -22.93830022182462614 ) ) ;
#1779 = DIRECTION ( 'NONE',  ( 0.000000000000000000, 0.000000000000000000, 1.000000000000000000 ) ) ;
#1780 = ORIENTED_EDGE ( 'NONE', *, *, #1716, .F. ) ;
#1781 = CIRCLE ( 'NONE', #418, 2.000000000000000000 ) ;
#1782 = DIRECTION ( 'NONE',  ( -0.000000000000000000, -1.000000000000000000, -0.000000000000000000 ) ) ;
#1783 = EDGE_CURVE ( 'NONE', #1789, #1556, #987, .T. ) ;
#1784 = CYLINDRICAL_SURFACE ( 'NONE', #1630, 5.000000000000004441 ) ;
#1785 = CARTESIAN_POINT ( 'NONE',  ( 4.000000000000000000, 3.000000000000000000, 4.061699778175390740 ) ) ;
#1786 = DIRECTION ( 'NONE',  ( 0.000000000000000000, 1.000000000000000000, 0.000000000000000000 ) ) ;
#1787 = CIRCLE ( 'NONE', #601, 2.000000000000001776 ) ;
#1788 = FACE_OUTER_BOUND ( 'NONE', #1376, .T. ) ;
#1789 = VERTEX_POINT ( 'NONE', #69 ) ;
#1790 = CARTESIAN_POINT ( 'NONE',  ( -39.60000000000000142, 6.000000000000000000, -2.938300221824605263 ) ) ;
#1791 = ADVANCED_FACE ( 'NONE', ( #630 ), #1203, .F. ) ;
#1792 = CARTESIAN_POINT ( 'NONE',  ( 41.60000000000000853, 10.00000000000000000, 106.0616997781753952 ) ) ;
#1793 = VERTEX_POINT ( 'NONE', #1491 ) ;
#1794 = ORIENTED_EDGE ( 'NONE', *, *, #757, .T. ) ;
#1795 = CARTESIAN_POINT ( 'NONE',  ( 33.69999999999999574, 0.000000000000000000, -22.93830022182462614 ) ) ;
#1796 = CYLINDRICAL_SURFACE ( 'NONE', #31, 2.000000000000001776 ) ;
#1797 = VERTEX_POINT ( 'NONE', #1141 ) ;
#1798 = LINE ( 'NONE', #1078, #570 ) ;
#1799 = FACE_OUTER_BOUND ( 'NONE', #7, .T. ) ;
#1800 = VERTEX_POINT ( 'NONE', #725 ) ;
#1801 = APPLICATION_CONTEXT ( 'automotive_design' ) ;
#1802 = ORIENTED_EDGE ( 'NONE', *, *, #442, .F. ) ;
#1803 = EDGE_CURVE ( 'NONE', #143, #991, #567, .T. ) ;
#1804 = MECHANICAL_DESIGN_GEOMETRIC_PRESENTATION_REPRESENTATION (  '', ( #1723 ), #675 ) ;
#1805 = AXIS2_PLACEMENT_3D ( 'NONE', #1508, #1518, #1391 ) ;
#1806 = LINE ( 'NONE', #661, #1312 ) ;
#1807 = ORIENTED_EDGE ( 'NONE', *, *, #1341, .T. ) ;
#1808 = FACE_OUTER_BOUND ( 'NONE', #819, .T. ) ;
#1809 = CIRCLE ( 'NONE', #1281, 2.899999999999999911 ) ;
#1810 = LINE ( 'NONE', #370, #441 ) ;
#1811 = VERTEX_POINT ( 'NONE', #309 ) ;
#1812 = ORIENTED_EDGE ( 'NONE', *, *, #1326, .T. ) ;
#1813 = VERTEX_POINT ( 'NONE', #1026 ) ;
#1814 = VECTOR ( 'NONE', #701, 1000.000000000000000 ) ;
#1815 = EDGE_CURVE ( 'NONE', #89, #1821, #1366, .T. ) ;
#1816 = DIRECTION ( 'NONE',  ( 0.000000000000000000, 0.000000000000000000, -1.000000000000000000 ) ) ;
#1817 = ORIENTED_EDGE ( 'NONE', *, *, #460, .T. ) ;
#1818 = VECTOR ( 'NONE', #1541, 1000.000000000000000 ) ;
#1819 = DIRECTION ( 'NONE',  ( 0.000000000000000000, -1.000000000000000000, 0.000000000000000000 ) ) ;
#1820 = PLANE ( 'NONE',  #1157 ) ;
#1821 = VERTEX_POINT ( 'NONE', #594 ) ;
#1822 = EDGE_LOOP ( 'NONE', ( #1807, #1653, #1771, #140 ) ) ;
#1823 = EDGE_LOOP ( 'NONE', ( #1019, #1682, #1566, #1549 ) ) ;
#1824 = AXIS2_PLACEMENT_3D ( 'NONE', #1053, #1481, #753 ) ;
#1825 = CARTESIAN_POINT ( 'NONE',  ( 4.000000000000000000, 3.000000000000000000, 4.061699778175390740 ) ) ;
#1826 = VERTEX_POINT ( 'NONE', #1587 ) ;
#1827 = EDGE_CURVE ( 'NONE', #1439, #847, #1156, .T. ) ;
#1828 = CARTESIAN_POINT ( 'NONE',  ( 33.69999999999999574, 2.000000000000000000, -17.93830022182462969 ) ) ;
#1829 = FACE_OUTER_BOUND ( 'NONE', #95, .T. ) ;
#1830 = EDGE_CURVE ( 'NONE', #696, #538, #798, .T. ) ;
#1831 = DIRECTION ( 'NONE',  ( 1.000000000000000000, -0.000000000000000000, -0.000000000000000000 ) ) ;
#1832 = ORIENTED_EDGE ( 'NONE', *, *, #477, .F. ) ;
#1833 = VERTEX_POINT ( 'NONE', #438 ) ;
#1834 = VERTEX_POINT ( 'NONE', #1733 ) ;
#1835 = CARTESIAN_POINT ( 'NONE',  ( 2.449293598294709373E-16, 6.000000000000000000, 96.06169977817539518 ) ) ;
#1836 = ORIENTED_EDGE ( 'NONE', *, *, #469, .F. ) ;
#1837 = DIRECTION ( 'NONE',  ( 0.000000000000000000, 0.000000000000000000, 1.000000000000000000 ) ) ;
#1838 = CARTESIAN_POINT ( 'NONE',  ( -41.59999999999998721, 0.000000000000000000, 108.0616997781753952 ) ) ;
#1839 = EDGE_CURVE ( 'NONE', #1093, #343, #88, .T. ) ;
#1840 = DIRECTION ( 'NONE',  ( -0.000000000000000000, 1.000000000000000000, -0.000000000000000000 ) ) ;
#1841 = EDGE_LOOP ( 'NONE', ( #1780, #118 ) ) ;
#1842 = ORIENTED_EDGE ( 'NONE', *, *, #1523, .F. ) ;
#1843 = DIRECTION ( 'NONE',  ( 0.000000000000000000, 1.000000000000000000, 0.000000000000000000 ) ) ;
ENDSEC;
END-ISO-10303-21;
