ISO-10303-21;
HEADER;
FILE_DESCRIPTION (( 'STEP AP214' ),
    '1' );
FILE_NAME ('Plat.STEP',
    '2026-03-18T21:00:17',
    ( '' ),
    ( '' ),
    'SwSTEP 2.0',
    'SolidWorks 2023',
    '' );
FILE_SCHEMA (( 'AUTOMOTIVE_DESIGN' ));
ENDSEC;

DATA;
#1 = DIRECTION ( 'NONE',  ( -1.000000000000000000, 0.000000000000000000, 0.000000000000000000 ) ) ;
#2 = AXIS2_PLACEMENT_3D ( 'NONE', #1601, #1450, #1139 ) ;
#3 = VECTOR ( 'NONE', #710, 1000.000000000000000 ) ;
#4 = AXIS2_PLACEMENT_3D ( 'NONE', #836, #1268, #1407 ) ;
#5 = LINE ( 'NONE', #1532, #1598 ) ;
#6 = AXIS2_PLACEMENT_3D ( 'NONE', #477, #1211, #1026 ) ;
#7 = CIRCLE ( 'NONE', #1516, 25.00000000000000000 ) ;
#8 = AXIS2_PLACEMENT_3D ( 'NONE', #609, #329, #318 ) ;
#9 = ORIENTED_EDGE ( 'NONE', *, *, #911, .T. ) ;
#10 = DIRECTION ( 'NONE',  ( 0.000000000000000000, 0.000000000000000000, 1.000000000000000000 ) ) ;
#11 = FACE_OUTER_BOUND ( 'NONE', #81, .T. ) ;
#12 = CARTESIAN_POINT ( 'NONE',  ( -54.99999999999997158, 56.49942440362238472, 12.00000000000000000 ) ) ;
#13 = EDGE_CURVE ( 'NONE', #1349, #122, #916, .T. ) ;
#14 = DIRECTION ( 'NONE',  ( 1.000000000000000000, 0.000000000000000000, 0.000000000000000000 ) ) ;
#15 = CARTESIAN_POINT ( 'NONE',  ( 56.40000000000001279, 31.49942440362239893, 12.00000000000000000 ) ) ;
#16 = EDGE_LOOP ( 'NONE', ( #1141, #1062 ) ) ;
#17 = FACE_OUTER_BOUND ( 'NONE', #1412, .T. ) ;
#18 = VERTEX_POINT ( 'NONE', #123 ) ;
#19 = CARTESIAN_POINT ( 'NONE',  ( 21.99999999999999645, 22.00000000000000000, 12.00000000000000000 ) ) ;
#20 = LINE ( 'NONE', #570, #616 ) ;
#21 = DIRECTION ( 'NONE',  ( -3.191461626864746089E-16, 1.000000000000000000, 0.000000000000000000 ) ) ;
#22 = EDGE_CURVE ( 'NONE', #713, #1361, #460, .T. ) ;
#23 = PLANE ( 'NONE',  #1630 ) ;
#24 = ORIENTED_EDGE ( 'NONE', *, *, #794, .F. ) ;
#25 = DIRECTION ( 'NONE',  ( 1.000000000000000000, 0.000000000000000000, 0.000000000000000000 ) ) ;
#26 = CARTESIAN_POINT ( 'NONE',  ( -29.99999999999995026, 56.49942440362238472, 12.00000000000000000 ) ) ;
#27 = ORIENTED_EDGE ( 'NONE', *, *, #1048, .T. ) ;
#28 = FACE_BOUND ( 'NONE', #1383, .T. ) ;
#29 = CYLINDRICAL_SURFACE ( 'NONE', #494, 5.999999999999998224 ) ;
#30 = CARTESIAN_POINT ( 'NONE',  ( 70.65000000000001990, -47.46880163422483179, 12.00000000000000000 ) ) ;
#31 = EDGE_CURVE ( 'NONE', #913, #1478, #928, .T. ) ;
#32 = DIRECTION ( 'NONE',  ( -0.000000000000000000, -0.000000000000000000, -1.000000000000000000 ) ) ;
#33 = VECTOR ( 'NONE', #759, 1000.000000000000000 ) ;
#34 = CIRCLE ( 'NONE', #433, 5.999999999999998224 ) ;
#35 = VECTOR ( 'NONE', #1790, 1000.000000000000000 ) ;
#36 = EDGE_LOOP ( 'NONE', ( #256, #1482, #1169, #771 ) ) ;
#37 = VERTEX_POINT ( 'NONE', #1233 ) ;
#38 = AXIS2_PLACEMENT_3D ( 'NONE', #1119, #1243, #173 ) ;
#39 = VECTOR ( 'NONE', #731, 1000.000000000000000 ) ;
#40 = CARTESIAN_POINT ( 'NONE',  ( 56.40000000000001279, 56.49942440362239893, 12.00000000000000000 ) ) ;
#41 = CARTESIAN_POINT ( 'NONE',  ( 19.74999999999999289, 22.00000000000000000, 8.000000000000000000 ) ) ;
#42 = CARTESIAN_POINT ( 'NONE',  ( 55.39999999999629665, 47.53119836577367607, 0.000000000000000000 ) ) ;
#43 = SURFACE_STYLE_FILL_AREA ( #1715 ) ;
#44 = CARTESIAN_POINT ( 'NONE',  ( -49.85000000000365361, 47.53119836576959756, 4.000000000000000000 ) ) ;
#45 = CARTESIAN_POINT ( 'NONE',  ( -22.00000000000000355, 22.00000000000000000, 8.000000000000000000 ) ) ;
#46 = VERTEX_POINT ( 'NONE', #512 ) ;
#47 = DIRECTION ( 'NONE',  ( 0.000000000000000000, 0.000000000000000000, 1.000000000000000000 ) ) ;
#48 = EDGE_LOOP ( 'NONE', ( #365, #421, #1400, #542 ) ) ;
#49 = DIRECTION ( 'NONE',  ( -1.245761921706863569E-16, 1.000000000000000000, -0.000000000000000000 ) ) ;
#50 = DIRECTION ( 'NONE',  ( 1.000000000000000000, 0.000000000000000000, 0.000000000000000000 ) ) ;
#51 = CARTESIAN_POINT ( 'NONE',  ( 61.39999999999630376, 47.53119836577367607, 4.000000000000000000 ) ) ;
#52 = ORIENTED_EDGE ( 'NONE', *, *, #1588, .T. ) ;
#53 = LINE ( 'NONE', #716, #925 ) ;
#54 = EDGE_CURVE ( 'NONE', #1627, #577, #670, .T. ) ;
#55 = EDGE_LOOP ( 'NONE', ( #1046, #1058, #1354, #989 ) ) ;
#56 = FACE_OUTER_BOUND ( 'NONE', #598, .T. ) ;
#57 = FACE_OUTER_BOUND ( 'NONE', #439, .T. ) ;
#58 = VECTOR ( 'NONE', #1656, 1000.000000000000000 ) ;
#59 = AXIS2_PLACEMENT_3D ( 'NONE', #1103, #1110, #527 ) ;
#60 = AXIS2_PLACEMENT_3D ( 'NONE', #1786, #655, #400 ) ;
#61 = CARTESIAN_POINT ( 'NONE',  ( -73.35000000013272370, -47.46880163423026033, 12.00000000000000000 ) ) ;
#62 = LINE ( 'NONE', #1156, #1488 ) ;
#63 = AXIS2_PLACEMENT_3D ( 'NONE', #514, #1490, #370 ) ;
#64 = AXIS2_PLACEMENT_3D ( 'NONE', #167, #994, #865 ) ;
#65 = VECTOR ( 'NONE', #739, 1000.000000000000000 ) ;
#66 = CARTESIAN_POINT ( 'NONE',  ( 79.40000000000001990, -47.46880163422483179, 12.00000000000000000 ) ) ;
#67 = CARTESIAN_POINT ( 'NONE',  ( -22.69999999999999218, 56.49942440362239182, 25.50000000000000355 ) ) ;
#68 = EDGE_CURVE ( 'NONE', #291, #434, #1397, .T. ) ;
#69 = ORIENTED_EDGE ( 'NONE', *, *, #1557, .F. ) ;
#70 = SURFACE_STYLE_USAGE ( .BOTH. , #1570 ) ;
#71 = CARTESIAN_POINT ( 'NONE',  ( -70.60000000013272370, -47.46880163423026033, 12.00000000000000000 ) ) ;
#72 = ORIENTED_EDGE ( 'NONE', *, *, #1731, .T. ) ;
#73 =( LENGTH_UNIT ( ) NAMED_UNIT ( * ) SI_UNIT ( .MILLI., .METRE. ) );
#74 = VERTEX_POINT ( 'NONE', #1521 ) ;
#75 = LINE ( 'NONE', #199, #755 ) ;
#76 = LINE ( 'NONE', #1455, #917 ) ;
#77 = CYLINDRICAL_SURFACE ( 'NONE', #841, 2.250000000000001776 ) ;
#78 = ORIENTED_EDGE ( 'NONE', *, *, #1675, .T. ) ;
#79 = EDGE_CURVE ( 'NONE', #1077, #46, #1615, .T. ) ;
#80 = SHAPE_REPRESENTATION_RELATIONSHIP ( 'NONE' , 'NONE' ,  #1333, #1305 ) ;
#81 = EDGE_LOOP ( 'NONE', ( #1091, #560, #193, #1291 ) ) ;
#82 = DIRECTION ( 'NONE',  ( 1.000000000000000000, 2.149595385349203583E-16, -0.000000000000000000 ) ) ;
#83 = ORIENTED_EDGE ( 'NONE', *, *, #630, .T. ) ;
#84 = EDGE_CURVE ( 'NONE', #1752, #1609, #247, .T. ) ;
#85 = DIRECTION ( 'NONE',  ( -1.245761921706863569E-16, 1.000000000000000000, -0.000000000000000000 ) ) ;
#86 = EDGE_CURVE ( 'NONE', #601, #931, #490, .T. ) ;
#87 = DIRECTION ( 'NONE',  ( 1.000000000000000000, 0.000000000000000000, 0.000000000000000000 ) ) ;
#88 = VERTEX_POINT ( 'NONE', #1213 ) ;
#89 = DIRECTION ( 'NONE',  ( -1.000000000000000000, -0.000000000000000000, -0.000000000000000000 ) ) ;
#90 = CIRCLE ( 'NONE', #1754, 2.249999999999998668 ) ;
#91 = CIRCLE ( 'NONE', #351, 2.249999999999998668 ) ;
#92 = CIRCLE ( 'NONE', #1659, 25.00000000000000000 ) ;
#93 = AXIS2_PLACEMENT_3D ( 'NONE', #699, #85, #1457 ) ;
#94 = VERTEX_POINT ( 'NONE', #1780 ) ;
#95 = ORIENTED_EDGE ( 'NONE', *, *, #1227, .F. ) ;
#96 = LINE ( 'NONE', #660, #754 ) ;
#97 =( NAMED_UNIT ( * ) SI_UNIT ( $, .STERADIAN. ) SOLID_ANGLE_UNIT ( ) );
#98 = EDGE_LOOP ( 'NONE', ( #1137, #462, #1163, #762 ) ) ;
#99 = CARTESIAN_POINT ( 'NONE',  ( -76.60000000013272370, -47.46880163423026033, 4.000000000000000000 ) ) ;
#100 = ADVANCED_FACE ( 'NONE', ( #1072 ), #388, .F. ) ;
#101 = DIRECTION ( 'NONE',  ( 0.000000000000000000, 0.000000000000000000, -1.000000000000000000 ) ) ;
#102 = DIRECTION ( 'NONE',  ( -0.000000000000000000, 0.000000000000000000, -1.000000000000000000 ) ) ;
#103 = DIRECTION ( 'NONE',  ( -1.000000000000000000, 0.000000000000000000, 0.000000000000000000 ) ) ;
#104 = ORIENTED_EDGE ( 'NONE', *, *, #1793, .F. ) ;
#105 = CARTESIAN_POINT ( 'NONE',  ( 29.99999999999998224, 56.49942440362239893, 40.00000000000000000 ) ) ;
#106 = EDGE_LOOP ( 'NONE', ( #1772, #1605, #27, #879 ) ) ;
#107 = ADVANCED_FACE ( 'NONE', ( #937 ), #261, .F. ) ;
#108 = CARTESIAN_POINT ( 'NONE',  ( 56.40000000000001279, 31.49942440362239893, 0.000000000000000000 ) ) ;
#109 = FACE_OUTER_BOUND ( 'NONE', #166, .T. ) ;
#110 = EDGE_LOOP ( 'NONE', ( #1041, #317, #1348, #277, #1661, #301, #83, #1152, #1055, #1087 ) ) ;
#111 = CARTESIAN_POINT ( 'NONE',  ( 21.99999999999999645, -22.00000000000000000, 8.000000000000000000 ) ) ;
#112 = CARTESIAN_POINT ( 'NONE',  ( 20.70000000000000284, 51.49942440362239182, 25.50000000000000355 ) ) ;
#113 = DIRECTION ( 'NONE',  ( -1.000000000000000000, 0.000000000000000000, 0.000000000000000000 ) ) ;
#114 = ORIENTED_EDGE ( 'NONE', *, *, #269, .T. ) ;
#115 = LINE ( 'NONE', #99, #1628 ) ;
#116 = EDGE_LOOP ( 'NONE', ( #1421, #950, #447, #761 ) ) ;
#117 = CIRCLE ( 'NONE', #1123, 5.000000000000000888 ) ;
#118 = FACE_BOUND ( 'NONE', #1551, .T. ) ;
#119 = EDGE_CURVE ( 'NONE', #1015, #472, #1461, .T. ) ;
#120 = DIRECTION ( 'NONE',  ( -1.245761921706863569E-16, 1.000000000000000000, -0.000000000000000000 ) ) ;
#121 = VECTOR ( 'NONE', #322, 1000.000000000000000 ) ;
#122 = VERTEX_POINT ( 'NONE', #572 ) ;
#123 = CARTESIAN_POINT ( 'NONE',  ( -24.25000000000000000, 22.00000000000000000, 12.00000000000000000 ) ) ;
#124 = EDGE_CURVE ( 'NONE', #1015, #331, #1702, .T. ) ;
#125 = AXIS2_PLACEMENT_3D ( 'NONE', #1748, #1722, #464 ) ;
#126 = CIRCLE ( 'NONE', #407, 2.000000000000001776 ) ;
#127 = DIRECTION ( 'NONE',  ( -0.000000000000000000, -0.000000000000000000, 1.000000000000000000 ) ) ;
#128 = ORIENTED_EDGE ( 'NONE', *, *, #1588, .F. ) ;
#129 = DIRECTION ( 'NONE',  ( -0.000000000000000000, -0.000000000000000000, -1.000000000000000000 ) ) ;
#130 = VERTEX_POINT ( 'NONE', #319 ) ;
#131 = DIRECTION ( 'NONE',  ( 6.938893903907222067E-15, -1.000000000000000000, 0.000000000000000000 ) ) ;
#132 = DIRECTION ( 'NONE',  ( -1.000000000000000000, 0.000000000000000000, 0.000000000000000000 ) ) ;
#133 = ORIENTED_EDGE ( 'NONE', *, *, #134, .T. ) ;
#134 = EDGE_CURVE ( 'NONE', #300, #621, #117, .T. ) ;
#135 = DIRECTION ( 'NONE',  ( -0.000000000000000000, -0.000000000000000000, -1.000000000000000000 ) ) ;
#136 = ORIENTED_EDGE ( 'NONE', *, *, #310, .F. ) ;
#137 = CYLINDRICAL_SURFACE ( 'NONE', #1695, 2.750000000000002665 ) ;
#138 = FACE_OUTER_BOUND ( 'NONE', #401, .T. ) ;
#139 = CYLINDRICAL_SURFACE ( 'NONE', #1540, 2.750000000000002665 ) ;
#140 = LINE ( 'NONE', #573, #617 ) ;
#141 = EDGE_CURVE ( 'NONE', #413, #142, #826, .T. ) ;
#142 = VERTEX_POINT ( 'NONE', #1676 ) ;
#143 = DIRECTION ( 'NONE',  ( 0.000000000000000000, 0.000000000000000000, -1.000000000000000000 ) ) ;
#144 = ADVANCED_FACE ( 'NONE', ( #563 ), #1395, .F. ) ;
#145 = DIRECTION ( 'NONE',  ( -0.000000000000000000, -0.000000000000000000, -1.000000000000000000 ) ) ;
#146 = CARTESIAN_POINT ( 'NONE',  ( 81.40000000000003411, -55.46880163422488863, 12.00000000000000000 ) ) ;
#147 = LINE ( 'NONE', #1537, #214 ) ;
#148 = AXIS2_PLACEMENT_3D ( 'NONE', #1153, #1020, #1044 ) ;
#149 = AXIS2_PLACEMENT_3D ( 'NONE', #1495, #652, #132 ) ;
#150 = CARTESIAN_POINT ( 'NONE',  ( 70.65000000000001990, -47.46880163422483179, 4.000000000000000000 ) ) ;
#151 = VECTOR ( 'NONE', #556, 1000.000000000000000 ) ;
#152 = CIRCLE ( 'NONE', #1578, 2.750000000000009326 ) ;
#153 = DIRECTION ( 'NONE',  ( 0.000000000000000000, 0.000000000000000000, 1.000000000000000000 ) ) ;
#154 = CIRCLE ( 'NONE', #587, 2.249999999999998668 ) ;
#155 = ADVANCED_FACE ( 'NONE', ( #1007 ), #139, .F. ) ;
#156 = EDGE_LOOP ( 'NONE', ( #1115, #157, #855, #1379 ) ) ;
#157 = ORIENTED_EDGE ( 'NONE', *, *, #995, .T. ) ;
#158 = DIRECTION ( 'NONE',  ( -0.000000000000000000, -0.000000000000000000, 1.000000000000000000 ) ) ;
#159 = CARTESIAN_POINT ( 'NONE',  ( -67.85000000013272370, -47.46880163423026033, 4.000000000000000000 ) ) ;
#160 = CARTESIAN_POINT ( 'NONE',  ( 55.39999999999629665, 47.53119836577367607, 0.000000000000000000 ) ) ;
#161 = EDGE_CURVE ( 'NONE', #765, #233, #183, .T. ) ;
#162 = ORIENTED_EDGE ( 'NONE', *, *, #1793, .T. ) ;
#163 = CARTESIAN_POINT ( 'NONE',  ( 24.24999999999999289, -22.00000000000000000, 8.000000000000000000 ) ) ;
#164 = DIRECTION ( 'NONE',  ( -0.000000000000000000, -0.000000000000000000, -1.000000000000000000 ) ) ;
#165 = CARTESIAN_POINT ( 'NONE',  ( -17.00000000000000000, 22.00000000000000000, 0.000000000000000000 ) ) ;
#166 = EDGE_LOOP ( 'NONE', ( #9, #225, #740, #390 ) ) ;
#167 = CARTESIAN_POINT ( 'NONE',  ( 55.39999999999629665, 47.53119836577367607, 12.00000000000000000 ) ) ;
#168 = ORIENTED_EDGE ( 'NONE', *, *, #1262, .T. ) ;
#169 = CARTESIAN_POINT ( 'NONE',  ( -22.00000000000000355, -22.00000000000000000, 12.00000000000000000 ) ) ;
#170 = DIRECTION ( 'NONE',  ( 1.000000000000000000, 0.000000000000000000, 0.000000000000000000 ) ) ;
#171 = EDGE_CURVE ( 'NONE', #1744, #1685, #147, .T. ) ;
#172 = DIRECTION ( 'NONE',  ( 1.000000000000000000, 2.149595385349203583E-16, -0.000000000000000000 ) ) ;
#173 = DIRECTION ( 'NONE',  ( 1.000000000000000000, 0.000000000000000000, 0.000000000000000000 ) ) ;
#174 = ORIENTED_EDGE ( 'NONE', *, *, #965, .T. ) ;
#175 = DIRECTION ( 'NONE',  ( 0.000000000000000000, 0.000000000000000000, 1.000000000000000000 ) ) ;
#176 = EDGE_LOOP ( 'NONE', ( #1079, #114 ) ) ;
#177 = CARTESIAN_POINT ( 'NONE',  ( 81.40000000000001990, 31.49942440362239893, 0.000000000000000000 ) ) ;
#178 = VERTEX_POINT ( 'NONE', #1142 ) ;
#179 = PRODUCT_DEFINITION ( 'æœ', '', #1168, #1591 ) ;
#180 = DIRECTION ( 'NONE',  ( -1.000000000000000000, 0.000000000000000000, 0.000000000000000000 ) ) ;
#181 = CARTESIAN_POINT ( 'NONE',  ( 24.24999999999999645, 22.00000000000000000, 8.000000000000000000 ) ) ;
#182 = LINE ( 'NONE', #827, #1128 ) ;
#183 = CIRCLE ( 'NONE', #1160, 5.000000000000000888 ) ;
#184 = EDGE_CURVE ( 'NONE', #291, #185, #1263, .T. ) ;
#185 = VERTEX_POINT ( 'NONE', #293 ) ;
#186 = CARTESIAN_POINT ( 'NONE',  ( 73.40000000000001990, -47.46880163422483179, 0.000000000000000000 ) ) ;
#187 = ORIENTED_EDGE ( 'NONE', *, *, #86, .F. ) ;
#188 = AXIS2_PLACEMENT_3D ( 'NONE', #1732, #736, #210 ) ;
#189 = CIRCLE ( 'NONE', #554, 2.249999999999998668 ) ;
#190 = DIRECTION ( 'NONE',  ( 1.156482317317871478E-16, 1.000000000000000000, -0.000000000000000000 ) ) ;
#191 = ORIENTED_EDGE ( 'NONE', *, *, #1201, .F. ) ;
#192 = DIRECTION ( 'NONE',  ( 0.000000000000000000, 0.000000000000000000, 1.000000000000000000 ) ) ;
#193 = ORIENTED_EDGE ( 'NONE', *, *, #84, .T. ) ;
#194 = CYLINDRICAL_SURFACE ( 'NONE', #1042, 25.00000000000000000 ) ;
#195 = DIRECTION ( 'NONE',  ( -0.000000000000000000, -0.000000000000000000, 1.000000000000000000 ) ) ;
#196 = DIRECTION ( 'NONE',  ( 1.000000000000000000, 0.000000000000000000, -0.000000000000000000 ) ) ;
#197 = CARTESIAN_POINT ( 'NONE',  ( 19.74999999999999645, -22.00000000000000000, 8.000000000000000000 ) ) ;
#198 = ORIENTED_EDGE ( 'NONE', *, *, #1345, .T. ) ;
#199 = CARTESIAN_POINT ( 'NONE',  ( 56.40000000000001279, 56.49942440362239893, 12.00000000000000000 ) ) ;
#200 = DIRECTION ( 'NONE',  ( -1.000000000000000000, 0.000000000000000000, 0.000000000000000000 ) ) ;
#201 = DIRECTION ( 'NONE',  ( 1.000000000000000000, 0.000000000000000000, 0.000000000000000000 ) ) ;
#202 = CYLINDRICAL_SURFACE ( 'NONE', #1368, 2.249999999999998668 ) ;
#203 = CARTESIAN_POINT ( 'NONE',  ( -49.85000000000365361, 47.53119836576959756, 0.000000000000000000 ) ) ;
#204 = EDGE_CURVE ( 'NONE', #765, #1693, #861, .T. ) ;
#205 = DIRECTION ( 'NONE',  ( -1.245761921706863322E-16, 1.000000000000000000, 0.000000000000000000 ) ) ;
#206 = ORIENTED_EDGE ( 'NONE', *, *, #461, .T. ) ;
#207 = DIRECTION ( 'NONE',  ( -1.000000000000000000, 0.000000000000000000, 0.000000000000000000 ) ) ;
#208 = EDGE_CURVE ( 'NONE', #646, #185, #34, .T. ) ;
#209 = DIRECTION ( 'NONE',  ( 1.000000000000000000, 0.000000000000000000, 0.000000000000000000 ) ) ;
#210 = DIRECTION ( 'NONE',  ( 1.000000000000000000, 0.000000000000000000, 0.000000000000000000 ) ) ;
#211 = VECTOR ( 'NONE', #1590, 1000.000000000000000 ) ;
#212 = VECTOR ( 'NONE', #1359, 1000.000000000000000 ) ;
#213 = AXIS2_PLACEMENT_3D ( 'NONE', #1236, #153, #1541 ) ;
#214 = VECTOR ( 'NONE', #172, 1000.000000000000000 ) ;
#215 = CIRCLE ( 'NONE', #694, 5.000000000000000888 ) ;
#216 = AXIS2_PLACEMENT_3D ( 'NONE', #372, #1374, #793 ) ;
#217 = CARTESIAN_POINT ( 'NONE',  ( -22.00000000000000355, -22.00000000000000000, 8.000000000000000000 ) ) ;
#218 = AXIS2_PLACEMENT_3D ( 'NONE', #1766, #1234, #671 ) ;
#219 = CIRCLE ( 'NONE', #515, 2.750000000000002665 ) ;
#220 = EDGE_CURVE ( 'NONE', #802, #1077, #1462, .T. ) ;
#221 =( NAMED_UNIT ( * ) SI_UNIT ( $, .STERADIAN. ) SOLID_ANGLE_UNIT ( ) );
#222 = DIRECTION ( 'NONE',  ( -1.000000000000000000, 0.000000000000000000, 0.000000000000000000 ) ) ;
#223 = ORIENTED_EDGE ( 'NONE', *, *, #1531, .T. ) ;
#224 = CARTESIAN_POINT ( 'NONE',  ( -52.60000000000366782, 47.53119836576959756, 4.000000000000000000 ) ) ;
#225 = ORIENTED_EDGE ( 'NONE', *, *, #820, .T. ) ;
#226 = LINE ( 'NONE', #473, #979 ) ;
#227 = CARTESIAN_POINT ( 'NONE',  ( -22.00000000000000355, 22.00000000000000000, 8.000000000000000000 ) ) ;
#228 = EDGE_CURVE ( 'NONE', #409, #1593, #1090, .T. ) ;
#229 = DIRECTION ( 'NONE',  ( 1.000000000000000000, 0.000000000000000000, 0.000000000000000000 ) ) ;
#230 = ORIENTED_EDGE ( 'NONE', *, *, #538, .T. ) ;
#231 = EDGE_CURVE ( 'NONE', #1349, #908, #594, .T. ) ;
#232 = ORIENTED_EDGE ( 'NONE', *, *, #809, .T. ) ;
#233 = VERTEX_POINT ( 'NONE', #582 ) ;
#234 = CARTESIAN_POINT ( 'NONE',  ( -29.99999999999998224, 51.49942440362239893, 12.00000000000000000 ) ) ;
#235 = PRODUCT_DEFINITION ( 'æœ', '', #1701, #1024 ) ;
#236 = EDGE_CURVE ( 'NONE', #1405, #142, #691, .T. ) ;
#237 = ORIENTED_EDGE ( 'NONE', *, *, #259, .F. ) ;
#238 = FACE_OUTER_BOUND ( 'NONE', #907, .T. ) ;
#239 = AXIS2_PLACEMENT_3D ( 'NONE', #1124, #981, #608 ) ;
#240 = AXIS2_PLACEMENT_3D ( 'NONE', #387, #523, #1638 ) ;
#241 = CIRCLE ( 'NONE', #4, 2.250000000000001776 ) ;
#242 = VECTOR ( 'NONE', #929, 1000.000000000000000 ) ;
#243 = AXIS2_PLACEMENT_3D ( 'NONE', #1479, #895, #207 ) ;
#244 = DIRECTION ( 'NONE',  ( -1.000000000000000000, 0.000000000000000000, 0.000000000000000000 ) ) ;
#245 = VECTOR ( 'NONE', #443, 1000.000000000000000 ) ;
#246 = ORIENTED_EDGE ( 'NONE', *, *, #1804, .F. ) ;
#247 = LINE ( 'NONE', #525, #212 ) ;
#248 = FACE_OUTER_BOUND ( 'NONE', #1304, .T. ) ;
#249 = EDGE_CURVE ( 'NONE', #1191, #1627, #1568, .T. ) ;
#250 = ORIENTED_EDGE ( 'NONE', *, *, #905, .T. ) ;
#251 = DIRECTION ( 'NONE',  ( 0.000000000000000000, 0.000000000000000000, 1.000000000000000000 ) ) ;
#252 = DIRECTION ( 'NONE',  ( 0.000000000000000000, -1.000000000000000000, 0.000000000000000000 ) ) ;
#253 = EDGE_LOOP ( 'NONE', ( #1273, #1651 ) ) ;
#254 = CARTESIAN_POINT ( 'NONE',  ( -24.69999999999999218, 28.49942440362239182, 25.50000000000000355 ) ) ;
#255 = CARTESIAN_POINT ( 'NONE',  ( -24.69999999999999218, 51.49942440362239893, 25.50000000000000355 ) ) ;
#256 = ORIENTED_EDGE ( 'NONE', *, *, #860, .F. ) ;
#257 = FACE_OUTER_BOUND ( 'NONE', #977, .T. ) ;
#258 = DIRECTION ( 'NONE',  ( 0.000000000000000000, 0.000000000000000000, 1.000000000000000000 ) ) ;
#259 = EDGE_CURVE ( 'NONE', #94, #969, #373, .T. ) ;
#260 = CARTESIAN_POINT ( 'NONE',  ( -29.99999999999998224, 56.49942440362239893, 40.00000000000000000 ) ) ;
#261 = CYLINDRICAL_SURFACE ( 'NONE', #1688, 2.750000000000002665 ) ;
#262 = FACE_OUTER_BOUND ( 'NONE', #1558, .T. ) ;
#263 = VERTEX_POINT ( 'NONE', #41 ) ;
#264 = DIRECTION ( 'NONE',  ( -0.000000000000000000, -0.000000000000000000, -1.000000000000000000 ) ) ;
#265 = EDGE_LOOP ( 'NONE', ( #1316, #1805 ) ) ;
#266 = AXIS2_PLACEMENT_3D ( 'NONE', #1056, #959, #1497 ) ;
#267 = AXIS2_PLACEMENT_3D ( 'NONE', #1788, #551, #1241 ) ;
#268 = DIRECTION ( 'NONE',  ( 1.000000000000000000, 0.000000000000000000, 0.000000000000000000 ) ) ;
#269 = EDGE_CURVE ( 'NONE', #931, #601, #1429, .T. ) ;
#270 = ORIENTED_EDGE ( 'NONE', *, *, #623, .T. ) ;
#271 = AXIS2_PLACEMENT_3D ( 'NONE', #517, #951, #924 ) ;
#272 = DIRECTION ( 'NONE',  ( -1.000000000000000000, 0.000000000000000000, 0.000000000000000000 ) ) ;
#273 = FACE_BOUND ( 'NONE', #1802, .T. ) ;
#274 = ORIENTED_EDGE ( 'NONE', *, *, #648, .F. ) ;
#275 = DIRECTION ( 'NONE',  ( 0.000000000000000000, 0.000000000000000000, 1.000000000000000000 ) ) ;
#276 = LINE ( 'NONE', #1393, #1757 ) ;
#277 = ORIENTED_EDGE ( 'NONE', *, *, #1653, .T. ) ;
#278 = CARTESIAN_POINT ( 'NONE',  ( 22.70000000000000995, 28.49942440362239182, 25.50000000000000355 ) ) ;
#279 = EDGE_CURVE ( 'NONE', #509, #46, #1624, .T. ) ;
#280 = DIRECTION ( 'NONE',  ( 1.000000000000000000, 0.000000000000000000, 0.000000000000000000 ) ) ;
#281 = ORIENTED_EDGE ( 'NONE', *, *, #1295, .F. ) ;
#282 = CARTESIAN_POINT ( 'NONE',  ( 21.99999999999999645, 22.00000000000000000, 8.000000000000000000 ) ) ;
#283 = ORIENTED_EDGE ( 'NONE', *, *, #1014, .F. ) ;
#284 = CARTESIAN_POINT ( 'NONE',  ( -17.00000000000000000, -22.00000000000000000, 8.000000000000000000 ) ) ;
#285 = DIRECTION ( 'NONE',  ( -0.000000000000000000, -0.000000000000000000, 1.000000000000000000 ) ) ;
#286 = DIRECTION ( 'NONE',  ( 0.000000000000000000, 0.000000000000000000, 1.000000000000000000 ) ) ;
#287 = DIRECTION ( 'NONE',  ( -0.000000000000000000, -0.000000000000000000, -1.000000000000000000 ) ) ;
#288 = EDGE_CURVE ( 'NONE', #1542, #1663, #1369, .T. ) ;
#289 = ORIENTED_EDGE ( 'NONE', *, *, #119, .T. ) ;
#290 = CARTESIAN_POINT ( 'NONE',  ( -67.85000000013272370, -47.46880163423026033, 0.000000000000000000 ) ) ;
#291 = VERTEX_POINT ( 'NONE', #1332 ) ;
#292 = CARTESIAN_POINT ( 'NONE',  ( 21.99999999999999645, 22.00000000000000000, 8.000000000000000000 ) ) ;
#293 = CARTESIAN_POINT ( 'NONE',  ( -46.60000000000366782, 47.53119836576959756, 12.00000000000000000 ) ) ;
#294 = VECTOR ( 'NONE', #1734, 1000.000000000000000 ) ;
#295 = DIRECTION ( 'NONE',  ( 0.000000000000000000, 0.000000000000000000, 1.000000000000000000 ) ) ;
#296 = AXIS2_PLACEMENT_3D ( 'NONE', #1776, #251, #1769 ) ;
#297 = CARTESIAN_POINT ( 'NONE',  ( 56.40000000000001279, 56.49942440362239893, 0.000000000000000000 ) ) ;
#298 = AXIS2_PLACEMENT_3D ( 'NONE', #1133, #1098, #842 ) ;
#299 = AXIS2_PLACEMENT_3D ( 'NONE', #282, #143, #823 ) ;
#300 = VERTEX_POINT ( 'NONE', #1755 ) ;
#301 = ORIENTED_EDGE ( 'NONE', *, *, #828, .T. ) ;
#302 = ADVANCED_FACE ( 'NONE', ( #742, #500 ), #1049, .T. ) ;
#303 = CARTESIAN_POINT ( 'NONE',  ( -19.75000000000000355, 22.00000000000000000, 0.000000000000000000 ) ) ;
#304 = CARTESIAN_POINT ( 'NONE',  ( 30.00000000000001776, 51.49942440362239182, 12.00000000000000000 ) ) ;
#305 = DIRECTION ( 'NONE',  ( -1.000000000000000000, 0.000000000000000000, 0.000000000000000000 ) ) ;
#306 = CARTESIAN_POINT ( 'NONE',  ( 52.64999999999629665, 47.53119836577367607, 12.00000000000000000 ) ) ;
#307 = DIRECTION ( 'NONE',  ( -1.245761921706863569E-16, 1.000000000000000000, -0.000000000000000000 ) ) ;
#308 = VERTEX_POINT ( 'NONE', #1301 ) ;
#309 = CARTESIAN_POINT ( 'NONE',  ( -52.60000000000366782, 47.53119836576959756, 12.00000000000000000 ) ) ;
#310 = EDGE_CURVE ( 'NONE', #88, #331, #871, .T. ) ;
#311 = DIRECTION ( 'NONE',  ( -1.000000000000000000, 0.000000000000000000, 0.000000000000000000 ) ) ;
#312 = ORIENTED_EDGE ( 'NONE', *, *, #896, .F. ) ;
#313 = PRODUCT ( 'Plat', 'Plat', '', ( #1329 ) ) ;
#314 = CARTESIAN_POINT ( 'NONE',  ( 21.99999999999999645, 22.00000000000000000, 8.000000000000000000 ) ) ;
#315 = FACE_BOUND ( 'NONE', #337, .T. ) ;
#316 = VERTEX_POINT ( 'NONE', #1290 ) ;
#317 = ORIENTED_EDGE ( 'NONE', *, *, #1791, .T. ) ;
#318 = DIRECTION ( 'NONE',  ( -1.000000000000000000, 0.000000000000000000, 0.000000000000000000 ) ) ;
#319 = CARTESIAN_POINT ( 'NONE',  ( -27.00000000000000355, -22.00000000000000000, 0.000000000000000000 ) ) ;
#320 = ADVANCED_FACE ( 'NONE', ( #603 ), #1799, .F. ) ;
#321 = PRESENTATION_STYLE_ASSIGNMENT (( #70 ) ) ;
#322 = DIRECTION ( 'NONE',  ( -0.000000000000000000, -0.000000000000000000, -1.000000000000000000 ) ) ;
#323 = AXIS2_PLACEMENT_3D ( 'NONE', #278, #120, #1225 ) ;
#324 = AXIS2_PLACEMENT_3D ( 'NONE', #292, #825, #581 ) ;
#325 = LINE ( 'NONE', #1441, #1343 ) ;
#326 = AXIS2_PLACEMENT_3D ( 'NONE', #71, #656, #625 ) ;
#327 = AXIS2_PLACEMENT_3D ( 'NONE', #19, #1508, #268 ) ;
#328 = DIRECTION ( 'NONE',  ( 0.000000000000000000, 0.000000000000000000, 1.000000000000000000 ) ) ;
#329 = DIRECTION ( 'NONE',  ( -0.000000000000000000, -0.000000000000000000, -1.000000000000000000 ) ) ;
#330 = ORIENTED_EDGE ( 'NONE', *, *, #1567, .F. ) ;
#331 = VERTEX_POINT ( 'NONE', #1666 ) ;
#332 = ADVANCED_FACE ( 'NONE', ( #684 ), #810, .F. ) ;
#333 = DIRECTION ( 'NONE',  ( -0.000000000000000000, -0.000000000000000000, 1.000000000000000000 ) ) ;
#334 = DIRECTION ( 'NONE',  ( 0.000000000000000000, 0.000000000000000000, -1.000000000000000000 ) ) ;
#335 = ADVANCED_FACE ( 'NONE', ( #1378 ), #394, .F. ) ;
#336 = DIRECTION ( 'NONE',  ( 1.000000000000000000, 0.000000000000000000, 0.000000000000000000 ) ) ;
#337 = EDGE_LOOP ( 'NONE', ( #404, #274 ) ) ;
#338 = CARTESIAN_POINT ( 'NONE',  ( -19.75000000000000355, 22.00000000000000000, 12.00000000000000000 ) ) ;
#339 = EDGE_LOOP ( 'NONE', ( #1127, #1080, #1475, #1711, #1363, #785 ) ) ;
#340 = CARTESIAN_POINT ( 'NONE',  ( 79.40000000000001990, -47.46880163422483179, 4.000000000000000000 ) ) ;
#341 = EDGE_CURVE ( 'NONE', #889, #913, #1096, .T. ) ;
#342 = DIRECTION ( 'NONE',  ( 0.000000000000000000, 0.000000000000000000, 1.000000000000000000 ) ) ;
#343 = ORIENTED_EDGE ( 'NONE', *, *, #124, .T. ) ;
#344 = DIRECTION ( 'NONE',  ( 0.000000000000000000, 0.000000000000000000, 1.000000000000000000 ) ) ;
#345 = DIRECTION ( 'NONE',  ( 1.000000000000000000, 0.000000000000000000, 0.000000000000000000 ) ) ;
#346 = CARTESIAN_POINT ( 'NONE',  ( -29.99999999999998224, 56.49942440362239893, 40.00000000000000000 ) ) ;
#347 = DIRECTION ( 'NONE',  ( -0.000000000000000000, -0.000000000000000000, 1.000000000000000000 ) ) ;
#348 = ORIENTED_EDGE ( 'NONE', *, *, #1771, .F. ) ;
#349 = MECHANICAL_DESIGN_GEOMETRIC_PRESENTATION_REPRESENTATION (  '', ( #661 ), #1037 ) ;
#350 = AXIS2_PLACEMENT_3D ( 'NONE', #948, #813, #1698 ) ;
#351 = AXIS2_PLACEMENT_3D ( 'NONE', #850, #1549, #305 ) ;
#352 = APPLICATION_PROTOCOL_DEFINITION ( 'draft international standard', 'automotive_design', 1998, #1481 ) ;
#353 = ADVANCED_FACE ( 'NONE', ( #376, #1770 ), #414, .T. ) ;
#354 = ORIENTED_EDGE ( 'NONE', *, *, #1771, .T. ) ;
#355 = LINE ( 'NONE', #741, #294 ) ;
#356 = CIRCLE ( 'NONE', #1196, 6.000000000000005329 ) ;
#357 = AXIS2_PLACEMENT_3D ( 'NONE', #455, #639, #1194 ) ;
#358 = ADVANCED_FACE ( 'NONE', ( #109 ), #926, .F. ) ;
#359 = DIRECTION ( 'NONE',  ( -1.245761921706863569E-16, 1.000000000000000000, -0.000000000000000000 ) ) ;
#360 = VERTEX_POINT ( 'NONE', #1779 ) ;
#361 = DIRECTION ( 'NONE',  ( 1.000000000000000000, 0.000000000000000000, 0.000000000000000000 ) ) ;
#362 = EDGE_LOOP ( 'NONE', ( #449, #1700, #1794, #1553 ) ) ;
#363 = CARTESIAN_POINT ( 'NONE',  ( -29.99999999999998224, 56.49942440362239893, 40.00000000000000000 ) ) ;
#364 = EDGE_CURVE ( 'NONE', #540, #1252, #1013, .T. ) ;
#365 = ORIENTED_EDGE ( 'NONE', *, *, #220, .F. ) ;
#366 = EDGE_LOOP ( 'NONE', ( #580, #1209 ) ) ;
#367 = DIRECTION ( 'NONE',  ( -0.000000000000000000, -0.000000000000000000, -1.000000000000000000 ) ) ;
#368 = VERTEX_POINT ( 'NONE', #796 ) ;
#369 = EDGE_CURVE ( 'NONE', #1480, #702, #1246, .T. ) ;
#370 = DIRECTION ( 'NONE',  ( 1.000000000000000000, 0.000000000000000000, 0.000000000000000000 ) ) ;
#371 = ORIENTED_EDGE ( 'NONE', *, *, #1006, .F. ) ;
#372 = CARTESIAN_POINT ( 'NONE',  ( 55.39999999999629665, 47.53119836577367607, 12.00000000000000000 ) ) ;
#373 = CIRCLE ( 'NONE', #664, 6.000000000000005329 ) ;
#374 = CIRCLE ( 'NONE', #615, 2.000000000000001776 ) ;
#375 = VECTOR ( 'NONE', #287, 1000.000000000000000 ) ;
#376 = FACE_OUTER_BOUND ( 'NONE', #176, .T. ) ;
#377 = CIRCLE ( 'NONE', #726, 5.000000000000000888 ) ;
#378 = ORIENTED_EDGE ( 'NONE', *, *, #1449, .T. ) ;
#379 = DIRECTION ( 'NONE',  ( 0.000000000000000000, 0.000000000000000000, 1.000000000000000000 ) ) ;
#380 = EDGE_CURVE ( 'NONE', #1693, #1012, #585, .T. ) ;
#381 = DIRECTION ( 'NONE',  ( -0.000000000000000000, -0.000000000000000000, -1.000000000000000000 ) ) ;
#382 = ADVANCED_FACE ( 'NONE', ( #1655 ), #956, .F. ) ;
#383 = FACE_OUTER_BOUND ( 'NONE', #1467, .T. ) ;
#384 = EDGE_LOOP ( 'NONE', ( #1155, #1765, #1035, #676 ) ) ;
#385 = CARTESIAN_POINT ( 'NONE',  ( -70.60000000013272370, -47.46880163423026033, 4.000000000000000000 ) ) ;
#386 = UNCERTAINTY_MEASURE_WITH_UNIT (LENGTH_MEASURE( 1.000000000000000082E-05 ), #1027, 'distance_accuracy_value', 'NONE');
#387 = CARTESIAN_POINT ( 'NONE',  ( -22.00000000000000355, 22.00000000000000000, 0.000000000000000000 ) ) ;
#388 = PLANE ( 'NONE',  #1510 ) ;
#389 = CARTESIAN_POINT ( 'NONE',  ( 19.74999999999999645, -22.00000000000000000, 0.000000000000000000 ) ) ;
#390 = ORIENTED_EDGE ( 'NONE', *, *, #84, .F. ) ;
#391 = EDGE_LOOP ( 'NONE', ( #1503, #544, #78, #541 ) ) ;
#392 = EDGE_CURVE ( 'NONE', #1419, #1609, #640, .T. ) ;
#393 = DIRECTION ( 'NONE',  ( 1.000000000000000000, 0.000000000000000000, 0.000000000000000000 ) ) ;
#394 = CYLINDRICAL_SURFACE ( 'NONE', #918, 5.000000000000000888 ) ;
#395 = VERTEX_POINT ( 'NONE', #1254 ) ;
#396 = VERTEX_POINT ( 'NONE', #1394 ) ;
#397 = CARTESIAN_POINT ( 'NONE',  ( 49.39999999999629665, 47.53119836577367607, 4.000000000000000000 ) ) ;
#398 = DIRECTION ( 'NONE',  ( 1.000000000000000000, 0.000000000000000000, 0.000000000000000000 ) ) ;
#399 = ORIENTED_EDGE ( 'NONE', *, *, #220, .T. ) ;
#400 = DIRECTION ( 'NONE',  ( 1.000000000000000000, 0.000000000000000000, 0.000000000000000000 ) ) ;
#401 = EDGE_LOOP ( 'NONE', ( #1022, #822 ) ) ;
#402 = ADVANCED_FACE ( 'NONE', ( #1116 ), #709, .F. ) ;
#403 = CARTESIAN_POINT ( 'NONE',  ( 81.40000000000001990, 31.49942440362239893, 12.00000000000000000 ) ) ;
#404 = ORIENTED_EDGE ( 'NONE', *, *, #1054, .F. ) ;
#405 = DIRECTION ( 'NONE',  ( 0.000000000000000000, 0.000000000000000000, -1.000000000000000000 ) ) ;
#406 = AXIS2_PLACEMENT_3D ( 'NONE', #1232, #405, #1086 ) ;
#407 = AXIS2_PLACEMENT_3D ( 'NONE', #888, #1736, #574 ) ;
#408 = DIRECTION ( 'NONE',  ( 1.000000000000000000, 0.000000000000000000, 0.000000000000000000 ) ) ;
#409 = VERTEX_POINT ( 'NONE', #1261 ) ;
#410 = FACE_OUTER_BOUND ( 'NONE', #1240, .T. ) ;
#411 = VERTEX_POINT ( 'NONE', #12 ) ;
#412 = DIRECTION ( 'NONE',  ( 1.000000000000000000, 0.000000000000000000, 0.000000000000000000 ) ) ;
#413 = VERTEX_POINT ( 'NONE', #561 ) ;
#414 = PLANE ( 'NONE',  #547 ) ;
#415 = DIRECTION ( 'NONE',  ( -0.000000000000000000, -0.000000000000000000, -1.000000000000000000 ) ) ;
#416 = EDGE_CURVE ( 'NONE', #263, #868, #721, .T. ) ;
#417 = DIRECTION ( 'NONE',  ( -1.000000000000000000, -1.245761921706863569E-16, 0.000000000000000000 ) ) ;
#418 = ORIENTED_EDGE ( 'NONE', *, *, #380, .F. ) ;
#419 = DIRECTION ( 'NONE',  ( -1.000000000000000000, 0.000000000000000000, 0.000000000000000000 ) ) ;
#420 = DIRECTION ( 'NONE',  ( -0.000000000000000000, -0.000000000000000000, -1.000000000000000000 ) ) ;
#421 = ORIENTED_EDGE ( 'NONE', *, *, #874, .T. ) ;
#422 = FACE_OUTER_BOUND ( 'NONE', #714, .T. ) ;
#423 = FACE_OUTER_BOUND ( 'NONE', #654, .T. ) ;
#424 = CARTESIAN_POINT ( 'NONE',  ( -79.99999999999998579, 31.49942440362238472, 12.00000000000000000 ) ) ;
#425 = EDGE_CURVE ( 'NONE', #868, #263, #241, .T. ) ;
#426 = CARTESIAN_POINT ( 'NONE',  ( -76.60000000013272370, -47.46880163423026033, 4.000000000000000000 ) ) ;
#427 = ORIENTED_EDGE ( 'NONE', *, *, #957, .T. ) ;
#428 = ORIENTED_EDGE ( 'NONE', *, *, #1006, .T. ) ;
#429 = DIRECTION ( 'NONE',  ( -0.000000000000000000, -0.000000000000000000, 1.000000000000000000 ) ) ;
#430 = DIRECTION ( 'NONE',  ( 1.000000000000000000, 0.000000000000000000, 0.000000000000000000 ) ) ;
#431 = DIRECTION ( 'NONE',  ( 1.000000000000000000, -1.156482317317871478E-16, 0.000000000000000000 ) ) ;
#432 = DIRECTION ( 'NONE',  ( 1.156482317317871478E-16, 1.000000000000000000, -0.000000000000000000 ) ) ;
#433 = AXIS2_PLACEMENT_3D ( 'NONE', #1097, #1255, #685 ) ;
#434 = VERTEX_POINT ( 'NONE', #703 ) ;
#435 = DIRECTION ( 'NONE',  ( -1.000000000000000000, 0.000000000000000000, 0.000000000000000000 ) ) ;
#436 = AXIS2_PLACEMENT_3D ( 'NONE', #45, #1274, #1100 ) ;
#437 = ADVANCED_FACE ( 'NONE', ( #422, #28 ), #1683, .T. ) ;
#438 = VERTEX_POINT ( 'NONE', #163 ) ;
#439 = EDGE_LOOP ( 'NONE', ( #1654, #592, #427, #162 ) ) ;
#440 = EDGE_CURVE ( 'NONE', #913, #1191, #20, .T. ) ;
#441 = AXIS2_PLACEMENT_3D ( 'NONE', #1187, #1751, #1620 ) ;
#442 = PLANE ( 'NONE',  #1312 ) ;
#443 = DIRECTION ( 'NONE',  ( -0.000000000000000000, -0.000000000000000000, -1.000000000000000000 ) ) ;
#444 = ORIENTED_EDGE ( 'NONE', *, *, #184, .F. ) ;
#445 = CARTESIAN_POINT ( 'NONE',  ( -22.00000000000000355, -22.00000000000000000, 8.000000000000000000 ) ) ;
#446 = CARTESIAN_POINT ( 'NONE',  ( 16.99999999999999289, 22.00000000000000000, 8.000000000000000000 ) ) ;
#447 = ORIENTED_EDGE ( 'NONE', *, *, #341, .F. ) ;
#448 = CARTESIAN_POINT ( 'NONE',  ( 61.39999999999630376, 47.53119836577367607, 4.000000000000000000 ) ) ;
#449 = ORIENTED_EDGE ( 'NONE', *, *, #1606, .F. ) ;
#450 = LINE ( 'NONE', #61, #245 ) ;
#451 = EDGE_CURVE ( 'NONE', #1612, #368, #91, .T. ) ;
#452 = DIRECTION ( 'NONE',  ( -1.000000000000000000, 0.000000000000000000, 0.000000000000000000 ) ) ;
#453 = CARTESIAN_POINT ( 'NONE',  ( -22.00000000000000355, 22.00000000000000000, 0.000000000000000000 ) ) ;
#454 = DIRECTION ( 'NONE',  ( 0.000000000000000000, 0.000000000000000000, -1.000000000000000000 ) ) ;
#455 = CARTESIAN_POINT ( 'NONE',  ( 22.70000000000000639, 51.49942440362239182, 25.50000000000000355 ) ) ;
#456 = ORIENTED_EDGE ( 'NONE', *, *, #1336, .T. ) ;
#457 = CARTESIAN_POINT ( 'NONE',  ( 79.40000000000001990, -47.46880163422483179, 4.000000000000000000 ) ) ;
#458 = ORIENTED_EDGE ( 'NONE', *, *, #651, .F. ) ;
#459 = EDGE_CURVE ( 'NONE', #1265, #876, #115, .T. ) ;
#460 = CIRCLE ( 'NONE', #1157, 5.000000000000000888 ) ;
#461 = EDGE_CURVE ( 'NONE', #1265, #672, #837, .T. ) ;
#462 = ORIENTED_EDGE ( 'NONE', *, *, #832, .T. ) ;
#463 = CARTESIAN_POINT ( 'NONE',  ( -70.60000000013272370, -47.46880163423026033, 12.00000000000000000 ) ) ;
#464 = DIRECTION ( 'NONE',  ( -1.000000000000000000, 0.000000000000000000, -0.000000000000000000 ) ) ;
#465 = AXIS2_PLACEMENT_3D ( 'NONE', #1365, #531, #1645 ) ;
#466 = AXIS2_PLACEMENT_3D ( 'NONE', #578, #978, #804 ) ;
#467 = AXIS2_PLACEMENT_3D ( 'NONE', #985, #971, #1536 ) ;
#468 = ORIENTED_EDGE ( 'NONE', *, *, #54, .T. ) ;
#469 = VECTOR ( 'NONE', #135, 1000.000000000000000 ) ;
#470 = CIRCLE ( 'NONE', #1545, 5.000000000000000888 ) ;
#471 = DIRECTION ( 'NONE',  ( -0.000000000000000000, -0.000000000000000000, 1.000000000000000000 ) ) ;
#472 = VERTEX_POINT ( 'NONE', #1384 ) ;
#473 = CARTESIAN_POINT ( 'NONE',  ( 81.40000000000003411, -55.46880163422488863, 0.000000000000000000 ) ) ;
#474 = CIRCLE ( 'NONE', #1492, 2.249999999999998668 ) ;
#475 = EDGE_CURVE ( 'NONE', #707, #1199, #1066, .T. ) ;
#476 = ORIENTED_EDGE ( 'NONE', *, *, #571, .F. ) ;
#477 = CARTESIAN_POINT ( 'NONE',  ( -22.00000000000000355, -22.00000000000000000, 8.000000000000000000 ) ) ;
#478 = ADVANCED_FACE ( 'NONE', ( #1635, #1210, #238 ), #1500, .F. ) ;
#479 = DIRECTION ( 'NONE',  ( -0.000000000000000000, -0.000000000000000000, -1.000000000000000000 ) ) ;
#480 = DIRECTION ( 'NONE',  ( -0.000000000000000000, -0.000000000000000000, 1.000000000000000000 ) ) ;
#481 = FACE_OUTER_BOUND ( 'NONE', #1350, .T. ) ;
#482 = EDGE_LOOP ( 'NONE', ( #232, #683, #1534, #668 ) ) ;
#483 = PRODUCT_DEFINITION_SHAPE ( 'NONE', 'NONE',  #179 ) ;
#484 = ADVANCED_FACE ( 'NONE', ( #410 ), #1622, .F. ) ;
#485 = ORIENTED_EDGE ( 'NONE', *, *, #1804, .T. ) ;
#486 = DIRECTION ( 'NONE',  ( -0.000000000000000000, -0.000000000000000000, -1.000000000000000000 ) ) ;
#487 = CARTESIAN_POINT ( 'NONE',  ( -19.75000000000000355, -22.00000000000000000, 0.000000000000000000 ) ) ;
#488 = CARTESIAN_POINT ( 'NONE',  ( 26.99999999999999645, -22.00000000000000000, 0.000000000000000000 ) ) ;
#489 = VERTEX_POINT ( 'NONE', #1238 ) ;
#490 = CIRCLE ( 'NONE', #1214, 5.000000000000000888 ) ;
#491 = AXIS2_PLACEMENT_3D ( 'NONE', #1325, #750, #872 ) ;
#492 = VECTOR ( 'NONE', #164, 1000.000000000000000 ) ;
#493 = EDGE_CURVE ( 'NONE', #411, #1405, #1803, .T. ) ;
#494 = AXIS2_PLACEMENT_3D ( 'NONE', #224, #1303, #892 ) ;
#495 = CIRCLE ( 'NONE', #1694, 2.249999999999998668 ) ;
#496 = ORIENTED_EDGE ( 'NONE', *, *, #1003, .T. ) ;
#497 = CYLINDRICAL_SURFACE ( 'NONE', #1463, 2.250000000000001776 ) ;
#498 = ADVANCED_FACE ( 'NONE', ( #536 ), #1206, .F. ) ;
#499 = CIRCLE ( 'NONE', #1434, 2.750000000000002665 ) ;
#500 = FACE_OUTER_BOUND ( 'NONE', #1414, .T. ) ;
#501 = ORIENTED_EDGE ( 'NONE', *, *, #1380, .T. ) ;
#502 = DIRECTION ( 'NONE',  ( 0.000000000000000000, 0.000000000000000000, 1.000000000000000000 ) ) ;
#503 = EDGE_LOOP ( 'NONE', ( #894, #1580 ) ) ;
#504 = DIRECTION ( 'NONE',  ( 1.000000000000000000, 0.000000000000000000, 0.000000000000000000 ) ) ;
#505 = ADVANCED_FACE ( 'NONE', ( #257 ), #137, .F. ) ;
#506 = ORIENTED_EDGE ( 'NONE', *, *, #1285, .F. ) ;
#507 = CARTESIAN_POINT ( 'NONE',  ( 73.40000000000001990, -47.46880163422483179, 4.000000000000000000 ) ) ;
#508 = DIRECTION ( 'NONE',  ( 0.000000000000000000, 0.000000000000000000, -1.000000000000000000 ) ) ;
#509 = VERTEX_POINT ( 'NONE', #1362 ) ;
#510 = DIRECTION ( 'NONE',  ( -1.000000000000000000, 0.000000000000000000, 0.000000000000000000 ) ) ;
#511 = ADVANCED_FACE ( 'NONE', ( #681 ), #673, .T. ) ;
#512 = CARTESIAN_POINT ( 'NONE',  ( -24.69999999999999218, 56.49942440362239182, 25.50000000000000355 ) ) ;
#513 = ADVANCED_FACE ( 'NONE', ( #1494 ), #1483, .F. ) ;
#514 = CARTESIAN_POINT ( 'NONE',  ( 73.40000000000001990, -47.46880163422483179, 4.000000000000000000 ) ) ;
#515 = AXIS2_PLACEMENT_3D ( 'NONE', #186, #1411, #25 ) ;
#516 = ORIENTED_EDGE ( 'NONE', *, *, #1186, .F. ) ;
#517 = CARTESIAN_POINT ( 'NONE',  ( 0.000000000000000000, 0.000000000000000000, 40.00000000000000000 ) ) ;
#518 = ORIENTED_EDGE ( 'NONE', *, *, #1708, .F. ) ;
#519 = AXIS2_PLACEMENT_3D ( 'NONE', #1083, #941, #1506 ) ;
#520 = CARTESIAN_POINT ( 'NONE',  ( 56.40000000000001279, 31.49942440362239893, 12.00000000000000000 ) ) ;
#521 = AXIS2_PLACEMENT_3D ( 'NONE', #967, #32, #1009 ) ;
#522 = VECTOR ( 'NONE', #1151, 1000.000000000000000 ) ;
#523 = DIRECTION ( 'NONE',  ( 0.000000000000000000, 0.000000000000000000, -1.000000000000000000 ) ) ;
#524 = AXIS2_PLACEMENT_3D ( 'NONE', #1413, #1140, #1297 ) ;
#525 = CARTESIAN_POINT ( 'NONE',  ( -55.35000000000367493, 47.53119836576959756, 12.00000000000000000 ) ) ;
#526 = DIRECTION ( 'NONE',  ( -1.000000000000000000, 0.000000000000000000, 0.000000000000000000 ) ) ;
#527 = DIRECTION ( 'NONE',  ( 1.000000000000000000, 0.000000000000000000, -0.000000000000000000 ) ) ;
#528 = EDGE_LOOP ( 'NONE', ( #1132, #635 ) ) ;
#529 = ORIENTED_EDGE ( 'NONE', *, *, #364, .T. ) ;
#530 = LINE ( 'NONE', #403, #1344 ) ;
#531 = DIRECTION ( 'NONE',  ( 0.000000000000000000, 0.000000000000000000, 1.000000000000000000 ) ) ;
#532 = EDGE_LOOP ( 'NONE', ( #354, #1603 ) ) ;
#533 = DIRECTION ( 'NONE',  ( -1.245761921706863569E-16, 1.000000000000000000, -0.000000000000000000 ) ) ;
#534 = EDGE_CURVE ( 'NONE', #1355, #1287, #1371, .T. ) ;
#535 = ORIENTED_EDGE ( 'NONE', *, *, #1667, .T. ) ;
#536 = FACE_OUTER_BOUND ( 'NONE', #680, .T. ) ;
#537 = ORIENTED_EDGE ( 'NONE', *, *, #723, .T. ) ;
#538 = EDGE_CURVE ( 'NONE', #1252, #540, #922, .T. ) ;
#539 = DIRECTION ( 'NONE',  ( -1.000000000000000000, 0.000000000000000000, -0.000000000000000000 ) ) ;
#540 = VERTEX_POINT ( 'NONE', #1060 ) ;
#541 = ORIENTED_EDGE ( 'NONE', *, *, #1750, .F. ) ;
#542 = ORIENTED_EDGE ( 'NONE', *, *, #79, .F. ) ;
#543 = DIRECTION ( 'NONE',  ( -0.000000000000000000, -0.000000000000000000, 1.000000000000000000 ) ) ;
#544 = ORIENTED_EDGE ( 'NONE', *, *, #773, .T. ) ;
#545 = DIRECTION ( 'NONE',  ( 1.000000000000000000, 0.000000000000000000, 0.000000000000000000 ) ) ;
#546 = CIRCLE ( 'NONE', #239, 5.000000000000000888 ) ;
#547 = AXIS2_PLACEMENT_3D ( 'NONE', #781, #101, #789 ) ;
#548 = CARTESIAN_POINT ( 'NONE',  ( 55.39999999999629665, 47.53119836577367607, 4.000000000000000000 ) ) ;
#549 = EDGE_CURVE ( 'NONE', #1191, #1195, #786, .T. ) ;
#550 = ORIENTED_EDGE ( 'NONE', *, *, #269, .F. ) ;
#551 = DIRECTION ( 'NONE',  ( -0.000000000000000000, -0.000000000000000000, 1.000000000000000000 ) ) ;
#552 = CARTESIAN_POINT ( 'NONE',  ( 52.64999999999629665, 47.53119836577367607, 4.000000000000000000 ) ) ;
#553 = CIRCLE ( 'NONE', #218, 2.250000000000001776 ) ;
#554 = AXIS2_PLACEMENT_3D ( 'NONE', #1671, #976, #1706 ) ;
#555 = DIRECTION ( 'NONE',  ( -0.000000000000000000, -0.000000000000000000, -1.000000000000000000 ) ) ;
#556 = DIRECTION ( 'NONE',  ( -0.000000000000000000, -0.000000000000000000, 1.000000000000000000 ) ) ;
#557 = ORIENTED_EDGE ( 'NONE', *, *, #1107, .T. ) ;
#558 = CYLINDRICAL_SURFACE ( 'NONE', #93, 2.000000000000005329 ) ;
#559 = CYLINDRICAL_SURFACE ( 'NONE', #1222, 2.750000000000009326 ) ;
#560 = ORIENTED_EDGE ( 'NONE', *, *, #747, .T. ) ;
#561 = CARTESIAN_POINT ( 'NONE',  ( -79.99999999999998579, 31.49942440362238472, 12.00000000000000000 ) ) ;
#562 = EDGE_CURVE ( 'NONE', #185, #646, #987, .T. ) ;
#563 = FACE_OUTER_BOUND ( 'NONE', #1367, .T. ) ;
#564 = FACE_BOUND ( 'NONE', #878, .T. ) ;
#565 = ORIENTED_EDGE ( 'NONE', *, *, #493, .F. ) ;
#566 = ORIENTED_EDGE ( 'NONE', *, *, #1227, .T. ) ;
#567 = PRODUCT_DEFINITION_SHAPE ( 'NONE', 'NONE',  #235 ) ;
#568 = DIRECTION ( 'NONE',  ( 0.000000000000000000, 0.000000000000000000, 1.000000000000000000 ) ) ;
#569 = ORIENTED_EDGE ( 'NONE', *, *, #440, .F. ) ;
#570 = CARTESIAN_POINT ( 'NONE',  ( -29.99999999999998224, 51.49942440362239893, 40.00000000000000000 ) ) ;
#571 = EDGE_CURVE ( 'NONE', #969, #94, #695, .T. ) ;
#572 = CARTESIAN_POINT ( 'NONE',  ( 76.15000000000001990, -47.46880163422483179, 4.000000000000000000 ) ) ;
#573 = CARTESIAN_POINT ( 'NONE',  ( 24.70000000000001350, 28.49942440362239182, 25.50000000000000355 ) ) ;
#574 = DIRECTION ( 'NONE',  ( -1.000000000000000000, 0.000000000000000000, 0.000000000000000000 ) ) ;
#575 = ORIENTED_EDGE ( 'NONE', *, *, #1764, .F. ) ;
#576 = CARTESIAN_POINT ( 'NONE',  ( 73.40000000000001990, -47.46880163422483179, 0.000000000000000000 ) ) ;
#577 = VERTEX_POINT ( 'NONE', #1525 ) ;
#578 = CARTESIAN_POINT ( 'NONE',  ( 73.40000000000001990, -47.46880163422483179, 4.000000000000000000 ) ) ;
#579 = CYLINDRICAL_SURFACE ( 'NONE', #807, 6.000000000000005329 ) ;
#580 = ORIENTED_EDGE ( 'NONE', *, *, #13, .F. ) ;
#581 = DIRECTION ( 'NONE',  ( -1.000000000000000000, 0.000000000000000000, 0.000000000000000000 ) ) ;
#582 = CARTESIAN_POINT ( 'NONE',  ( 16.99999999999999289, 22.00000000000000000, 8.000000000000000000 ) ) ;
#583 = AXIS2_PLACEMENT_3D ( 'NONE', #227, #1173, #1579 ) ;
#584 = AXIS2_PLACEMENT_3D ( 'NONE', #1216, #533, #653 ) ;
#585 = CIRCLE ( 'NONE', #406, 5.000000000000000888 ) ;
#586 = LINE ( 'NONE', #999, #375 ) ;
#587 = AXIS2_PLACEMENT_3D ( 'NONE', #169, #1021, #708 ) ;
#588 = CIRCLE ( 'NONE', #1465, 6.000000000000005329 ) ;
#589 = ADVANCED_FACE ( 'NONE', ( #17 ), #1692, .F. ) ;
#590 = ORIENTED_EDGE ( 'NONE', *, *, #1531, .F. ) ;
#591 = FACE_OUTER_BOUND ( 'NONE', #1682, .T. ) ;
#592 = ORIENTED_EDGE ( 'NONE', *, *, #968, .F. ) ;
#593 = DIRECTION ( 'NONE',  ( -1.000000000000000000, -1.245761921706863569E-16, 0.000000000000000000 ) ) ;
#594 = LINE ( 'NONE', #30, #492 ) ;
#595 = CARTESIAN_POINT ( 'NONE',  ( -76.60000000013272370, -47.46880163423026033, 12.00000000000000000 ) ) ;
#596 = CARTESIAN_POINT ( 'NONE',  ( 19.74999999999999289, 22.00000000000000000, 0.000000000000000000 ) ) ;
#597 = DIRECTION ( 'NONE',  ( 0.000000000000000000, 0.000000000000000000, 1.000000000000000000 ) ) ;
#598 = EDGE_LOOP ( 'NONE', ( #961, #1432, #569, #1509 ) ) ;
#599 = ADVANCED_FACE ( 'NONE', ( #591 ), #1112, .T. ) ;
#600 = DIRECTION ( 'NONE',  ( 1.000000000000000000, 0.000000000000000000, 0.000000000000000000 ) ) ;
#601 = VERTEX_POINT ( 'NONE', #1144 ) ;
#602 = EDGE_CURVE ( 'NONE', #438, #1707, #189, .T. ) ;
#603 = FACE_OUTER_BOUND ( 'NONE', #1670, .T. ) ;
#604 = ORIENTED_EDGE ( 'NONE', *, *, #772, .F. ) ;
#605 = LINE ( 'NONE', #724, #1159 ) ;
#606 = DIRECTION ( 'NONE',  ( -0.000000000000000000, -0.000000000000000000, 1.000000000000000000 ) ) ;
#607 = LINE ( 'NONE', #884, #522 ) ;
#608 = DIRECTION ( 'NONE',  ( -1.000000000000000000, 0.000000000000000000, 0.000000000000000000 ) ) ;
#609 = CARTESIAN_POINT ( 'NONE',  ( -70.60000000013272370, -47.46880163423026033, 12.00000000000000000 ) ) ;
#610 = ORIENTED_EDGE ( 'NONE', *, *, #747, .F. ) ;
#611 = FACE_OUTER_BOUND ( 'NONE', #362, .T. ) ;
#612 = EDGE_CURVE ( 'NONE', #707, #94, #856, .T. ) ;
#613 = LINE ( 'NONE', #1149, #33 ) ;
#614 = DIRECTION ( 'NONE',  ( 1.000000000000000000, 0.000000000000000000, 0.000000000000000000 ) ) ;
#615 = AXIS2_PLACEMENT_3D ( 'NONE', #1636, #715, #113 ) ;
#616 = VECTOR ( 'NONE', #431, 1000.000000000000000 ) ;
#617 = VECTOR ( 'NONE', #307, 1000.000000000000000 ) ;
#618 = VECTOR ( 'NONE', #962, 1000.000000000000000 ) ;
#619 = CIRCLE ( 'NONE', #524, 25.00000000000000711 ) ;
#620 = DIRECTION ( 'NONE',  ( -1.000000000000000000, 0.000000000000000000, 0.000000000000000000 ) ) ;
#621 = VERTEX_POINT ( 'NONE', #846 ) ;
#622 = CYLINDRICAL_SURFACE ( 'NONE', #243, 5.000000000000000888 ) ;
#623 = EDGE_CURVE ( 'NONE', #908, #360, #219, .T. ) ;
#624 = LINE ( 'NONE', #487, #870 ) ;
#625 = DIRECTION ( 'NONE',  ( 1.000000000000000000, 0.000000000000000000, 0.000000000000000000 ) ) ;
#626 = EDGE_LOOP ( 'NONE', ( #852, #903 ) ) ;
#627 = DIRECTION ( 'NONE',  ( 0.000000000000000000, 0.000000000000000000, 1.000000000000000000 ) ) ;
#628 = ORIENTED_EDGE ( 'NONE', *, *, #341, .T. ) ;
#629 = PLANE ( 'NONE',  #800 ) ;
#630 = EDGE_CURVE ( 'NONE', #74, #1566, #7, .T. ) ;
#631 = FACE_OUTER_BOUND ( 'NONE', #1446, .T. ) ;
#632 = CARTESIAN_POINT ( 'NONE',  ( -22.00000000000000355, 22.00000000000000000, 12.00000000000000000 ) ) ;
#633 = ORIENTED_EDGE ( 'NONE', *, *, #1235, .F. ) ;
#634 = DIRECTION ( 'NONE',  ( 1.000000000000000000, 0.000000000000000000, 0.000000000000000000 ) ) ;
#635 = ORIENTED_EDGE ( 'NONE', *, *, #860, .T. ) ;
#636 = FACE_OUTER_BOUND ( 'NONE', #1071, .T. ) ;
#637 = ORIENTED_EDGE ( 'NONE', *, *, #416, .F. ) ;
#638 = VECTOR ( 'NONE', #486, 1000.000000000000000 ) ;
#639 = DIRECTION ( 'NONE',  ( 1.156482317317871478E-16, 1.000000000000000000, -0.000000000000000000 ) ) ;
#640 = CIRCLE ( 'NONE', #1430, 2.750000000000009326 ) ;
#641 = EDGE_CURVE ( 'NONE', #360, #908, #839, .T. ) ;
#642 = CIRCLE ( 'NONE', #1317, 5.000000000000000888 ) ;
#643 = PRODUCT_CONTEXT ( 'NONE', #844, 'mechanical' ) ;
#644 = EDGE_LOOP ( 'NONE', ( #1070, #610 ) ) ;
#645 = AXIS2_PLACEMENT_3D ( 'NONE', #1307, #190, #620 ) ;
#646 = VERTEX_POINT ( 'NONE', #1420 ) ;
#647 = CARTESIAN_POINT ( 'NONE',  ( -64.60000000013272370, -47.46880163423026033, 4.000000000000000000 ) ) ;
#648 = EDGE_CURVE ( 'NONE', #767, #717, #588, .T. ) ;
#649 = EDGE_LOOP ( 'NONE', ( #250, #1111 ) ) ;
#650 = CARTESIAN_POINT ( 'NONE',  ( -54.99999999999997158, 56.49942440362238472, 12.00000000000000000 ) ) ;
#651 = EDGE_CURVE ( 'NONE', #233, #765, #1600, .T. ) ;
#652 = DIRECTION ( 'NONE',  ( -0.000000000000000000, -0.000000000000000000, -1.000000000000000000 ) ) ;
#653 = DIRECTION ( 'NONE',  ( -1.000000000000000000, 0.000000000000000000, 0.000000000000000000 ) ) ;
#654 = EDGE_LOOP ( 'NONE', ( #281, #1120, #1373, #444 ) ) ;
#655 = DIRECTION ( 'NONE',  ( 0.000000000000000000, 0.000000000000000000, 1.000000000000000000 ) ) ;
#656 = DIRECTION ( 'NONE',  ( 0.000000000000000000, 0.000000000000000000, 1.000000000000000000 ) ) ;
#657 =( REPRESENTATION_RELATIONSHIP ('NONE','NONE', #770, #1333 ) REPRESENTATION_RELATIONSHIP_WITH_TRANSFORMATION ( #776 )SHAPE_REPRESENTATION_RELATIONSHIP( ) );
#658 = ORIENTED_EDGE ( 'NONE', *, *, #141, .T. ) ;
#659 = DIRECTION ( 'NONE',  ( -1.000000000000000000, 0.000000000000000000, 0.000000000000000000 ) ) ;
#660 = CARTESIAN_POINT ( 'NONE',  ( 58.14999999999630376, 47.53119836577367607, 12.00000000000000000 ) ) ;
#661 = STYLED_ITEM ( 'NONE', ( #321 ), #866 ) ;
#662 = ORIENTED_EDGE ( 'NONE', *, *, #772, .T. ) ;
#663 = CARTESIAN_POINT ( 'NONE',  ( 73.40000000000001990, -47.46880163422483179, 12.00000000000000000 ) ) ;
#664 = AXIS2_PLACEMENT_3D ( 'NONE', #1242, #1559, #1282 ) ;
#665 = FACE_OUTER_BOUND ( 'NONE', #1050, .T. ) ;
#666 = CIRCLE ( 'NONE', #327, 2.250000000000001776 ) ;
#667 = AXIS2_PLACEMENT_3D ( 'NONE', #1760, #342, #87 ) ;
#668 = ORIENTED_EDGE ( 'NONE', *, *, #1708, .T. ) ;
#669 = ADVANCED_FACE ( 'NONE', ( #688 ), #558, .F. ) ;
#670 = LINE ( 'NONE', #1202, #58 ) ;
#671 = DIRECTION ( 'NONE',  ( 1.000000000000000000, 0.000000000000000000, 0.000000000000000000 ) ) ;
#672 = VERTEX_POINT ( 'NONE', #1185 ) ;
#673 = PLANE ( 'NONE',  #271 ) ;
#674 = ORIENTED_EDGE ( 'NONE', *, *, #1597, .T. ) ;
#675 = CYLINDRICAL_SURFACE ( 'NONE', #1696, 2.249999999999998668 ) ;
#676 = ORIENTED_EDGE ( 'NONE', *, *, #1416, .T. ) ;
#677 = DIRECTION ( 'NONE',  ( -0.000000000000000000, -0.000000000000000000, -1.000000000000000000 ) ) ;
#678 = CARTESIAN_POINT ( 'NONE',  ( 21.99999999999999645, 22.00000000000000000, 0.000000000000000000 ) ) ;
#679 = EDGE_CURVE ( 'NONE', #1585, #1113, #1193, .T. ) ;
#680 = EDGE_LOOP ( 'NONE', ( #550, #1789, #777, #371 ) ) ;
#681 = FACE_OUTER_BOUND ( 'NONE', #864, .T. ) ;
#682 = DIRECTION ( 'NONE',  ( 0.000000000000000000, 0.000000000000000000, 1.000000000000000000 ) ) ;
#683 = ORIENTED_EDGE ( 'NONE', *, *, #1345, .F. ) ;
#684 = FACE_OUTER_BOUND ( 'NONE', #156, .T. ) ;
#685 = DIRECTION ( 'NONE',  ( 1.000000000000000000, 0.000000000000000000, 0.000000000000000000 ) ) ;
#686 = CARTESIAN_POINT ( 'NONE',  ( 21.99999999999999645, 22.00000000000000000, 0.000000000000000000 ) ) ;
#687 = ORIENTED_EDGE ( 'NONE', *, *, #737, .F. ) ;
#688 = FACE_OUTER_BOUND ( 'NONE', #106, .T. ) ;
#689 = EDGE_CURVE ( 'NONE', #702, #767, #325, .T. ) ;
#690 = AXIS2_PLACEMENT_3D ( 'NONE', #1438, #735, #1721 ) ;
#691 = CIRCLE ( 'NONE', #1125, 25.00000000000000711 ) ;
#692 = CARTESIAN_POINT ( 'NONE',  ( -55.35000000000367493, 47.53119836576959756, 0.000000000000000000 ) ) ;
#693 = DIRECTION ( 'NONE',  ( -2.149595385349203337E-16, 1.000000000000000000, 0.000000000000000000 ) ) ;
#694 = AXIS2_PLACEMENT_3D ( 'NONE', #1538, #1143, #973 ) ;
#695 = CIRCLE ( 'NONE', #64, 6.000000000000005329 ) ;
#696 = DIRECTION ( 'NONE',  ( -0.000000000000000000, -0.000000000000000000, -1.000000000000000000 ) ) ;
#697 = CARTESIAN_POINT ( 'NONE',  ( 19.74999999999999645, -22.00000000000000000, 12.00000000000000000 ) ) ;
#698 = EDGE_LOOP ( 'NONE', ( #1135, #1226, #1643, #633 ) ) ;
#699 = CARTESIAN_POINT ( 'NONE',  ( 22.70000000000000995, 28.49942440362239182, 25.50000000000000355 ) ) ;
#700 = VERTEX_POINT ( 'NONE', #738 ) ;
#701 = DIRECTION ( 'NONE',  ( -0.000000000000000000, -0.000000000000000000, -1.000000000000000000 ) ) ;
#702 = VERTEX_POINT ( 'NONE', #1294 ) ;
#703 = CARTESIAN_POINT ( 'NONE',  ( -58.60000000000366072, 47.53119836576959756, 4.000000000000000000 ) ) ;
#704 = CARTESIAN_POINT ( 'NONE',  ( 30.00000000000001776, 51.49942440362239182, 40.00000000000000000 ) ) ;
#705 = FACE_BOUND ( 'NONE', #1470, .T. ) ;
#706 = ORIENTED_EDGE ( 'NONE', *, *, #79, .T. ) ;
#707 = VERTEX_POINT ( 'NONE', #51 ) ;
#708 = DIRECTION ( 'NONE',  ( 1.000000000000000000, 0.000000000000000000, 0.000000000000000000 ) ) ;
#709 = CYLINDRICAL_SURFACE ( 'NONE', #324, 5.000000000000000888 ) ;
#710 = DIRECTION ( 'NONE',  ( -0.000000000000000000, -0.000000000000000000, 1.000000000000000000 ) ) ;
#711 = EDGE_CURVE ( 'NONE', #438, #1287, #607, .T. ) ;
#712 = CARTESIAN_POINT ( 'NONE',  ( 20.70000000000000284, 56.49942440362239182, 25.50000000000000355 ) ) ;
#713 = VERTEX_POINT ( 'NONE', #1448 ) ;
#714 = EDGE_LOOP ( 'NONE', ( #174, #1493 ) ) ;
#715 = DIRECTION ( 'NONE',  ( -1.245761921706863322E-16, 1.000000000000000000, 0.000000000000000000 ) ) ;
#716 = CARTESIAN_POINT ( 'NONE',  ( 24.24999999999999645, 22.00000000000000000, 0.000000000000000000 ) ) ;
#717 = VERTEX_POINT ( 'NONE', #66 ) ;
#718 = CIRCLE ( 'NONE', #690, 2.750000000000009326 ) ;
#719 = ORIENTED_EDGE ( 'NONE', *, *, #1314, .F. ) ;
#720 = DIRECTION ( 'NONE',  ( 0.000000000000000000, 0.000000000000000000, 1.000000000000000000 ) ) ;
#721 = CIRCLE ( 'NONE', #986, 2.250000000000001776 ) ;
#722 = CIRCLE ( 'NONE', #326, 6.000000000000005329 ) ;
#723 = EDGE_CURVE ( 'NONE', #1593, #1501, #1445, .T. ) ;
#724 = CARTESIAN_POINT ( 'NONE',  ( -20.69999999999998153, 28.49942440362239182, 25.50000000000000355 ) ) ;
#725 = FACE_OUTER_BOUND ( 'NONE', #110, .T. ) ;
#726 = AXIS2_PLACEMENT_3D ( 'NONE', #1581, #334, #1302 ) ;
#727 = EDGE_CURVE ( 'NONE', #1077, #802, #126, .T. ) ;
#728 = DIRECTION ( 'NONE',  ( 1.000000000000000000, 0.000000000000000000, 0.000000000000000000 ) ) ;
#729 = ORIENTED_EDGE ( 'NONE', *, *, #475, .T. ) ;
#730 = FACE_OUTER_BOUND ( 'NONE', #16, .T. ) ;
#731 = DIRECTION ( 'NONE',  ( -0.000000000000000000, -0.000000000000000000, -1.000000000000000000 ) ) ;
#732 = ORIENTED_EDGE ( 'NONE', *, *, #228, .T. ) ;
#733 = DIRECTION ( 'NONE',  ( 1.000000000000000000, 0.000000000000000000, -0.000000000000000000 ) ) ;
#734 = ORIENTED_EDGE ( 'NONE', *, *, #602, .F. ) ;
#735 = DIRECTION ( 'NONE',  ( 0.000000000000000000, 0.000000000000000000, 1.000000000000000000 ) ) ;
#736 = DIRECTION ( 'NONE',  ( -0.000000000000000000, -0.000000000000000000, 1.000000000000000000 ) ) ;
#737 = EDGE_CURVE ( 'NONE', #1361, #713, #470, .T. ) ;
#738 = CARTESIAN_POINT ( 'NONE',  ( 19.74999999999999289, 22.00000000000000000, 12.00000000000000000 ) ) ;
#739 = DIRECTION ( 'NONE',  ( -0.000000000000000000, -0.000000000000000000, -1.000000000000000000 ) ) ;
#740 = ORIENTED_EDGE ( 'NONE', *, *, #905, .F. ) ;
#741 = CARTESIAN_POINT ( 'NONE',  ( 81.40000000000001990, 31.49942440362239893, 12.00000000000000000 ) ) ;
#742 = FACE_BOUND ( 'NONE', #265, .T. ) ;
#743 = ORIENTED_EDGE ( 'NONE', *, *, #1053, .T. ) ;
#744 = FACE_OUTER_BOUND ( 'NONE', #1398, .T. ) ;
#745 = FACE_BOUND ( 'NONE', #1796, .T. ) ;
#746 = DIRECTION ( 'NONE',  ( -1.245761921706863322E-16, 1.000000000000000000, 0.000000000000000000 ) ) ;
#747 = EDGE_CURVE ( 'NONE', #1322, #1752, #152, .T. ) ;
#748 = DIRECTION ( 'NONE',  ( -1.000000000000000000, 0.000000000000000000, 0.000000000000000000 ) ) ;
#749 = CARTESIAN_POINT ( 'NONE',  ( 21.99999999999999645, -22.00000000000000000, 8.000000000000000000 ) ) ;
#750 = DIRECTION ( 'NONE',  ( 0.000000000000000000, 0.000000000000000000, 1.000000000000000000 ) ) ;
#751 = DIRECTION ( 'NONE',  ( 0.000000000000000000, 0.000000000000000000, 1.000000000000000000 ) ) ;
#752 = ORIENTED_EDGE ( 'NONE', *, *, #1003, .F. ) ;
#753 = CIRCLE ( 'NONE', #213, 2.750000000000002665 ) ;
#754 = VECTOR ( 'NONE', #381, 1000.000000000000000 ) ;
#755 = VECTOR ( 'NONE', #367, 1000.000000000000000 ) ;
#756 = ORIENTED_EDGE ( 'NONE', *, *, #461, .F. ) ;
#757 = CIRCLE ( 'NONE', #958, 2.000000000000001776 ) ;
#758 = EDGE_LOOP ( 'NONE', ( #468, #1800, #831, #1068 ) ) ;
#759 = DIRECTION ( 'NONE',  ( -0.000000000000000000, -0.000000000000000000, 1.000000000000000000 ) ) ;
#760 = CYLINDRICAL_SURFACE ( 'NONE', #775, 2.249999999999998668 ) ;
#761 = ORIENTED_EDGE ( 'NONE', *, *, #849, .T. ) ;
#762 = ORIENTED_EDGE ( 'NONE', *, *, #612, .F. ) ;
#763 = ORIENTED_EDGE ( 'NONE', *, *, #849, .F. ) ;
#764 = LINE ( 'NONE', #769, #1063 ) ;
#765 = VERTEX_POINT ( 'NONE', #1727 ) ;
#766 = EDGE_CURVE ( 'NONE', #1566, #1785, #75, .T. ) ;
#767 = VERTEX_POINT ( 'NONE', #887 ) ;
#768 = ORIENTED_EDGE ( 'NONE', *, *, #1741, .F. ) ;
#769 = CARTESIAN_POINT ( 'NONE',  ( 49.39999999999629665, 47.53119836577367607, 4.000000000000000000 ) ) ;
#770 = SHAPE_REPRESENTATION ( 'Plat', ( #667, #441 ), #1436 ) ;
#771 = ORIENTED_EDGE ( 'NONE', *, *, #711, .F. ) ;
#772 = EDGE_CURVE ( 'NONE', #1542, #1252, #1596, .T. ) ;
#773 = EDGE_CURVE ( 'NONE', #1593, #409, #1043, .T. ) ;
#774 = FACE_OUTER_BOUND ( 'NONE', #1171, .T. ) ;
#775 = AXIS2_PLACEMENT_3D ( 'NONE', #899, #606, #229 ) ;
#776 = ITEM_DEFINED_TRANSFORMATION ( 'NONE', 'NONE', #441,  #1224 ) ;
#777 = ORIENTED_EDGE ( 'NONE', *, *, #737, .T. ) ;
#778 = DIRECTION ( 'NONE',  ( -1.000000000000000000, 0.000000000000000000, 0.000000000000000000 ) ) ;
#779 = CIRCLE ( 'NONE', #990, 6.000000000000005329 ) ;
#780 = ORIENTED_EDGE ( 'NONE', *, *, #369, .F. ) ;
#781 = CARTESIAN_POINT ( 'NONE',  ( 21.99999999999999645, -22.00000000000000000, 8.000000000000000000 ) ) ;
#782 = DIRECTION ( 'NONE',  ( 0.000000000000000000, 0.000000000000000000, -1.000000000000000000 ) ) ;
#783 = DIRECTION ( 'NONE',  ( -0.000000000000000000, 0.000000000000000000, -1.000000000000000000 ) ) ;
#784 = ADVANCED_FACE ( 'NONE', ( #636 ), #622, .F. ) ;
#785 = ORIENTED_EDGE ( 'NONE', *, *, #809, .F. ) ;
#786 = LINE ( 'NONE', #105, #618 ) ;
#787 = ADVANCED_FACE ( 'NONE', ( #611 ), #914, .F. ) ;
#788 = CARTESIAN_POINT ( 'NONE',  ( 29.99999999999998224, 56.49942440362239893, 40.00000000000000000 ) ) ;
#789 = DIRECTION ( 'NONE',  ( -1.000000000000000000, 0.000000000000000000, -0.000000000000000000 ) ) ;
#790 = CARTESIAN_POINT ( 'NONE',  ( -29.99999999999998224, 51.49942440362239893, 40.00000000000000000 ) ) ;
#791 = FACE_BOUND ( 'NONE', #1621, .T. ) ;
#792 = ORIENTED_EDGE ( 'NONE', *, *, #1678, .F. ) ;
#793 = DIRECTION ( 'NONE',  ( -1.000000000000000000, 0.000000000000000000, 0.000000000000000000 ) ) ;
#794 = EDGE_CURVE ( 'NONE', #1195, #889, #62, .T. ) ;
#795 = CARTESIAN_POINT ( 'NONE',  ( -17.00000000000000000, 22.00000000000000000, 8.000000000000000000 ) ) ;
#796 = CARTESIAN_POINT ( 'NONE',  ( -19.75000000000000355, -22.00000000000000000, 8.000000000000000000 ) ) ;
#797 = EDGE_LOOP ( 'NONE', ( #756, #1562, #997, #516 ) ) ;
#798 = CARTESIAN_POINT ( 'NONE',  ( 73.40000000000001990, -47.46880163422483179, 12.00000000000000000 ) ) ;
#799 = CARTESIAN_POINT ( 'NONE',  ( 29.99999999999998224, 56.49942440362239893, 40.00000000000000000 ) ) ;
#800 = AXIS2_PLACEMENT_3D ( 'NONE', #1180, #1189, #1753 ) ;
#801 = VECTOR ( 'NONE', #998, 1000.000000000000000 ) ;
#802 = VERTEX_POINT ( 'NONE', #1745 ) ;
#803 = DIRECTION ( 'NONE',  ( -0.000000000000000000, -0.000000000000000000, 1.000000000000000000 ) ) ;
#804 = DIRECTION ( 'NONE',  ( 1.000000000000000000, 0.000000000000000000, 0.000000000000000000 ) ) ;
#805 = VECTOR ( 'NONE', #1166, 1000.000000000000000 ) ;
#806 = DIRECTION ( 'NONE',  ( -0.000000000000000000, -0.000000000000000000, -1.000000000000000000 ) ) ;
#807 = AXIS2_PLACEMENT_3D ( 'NONE', #1011, #1719, #430 ) ;
#808 = VECTOR ( 'NONE', #1759, 1000.000000000000000 ) ;
#809 = EDGE_CURVE ( 'NONE', #396, #37, #226, .T. ) ;
#810 = CYLINDRICAL_SURFACE ( 'NONE', #267, 2.249999999999998668 ) ;
#811 = ORIENTED_EDGE ( 'NONE', *, *, #1606, .T. ) ;
#812 = EDGE_CURVE ( 'NONE', #1478, #1627, #1172, .T. ) ;
#813 = DIRECTION ( 'NONE',  ( -1.000000000000000000, -1.595730813432373044E-16, 0.000000000000000000 ) ) ;
#814 = PLANE ( 'NONE',  #1276 ) ;
#815 = ORIENTED_EDGE ( 'NONE', *, *, #22, .F. ) ;
#816 = CARTESIAN_POINT ( 'NONE',  ( -22.00000000000000355, 22.00000000000000000, 0.000000000000000000 ) ) ;
#817 = EDGE_LOOP ( 'NONE', ( #1767, #133 ) ) ;
#818 = DIRECTION ( 'NONE',  ( 1.000000000000000000, 0.000000000000000000, 0.000000000000000000 ) ) ;
#819 = ORIENTED_EDGE ( 'NONE', *, *, #1138, .F. ) ;
#820 = EDGE_CURVE ( 'NONE', #1322, #1419, #1611, .T. ) ;
#821 = DIRECTION ( 'NONE',  ( 1.000000000000000000, 0.000000000000000000, 0.000000000000000000 ) ) ;
#822 = ORIENTED_EDGE ( 'NONE', *, *, #161, .T. ) ;
#823 = DIRECTION ( 'NONE',  ( -1.000000000000000000, 0.000000000000000000, 0.000000000000000000 ) ) ;
#824 = DIRECTION ( 'NONE',  ( -1.000000000000000000, -6.938893903907222067E-15, 0.000000000000000000 ) ) ;
#825 = DIRECTION ( 'NONE',  ( -0.000000000000000000, -0.000000000000000000, -1.000000000000000000 ) ) ;
#826 = LINE ( 'NONE', #1106, #801 ) ;
#827 = CARTESIAN_POINT ( 'NONE',  ( 81.40000000000003411, -55.46880163422488863, 12.00000000000000000 ) ) ;
#828 = EDGE_CURVE ( 'NONE', #1685, #74, #355, .T. ) ;
#829 = VERTEX_POINT ( 'NONE', #338 ) ;
#830 = DIRECTION ( 'NONE',  ( 0.000000000000000000, 0.000000000000000000, 1.000000000000000000 ) ) ;
#831 = ORIENTED_EDGE ( 'NONE', *, *, #549, .F. ) ;
#832 = EDGE_CURVE ( 'NONE', #1199, #969, #764, .T. ) ;
#833 = AXIS2_PLACEMENT_3D ( 'NONE', #217, #479, #1309 ) ;
#834 = AXIS2_PLACEMENT_3D ( 'NONE', #1608, #192, #733 ) ;
#835 = FACE_OUTER_BOUND ( 'NONE', #758, .T. ) ;
#836 = CARTESIAN_POINT ( 'NONE',  ( 21.99999999999999645, 22.00000000000000000, 8.000000000000000000 ) ) ;
#837 = CIRCLE ( 'NONE', #60, 6.000000000000005329 ) ;
#838 = CIRCLE ( 'NONE', #1781, 5.999999999999998224 ) ;
#839 = CIRCLE ( 'NONE', #1756, 2.750000000000002665 ) ;
#840 = DIRECTION ( 'NONE',  ( -0.000000000000000000, -0.000000000000000000, -1.000000000000000000 ) ) ;
#841 = AXIS2_PLACEMENT_3D ( 'NONE', #1447, #347, #1466 ) ;
#842 = DIRECTION ( 'NONE',  ( -1.000000000000000000, 0.000000000000000000, 0.000000000000000000 ) ) ;
#843 = CIRCLE ( 'NONE', #1197, 2.750000000000002665 ) ;
#844 = APPLICATION_CONTEXT ( 'automotive_design' ) ;
#845 = ORIENTED_EDGE ( 'NONE', *, *, #1184, .F. ) ;
#846 = CARTESIAN_POINT ( 'NONE',  ( -27.00000000000000355, -22.00000000000000000, 8.000000000000000000 ) ) ;
#847 = ORIENTED_EDGE ( 'NONE', *, *, #1764, .T. ) ;
#848 = DIRECTION ( 'NONE',  ( -1.595730813432373291E-16, 1.000000000000000000, -0.000000000000000000 ) ) ;
#849 = EDGE_CURVE ( 'NONE', #889, #1773, #1029, .T. ) ;
#850 = CARTESIAN_POINT ( 'NONE',  ( -22.00000000000000355, -22.00000000000000000, 8.000000000000000000 ) ) ;
#851 = CARTESIAN_POINT ( 'NONE',  ( -70.60000000013272370, -47.46880163423026033, 12.00000000000000000 ) ) ;
#852 = ORIENTED_EDGE ( 'NONE', *, *, #1761, .F. ) ;
#853 = CARTESIAN_POINT ( 'NONE',  ( 24.24999999999999289, -22.00000000000000000, 12.00000000000000000 ) ) ;
#854 = CARTESIAN_POINT ( 'NONE',  ( 73.40000000000001990, -47.46880163422483179, 12.00000000000000000 ) ) ;
#855 = ORIENTED_EDGE ( 'NONE', *, *, #1741, .T. ) ;
#856 = LINE ( 'NONE', #448, #1729 ) ;
#857 = ORIENTED_EDGE ( 'NONE', *, *, #1324, .T. ) ;
#858 = CYLINDRICAL_SURFACE ( 'NONE', #8, 2.750000000000002665 ) ;
#859 = ORIENTED_EDGE ( 'NONE', *, *, #549, .T. ) ;
#860 = EDGE_CURVE ( 'NONE', #1707, #438, #90, .T. ) ;
#861 = LINE ( 'NONE', #1408, #1215 ) ;
#862 = ADVANCED_FACE ( 'NONE', ( #904, #1052, #56 ), #629, .F. ) ;
#863 = LINE ( 'NONE', #297, #921 ) ;
#864 = EDGE_LOOP ( 'NONE', ( #628, #1358, #859, #1102 ) ) ;
#865 = DIRECTION ( 'NONE',  ( 1.000000000000000000, 0.000000000000000000, 0.000000000000000000 ) ) ;
#866 = MANIFOLD_SOLID_BREP ( 'ÇÐ³ý-À­Éì4', #869 ) ;
#867 = CARTESIAN_POINT ( 'NONE',  ( 22.70000000000000639, 56.49942440362239182, 25.50000000000000355 ) ) ;
#868 = VERTEX_POINT ( 'NONE', #181 ) ;
#869 = CLOSED_SHELL ( 'NONE', ( #1511, #402, #498, #335, #1033, #1390, #1104, #1539, #1162, #669, #155, #505, #1334, #358, #332, #1437, #1459, #883, #1357, #1075, #1387, #1582, #1613, #484, #107, #1631, #1300, #1094, #144, #382, #1061, #1366, #478, #599, #100, #862, #1507, #511, #320, #1382, #1616, #302, #1177, #930, #939, #974, #513, #944, #1472, #787, #353, #784, #1569, #1207, #437, #589 ) ) ;
#870 = VECTOR ( 'NONE', #480, 1000.000000000000000 ) ;
#871 = CIRCLE ( 'NONE', #1313, 2.750000000000002665 ) ;
#872 = DIRECTION ( 'NONE',  ( 1.000000000000000000, 0.000000000000000000, 0.000000000000000000 ) ) ;
#873 = LINE ( 'NONE', #788, #805 ) ;
#874 = EDGE_CURVE ( 'NONE', #802, #509, #605, .T. ) ;
#875 = VECTOR ( 'NONE', #1565, 1000.000000000000000 ) ;
#876 = VERTEX_POINT ( 'NONE', #595 ) ;
#877 = LINE ( 'NONE', #1154, #875 ) ;
#878 = EDGE_LOOP ( 'NONE', ( #1426, #283 ) ) ;
#879 = ORIENTED_EDGE ( 'NONE', *, *, #1045, .F. ) ;
#880 = DIRECTION ( 'NONE',  ( 0.000000000000000000, 0.000000000000000000, 1.000000000000000000 ) ) ;
#881 = FILL_AREA_STYLE_COLOUR ( '', #1657 ) ;
#882 = PLANE ( 'NONE',  #125 ) ;
#883 = ADVANCED_FACE ( 'NONE', ( #898 ), #202, .F. ) ;
#884 = CARTESIAN_POINT ( 'NONE',  ( 24.24999999999999289, -22.00000000000000000, 0.000000000000000000 ) ) ;
#885 = CARTESIAN_POINT ( 'NONE',  ( -55.35000000000367493, 47.53119836576959756, 4.000000000000000000 ) ) ;
#886 = ORIENTED_EDGE ( 'NONE', *, *, #641, .T. ) ;
#887 = CARTESIAN_POINT ( 'NONE',  ( 67.40000000000001990, -47.46880163422483179, 12.00000000000000000 ) ) ;
#888 = CARTESIAN_POINT ( 'NONE',  ( -22.69999999999999218, 51.49942440362239893, 25.50000000000000355 ) ) ;
#889 = VERTEX_POINT ( 'NONE', #346 ) ;
#890 = CARTESIAN_POINT ( 'NONE',  ( 70.65000000000001990, -47.46880163422483179, 0.000000000000000000 ) ) ;
#891 = FACE_OUTER_BOUND ( 'NONE', #36, .T. ) ;
#892 = DIRECTION ( 'NONE',  ( 1.000000000000000000, 0.000000000000000000, 0.000000000000000000 ) ) ;
#893 = DIRECTION ( 'NONE',  ( 0.000000000000000000, 0.000000000000000000, 1.000000000000000000 ) ) ;
#894 = ORIENTED_EDGE ( 'NONE', *, *, #1489, .T. ) ;
#895 = DIRECTION ( 'NONE',  ( -0.000000000000000000, -0.000000000000000000, -1.000000000000000000 ) ) ;
#896 = EDGE_CURVE ( 'NONE', #434, #646, #613, .T. ) ;
#897 = VECTOR ( 'NONE', #555, 1000.000000000000000 ) ;
#898 = FACE_OUTER_BOUND ( 'NONE', #1410, .T. ) ;
#899 = CARTESIAN_POINT ( 'NONE',  ( 21.99999999999999645, -22.00000000000000000, 0.000000000000000000 ) ) ;
#900 = ORIENTED_EDGE ( 'NONE', *, *, #874, .F. ) ;
#901 = AXIS2_PLACEMENT_3D ( 'NONE', #932, #264, #1650 ) ;
#902 = AXIS2_PLACEMENT_3D ( 'NONE', #1795, #275, #1092 ) ;
#903 = ORIENTED_EDGE ( 'NONE', *, *, #279, .F. ) ;
#904 = FACE_BOUND ( 'NONE', #1444, .T. ) ;
#905 = EDGE_CURVE ( 'NONE', #1609, #1419, #1484, .T. ) ;
#906 = CYLINDRICAL_SURFACE ( 'NONE', #188, 6.000000000000005329 ) ;
#907 = EDGE_LOOP ( 'NONE', ( #1527, #565, #1229, #763, #24, #501, #942, #1320 ) ) ;
#908 = VERTEX_POINT ( 'NONE', #890 ) ;
#909 = CARTESIAN_POINT ( 'NONE',  ( -17.00000000000000000, 22.00000000000000000, 8.000000000000000000 ) ) ;
#910 = EDGE_CURVE ( 'NONE', #1649, #18, #76, .T. ) ;
#911 = EDGE_CURVE ( 'NONE', #1752, #1322, #718, .T. ) ;
#912 = CARTESIAN_POINT ( 'NONE',  ( 0.000000000000000000, 0.000000000000000000, 0.000000000000000000 ) ) ;
#913 = VERTEX_POINT ( 'NONE', #1747 ) ;
#914 = CYLINDRICAL_SURFACE ( 'NONE', #833, 5.000000000000000888 ) ;
#915 = VERTEX_POINT ( 'NONE', #1017 ) ;
#916 = CIRCLE ( 'NONE', #1244, 2.750000000000002665 ) ;
#917 = VECTOR ( 'NONE', #1318, 1000.000000000000000 ) ;
#918 = AXIS2_PLACEMENT_3D ( 'NONE', #1212, #1623, #244 ) ;
#919 = EDGE_CURVE ( 'NONE', #368, #1518, #624, .T. ) ;
#920 = FACE_BOUND ( 'NONE', #1375, .T. ) ;
#921 = VECTOR ( 'NONE', #1396, 1000.000000000000000 ) ;
#922 = CIRCLE ( 'NONE', #1697, 5.000000000000000888 ) ;
#923 = ORIENTED_EDGE ( 'NONE', *, *, #648, .T. ) ;
#924 = DIRECTION ( 'NONE',  ( 1.000000000000000000, 0.000000000000000000, -0.000000000000000000 ) ) ;
#925 = VECTOR ( 'NONE', #471, 1000.000000000000000 ) ;
#926 = CYLINDRICAL_SURFACE ( 'NONE', #149, 2.750000000000009326 ) ;
#927 = ORIENTED_EDGE ( 'NONE', *, *, #562, .F. ) ;
#928 = LINE ( 'NONE', #790, #1311 ) ;
#929 = DIRECTION ( 'NONE',  ( 0.000000000000000000, -1.000000000000000000, 0.000000000000000000 ) ) ;
#930 = ADVANCED_FACE ( 'NONE', ( #1039, #744 ), #1008, .T. ) ;
#931 = VERTEX_POINT ( 'NONE', #1030 ) ;
#932 = CARTESIAN_POINT ( 'NONE',  ( 21.99999999999999645, -22.00000000000000000, 8.000000000000000000 ) ) ;
#933 = EDGE_LOOP ( 'NONE', ( #815, #687 ) ) ;
#934 = APPLICATION_CONTEXT ( 'automotive_design' ) ;
#935 = CARTESIAN_POINT ( 'NONE',  ( -19.75000000000000355, -22.00000000000000000, 12.00000000000000000 ) ) ;
#936 = ORIENTED_EDGE ( 'NONE', *, *, #22, .T. ) ;
#937 = FACE_OUTER_BOUND ( 'NONE', #1469, .T. ) ;
#938 = CYLINDRICAL_SURFACE ( 'NONE', #1487, 5.000000000000000888 ) ;
#939 = ADVANCED_FACE ( 'NONE', ( #631 ), #1283, .F. ) ;
#940 = ORIENTED_EDGE ( 'NONE', *, *, #727, .F. ) ;
#941 = DIRECTION ( 'NONE',  ( 1.245761921706863569E-16, -1.000000000000000000, 0.000000000000000000 ) ) ;
#942 = ORIENTED_EDGE ( 'NONE', *, *, #1272, .F. ) ;
#943 = DIRECTION ( 'NONE',  ( -1.000000000000000000, 0.000000000000000000, 0.000000000000000000 ) ) ;
#944 = ADVANCED_FACE ( 'NONE', ( #1709, #730 ), #442, .T. ) ;
#945 = DIRECTION ( 'NONE',  ( 1.000000000000000000, 0.000000000000000000, 0.000000000000000000 ) ) ;
#946 = FACE_BOUND ( 'NONE', #1188, .T. ) ;
#947 = AXIS2_PLACEMENT_3D ( 'NONE', #1530, #286, #1269 ) ;
#948 = CARTESIAN_POINT ( 'NONE',  ( 81.40000000000001990, 31.49942440362239893, 12.00000000000000000 ) ) ;
#949 = AXIS2_PLACEMENT_3D ( 'NONE', #966, #1668, #988 ) ;
#950 = ORIENTED_EDGE ( 'NONE', *, *, #31, .F. ) ;
#951 = DIRECTION ( 'NONE',  ( 0.000000000000000000, 0.000000000000000000, 1.000000000000000000 ) ) ;
#952 = AXIS2_PLACEMENT_3D ( 'NONE', #1182, #359, #222 ) ;
#953 = CARTESIAN_POINT ( 'NONE',  ( 29.99999999999998224, 56.49942440362239893, 40.00000000000000000 ) ) ;
#954 = EDGE_LOOP ( 'NONE', ( #289, #1595, #1555, #1220 ) ) ;
#955 = AXIS2_PLACEMENT_3D ( 'NONE', #385, #1078, #818 ) ;
#956 = PLANE ( 'NONE',  #1249 ) ;
#957 = EDGE_CURVE ( 'NONE', #489, #829, #1296, .T. ) ;
#958 = AXIS2_PLACEMENT_3D ( 'NONE', #867, #746, #1267 ) ;
#959 = DIRECTION ( 'NONE',  ( 0.000000000000000000, 0.000000000000000000, 1.000000000000000000 ) ) ;
#960 = CARTESIAN_POINT ( 'NONE',  ( 56.40000000000001279, 31.49942440362239893, 0.000000000000000000 ) ) ;
#961 = ORIENTED_EDGE ( 'NONE', *, *, #812, .T. ) ;
#962 = DIRECTION ( 'NONE',  ( -6.938893903907222067E-15, 1.000000000000000000, -0.000000000000000000 ) ) ;
#963 = DIRECTION ( 'NONE',  ( 1.000000000000000000, 0.000000000000000000, 0.000000000000000000 ) ) ;
#964 = EDGE_LOOP ( 'NONE', ( #506, #1547, #72, #1279 ) ) ;
#965 = EDGE_CURVE ( 'NONE', #1663, #1542, #546, .T. ) ;
#966 = CARTESIAN_POINT ( 'NONE',  ( -70.60000000013272370, -47.46880163423026033, 4.000000000000000000 ) ) ;
#967 = CARTESIAN_POINT ( 'NONE',  ( 55.39999999999629665, 47.53119836577367607, 12.00000000000000000 ) ) ;
#968 = EDGE_CURVE ( 'NONE', #489, #1649, #1245, .T. ) ;
#969 = VERTEX_POINT ( 'NONE', #1619 ) ;
#970 = DIRECTION ( 'NONE',  ( -1.000000000000000000, 0.000000000000000000, 0.000000000000000000 ) ) ;
#971 = DIRECTION ( 'NONE',  ( 0.000000000000000000, 0.000000000000000000, -1.000000000000000000 ) ) ;
#972 = DIRECTION ( 'NONE',  ( 1.000000000000000000, 3.191461626864746089E-16, -0.000000000000000000 ) ) ;
#973 = DIRECTION ( 'NONE',  ( -1.000000000000000000, 0.000000000000000000, 0.000000000000000000 ) ) ;
#974 = ADVANCED_FACE ( 'NONE', ( #1353, #774 ), #1798, .T. ) ;
#975 = ORIENTED_EDGE ( 'NONE', *, *, #1625, .T. ) ;
#976 = DIRECTION ( 'NONE',  ( -0.000000000000000000, -0.000000000000000000, 1.000000000000000000 ) ) ;
#977 = EDGE_LOOP ( 'NONE', ( #1145, #535, #1576, #1082 ) ) ;
#978 = DIRECTION ( 'NONE',  ( 0.000000000000000000, 0.000000000000000000, 1.000000000000000000 ) ) ;
#979 = VECTOR ( 'NONE', #82, 1000.000000000000000 ) ;
#980 = VECTOR ( 'NONE', #1486, 1000.000000000000000 ) ;
#981 = DIRECTION ( 'NONE',  ( 0.000000000000000000, 0.000000000000000000, -1.000000000000000000 ) ) ;
#982 = CIRCLE ( 'NONE', #1485, 6.000000000000005329 ) ;
#983 = CARTESIAN_POINT ( 'NONE',  ( -24.25000000000000000, 22.00000000000000000, 8.000000000000000000 ) ) ;
#984 = ORIENTED_EDGE ( 'NONE', *, *, #208, .F. ) ;
#985 = CARTESIAN_POINT ( 'NONE',  ( -22.00000000000000355, 22.00000000000000000, 8.000000000000000000 ) ) ;
#986 = AXIS2_PLACEMENT_3D ( 'NONE', #1129, #285, #1105 ) ;
#987 = CIRCLE ( 'NONE', #1164, 5.999999999999998224 ) ;
#988 = DIRECTION ( 'NONE',  ( 1.000000000000000000, 0.000000000000000000, 0.000000000000000000 ) ) ;
#989 = ORIENTED_EDGE ( 'NONE', *, *, #1557, .T. ) ;
#990 = AXIS2_PLACEMENT_3D ( 'NONE', #548, #1095, #1664 ) ;
#991 = CARTESIAN_POINT ( 'NONE',  ( -64.60000000013272370, -47.46880163423026033, 12.00000000000000000 ) ) ;
#992 =( GEOMETRIC_REPRESENTATION_CONTEXT ( 3 ) GLOBAL_UNCERTAINTY_ASSIGNED_CONTEXT ( ( #386 ) ) GLOBAL_UNIT_ASSIGNED_CONTEXT ( ( #1027, #1743, #1198 ) ) REPRESENTATION_CONTEXT ( 'NONE', 'WORKASPACE' ) );
#993 = ORIENTED_EDGE ( 'NONE', *, *, #68, .F. ) ;
#994 = DIRECTION ( 'NONE',  ( 0.000000000000000000, 0.000000000000000000, 1.000000000000000000 ) ) ;
#995 = EDGE_CURVE ( 'NONE', #1612, #395, #1389, .T. ) ;
#996 = LINE ( 'NONE', #1451, #39 ) ;
#997 = ORIENTED_EDGE ( 'NONE', *, *, #1014, .T. ) ;
#998 = DIRECTION ( 'NONE',  ( -0.000000000000000000, -0.000000000000000000, -1.000000000000000000 ) ) ;
#999 = CARTESIAN_POINT ( 'NONE',  ( -27.00000000000000355, 22.00000000000000000, 8.000000000000000000 ) ) ;
#1000 = ORIENTED_EDGE ( 'NONE', *, *, #965, .F. ) ;
#1001 = DIRECTION ( 'NONE',  ( -1.000000000000000000, 0.000000000000000000, 0.000000000000000000 ) ) ;
#1002 = EDGE_LOOP ( 'NONE', ( #845, #734, #1496, #557 ) ) ;
#1003 = EDGE_CURVE ( 'NONE', #702, #1480, #1248, .T. ) ;
#1004 = CARTESIAN_POINT ( 'NONE',  ( -22.69999999999999218, 56.49942440362239182, 25.50000000000000355 ) ) ;
#1005 = ORIENTED_EDGE ( 'NONE', *, *, #968, .T. ) ;
#1006 = EDGE_CURVE ( 'NONE', #601, #713, #1256, .T. ) ;
#1007 = FACE_OUTER_BOUND ( 'NONE', #1665, .T. ) ;
#1008 = PLANE ( 'NONE',  #1089 ) ;
#1009 = DIRECTION ( 'NONE',  ( -1.000000000000000000, 0.000000000000000000, 0.000000000000000000 ) ) ;
#1010 = ORIENTED_EDGE ( 'NONE', *, *, #1048, .F. ) ;
#1011 = CARTESIAN_POINT ( 'NONE',  ( -70.60000000013272370, -47.46880163423026033, 4.000000000000000000 ) ) ;
#1012 = VERTEX_POINT ( 'NONE', #1720 ) ;
#1013 = CIRCLE ( 'NONE', #240, 5.000000000000000888 ) ;
#1014 = EDGE_CURVE ( 'NONE', #876, #1258, #982, .T. ) ;
#1015 = VERTEX_POINT ( 'NONE', #552 ) ;
#1016 = CIRCLE ( 'NONE', #1464, 2.249999999999998668 ) ;
#1017 = CARTESIAN_POINT ( 'NONE',  ( 24.70000000000000639, 56.49942440362239182, 25.50000000000000355 ) ) ;
#1018 = CYLINDRICAL_SURFACE ( 'NONE', #1515, 2.249999999999998668 ) ;
#1019 = ORIENTED_EDGE ( 'NONE', *, *, #910, .T. ) ;
#1020 = DIRECTION ( 'NONE',  ( -0.000000000000000000, -0.000000000000000000, 1.000000000000000000 ) ) ;
#1021 = DIRECTION ( 'NONE',  ( 0.000000000000000000, 0.000000000000000000, 1.000000000000000000 ) ) ;
#1022 = ORIENTED_EDGE ( 'NONE', *, *, #651, .T. ) ;
#1023 = DIRECTION ( 'NONE',  ( -0.000000000000000000, -0.000000000000000000, 1.000000000000000000 ) ) ;
#1024 = PRODUCT_DEFINITION_CONTEXT ( 'detailed design', #934, 'design' ) ;
#1025 =( LENGTH_UNIT ( ) NAMED_UNIT ( * ) SI_UNIT ( .MILLI., .METRE. ) );
#1026 = DIRECTION ( 'NONE',  ( -1.000000000000000000, 0.000000000000000000, 0.000000000000000000 ) ) ;
#1027 =( LENGTH_UNIT ( ) NAMED_UNIT ( * ) SI_UNIT ( .MILLI., .METRE. ) );
#1028 = ORIENTED_EDGE ( 'NONE', *, *, #1440, .F. ) ;
#1029 = LINE ( 'NONE', #363, #638 ) ;
#1030 = CARTESIAN_POINT ( 'NONE',  ( 26.99999999999999645, -22.00000000000000000, 8.000000000000000000 ) ) ;
#1031 = CARTESIAN_POINT ( 'NONE',  ( 21.99999999999999645, -22.00000000000000000, 0.000000000000000000 ) ) ;
#1032 = ORIENTED_EDGE ( 'NONE', *, *, #134, .F. ) ;
#1033 = ADVANCED_FACE ( 'NONE', ( #423 ), #29, .F. ) ;
#1034 = SHAPE_DEFINITION_REPRESENTATION ( #567, #1333 ) ;
#1035 = ORIENTED_EDGE ( 'NONE', *, *, #1186, .T. ) ;
#1036 = CARTESIAN_POINT ( 'NONE',  ( -52.60000000000366782, 47.53119836576959756, 4.000000000000000000 ) ) ;
#1037 =( GEOMETRIC_REPRESENTATION_CONTEXT ( 3 ) GLOBAL_UNCERTAINTY_ASSIGNED_CONTEXT ( ( #1607 ) ) GLOBAL_UNIT_ASSIGNED_CONTEXT ( ( #1025, #1165, #221 ) ) REPRESENTATION_CONTEXT ( 'NONE', 'WORKASPACE' ) );
#1038 = AXIS2_PLACEMENT_3D ( 'NONE', #1684, #432, #180 ) ;
#1039 = FACE_BOUND ( 'NONE', #366, .T. ) ;
#1040 = DIRECTION ( 'NONE',  ( -0.000000000000000000, -0.000000000000000000, -1.000000000000000000 ) ) ;
#1041 = ORIENTED_EDGE ( 'NONE', *, *, #1158, .F. ) ;
#1042 = AXIS2_PLACEMENT_3D ( 'NONE', #520, #1040, #1069 ) ;
#1043 = CIRCLE ( 'NONE', #1433, 2.750000000000002665 ) ;
#1044 = DIRECTION ( 'NONE',  ( -1.000000000000000000, 0.000000000000000000, 0.000000000000000000 ) ) ;
#1045 = EDGE_CURVE ( 'NONE', #1113, #1327, #1337, .T. ) ;
#1046 = ORIENTED_EDGE ( 'NONE', *, *, #1401, .T. ) ;
#1047 = DIRECTION ( 'NONE',  ( 1.000000000000000000, 0.000000000000000000, 0.000000000000000000 ) ) ;
#1048 = EDGE_CURVE ( 'NONE', #915, #1327, #374, .T. ) ;
#1049 = PLANE ( 'NONE',  #834 ) ;
#1050 = EDGE_LOOP ( 'NONE', ( #1740, #1028, #1338, #52 ) ) ;
#1051 = ORIENTED_EDGE ( 'NONE', *, *, #828, .F. ) ;
#1052 = FACE_BOUND ( 'NONE', #532, .T. ) ;
#1053 = EDGE_CURVE ( 'NONE', #122, #1349, #753, .T. ) ;
#1054 = EDGE_CURVE ( 'NONE', #717, #767, #1689, .T. ) ;
#1055 = ORIENTED_EDGE ( 'NONE', *, *, #54, .F. ) ;
#1056 = CARTESIAN_POINT ( 'NONE',  ( -52.60000000000366782, 47.53119836576959756, 4.000000000000000000 ) ) ;
#1057 = FACE_BOUND ( 'NONE', #503, .T. ) ;
#1058 = ORIENTED_EDGE ( 'NONE', *, *, #766, .F. ) ;
#1059 = EDGE_LOOP ( 'NONE', ( #1646, #1642 ) ) ;
#1060 = CARTESIAN_POINT ( 'NONE',  ( -27.00000000000000355, 22.00000000000000000, 0.000000000000000000 ) ) ;
#1061 = ADVANCED_FACE ( 'NONE', ( #383 ), #1735, .F. ) ;
#1062 = ORIENTED_EDGE ( 'NONE', *, *, #1295, .T. ) ;
#1063 = VECTOR ( 'NONE', #1023, 1000.000000000000000 ) ;
#1064 = AXIS2_PLACEMENT_3D ( 'NONE', #424, #972, #21 ) ;
#1065 = LINE ( 'NONE', #1381, #469 ) ;
#1066 = CIRCLE ( 'NONE', #296, 6.000000000000005329 ) ;
#1067 = CIRCLE ( 'NONE', #38, 2.750000000000002665 ) ;
#1068 = ORIENTED_EDGE ( 'NONE', *, *, #249, .T. ) ;
#1069 = DIRECTION ( 'NONE',  ( -1.000000000000000000, 0.000000000000000000, 0.000000000000000000 ) ) ;
#1070 = ORIENTED_EDGE ( 'NONE', *, *, #911, .F. ) ;
#1071 = EDGE_LOOP ( 'NONE', ( #819, #187, #428, #936 ) ) ;
#1072 = FACE_OUTER_BOUND ( 'NONE', #116, .T. ) ;
#1073 = EDGE_CURVE ( 'NONE', #142, #396, #1641, .T. ) ;
#1074 = FACE_BOUND ( 'NONE', #1723, .T. ) ;
#1075 = ADVANCED_FACE ( 'NONE', ( #1618 ), #497, .F. ) ;
#1076 = EDGE_LOOP ( 'NONE', ( #1032, #811, #1179, #330 ) ) ;
#1077 = VERTEX_POINT ( 'NONE', #255 ) ;
#1078 = DIRECTION ( 'NONE',  ( -0.000000000000000000, -0.000000000000000000, 1.000000000000000000 ) ) ;
#1079 = ORIENTED_EDGE ( 'NONE', *, *, #86, .T. ) ;
#1080 = ORIENTED_EDGE ( 'NONE', *, *, #236, .F. ) ;
#1081 = LINE ( 'NONE', #647, #1219 ) ;
#1082 = ORIENTED_EDGE ( 'NONE', *, *, #231, .F. ) ;
#1083 = CARTESIAN_POINT ( 'NONE',  ( 56.40000000000001279, 56.49942440362239893, 12.00000000000000000 ) ) ;
#1084 = CYLINDRICAL_SURFACE ( 'NONE', #1730, 5.000000000000000888 ) ;
#1085 = ORIENTED_EDGE ( 'NONE', *, *, #1285, .T. ) ;
#1086 = DIRECTION ( 'NONE',  ( -1.000000000000000000, 0.000000000000000000, 0.000000000000000000 ) ) ;
#1087 = ORIENTED_EDGE ( 'NONE', *, *, #812, .F. ) ;
#1088 = CARTESIAN_POINT ( 'NONE',  ( -22.00000000000000355, -22.00000000000000000, 0.000000000000000000 ) ) ;
#1089 = AXIS2_PLACEMENT_3D ( 'NONE', #1174, #1181, #1738 ) ;
#1090 = CIRCLE ( 'NONE', #949, 2.750000000000002665 ) ;
#1091 = ORIENTED_EDGE ( 'NONE', *, *, #820, .F. ) ;
#1092 = DIRECTION ( 'NONE',  ( 1.000000000000000000, 0.000000000000000000, 0.000000000000000000 ) ) ;
#1093 = CIRCLE ( 'NONE', #298, 2.249999999999998668 ) ;
#1094 = ADVANCED_FACE ( 'NONE', ( #1203, #920, #273, #1074, #791, #1514, #1360, #1057, #946 ), #814, .T. ) ;
#1095 = DIRECTION ( 'NONE',  ( 0.000000000000000000, 0.000000000000000000, 1.000000000000000000 ) ) ;
#1096 = LINE ( 'NONE', #260, #1341 ) ;
#1097 = CARTESIAN_POINT ( 'NONE',  ( -52.60000000000366782, 47.53119836576959756, 12.00000000000000000 ) ) ;
#1098 = DIRECTION ( 'NONE',  ( -0.000000000000000000, -0.000000000000000000, 1.000000000000000000 ) ) ;
#1099 = ORIENTED_EDGE ( 'NONE', *, *, #231, .T. ) ;
#1100 = DIRECTION ( 'NONE',  ( -1.000000000000000000, 0.000000000000000000, 0.000000000000000000 ) ) ;
#1101 = FACE_OUTER_BOUND ( 'NONE', #1703, .T. ) ;
#1102 = ORIENTED_EDGE ( 'NONE', *, *, #794, .T. ) ;
#1103 = CARTESIAN_POINT ( 'NONE',  ( 55.39999999999629665, 47.53119836577367607, 4.000000000000000000 ) ) ;
#1104 = ADVANCED_FACE ( 'NONE', ( #262 ), #1617, .F. ) ;
#1105 = DIRECTION ( 'NONE',  ( -1.000000000000000000, 0.000000000000000000, 0.000000000000000000 ) ) ;
#1106 = CARTESIAN_POINT ( 'NONE',  ( -79.99999999999998579, 31.49942440362238472, 12.00000000000000000 ) ) ;
#1107 = EDGE_CURVE ( 'NONE', #1287, #1355, #495, .T. ) ;
#1108 = CARTESIAN_POINT ( 'NONE',  ( 16.99999999999999289, -22.00000000000000000, 8.000000000000000000 ) ) ;
#1109 = FACE_BOUND ( 'NONE', #1289, .T. ) ;
#1110 = DIRECTION ( 'NONE',  ( 0.000000000000000000, 0.000000000000000000, 1.000000000000000000 ) ) ;
#1111 = ORIENTED_EDGE ( 'NONE', *, *, #392, .T. ) ;
#1112 = CYLINDRICAL_SURFACE ( 'NONE', #1310, 25.00000000000001421 ) ;
#1113 = VERTEX_POINT ( 'NONE', #112 ) ;
#1114 = CYLINDRICAL_SURFACE ( 'NONE', #955, 6.000000000000005329 ) ;
#1115 = ORIENTED_EDGE ( 'NONE', *, *, #451, .F. ) ;
#1116 = FACE_OUTER_BOUND ( 'NONE', #698, .T. ) ;
#1117 = DIRECTION ( 'NONE',  ( -0.000000000000000000, -0.000000000000000000, -1.000000000000000000 ) ) ;
#1118 = EDGE_CURVE ( 'NONE', #308, #700, #553, .T. ) ;
#1119 = CARTESIAN_POINT ( 'NONE',  ( 55.39999999999629665, 47.53119836577367607, 4.000000000000000000 ) ) ;
#1120 = ORIENTED_EDGE ( 'NONE', *, *, #896, .T. ) ;
#1121 = ORIENTED_EDGE ( 'NONE', *, *, #1262, .F. ) ;
#1122 = VECTOR ( 'NONE', #1453, 1000.000000000000000 ) ;
#1123 = AXIS2_PLACEMENT_3D ( 'NONE', #445, #1550, #452 ) ;
#1124 = CARTESIAN_POINT ( 'NONE',  ( -22.00000000000000355, 22.00000000000000000, 8.000000000000000000 ) ) ;
#1125 = AXIS2_PLACEMENT_3D ( 'NONE', #1131, #720, #14 ) ;
#1126 = FACE_OUTER_BOUND ( 'NONE', #391, .T. ) ;
#1127 = ORIENTED_EDGE ( 'NONE', *, *, #1073, .F. ) ;
#1128 = VECTOR ( 'NONE', #1284, 1000.000000000000000 ) ;
#1129 = CARTESIAN_POINT ( 'NONE',  ( 21.99999999999999645, 22.00000000000000000, 8.000000000000000000 ) ) ;
#1130 = VECTOR ( 'NONE', #1763, 1000.000000000000000 ) ;
#1131 = CARTESIAN_POINT ( 'NONE',  ( -54.99999999999997158, 31.49942440362238472, 0.000000000000000000 ) ) ;
#1132 = ORIENTED_EDGE ( 'NONE', *, *, #602, .T. ) ;
#1133 = CARTESIAN_POINT ( 'NONE',  ( -22.00000000000000355, 22.00000000000000000, 8.000000000000000000 ) ) ;
#1134 = EDGE_CURVE ( 'NONE', #472, #88, #96, .T. ) ;
#1135 = ORIENTED_EDGE ( 'NONE', *, *, #161, .F. ) ;
#1136 = DIRECTION ( 'NONE',  ( -0.000000000000000000, -0.000000000000000000, -1.000000000000000000 ) ) ;
#1137 = ORIENTED_EDGE ( 'NONE', *, *, #1597, .F. ) ;
#1138 = EDGE_CURVE ( 'NONE', #931, #1361, #1065, .T. ) ;
#1139 = DIRECTION ( 'NONE',  ( 1.000000000000000000, 0.000000000000000000, 0.000000000000000000 ) ) ;
#1140 = DIRECTION ( 'NONE',  ( 0.000000000000000000, 0.000000000000000000, 1.000000000000000000 ) ) ;
#1141 = ORIENTED_EDGE ( 'NONE', *, *, #68, .T. ) ;
#1142 = CARTESIAN_POINT ( 'NONE',  ( -17.00000000000000000, -22.00000000000000000, 0.000000000000000000 ) ) ;
#1143 = DIRECTION ( 'NONE',  ( 0.000000000000000000, 0.000000000000000000, -1.000000000000000000 ) ) ;
#1144 = CARTESIAN_POINT ( 'NONE',  ( 16.99999999999999289, -22.00000000000000000, 8.000000000000000000 ) ) ;
#1145 = ORIENTED_EDGE ( 'NONE', *, *, #13, .T. ) ;
#1146 = LINE ( 'NONE', #177, #1406 ) ;
#1147 = EDGE_LOOP ( 'NONE', ( #1775, #780, #1237, #1679 ) ) ;
#1148 = ORIENTED_EDGE ( 'NONE', *, *, #364, .F. ) ;
#1149 = CARTESIAN_POINT ( 'NONE',  ( -58.60000000000366072, 47.53119836576959756, 4.000000000000000000 ) ) ;
#1150 = FACE_OUTER_BOUND ( 'NONE', #817, .T. ) ;
#1151 = DIRECTION ( 'NONE',  ( -0.000000000000000000, -0.000000000000000000, 1.000000000000000000 ) ) ;
#1152 = ORIENTED_EDGE ( 'NONE', *, *, #1272, .T. ) ;
#1153 = CARTESIAN_POINT ( 'NONE',  ( -22.00000000000000355, 22.00000000000000000, 8.000000000000000000 ) ) ;
#1154 = CARTESIAN_POINT ( 'NONE',  ( -79.99999999999998579, 31.49942440362238472, 12.00000000000000000 ) ) ;
#1155 = ORIENTED_EDGE ( 'NONE', *, *, #459, .F. ) ;
#1156 = CARTESIAN_POINT ( 'NONE',  ( -29.99999999999998224, 56.49942440362239893, 40.00000000000000000 ) ) ;
#1157 = AXIS2_PLACEMENT_3D ( 'NONE', #1513, #1629, #272 ) ;
#1158 = EDGE_CURVE ( 'NONE', #1773, #1478, #1352, .T. ) ;
#1159 = VECTOR ( 'NONE', #49, 1000.000000000000000 ) ;
#1160 = AXIS2_PLACEMENT_3D ( 'NONE', #314, #1424, #1417 ) ;
#1161 = VECTOR ( 'NONE', #1572, 1000.000000000000000 ) ;
#1162 = ADVANCED_FACE ( 'NONE', ( #1647 ), #1523, .F. ) ;
#1163 = ORIENTED_EDGE ( 'NONE', *, *, #571, .T. ) ;
#1164 = AXIS2_PLACEMENT_3D ( 'NONE', #309, #830, #1717 ) ;
#1165 =( NAMED_UNIT ( * ) PLANE_ANGLE_UNIT ( ) SI_UNIT ( $, .RADIAN. ) );
#1166 = DIRECTION ( 'NONE',  ( -0.000000000000000000, -0.000000000000000000, -1.000000000000000000 ) ) ;
#1167 = PRODUCT_DEFINITION_SHAPE ( 'NONE', 'NONE',  #1806 ) ;
#1168 = PRODUCT_DEFINITION_FORMATION_WITH_SPECIFIED_SOURCE ( 'ä»', '', #313, .NOT_KNOWN. ) ;
#1169 = ORIENTED_EDGE ( 'NONE', *, *, #534, .T. ) ;
#1170 = APPLICATION_PROTOCOL_DEFINITION ( 'draft international standard', 'automotive_design', 1998, #844 ) ;
#1171 = EDGE_LOOP ( 'NONE', ( #729, #674 ) ) ;
#1172 = LINE ( 'NONE', #234, #1122 ) ;
#1173 = DIRECTION ( 'NONE',  ( 0.000000000000000000, 0.000000000000000000, -1.000000000000000000 ) ) ;
#1174 = CARTESIAN_POINT ( 'NONE',  ( 73.40000000000001990, -47.46880163422483179, 4.000000000000000000 ) ) ;
#1175 = DIRECTION ( 'NONE',  ( -0.000000000000000000, -0.000000000000000000, 1.000000000000000000 ) ) ;
#1176 = ORIENTED_EDGE ( 'NONE', *, *, #957, .F. ) ;
#1177 = ADVANCED_FACE ( 'NONE', ( #1801 ), #1792, .F. ) ;
#1178 = APPLICATION_PROTOCOL_DEFINITION ( 'draft international standard', 'automotive_design', 1998, #1574 ) ;
#1179 = ORIENTED_EDGE ( 'NONE', *, *, #1251, .T. ) ;
#1180 = CARTESIAN_POINT ( 'NONE',  ( -29.99999999999998224, 51.49942440362239893, 40.00000000000000000 ) ) ;
#1181 = DIRECTION ( 'NONE',  ( 0.000000000000000000, 0.000000000000000000, 1.000000000000000000 ) ) ;
#1182 = CARTESIAN_POINT ( 'NONE',  ( -22.69999999999998863, 28.49942440362239182, 25.50000000000000355 ) ) ;
#1183 = ORIENTED_EDGE ( 'NONE', *, *, #425, .T. ) ;
#1184 = EDGE_CURVE ( 'NONE', #1707, #1355, #1782, .T. ) ;
#1185 = CARTESIAN_POINT ( 'NONE',  ( -64.60000000013272370, -47.46880163423026033, 4.000000000000000000 ) ) ;
#1186 = EDGE_CURVE ( 'NONE', #672, #1258, #1081, .T. ) ;
#1187 = CARTESIAN_POINT ( 'NONE',  ( 19.45085595983523419, -20.00000000000002842, 7.165048483410776825 ) ) ;
#1188 = EDGE_LOOP ( 'NONE', ( #485, #1524 ) ) ;
#1189 = DIRECTION ( 'NONE',  ( 1.156482317317871478E-16, 1.000000000000000000, -0.000000000000000000 ) ) ;
#1190 = VECTOR ( 'NONE', #415, 1000.000000000000000 ) ;
#1191 = VERTEX_POINT ( 'NONE', #1498 ) ;
#1192 = CIRCLE ( 'NONE', #1544, 5.000000000000000888 ) ;
#1193 = CIRCLE ( 'NONE', #357, 2.000000000000001776 ) ;
#1194 = DIRECTION ( 'NONE',  ( -1.000000000000000000, 0.000000000000000000, 0.000000000000000000 ) ) ;
#1195 = VERTEX_POINT ( 'NONE', #799 ) ;
#1196 = AXIS2_PLACEMENT_3D ( 'NONE', #1260, #258, #412 ) ;
#1197 = AXIS2_PLACEMENT_3D ( 'NONE', #1347, #502, #1321 ) ;
#1198 =( NAMED_UNIT ( * ) SI_UNIT ( $, .STERADIAN. ) SOLID_ANGLE_UNIT ( ) );
#1199 = VERTEX_POINT ( 'NONE', #397 ) ;
#1200 = DIRECTION ( 'NONE',  ( 0.000000000000000000, 0.000000000000000000, -1.000000000000000000 ) ) ;
#1201 = EDGE_CURVE ( 'NONE', #130, #178, #642, .T. ) ;
#1202 = CARTESIAN_POINT ( 'NONE',  ( 29.99999999999998224, 56.49942440362239893, 12.00000000000000000 ) ) ;
#1203 = FACE_BOUND ( 'NONE', #933, .T. ) ;
#1204 = ORIENTED_EDGE ( 'NONE', *, *, #1073, .T. ) ;
#1205 = ORIENTED_EDGE ( 'NONE', *, *, #259, .T. ) ;
#1206 = CYLINDRICAL_SURFACE ( 'NONE', #901, 5.000000000000000888 ) ;
#1207 = ADVANCED_FACE ( 'NONE', ( #248 ), #938, .F. ) ;
#1208 = DIRECTION ( 'NONE',  ( -0.000000000000000000, -0.000000000000000000, 1.000000000000000000 ) ) ;
#1209 = ORIENTED_EDGE ( 'NONE', *, *, #1053, .F. ) ;
#1210 = FACE_BOUND ( 'NONE', #1270, .T. ) ;
#1211 = DIRECTION ( 'NONE',  ( -0.000000000000000000, -0.000000000000000000, 1.000000000000000000 ) ) ;
#1212 = CARTESIAN_POINT ( 'NONE',  ( -22.00000000000000355, -22.00000000000000000, 8.000000000000000000 ) ) ;
#1213 = CARTESIAN_POINT ( 'NONE',  ( 58.14999999999630376, 47.53119836577367607, 0.000000000000000000 ) ) ;
#1214 = AXIS2_PLACEMENT_3D ( 'NONE', #111, #782, #659 ) ;
#1215 = VECTOR ( 'NONE', #696, 1000.000000000000000 ) ;
#1216 = CARTESIAN_POINT ( 'NONE',  ( -22.69999999999998863, 28.49942440362239182, 25.50000000000000355 ) ) ;
#1217 = AXIS2_PLACEMENT_3D ( 'NONE', #1658, #1632, #821 ) ;
#1218 = VECTOR ( 'NONE', #129, 1000.000000000000000 ) ;
#1219 = VECTOR ( 'NONE', #543, 1000.000000000000000 ) ;
#1220 = ORIENTED_EDGE ( 'NONE', *, *, #124, .F. ) ;
#1221 = CARTESIAN_POINT ( 'NONE',  ( -52.60000000000366782, 47.53119836576959756, 4.000000000000000000 ) ) ;
#1222 = AXIS2_PLACEMENT_3D ( 'NONE', #1673, #420, #970 ) ;
#1223 = DIRECTION ( 'NONE',  ( -0.000000000000000000, -0.000000000000000000, 1.000000000000000000 ) ) ;
#1224 = AXIS2_PLACEMENT_3D ( 'NONE', #912, #893, #634 ) ;
#1225 = DIRECTION ( 'NONE',  ( -1.000000000000000000, 0.000000000000000000, 0.000000000000000000 ) ) ;
#1226 = ORIENTED_EDGE ( 'NONE', *, *, #204, .T. ) ;
#1227 = EDGE_CURVE ( 'NONE', #1649, #489, #1093, .T. ) ;
#1228 = CARTESIAN_POINT ( 'NONE',  ( -29.99999999999998224, 56.49942440362239893, 12.00000000000000000 ) ) ;
#1229 = ORIENTED_EDGE ( 'NONE', *, *, #1791, .F. ) ;
#1230 = DIRECTION ( 'NONE',  ( -0.000000000000000000, -0.000000000000000000, -1.000000000000000000 ) ) ;
#1231 = CARTESIAN_POINT ( 'NONE',  ( -22.00000000000000355, -22.00000000000000000, 0.000000000000000000 ) ) ;
#1232 = CARTESIAN_POINT ( 'NONE',  ( 21.99999999999999645, 22.00000000000000000, 0.000000000000000000 ) ) ;
#1233 = CARTESIAN_POINT ( 'NONE',  ( 81.40000000000003411, -55.46880163422488863, 0.000000000000000000 ) ) ;
#1234 = DIRECTION ( 'NONE',  ( 0.000000000000000000, 0.000000000000000000, 1.000000000000000000 ) ) ;
#1235 = EDGE_CURVE ( 'NONE', #233, #1012, #1409, .T. ) ;
#1236 = CARTESIAN_POINT ( 'NONE',  ( 73.40000000000001990, -47.46880163422483179, 4.000000000000000000 ) ) ;
#1237 = ORIENTED_EDGE ( 'NONE', *, *, #1678, .T. ) ;
#1238 = CARTESIAN_POINT ( 'NONE',  ( -19.75000000000000355, 22.00000000000000000, 8.000000000000000000 ) ) ;
#1239 = DIRECTION ( 'NONE',  ( 0.000000000000000000, 0.000000000000000000, -1.000000000000000000 ) ) ;
#1240 = EDGE_LOOP ( 'NONE', ( #1589, #857, #343, #136 ) ) ;
#1241 = DIRECTION ( 'NONE',  ( 1.000000000000000000, 0.000000000000000000, 0.000000000000000000 ) ) ;
#1242 = CARTESIAN_POINT ( 'NONE',  ( 55.39999999999629665, 47.53119836577367607, 12.00000000000000000 ) ) ;
#1243 = DIRECTION ( 'NONE',  ( 0.000000000000000000, 0.000000000000000000, 1.000000000000000000 ) ) ;
#1244 = AXIS2_PLACEMENT_3D ( 'NONE', #507, #379, #945 ) ;
#1245 = CIRCLE ( 'NONE', #148, 2.249999999999998668 ) ;
#1246 = CIRCLE ( 'NONE', #465, 6.000000000000005329 ) ;
#1247 = ORIENTED_EDGE ( 'NONE', *, *, #641, .F. ) ;
#1248 = CIRCLE ( 'NONE', #466, 6.000000000000005329 ) ;
#1249 = AXIS2_PLACEMENT_3D ( 'NONE', #146, #693, #1674 ) ;
#1250 = CARTESIAN_POINT ( 'NONE',  ( -24.25000000000000000, -22.00000000000000000, 8.000000000000000000 ) ) ;
#1251 = EDGE_CURVE ( 'NONE', #178, #130, #215, .T. ) ;
#1252 = VERTEX_POINT ( 'NONE', #165 ) ;
#1253 = VECTOR ( 'NONE', #1443, 1000.000000000000000 ) ;
#1254 = CARTESIAN_POINT ( 'NONE',  ( -24.25000000000000000, -22.00000000000000000, 12.00000000000000000 ) ) ;
#1255 = DIRECTION ( 'NONE',  ( 0.000000000000000000, 0.000000000000000000, 1.000000000000000000 ) ) ;
#1256 = LINE ( 'NONE', #1108, #1543 ) ;
#1257 = FACE_BOUND ( 'NONE', #1266, .T. ) ;
#1258 = VERTEX_POINT ( 'NONE', #991 ) ;
#1259 = VERTEX_POINT ( 'NONE', #1686 ) ;
#1260 = CARTESIAN_POINT ( 'NONE',  ( -70.60000000013272370, -47.46880163423026033, 4.000000000000000000 ) ) ;
#1261 = CARTESIAN_POINT ( 'NONE',  ( -73.35000000013272370, -47.46880163423026033, 4.000000000000000000 ) ) ;
#1262 = EDGE_CURVE ( 'NONE', #1012, #1693, #1192, .T. ) ;
#1263 = LINE ( 'NONE', #1386, #3 ) ;
#1264 = FACE_BOUND ( 'NONE', #253, .T. ) ;
#1265 = VERTEX_POINT ( 'NONE', #426 ) ;
#1266 = EDGE_LOOP ( 'NONE', ( #927, #984 ) ) ;
#1267 = DIRECTION ( 'NONE',  ( -1.000000000000000000, 0.000000000000000000, 0.000000000000000000 ) ) ;
#1268 = DIRECTION ( 'NONE',  ( -0.000000000000000000, -0.000000000000000000, 1.000000000000000000 ) ) ;
#1269 = DIRECTION ( 'NONE',  ( 1.000000000000000000, 0.000000000000000000, 0.000000000000000000 ) ) ;
#1270 = EDGE_LOOP ( 'NONE', ( #575, #1010 ) ) ;
#1271 = FACE_OUTER_BOUND ( 'NONE', #954, .T. ) ;
#1272 = EDGE_CURVE ( 'NONE', #1566, #577, #5, .T. ) ;
#1273 = ORIENTED_EDGE ( 'NONE', *, *, #1107, .F. ) ;
#1274 = DIRECTION ( 'NONE',  ( -0.000000000000000000, -0.000000000000000000, -1.000000000000000000 ) ) ;
#1275 = ORIENTED_EDGE ( 'NONE', *, *, #1761, .T. ) ;
#1276 = AXIS2_PLACEMENT_3D ( 'NONE', #960, #783, #526 ) ;
#1277 = AXIS2_PLACEMENT_3D ( 'NONE', #1221, #803, #545 ) ;
#1278 = CARTESIAN_POINT ( 'NONE',  ( 56.40000000000001279, 56.49942440362239893, 0.000000000000000000 ) ) ;
#1279 = ORIENTED_EDGE ( 'NONE', *, *, #1118, .T. ) ;
#1280 = CIRCLE ( 'NONE', #1517, 2.000000000000001776 ) ;
#1281 = PRODUCT ( 'Platform 2.0', 'Platform 2.0', '', ( #643 ) ) ;
#1282 = DIRECTION ( 'NONE',  ( 1.000000000000000000, 0.000000000000000000, 0.000000000000000000 ) ) ;
#1283 = CYLINDRICAL_SURFACE ( 'NONE', #2, 6.000000000000005329 ) ;
#1284 = DIRECTION ( 'NONE',  ( -0.000000000000000000, -0.000000000000000000, -1.000000000000000000 ) ) ;
#1285 = EDGE_CURVE ( 'NONE', #263, #700, #1425, .T. ) ;
#1286 = CARTESIAN_POINT ( 'NONE',  ( 73.40000000000001990, -47.46880163422483179, 12.00000000000000000 ) ) ;
#1287 = VERTEX_POINT ( 'NONE', #853 ) ;
#1288 = CARTESIAN_POINT ( 'NONE',  ( -22.00000000000000355, 22.00000000000000000, 12.00000000000000000 ) ) ;
#1289 = EDGE_LOOP ( 'NONE', ( #128, #768 ) ) ;
#1290 = CARTESIAN_POINT ( 'NONE',  ( 81.40000000000001990, 31.49942440362239893, 0.000000000000000000 ) ) ;
#1291 = ORIENTED_EDGE ( 'NONE', *, *, #392, .F. ) ;
#1292 = DIRECTION ( 'NONE',  ( -0.000000000000000000, -0.000000000000000000, -1.000000000000000000 ) ) ;
#1293 = CARTESIAN_POINT ( 'NONE',  ( -54.99999999999997158, 56.49942440362238472, 0.000000000000000000 ) ) ;
#1294 = CARTESIAN_POINT ( 'NONE',  ( 67.40000000000001990, -47.46880163422483179, 4.000000000000000000 ) ) ;
#1295 = EDGE_CURVE ( 'NONE', #434, #291, #838, .T. ) ;
#1296 = LINE ( 'NONE', #303, #1340 ) ;
#1297 = DIRECTION ( 'NONE',  ( 1.000000000000000000, 0.000000000000000000, 0.000000000000000000 ) ) ;
#1298 = ORIENTED_EDGE ( 'NONE', *, *, #1251, .F. ) ;
#1299 = DIRECTION ( 'NONE',  ( -1.000000000000000000, 0.000000000000000000, 0.000000000000000000 ) ) ;
#1300 = ADVANCED_FACE ( 'NONE', ( #315, #564, #1257, #1704, #705, #1388, #1264, #1109, #725 ), #23, .F. ) ;
#1301 = CARTESIAN_POINT ( 'NONE',  ( 24.24999999999999645, 22.00000000000000000, 12.00000000000000000 ) ) ;
#1302 = DIRECTION ( 'NONE',  ( -1.000000000000000000, 0.000000000000000000, 0.000000000000000000 ) ) ;
#1303 = DIRECTION ( 'NONE',  ( -0.000000000000000000, -0.000000000000000000, 1.000000000000000000 ) ) ;
#1304 = EDGE_LOOP ( 'NONE', ( #1499, #458, #1634, #168 ) ) ;
#1305 = ADVANCED_BREP_SHAPE_REPRESENTATION ( '', ( #866, #1224 ), #992 ) ;
#1306 = EDGE_CURVE ( 'NONE', #1785, #1405, #863, .T. ) ;
#1307 = CARTESIAN_POINT ( 'NONE',  ( 22.70000000000000639, 51.49942440362239182, 25.50000000000000355 ) ) ;
#1308 = ORIENTED_EDGE ( 'NONE', *, *, #562, .T. ) ;
#1309 = DIRECTION ( 'NONE',  ( -1.000000000000000000, 0.000000000000000000, 0.000000000000000000 ) ) ;
#1310 = AXIS2_PLACEMENT_3D ( 'NONE', #1427, #1136, #1001 ) ;
#1311 = VECTOR ( 'NONE', #677, 1000.000000000000000 ) ;
#1312 = AXIS2_PLACEMENT_3D ( 'NONE', #1564, #328, #196 ) ;
#1313 = AXIS2_PLACEMENT_3D ( 'NONE', #42, #295, #345 ) ;
#1314 = EDGE_CURVE ( 'NONE', #1585, #915, #140, .T. ) ;
#1315 = DIRECTION ( 'NONE',  ( -1.000000000000000000, 0.000000000000000000, 0.000000000000000000 ) ) ;
#1316 = ORIENTED_EDGE ( 'NONE', *, *, #228, .F. ) ;
#1317 = AXIS2_PLACEMENT_3D ( 'NONE', #1088, #508, #103 ) ;
#1318 = DIRECTION ( 'NONE',  ( -0.000000000000000000, -0.000000000000000000, 1.000000000000000000 ) ) ;
#1319 = FACE_OUTER_BOUND ( 'NONE', #1705, .T. ) ;
#1320 = ORIENTED_EDGE ( 'NONE', *, *, #766, .T. ) ;
#1321 = DIRECTION ( 'NONE',  ( 1.000000000000000000, 0.000000000000000000, 0.000000000000000000 ) ) ;
#1322 = VERTEX_POINT ( 'NONE', #44 ) ;
#1323 = DIRECTION ( 'NONE',  ( -0.000000000000000000, -0.000000000000000000, 1.000000000000000000 ) ) ;
#1324 = EDGE_CURVE ( 'NONE', #472, #1015, #1067, .T. ) ;
#1325 = CARTESIAN_POINT ( 'NONE',  ( -52.60000000000366782, 47.53119836576959756, 0.000000000000000000 ) ) ;
#1326 = DIRECTION ( 'NONE',  ( -1.000000000000000000, 0.000000000000000000, 0.000000000000000000 ) ) ;
#1327 = VERTEX_POINT ( 'NONE', #712 ) ;
#1328 = ORIENTED_EDGE ( 'NONE', *, *, #493, .T. ) ;
#1329 = PRODUCT_CONTEXT ( 'NONE', #1481, 'mechanical' ) ;
#1330 = ORIENTED_EDGE ( 'NONE', *, *, #1653, .F. ) ;
#1331 = DIRECTION ( 'NONE',  ( 0.000000000000000000, 0.000000000000000000, 1.000000000000000000 ) ) ;
#1332 = CARTESIAN_POINT ( 'NONE',  ( -46.60000000000366782, 47.53119836576959756, 4.000000000000000000 ) ) ;
#1333 = SHAPE_REPRESENTATION ( 'Platform 2.0', ( #1224 ), #992 ) ;
#1334 = ADVANCED_FACE ( 'NONE', ( #1271 ), #1669, .F. ) ;
#1335 = ORIENTED_EDGE ( 'NONE', *, *, #451, .T. ) ;
#1336 = EDGE_CURVE ( 'NONE', #1663, #540, #586, .T. ) ;
#1337 = LINE ( 'NONE', #1742, #1161 ) ;
#1338 = ORIENTED_EDGE ( 'NONE', *, *, #919, .T. ) ;
#1339 = CARTESIAN_POINT ( 'NONE',  ( -70.60000000013272370, -47.46880163423026033, 4.000000000000000000 ) ) ;
#1340 = VECTOR ( 'NONE', #429, 1000.000000000000000 ) ;
#1341 = VECTOR ( 'NONE', #252, 1000.000000000000000 ) ;
#1342 = ORIENTED_EDGE ( 'NONE', *, *, #1045, .T. ) ;
#1343 = VECTOR ( 'NONE', #195, 1000.000000000000000 ) ;
#1344 = VECTOR ( 'NONE', #806, 1000.000000000000000 ) ;
#1345 = EDGE_CURVE ( 'NONE', #1685, #37, #182, .T. ) ;
#1346 = CIRCLE ( 'NONE', #645, 2.000000000000001776 ) ;
#1347 = CARTESIAN_POINT ( 'NONE',  ( -70.60000000013272370, -47.46880163423026033, 0.000000000000000000 ) ) ;
#1348 = ORIENTED_EDGE ( 'NONE', *, *, #1712, .T. ) ;
#1349 = VERTEX_POINT ( 'NONE', #150 ) ;
#1350 = EDGE_LOOP ( 'NONE', ( #637, #1085, #223, #1726 ) ) ;
#1351 = DIRECTION ( 'NONE',  ( 1.000000000000000000, 0.000000000000000000, -0.000000000000000000 ) ) ;
#1352 = LINE ( 'NONE', #1228, #242 ) ;
#1353 = FACE_BOUND ( 'NONE', #1059, .T. ) ;
#1354 = ORIENTED_EDGE ( 'NONE', *, *, #630, .F. ) ;
#1355 = VERTEX_POINT ( 'NONE', #697 ) ;
#1356 = FACE_OUTER_BOUND ( 'NONE', #98, .T. ) ;
#1357 = ADVANCED_FACE ( 'NONE', ( #57 ), #1456, .F. ) ;
#1358 = ORIENTED_EDGE ( 'NONE', *, *, #440, .T. ) ;
#1359 = DIRECTION ( 'NONE',  ( -0.000000000000000000, -0.000000000000000000, -1.000000000000000000 ) ) ;
#1360 = FACE_OUTER_BOUND ( 'NONE', #339, .T. ) ;
#1361 = VERTEX_POINT ( 'NONE', #488 ) ;
#1362 = CARTESIAN_POINT ( 'NONE',  ( -20.69999999999998863, 56.49942440362239182, 25.50000000000000355 ) ) ;
#1363 = ORIENTED_EDGE ( 'NONE', *, *, #1625, .F. ) ;
#1364 = DIRECTION ( 'NONE',  ( -0.000000000000000000, -0.000000000000000000, -1.000000000000000000 ) ) ;
#1365 = CARTESIAN_POINT ( 'NONE',  ( 73.40000000000001990, -47.46880163422483179, 4.000000000000000000 ) ) ;
#1366 = ADVANCED_FACE ( 'NONE', ( #1439 ), #194, .T. ) ;
#1367 = EDGE_LOOP ( 'NONE', ( #1204, #518, #1330, #658 ) ) ;
#1368 = AXIS2_PLACEMENT_3D ( 'NONE', #453, #333, #209 ) ;
#1369 = CIRCLE ( 'NONE', #583, 5.000000000000000888 ) ;
#1370 = DIRECTION ( 'NONE',  ( -0.000000000000000000, -0.000000000000000000, -1.000000000000000000 ) ) ;
#1371 = CIRCLE ( 'NONE', #902, 2.249999999999998668 ) ;
#1372 = CIRCLE ( 'NONE', #1660, 2.249999999999998668 ) ;
#1373 = ORIENTED_EDGE ( 'NONE', *, *, #208, .T. ) ;
#1374 = DIRECTION ( 'NONE',  ( -0.000000000000000000, -0.000000000000000000, -1.000000000000000000 ) ) ;
#1375 = EDGE_LOOP ( 'NONE', ( #191, #1298 ) ) ;
#1376 = AXIS2_PLACEMENT_3D ( 'NONE', #1733, #627, #361 ) ;
#1377 = PLANE ( 'NONE',  #1783 ) ;
#1378 = FACE_OUTER_BOUND ( 'NONE', #1076, .T. ) ;
#1379 = ORIENTED_EDGE ( 'NONE', *, *, #919, .F. ) ;
#1380 = EDGE_CURVE ( 'NONE', #1195, #577, #873, .T. ) ;
#1381 = CARTESIAN_POINT ( 'NONE',  ( 26.99999999999999645, -22.00000000000000000, 8.000000000000000000 ) ) ;
#1382 = ADVANCED_FACE ( 'NONE', ( #1319 ), #1602, .F. ) ;
#1383 = EDGE_LOOP ( 'NONE', ( #1005, #566 ) ) ;
#1384 = CARTESIAN_POINT ( 'NONE',  ( 58.14999999999630376, 47.53119836577367607, 4.000000000000000000 ) ) ;
#1385 = CARTESIAN_POINT ( 'NONE',  ( 21.99999999999999645, 22.00000000000000000, 8.000000000000000000 ) ) ;
#1386 = CARTESIAN_POINT ( 'NONE',  ( -46.60000000000366782, 47.53119836576959756, 4.000000000000000000 ) ) ;
#1387 = ADVANCED_FACE ( 'NONE', ( #1474 ), #1018, .F. ) ;
#1388 = FACE_BOUND ( 'NONE', #1391, .T. ) ;
#1389 = LINE ( 'NONE', #1402, #1778 ) ;
#1390 = ADVANCED_FACE ( 'NONE', ( #1356 ), #906, .F. ) ;
#1391 = EDGE_LOOP ( 'NONE', ( #1680, #590 ) ) ;
#1392 = DIRECTION ( 'NONE',  ( 1.000000000000000000, 0.000000000000000000, 0.000000000000000000 ) ) ;
#1393 = CARTESIAN_POINT ( 'NONE',  ( -27.00000000000000355, -22.00000000000000000, 8.000000000000000000 ) ) ;
#1394 = CARTESIAN_POINT ( 'NONE',  ( -79.99999999999995737, -55.46880163422492416, 0.000000000000000000 ) ) ;
#1395 = PLANE ( 'NONE',  #1064 ) ;
#1396 = DIRECTION ( 'NONE',  ( -1.000000000000000000, -1.245761921706863569E-16, 0.000000000000000000 ) ) ;
#1397 = CIRCLE ( 'NONE', #266, 5.999999999999998224 ) ;
#1398 = EDGE_LOOP ( 'NONE', ( #1533, #496 ) ) ;
#1399 = CARTESIAN_POINT ( 'NONE',  ( 56.40000000000001279, 31.49942440362239893, 12.00000000000000000 ) ) ;
#1400 = ORIENTED_EDGE ( 'NONE', *, *, #279, .T. ) ;
#1401 = EDGE_CURVE ( 'NONE', #316, #1785, #92, .T. ) ;
#1402 = CARTESIAN_POINT ( 'NONE',  ( -24.25000000000000000, -22.00000000000000000, 0.000000000000000000 ) ) ;
#1403 = AXIS2_PLACEMENT_3D ( 'NONE', #1777, #1637, #50 ) ;
#1404 = PLANE ( 'NONE',  #1491 ) ;
#1405 = VERTEX_POINT ( 'NONE', #1293 ) ;
#1406 = VECTOR ( 'NONE', #848, 1000.000000000000000 ) ;
#1407 = DIRECTION ( 'NONE',  ( -1.000000000000000000, 0.000000000000000000, 0.000000000000000000 ) ) ;
#1408 = CARTESIAN_POINT ( 'NONE',  ( 26.99999999999999645, 22.00000000000000000, 8.000000000000000000 ) ) ;
#1409 = LINE ( 'NONE', #446, #121 ) ;
#1410 = EDGE_LOOP ( 'NONE', ( #95, #1019, #378, #1176 ) ) ;
#1411 = DIRECTION ( 'NONE',  ( 0.000000000000000000, 0.000000000000000000, 1.000000000000000000 ) ) ;
#1412 = EDGE_LOOP ( 'NONE', ( #604, #1000, #456, #529 ) ) ;
#1413 = CARTESIAN_POINT ( 'NONE',  ( -54.99999999999997158, 31.49942440362238472, 12.00000000000000000 ) ) ;
#1414 = EDGE_LOOP ( 'NONE', ( #1573, #206 ) ) ;
#1415 = DIRECTION ( 'NONE',  ( 0.000000000000000000, 0.000000000000000000, 1.000000000000000000 ) ) ;
#1416 = EDGE_CURVE ( 'NONE', #1258, #876, #722, .T. ) ;
#1417 = DIRECTION ( 'NONE',  ( -1.000000000000000000, 0.000000000000000000, 0.000000000000000000 ) ) ;
#1418 = DIRECTION ( 'NONE',  ( 1.000000000000000000, 0.000000000000000000, 0.000000000000000000 ) ) ;
#1419 = VERTEX_POINT ( 'NONE', #203 ) ;
#1420 = CARTESIAN_POINT ( 'NONE',  ( -58.60000000000366072, 47.53119836576959756, 12.00000000000000000 ) ) ;
#1421 = ORIENTED_EDGE ( 'NONE', *, *, #1158, .T. ) ;
#1422 = CARTESIAN_POINT ( 'NONE',  ( 81.40000000000003411, -55.46880163422488863, 12.00000000000000000 ) ) ;
#1423 = ORIENTED_EDGE ( 'NONE', *, *, #1675, .F. ) ;
#1424 = DIRECTION ( 'NONE',  ( 0.000000000000000000, 0.000000000000000000, -1.000000000000000000 ) ) ;
#1425 = LINE ( 'NONE', #596, #151 ) ;
#1426 = ORIENTED_EDGE ( 'NONE', *, *, #1416, .F. ) ;
#1427 = CARTESIAN_POINT ( 'NONE',  ( -54.99999999999997158, 31.49942440362238472, 12.00000000000000000 ) ) ;
#1428 = ORIENTED_EDGE ( 'NONE', *, *, #1667, .F. ) ;
#1429 = CIRCLE ( 'NONE', #1724, 5.000000000000000888 ) ;
#1430 = AXIS2_PLACEMENT_3D ( 'NONE', #1529, #1415, #170 ) ;
#1431 = CARTESIAN_POINT ( 'NONE',  ( -70.60000000013272370, -47.46880163423026033, 0.000000000000000000 ) ) ;
#1432 = ORIENTED_EDGE ( 'NONE', *, *, #249, .F. ) ;
#1433 = AXIS2_PLACEMENT_3D ( 'NONE', #1339, #1331, #504 ) ;
#1434 = AXIS2_PLACEMENT_3D ( 'NONE', #160, #568, #1502 ) ;
#1435 = DIRECTION ( 'NONE',  ( -1.245761921706863322E-16, 1.000000000000000000, 0.000000000000000000 ) ) ;
#1436 =( GEOMETRIC_REPRESENTATION_CONTEXT ( 3 ) GLOBAL_UNCERTAINTY_ASSIGNED_CONTEXT ( ( #1713 ) ) GLOBAL_UNIT_ASSIGNED_CONTEXT ( ( #73, #1477, #97 ) ) REPRESENTATION_CONTEXT ( 'NONE', 'WORKASPACE' ) );
#1437 = ADVANCED_FACE ( 'NONE', ( #891 ), #760, .F. ) ;
#1438 = CARTESIAN_POINT ( 'NONE',  ( -52.60000000000366782, 47.53119836576959756, 4.000000000000000000 ) ) ;
#1439 = FACE_OUTER_BOUND ( 'NONE', #55, .T. ) ;
#1440 = EDGE_CURVE ( 'NONE', #368, #1612, #1577, .T. ) ;
#1441 = CARTESIAN_POINT ( 'NONE',  ( 67.40000000000001990, -47.46880163422483179, 4.000000000000000000 ) ) ;
#1442 = EDGE_LOOP ( 'NONE', ( #312, #993, #1614, #1308 ) ) ;
#1443 = DIRECTION ( 'NONE',  ( -0.000000000000000000, -0.000000000000000000, 1.000000000000000000 ) ) ;
#1444 = EDGE_LOOP ( 'NONE', ( #1563, #399 ) ) ;
#1445 = LINE ( 'NONE', #1468, #808 ) ;
#1446 = EDGE_LOOP ( 'NONE', ( #1505, #1718, #1460, #1205 ) ) ;
#1447 = CARTESIAN_POINT ( 'NONE',  ( 21.99999999999999645, 22.00000000000000000, 0.000000000000000000 ) ) ;
#1448 = CARTESIAN_POINT ( 'NONE',  ( 16.99999999999999289, -22.00000000000000000, 0.000000000000000000 ) ) ;
#1449 = EDGE_CURVE ( 'NONE', #18, #829, #1016, .T. ) ;
#1450 = DIRECTION ( 'NONE',  ( -0.000000000000000000, -0.000000000000000000, 1.000000000000000000 ) ) ;
#1451 = CARTESIAN_POINT ( 'NONE',  ( -79.99999999999995737, -55.46880163422492416, 12.00000000000000000 ) ) ;
#1452 = ORIENTED_EDGE ( 'NONE', *, *, #538, .F. ) ;
#1453 = DIRECTION ( 'NONE',  ( 1.000000000000000000, -1.156482317317871478E-16, 0.000000000000000000 ) ) ;
#1454 = ORIENTED_EDGE ( 'NONE', *, *, #689, .T. ) ;
#1455 = CARTESIAN_POINT ( 'NONE',  ( -24.25000000000000000, 22.00000000000000000, 0.000000000000000000 ) ) ;
#1456 = CYLINDRICAL_SURFACE ( 'NONE', #1403, 2.249999999999998668 ) ;
#1457 = DIRECTION ( 'NONE',  ( -1.000000000000000000, 0.000000000000000000, 0.000000000000000000 ) ) ;
#1458 = APPLICATION_PROTOCOL_DEFINITION ( 'draft international standard', 'automotive_design', 1998, #934 ) ;
#1459 = ADVANCED_FACE ( 'NONE', ( #481 ), #77, .F. ) ;
#1460 = ORIENTED_EDGE ( 'NONE', *, *, #612, .T. ) ;
#1461 = CIRCLE ( 'NONE', #947, 2.750000000000002665 ) ;
#1462 = CIRCLE ( 'NONE', #1038, 2.000000000000001776 ) ;
#1463 = AXIS2_PLACEMENT_3D ( 'NONE', #678, #127, #280 ) ;
#1464 = AXIS2_PLACEMENT_3D ( 'NONE', #632, #1592, #1739 ) ;
#1465 = AXIS2_PLACEMENT_3D ( 'NONE', #1286, #597, #1392 ) ;
#1466 = DIRECTION ( 'NONE',  ( 1.000000000000000000, 0.000000000000000000, 0.000000000000000000 ) ) ;
#1467 = EDGE_LOOP ( 'NONE', ( #975, #69, #1051, #198 ) ) ;
#1468 = CARTESIAN_POINT ( 'NONE',  ( -67.85000000013272370, -47.46880163423026033, 12.00000000000000000 ) ) ;
#1469 = EDGE_LOOP ( 'NONE', ( #1428, #743, #1099, #1247 ) ) ;
#1470 = EDGE_LOOP ( 'NONE', ( #104, #1762 ) ) ;
#1471 = CARTESIAN_POINT ( 'NONE',  ( 21.99999999999999645, -22.00000000000000000, 8.000000000000000000 ) ) ;
#1472 = ADVANCED_FACE ( 'NONE', ( #1150, #745 ), #882, .T. ) ;
#1473 = EDGE_CURVE ( 'NONE', #621, #300, #377, .T. ) ;
#1474 = FACE_OUTER_BOUND ( 'NONE', #1002, .T. ) ;
#1475 = ORIENTED_EDGE ( 'NONE', *, *, #1306, .F. ) ;
#1476 = CARTESIAN_POINT ( 'NONE',  ( -79.99999999999998579, 31.49942440362238472, 0.000000000000000000 ) ) ;
#1477 =( NAMED_UNIT ( * ) PLANE_ANGLE_UNIT ( ) SI_UNIT ( $, .RADIAN. ) );
#1478 = VERTEX_POINT ( 'NONE', #1587 ) ;
#1479 = CARTESIAN_POINT ( 'NONE',  ( 21.99999999999999645, -22.00000000000000000, 8.000000000000000000 ) ) ;
#1480 = VERTEX_POINT ( 'NONE', #340 ) ;
#1481 = APPLICATION_CONTEXT ( 'automotive_design' ) ;
#1482 = ORIENTED_EDGE ( 'NONE', *, *, #1184, .T. ) ;
#1483 = CYLINDRICAL_SURFACE ( 'NONE', #1277, 5.999999999999998224 ) ;
#1484 = CIRCLE ( 'NONE', #491, 2.750000000000009326 ) ;
#1485 = AXIS2_PLACEMENT_3D ( 'NONE', #463, #880, #201 ) ;
#1486 = DIRECTION ( 'NONE',  ( -1.245761921706863569E-16, 1.000000000000000000, -0.000000000000000000 ) ) ;
#1487 = AXIS2_PLACEMENT_3D ( 'NONE', #1504, #1370, #435 ) ;
#1488 = VECTOR ( 'NONE', #89, 1000.000000000000000 ) ;
#1489 = EDGE_CURVE ( 'NONE', #331, #88, #499, .T. ) ;
#1490 = DIRECTION ( 'NONE',  ( -0.000000000000000000, -0.000000000000000000, 1.000000000000000000 ) ) ;
#1491 = AXIS2_PLACEMENT_3D ( 'NONE', #953, #824, #131 ) ;
#1492 = AXIS2_PLACEMENT_3D ( 'NONE', #1288, #47, #600 ) ;
#1493 = ORIENTED_EDGE ( 'NONE', *, *, #288, .T. ) ;
#1494 = FACE_OUTER_BOUND ( 'NONE', #1442, .T. ) ;
#1495 = CARTESIAN_POINT ( 'NONE',  ( -52.60000000000366782, 47.53119836576959756, 12.00000000000000000 ) ) ;
#1496 = ORIENTED_EDGE ( 'NONE', *, *, #711, .T. ) ;
#1497 = DIRECTION ( 'NONE',  ( 1.000000000000000000, 0.000000000000000000, 0.000000000000000000 ) ) ;
#1498 = CARTESIAN_POINT ( 'NONE',  ( 30.00000000000001776, 51.49942440362239182, 40.00000000000000000 ) ) ;
#1499 = ORIENTED_EDGE ( 'NONE', *, *, #204, .F. ) ;
#1500 = PLANE ( 'NONE',  #519 ) ;
#1501 = VERTEX_POINT ( 'NONE', #290 ) ;
#1502 = DIRECTION ( 'NONE',  ( 1.000000000000000000, 0.000000000000000000, 0.000000000000000000 ) ) ;
#1503 = ORIENTED_EDGE ( 'NONE', *, *, #723, .F. ) ;
#1504 = CARTESIAN_POINT ( 'NONE',  ( 21.99999999999999645, 22.00000000000000000, 8.000000000000000000 ) ) ;
#1505 = ORIENTED_EDGE ( 'NONE', *, *, #832, .F. ) ;
#1506 = DIRECTION ( 'NONE',  ( 1.000000000000000000, 1.245761921706863569E-16, 0.000000000000000000 ) ) ;
#1507 = ADVANCED_FACE ( 'NONE', ( #835 ), #1404, .F. ) ;
#1508 = DIRECTION ( 'NONE',  ( 0.000000000000000000, 0.000000000000000000, 1.000000000000000000 ) ) ;
#1509 = ORIENTED_EDGE ( 'NONE', *, *, #31, .T. ) ;
#1510 = AXIS2_PLACEMENT_3D ( 'NONE', #1639, #1351, #102 ) ;
#1511 = ADVANCED_FACE ( 'NONE', ( #1101 ), #1084, .F. ) ;
#1512 = ORIENTED_EDGE ( 'NONE', *, *, #1336, .F. ) ;
#1513 = CARTESIAN_POINT ( 'NONE',  ( 21.99999999999999645, -22.00000000000000000, 0.000000000000000000 ) ) ;
#1514 = FACE_BOUND ( 'NONE', #649, .T. ) ;
#1515 = AXIS2_PLACEMENT_3D ( 'NONE', #1031, #1175, #614 ) ;
#1516 = AXIS2_PLACEMENT_3D ( 'NONE', #1399, #10, #419 ) ;
#1517 = AXIS2_PLACEMENT_3D ( 'NONE', #1004, #205, #311 ) ;
#1518 = VERTEX_POINT ( 'NONE', #935 ) ;
#1519 = DIRECTION ( 'NONE',  ( -0.000000000000000000, -0.000000000000000000, 1.000000000000000000 ) ) ;
#1520 = CARTESIAN_POINT ( 'NONE',  ( -22.00000000000000355, 22.00000000000000000, 8.000000000000000000 ) ) ;
#1521 = CARTESIAN_POINT ( 'NONE',  ( 81.40000000000001990, 31.49942440362239893, 12.00000000000000000 ) ) ;
#1522 = EDGE_CURVE ( 'NONE', #672, #1265, #356, .T. ) ;
#1523 = CYLINDRICAL_SURFACE ( 'NONE', #584, 2.000000000000005329 ) ;
#1524 = ORIENTED_EDGE ( 'NONE', *, *, #1750, .T. ) ;
#1525 = CARTESIAN_POINT ( 'NONE',  ( 30.00000000000000711, 56.49942440362239893, 12.00000000000000000 ) ) ;
#1526 = LINE ( 'NONE', #284, #1548 ) ;
#1527 = ORIENTED_EDGE ( 'NONE', *, *, #1306, .T. ) ;
#1528 = DIRECTION ( 'NONE',  ( 0.000000000000000000, 0.000000000000000000, 1.000000000000000000 ) ) ;
#1529 = CARTESIAN_POINT ( 'NONE',  ( -52.60000000000366782, 47.53119836576959756, 0.000000000000000000 ) ) ;
#1530 = CARTESIAN_POINT ( 'NONE',  ( 55.39999999999629665, 47.53119836577367607, 4.000000000000000000 ) ) ;
#1531 = EDGE_CURVE ( 'NONE', #700, #308, #666, .T. ) ;
#1532 = CARTESIAN_POINT ( 'NONE',  ( 56.40000000000001279, 56.49942440362239893, 12.00000000000000000 ) ) ;
#1533 = ORIENTED_EDGE ( 'NONE', *, *, #369, .T. ) ;
#1534 = ORIENTED_EDGE ( 'NONE', *, *, #171, .F. ) ;
#1535 = FACE_OUTER_BOUND ( 'NONE', #384, .T. ) ;
#1536 = DIRECTION ( 'NONE',  ( -1.000000000000000000, 0.000000000000000000, -0.000000000000000000 ) ) ;
#1537 = CARTESIAN_POINT ( 'NONE',  ( 81.40000000000003411, -55.46880163422488863, 12.00000000000000000 ) ) ;
#1538 = CARTESIAN_POINT ( 'NONE',  ( -22.00000000000000355, -22.00000000000000000, 0.000000000000000000 ) ) ;
#1539 = ADVANCED_FACE ( 'NONE', ( #1652 ), #1114, .F. ) ;
#1540 = AXIS2_PLACEMENT_3D ( 'NONE', #851, #1117, #1714 ) ;
#1541 = DIRECTION ( 'NONE',  ( 1.000000000000000000, 0.000000000000000000, 0.000000000000000000 ) ) ;
#1542 = VERTEX_POINT ( 'NONE', #795 ) ;
#1543 = VECTOR ( 'NONE', #1292, 1000.000000000000000 ) ;
#1544 = AXIS2_PLACEMENT_3D ( 'NONE', #686, #454, #1560 ) ;
#1545 = AXIS2_PLACEMENT_3D ( 'NONE', #1561, #1200, #748 ) ;
#1546 = LINE ( 'NONE', #40, #1784 ) ;
#1547 = ORIENTED_EDGE ( 'NONE', *, *, #425, .F. ) ;
#1548 = VECTOR ( 'NONE', #145, 1000.000000000000000 ) ;
#1549 = DIRECTION ( 'NONE',  ( -0.000000000000000000, -0.000000000000000000, 1.000000000000000000 ) ) ;
#1550 = DIRECTION ( 'NONE',  ( 0.000000000000000000, 0.000000000000000000, -1.000000000000000000 ) ) ;
#1551 = EDGE_LOOP ( 'NONE', ( #1183, #1672 ) ) ;
#1552 = DIRECTION ( 'NONE',  ( 0.000000000000000000, 0.000000000000000000, 1.000000000000000000 ) ) ;
#1553 = ORIENTED_EDGE ( 'NONE', *, *, #1201, .T. ) ;
#1554 = DIRECTION ( 'NONE',  ( -0.000000000000000000, -0.000000000000000000, 1.000000000000000000 ) ) ;
#1555 = ORIENTED_EDGE ( 'NONE', *, *, #1489, .F. ) ;
#1556 = DIRECTION ( 'NONE',  ( 0.000000000000000000, 0.000000000000000000, 1.000000000000000000 ) ) ;
#1557 = EDGE_CURVE ( 'NONE', #74, #316, #530, .T. ) ;
#1558 = EDGE_LOOP ( 'NONE', ( #752, #1454, #923, #792 ) ) ;
#1559 = DIRECTION ( 'NONE',  ( 0.000000000000000000, 0.000000000000000000, 1.000000000000000000 ) ) ;
#1560 = DIRECTION ( 'NONE',  ( -1.000000000000000000, 0.000000000000000000, 0.000000000000000000 ) ) ;
#1561 = CARTESIAN_POINT ( 'NONE',  ( 21.99999999999999645, -22.00000000000000000, 0.000000000000000000 ) ) ;
#1562 = ORIENTED_EDGE ( 'NONE', *, *, #459, .T. ) ;
#1563 = ORIENTED_EDGE ( 'NONE', *, *, #727, .T. ) ;
#1564 = CARTESIAN_POINT ( 'NONE',  ( -52.60000000000366782, 47.53119836576959756, 4.000000000000000000 ) ) ;
#1565 = DIRECTION ( 'NONE',  ( 3.191461626864746089E-16, -1.000000000000000000, 0.000000000000000000 ) ) ;
#1566 = VERTEX_POINT ( 'NONE', #1644 ) ;
#1567 = EDGE_CURVE ( 'NONE', #621, #130, #276, .T. ) ;
#1568 = LINE ( 'NONE', #704, #1190 ) ;
#1569 = ADVANCED_FACE ( 'NONE', ( #138, #118 ), #1377, .T. ) ;
#1570 = SURFACE_SIDE_STYLE ('',( #43 ) ) ;
#1571 = DIRECTION ( 'NONE',  ( -1.000000000000000000, 0.000000000000000000, 0.000000000000000000 ) ) ;
#1572 = DIRECTION ( 'NONE',  ( -1.245761921706863569E-16, 1.000000000000000000, -0.000000000000000000 ) ) ;
#1573 = ORIENTED_EDGE ( 'NONE', *, *, #1522, .T. ) ;
#1574 = APPLICATION_CONTEXT ( 'automotive_design' ) ;
#1575 = LINE ( 'NONE', #1725, #65 ) ;
#1576 = ORIENTED_EDGE ( 'NONE', *, *, #623, .F. ) ;
#1577 = CIRCLE ( 'NONE', #6, 2.249999999999998668 ) ;
#1578 = AXIS2_PLACEMENT_3D ( 'NONE', #1036, #344, #1047 ) ;
#1579 = DIRECTION ( 'NONE',  ( -1.000000000000000000, 0.000000000000000000, 0.000000000000000000 ) ) ;
#1580 = ORIENTED_EDGE ( 'NONE', *, *, #310, .T. ) ;
#1581 = CARTESIAN_POINT ( 'NONE',  ( -22.00000000000000355, -22.00000000000000000, 8.000000000000000000 ) ) ;
#1582 = ADVANCED_FACE ( 'NONE', ( #665 ), #675, .F. ) ;
#1583 = ORIENTED_EDGE ( 'NONE', *, *, #141, .F. ) ;
#1584 = LINE ( 'NONE', #457, #1253 ) ;
#1585 = VERTEX_POINT ( 'NONE', #1787 ) ;
#1586 = CARTESIAN_POINT ( 'NONE',  ( -49.85000000000365361, 47.53119836576959756, 12.00000000000000000 ) ) ;
#1587 = CARTESIAN_POINT ( 'NONE',  ( -29.99999999999998224, 51.49942440362239893, 12.00000000000000000 ) ) ;
#1588 = EDGE_CURVE ( 'NONE', #1518, #395, #1372, .T. ) ;
#1589 = ORIENTED_EDGE ( 'NONE', *, *, #1134, .F. ) ;
#1590 = DIRECTION ( 'NONE',  ( -0.000000000000000000, -0.000000000000000000, -1.000000000000000000 ) ) ;
#1591 = PRODUCT_DEFINITION_CONTEXT ( 'detailed design', #1574, 'design' ) ;
#1592 = DIRECTION ( 'NONE',  ( 0.000000000000000000, 0.000000000000000000, 1.000000000000000000 ) ) ;
#1593 = VERTEX_POINT ( 'NONE', #159 ) ;
#1594 = CONTEXT_DEPENDENT_SHAPE_REPRESENTATION ( #657, #1167 ) ;
#1595 = ORIENTED_EDGE ( 'NONE', *, *, #1134, .T. ) ;
#1596 = LINE ( 'NONE', #909, #1130 ) ;
#1597 = EDGE_CURVE ( 'NONE', #1199, #707, #779, .T. ) ;
#1598 = VECTOR ( 'NONE', #417, 1000.000000000000000 ) ;
#1599 = CIRCLE ( 'NONE', #1633, 2.750000000000002665 ) ;
#1600 = CIRCLE ( 'NONE', #299, 5.000000000000000888 ) ;
#1601 = CARTESIAN_POINT ( 'NONE',  ( 55.39999999999629665, 47.53119836577367607, 4.000000000000000000 ) ) ;
#1602 = CYLINDRICAL_SURFACE ( 'NONE', #952, 2.000000000000005329 ) ;
#1603 = ORIENTED_EDGE ( 'NONE', *, *, #679, .T. ) ;
#1604 = SHAPE_DEFINITION_REPRESENTATION ( #483, #770 ) ;
#1605 = ORIENTED_EDGE ( 'NONE', *, *, #1314, .T. ) ;
#1606 = EDGE_CURVE ( 'NONE', #300, #178, #1526, .T. ) ;
#1607 = UNCERTAINTY_MEASURE_WITH_UNIT (LENGTH_MEASURE( 1.000000000000000082E-05 ), #1025, 'distance_accuracy_value', 'NONE');
#1608 = CARTESIAN_POINT ( 'NONE',  ( -70.60000000013272370, -47.46880163423026033, 4.000000000000000000 ) ) ;
#1609 = VERTEX_POINT ( 'NONE', #692 ) ;
#1610 = ORIENTED_EDGE ( 'NONE', *, *, #1712, .F. ) ;
#1611 = LINE ( 'NONE', #1586, #211 ) ;
#1612 = VERTEX_POINT ( 'NONE', #1250 ) ;
#1613 = ADVANCED_FACE ( 'NONE', ( #11 ), #559, .F. ) ;
#1614 = ORIENTED_EDGE ( 'NONE', *, *, #184, .T. ) ;
#1615 = LINE ( 'NONE', #254, #980 ) ;
#1616 = ADVANCED_FACE ( 'NONE', ( #1535 ), #579, .F. ) ;
#1617 = CYLINDRICAL_SURFACE ( 'NONE', #1217, 6.000000000000005329 ) ;
#1618 = FACE_OUTER_BOUND ( 'NONE', #964, .T. ) ;
#1619 = CARTESIAN_POINT ( 'NONE',  ( 49.39999999999629665, 47.53119836577367607, 12.00000000000000000 ) ) ;
#1620 = DIRECTION ( 'NONE',  ( -1.000000000000000000, 0.000000000000000000, 6.982962677686266711E-15 ) ) ;
#1621 = EDGE_LOOP ( 'NONE', ( #270, #886 ) ) ;
#1622 = CYLINDRICAL_SURFACE ( 'NONE', #216, 2.750000000000002665 ) ;
#1623 = DIRECTION ( 'NONE',  ( -0.000000000000000000, -0.000000000000000000, -1.000000000000000000 ) ) ;
#1624 = CIRCLE ( 'NONE', #1690, 2.000000000000001776 ) ;
#1625 = EDGE_CURVE ( 'NONE', #37, #316, #1146, .T. ) ;
#1626 = AXIS2_PLACEMENT_3D ( 'NONE', #854, #1528, #398 ) ;
#1627 = VERTEX_POINT ( 'NONE', #304 ) ;
#1628 = VECTOR ( 'NONE', #1519, 1000.000000000000000 ) ;
#1629 = DIRECTION ( 'NONE',  ( 0.000000000000000000, 0.000000000000000000, -1.000000000000000000 ) ) ;
#1630 = AXIS2_PLACEMENT_3D ( 'NONE', #15, #1716, #1571 ) ;
#1631 = ADVANCED_FACE ( 'NONE', ( #1126 ), #858, .F. ) ;
#1632 = DIRECTION ( 'NONE',  ( -0.000000000000000000, -0.000000000000000000, 1.000000000000000000 ) ) ;
#1633 = AXIS2_PLACEMENT_3D ( 'NONE', #1431, #1556, #336 ) ;
#1634 = ORIENTED_EDGE ( 'NONE', *, *, #1235, .T. ) ;
#1635 = FACE_BOUND ( 'NONE', #626, .T. ) ;
#1636 = CARTESIAN_POINT ( 'NONE',  ( 22.70000000000000639, 56.49942440362239182, 25.50000000000000355 ) ) ;
#1637 = DIRECTION ( 'NONE',  ( -0.000000000000000000, -0.000000000000000000, 1.000000000000000000 ) ) ;
#1638 = DIRECTION ( 'NONE',  ( -1.000000000000000000, 0.000000000000000000, 0.000000000000000000 ) ) ;
#1639 = CARTESIAN_POINT ( 'NONE',  ( -29.99999999999998224, 56.49942440362239893, 40.00000000000000000 ) ) ;
#1640 = CARTESIAN_POINT ( 'NONE',  ( 21.99999999999999645, -22.00000000000000000, 12.00000000000000000 ) ) ;
#1641 = LINE ( 'NONE', #1476, #35 ) ;
#1642 = ORIENTED_EDGE ( 'NONE', *, *, #1324, .F. ) ;
#1643 = ORIENTED_EDGE ( 'NONE', *, *, #380, .T. ) ;
#1644 = CARTESIAN_POINT ( 'NONE',  ( 56.40000000000001279, 56.49942440362239893, 12.00000000000000000 ) ) ;
#1645 = DIRECTION ( 'NONE',  ( 1.000000000000000000, 0.000000000000000000, 0.000000000000000000 ) ) ;
#1646 = ORIENTED_EDGE ( 'NONE', *, *, #119, .F. ) ;
#1647 = FACE_OUTER_BOUND ( 'NONE', #48, .T. ) ;
#1648 = PRODUCT_RELATED_PRODUCT_CATEGORY ( 'part', '', ( #313 ) ) ;
#1649 = VERTEX_POINT ( 'NONE', #983 ) ;
#1650 = DIRECTION ( 'NONE',  ( -1.000000000000000000, 0.000000000000000000, 0.000000000000000000 ) ) ;
#1651 = ORIENTED_EDGE ( 'NONE', *, *, #534, .F. ) ;
#1652 = FACE_OUTER_BOUND ( 'NONE', #797, .T. ) ;
#1653 = EDGE_CURVE ( 'NONE', #413, #1744, #877, .T. ) ;
#1654 = ORIENTED_EDGE ( 'NONE', *, *, #910, .F. ) ;
#1655 = FACE_OUTER_BOUND ( 'NONE', #482, .T. ) ;
#1656 = DIRECTION ( 'NONE',  ( -6.938893903907222067E-15, 1.000000000000000000, -0.000000000000000000 ) ) ;
#1657 = COLOUR_RGB ( '',0.7921568627450980005, 0.8196078431372548767, 0.9333333333333333481 ) ;
#1658 = CARTESIAN_POINT ( 'NONE',  ( 73.40000000000001990, -47.46880163422483179, 4.000000000000000000 ) ) ;
#1659 = AXIS2_PLACEMENT_3D ( 'NONE', #108, #751, #1326 ) ;
#1660 = AXIS2_PLACEMENT_3D ( 'NONE', #1797, #682, #963 ) ;
#1661 = ORIENTED_EDGE ( 'NONE', *, *, #171, .T. ) ;
#1662 = DIRECTION ( 'NONE',  ( 0.000000000000000000, 0.000000000000000000, -1.000000000000000000 ) ) ;
#1663 = VERTEX_POINT ( 'NONE', #1699 ) ;
#1664 = DIRECTION ( 'NONE',  ( 1.000000000000000000, 0.000000000000000000, 0.000000000000000000 ) ) ;
#1665 = EDGE_LOOP ( 'NONE', ( #732, #537, #246, #1423 ) ) ;
#1666 = CARTESIAN_POINT ( 'NONE',  ( 52.64999999999629665, 47.53119836577367607, 0.000000000000000000 ) ) ;
#1667 = EDGE_CURVE ( 'NONE', #122, #360, #1575, .T. ) ;
#1668 = DIRECTION ( 'NONE',  ( 0.000000000000000000, 0.000000000000000000, 1.000000000000000000 ) ) ;
#1669 = CYLINDRICAL_SURFACE ( 'NONE', #521, 2.750000000000002665 ) ;
#1670 = EDGE_LOOP ( 'NONE', ( #719, #348, #1342, #847 ) ) ;
#1671 = CARTESIAN_POINT ( 'NONE',  ( 21.99999999999999645, -22.00000000000000000, 8.000000000000000000 ) ) ;
#1672 = ORIENTED_EDGE ( 'NONE', *, *, #416, .T. ) ;
#1673 = CARTESIAN_POINT ( 'NONE',  ( -52.60000000000366782, 47.53119836576959756, 12.00000000000000000 ) ) ;
#1674 = DIRECTION ( 'NONE',  ( -1.000000000000000000, -2.149595385349203337E-16, 0.000000000000000000 ) ) ;
#1675 = EDGE_CURVE ( 'NONE', #409, #1259, #450, .T. ) ;
#1676 = CARTESIAN_POINT ( 'NONE',  ( -79.99999999999998579, 31.49942440362238472, 0.000000000000000000 ) ) ;
#1677 = CARTESIAN_POINT ( 'NONE',  ( -52.60000000000366782, 47.53119836576959756, 4.000000000000000000 ) ) ;
#1678 = EDGE_CURVE ( 'NONE', #1480, #717, #1584, .T. ) ;
#1679 = ORIENTED_EDGE ( 'NONE', *, *, #1054, .T. ) ;
#1680 = ORIENTED_EDGE ( 'NONE', *, *, #1118, .F. ) ;
#1681 = CARTESIAN_POINT ( 'NONE',  ( 26.99999999999999645, 22.00000000000000000, 0.000000000000000000 ) ) ;
#1682 = EDGE_LOOP ( 'NONE', ( #1691, #1583, #1610, #1328 ) ) ;
#1683 = PLANE ( 'NONE',  #467 ) ;
#1684 = CARTESIAN_POINT ( 'NONE',  ( -22.69999999999999218, 51.49942440362239893, 25.50000000000000355 ) ) ;
#1685 = VERTEX_POINT ( 'NONE', #1422 ) ;
#1686 = CARTESIAN_POINT ( 'NONE',  ( -73.35000000013272370, -47.46880163423026033, 0.000000000000000000 ) ) ;
#1687 = PRESENTATION_LAYER_ASSIGNMENT (  '', '', ( #661 ) ) ;
#1688 = AXIS2_PLACEMENT_3D ( 'NONE', #798, #840, #1 ) ;
#1689 = CIRCLE ( 'NONE', #1626, 6.000000000000005329 ) ;
#1690 = AXIS2_PLACEMENT_3D ( 'NONE', #67, #1435, #200 ) ;
#1691 = ORIENTED_EDGE ( 'NONE', *, *, #236, .T. ) ;
#1692 = CYLINDRICAL_SURFACE ( 'NONE', #436, 5.000000000000000888 ) ;
#1693 = VERTEX_POINT ( 'NONE', #1681 ) ;
#1694 = AXIS2_PLACEMENT_3D ( 'NONE', #1640, #1774, #408 ) ;
#1695 = AXIS2_PLACEMENT_3D ( 'NONE', #663, #1230, #510 ) ;
#1696 = AXIS2_PLACEMENT_3D ( 'NONE', #1231, #1223, #393 ) ;
#1697 = AXIS2_PLACEMENT_3D ( 'NONE', #816, #1662, #778 ) ;
#1698 = DIRECTION ( 'NONE',  ( 1.595730813432373044E-16, -1.000000000000000000, 0.000000000000000000 ) ) ;
#1699 = CARTESIAN_POINT ( 'NONE',  ( -27.00000000000000355, 22.00000000000000000, 8.000000000000000000 ) ) ;
#1700 = ORIENTED_EDGE ( 'NONE', *, *, #1473, .F. ) ;
#1701 = PRODUCT_DEFINITION_FORMATION_WITH_SPECIFIED_SOURCE ( 'ä»', '', #1281, .NOT_KNOWN. ) ;
#1702 = LINE ( 'NONE', #306, #897 ) ;
#1703 = EDGE_LOOP ( 'NONE', ( #1768, #662, #230, #1512 ) ) ;
#1704 = FACE_BOUND ( 'NONE', #1758, .T. ) ;
#1705 = EDGE_LOOP ( 'NONE', ( #900, #940, #706, #1275 ) ) ;
#1706 = DIRECTION ( 'NONE',  ( -1.000000000000000000, 0.000000000000000000, 0.000000000000000000 ) ) ;
#1707 = VERTEX_POINT ( 'NONE', #197 ) ;
#1708 = EDGE_CURVE ( 'NONE', #1744, #396, #996, .T. ) ;
#1709 = FACE_BOUND ( 'NONE', #644, .T. ) ;
#1710 = CARTESIAN_POINT ( 'NONE',  ( -79.99999999999995737, -55.46880163422492416, 12.00000000000000000 ) ) ;
#1711 = ORIENTED_EDGE ( 'NONE', *, *, #1401, .F. ) ;
#1712 = EDGE_CURVE ( 'NONE', #411, #413, #619, .T. ) ;
#1713 = UNCERTAINTY_MEASURE_WITH_UNIT (LENGTH_MEASURE( 1.000000000000000082E-05 ), #73, 'distance_accuracy_value', 'NONE');
#1714 = DIRECTION ( 'NONE',  ( -1.000000000000000000, 0.000000000000000000, 0.000000000000000000 ) ) ;
#1715 = FILL_AREA_STYLE ('',( #881 ) ) ;
#1716 = DIRECTION ( 'NONE',  ( -0.000000000000000000, 0.000000000000000000, -1.000000000000000000 ) ) ;
#1717 = DIRECTION ( 'NONE',  ( 1.000000000000000000, 0.000000000000000000, 0.000000000000000000 ) ) ;
#1718 = ORIENTED_EDGE ( 'NONE', *, *, #475, .F. ) ;
#1719 = DIRECTION ( 'NONE',  ( -0.000000000000000000, -0.000000000000000000, 1.000000000000000000 ) ) ;
#1720 = CARTESIAN_POINT ( 'NONE',  ( 16.99999999999999289, 22.00000000000000000, 0.000000000000000000 ) ) ;
#1721 = DIRECTION ( 'NONE',  ( 1.000000000000000000, 0.000000000000000000, 0.000000000000000000 ) ) ;
#1722 = DIRECTION ( 'NONE',  ( 0.000000000000000000, 0.000000000000000000, -1.000000000000000000 ) ) ;
#1723 = EDGE_LOOP ( 'NONE', ( #1121, #418 ) ) ;
#1724 = AXIS2_PLACEMENT_3D ( 'NONE', #749, #1746, #1315 ) ;
#1725 = CARTESIAN_POINT ( 'NONE',  ( 76.15000000000001990, -47.46880163422483179, 12.00000000000000000 ) ) ;
#1726 = ORIENTED_EDGE ( 'NONE', *, *, #1731, .F. ) ;
#1727 = CARTESIAN_POINT ( 'NONE',  ( 26.99999999999999645, 22.00000000000000000, 8.000000000000000000 ) ) ;
#1728 = VECTOR ( 'NONE', #1208, 1000.000000000000000 ) ;
#1729 = VECTOR ( 'NONE', #1554, 1000.000000000000000 ) ;
#1730 = AXIS2_PLACEMENT_3D ( 'NONE', #1520, #701, #943 ) ;
#1731 = EDGE_CURVE ( 'NONE', #868, #308, #53, .T. ) ;
#1732 = CARTESIAN_POINT ( 'NONE',  ( 55.39999999999629665, 47.53119836577367607, 4.000000000000000000 ) ) ;
#1733 = CARTESIAN_POINT ( 'NONE',  ( 0.000000000000000000, 0.000000000000000000, 0.000000000000000000 ) ) ;
#1734 = DIRECTION ( 'NONE',  ( -1.595730813432373291E-16, 1.000000000000000000, -0.000000000000000000 ) ) ;
#1735 = PLANE ( 'NONE',  #350 ) ;
#1736 = DIRECTION ( 'NONE',  ( 1.156482317317871478E-16, 1.000000000000000000, -0.000000000000000000 ) ) ;
#1737 = PRODUCT_RELATED_PRODUCT_CATEGORY ( 'part', '', ( #1281 ) ) ;
#1738 = DIRECTION ( 'NONE',  ( 1.000000000000000000, 0.000000000000000000, -0.000000000000000000 ) ) ;
#1739 = DIRECTION ( 'NONE',  ( 1.000000000000000000, 0.000000000000000000, 0.000000000000000000 ) ) ;
#1740 = ORIENTED_EDGE ( 'NONE', *, *, #995, .F. ) ;
#1741 = EDGE_CURVE ( 'NONE', #395, #1518, #154, .T. ) ;
#1742 = CARTESIAN_POINT ( 'NONE',  ( 20.70000000000000284, 28.49942440362239182, 25.50000000000000355 ) ) ;
#1743 =( NAMED_UNIT ( * ) PLANE_ANGLE_UNIT ( ) SI_UNIT ( $, .RADIAN. ) );
#1744 = VERTEX_POINT ( 'NONE', #1710 ) ;
#1745 = CARTESIAN_POINT ( 'NONE',  ( -20.69999999999998863, 51.49942440362239893, 25.50000000000000355 ) ) ;
#1746 = DIRECTION ( 'NONE',  ( 0.000000000000000000, 0.000000000000000000, -1.000000000000000000 ) ) ;
#1747 = CARTESIAN_POINT ( 'NONE',  ( -29.99999999999998224, 51.49942440362239893, 40.00000000000000000 ) ) ;
#1748 = CARTESIAN_POINT ( 'NONE',  ( -22.00000000000000355, -22.00000000000000000, 8.000000000000000000 ) ) ;
#1749 = ORIENTED_EDGE ( 'NONE', *, *, #1440, .T. ) ;
#1750 = EDGE_CURVE ( 'NONE', #1501, #1259, #1599, .T. ) ;
#1751 = DIRECTION ( 'NONE',  ( 2.438088387897967896E-29, 1.000000000000000000, 3.491481338843133355E-15 ) ) ;
#1752 = VERTEX_POINT ( 'NONE', #885 ) ;
#1753 = DIRECTION ( 'NONE',  ( -1.000000000000000000, 1.156482317317871478E-16, 0.000000000000000000 ) ) ;
#1754 = AXIS2_PLACEMENT_3D ( 'NONE', #1471, #1323, #1299 ) ;
#1755 = CARTESIAN_POINT ( 'NONE',  ( -17.00000000000000000, -22.00000000000000000, 8.000000000000000000 ) ) ;
#1756 = AXIS2_PLACEMENT_3D ( 'NONE', #576, #175, #728 ) ;
#1757 = VECTOR ( 'NONE', #1364, 1000.000000000000000 ) ;
#1758 = EDGE_LOOP ( 'NONE', ( #237, #476 ) ) ;
#1759 = DIRECTION ( 'NONE',  ( -0.000000000000000000, -0.000000000000000000, -1.000000000000000000 ) ) ;
#1760 = CARTESIAN_POINT ( 'NONE',  ( 0.000000000000000000, 0.000000000000000000, 0.000000000000000000 ) ) ;
#1761 = EDGE_CURVE ( 'NONE', #46, #509, #1280, .T. ) ;
#1762 = ORIENTED_EDGE ( 'NONE', *, *, #1449, .F. ) ;
#1763 = DIRECTION ( 'NONE',  ( -0.000000000000000000, -0.000000000000000000, -1.000000000000000000 ) ) ;
#1764 = EDGE_CURVE ( 'NONE', #1327, #915, #757, .T. ) ;
#1765 = ORIENTED_EDGE ( 'NONE', *, *, #1522, .F. ) ;
#1766 = CARTESIAN_POINT ( 'NONE',  ( 21.99999999999999645, 22.00000000000000000, 12.00000000000000000 ) ) ;
#1767 = ORIENTED_EDGE ( 'NONE', *, *, #1473, .T. ) ;
#1768 = ORIENTED_EDGE ( 'NONE', *, *, #288, .F. ) ;
#1769 = DIRECTION ( 'NONE',  ( 1.000000000000000000, 0.000000000000000000, 0.000000000000000000 ) ) ;
#1770 = FACE_BOUND ( 'NONE', #528, .T. ) ;
#1771 = EDGE_CURVE ( 'NONE', #1113, #1585, #1346, .T. ) ;
#1772 = ORIENTED_EDGE ( 'NONE', *, *, #679, .F. ) ;
#1773 = VERTEX_POINT ( 'NONE', #26 ) ;
#1774 = DIRECTION ( 'NONE',  ( 0.000000000000000000, 0.000000000000000000, 1.000000000000000000 ) ) ;
#1775 = ORIENTED_EDGE ( 'NONE', *, *, #689, .F. ) ;
#1776 = CARTESIAN_POINT ( 'NONE',  ( 55.39999999999629665, 47.53119836577367607, 4.000000000000000000 ) ) ;
#1777 = CARTESIAN_POINT ( 'NONE',  ( -22.00000000000000355, 22.00000000000000000, 0.000000000000000000 ) ) ;
#1778 = VECTOR ( 'NONE', #158, 1000.000000000000000 ) ;
#1779 = CARTESIAN_POINT ( 'NONE',  ( 76.15000000000001990, -47.46880163422483179, 0.000000000000000000 ) ) ;
#1780 = CARTESIAN_POINT ( 'NONE',  ( 61.39999999999630376, 47.53119836577367607, 12.00000000000000000 ) ) ;
#1781 = AXIS2_PLACEMENT_3D ( 'NONE', #1677, #1552, #1418 ) ;
#1782 = LINE ( 'NONE', #389, #1728 ) ;
#1783 = AXIS2_PLACEMENT_3D ( 'NONE', #1385, #1239, #539 ) ;
#1784 = VECTOR ( 'NONE', #593, 1000.000000000000000 ) ;
#1785 = VERTEX_POINT ( 'NONE', #1278 ) ;
#1786 = CARTESIAN_POINT ( 'NONE',  ( -70.60000000013272370, -47.46880163423026033, 4.000000000000000000 ) ) ;
#1787 = CARTESIAN_POINT ( 'NONE',  ( 24.70000000000000639, 51.49942440362239182, 25.50000000000000355 ) ) ;
#1788 = CARTESIAN_POINT ( 'NONE',  ( -22.00000000000000355, -22.00000000000000000, 0.000000000000000000 ) ) ;
#1789 = ORIENTED_EDGE ( 'NONE', *, *, #1138, .T. ) ;
#1790 = DIRECTION ( 'NONE',  ( 3.191461626864746089E-16, -1.000000000000000000, 0.000000000000000000 ) ) ;
#1791 = EDGE_CURVE ( 'NONE', #1773, #411, #1546, .T. ) ;
#1792 = CYLINDRICAL_SURFACE ( 'NONE', #63, 6.000000000000005329 ) ;
#1793 = EDGE_CURVE ( 'NONE', #829, #18, #474, .T. ) ;
#1794 = ORIENTED_EDGE ( 'NONE', *, *, #1567, .T. ) ;
#1795 = CARTESIAN_POINT ( 'NONE',  ( 21.99999999999999645, -22.00000000000000000, 12.00000000000000000 ) ) ;
#1796 = EDGE_LOOP ( 'NONE', ( #1749, #1335 ) ) ;
#1797 = CARTESIAN_POINT ( 'NONE',  ( -22.00000000000000355, -22.00000000000000000, 12.00000000000000000 ) ) ;
#1798 = PLANE ( 'NONE',  #59 ) ;
#1799 = CYLINDRICAL_SURFACE ( 'NONE', #323, 2.000000000000005329 ) ;
#1800 = ORIENTED_EDGE ( 'NONE', *, *, #1380, .F. ) ;
#1801 = FACE_OUTER_BOUND ( 'NONE', #1147, .T. ) ;
#1802 = EDGE_LOOP ( 'NONE', ( #1148, #1452 ) ) ;
#1803 = LINE ( 'NONE', #650, #1218 ) ;
#1804 = EDGE_CURVE ( 'NONE', #1259, #1501, #843, .T. ) ;
#1805 = ORIENTED_EDGE ( 'NONE', *, *, #773, .F. ) ;
#1806 = NEXT_ASSEMBLY_USAGE_OCCURRENCE ( 'NAUO1', ' ', ' ', #179, #235, $ ) ;
ENDSEC;
END-ISO-10303-21;
