[1.076s] DEBUG:colcon:Command line arguments: ['/usr/bin/colcon', 'build']
[1.077s] DEBUG:colcon:Parsed command line arguments: Namespace(log_base=None, log_level=None, verb_name='build', build_base='build', install_base='install', merge_install=False, symlink_install=False, test_result_base=None, continue_on_error=False, executor='parallel', parallel_workers=12, event_handlers=None, ignore_user_meta=False, metas=['./colcon.meta'], base_paths=['.'], packages_ignore=None, packages_ignore_regex=None, paths=None, packages_up_to=None, packages_up_to_regex=None, packages_above=None, packages_above_and_dependencies=None, packages_above_depth=None, packages_select_by_dep=None, packages_skip_by_dep=None, packages_skip_up_to=None, packages_select_build_failed=False, packages_skip_build_finished=False, packages_select_test_failures=False, packages_skip_test_passed=False, packages_select=None, packages_skip=None, packages_select_regex=None, packages_skip_regex=None, packages_start=None, packages_end=None, allow_overriding=[], cmake_args=None, cmake_target=None, cmake_target_skip_unavailable=False, cmake_clean_cache=False, cmake_clean_first=False, cmake_force_configure=False, ament_cmake_args=None, catkin_cmake_args=None, catkin_skip_building_tests=False, mixin_files=None, mixin=None, verb_parser=<colcon_mixin.mixin.mixin_argument.MixinArgumentDecorator object at 0x78886ecfdf40>, verb_extension=<colcon_core.verb.build.BuildVerb object at 0x78886ecfdc40>, main=<bound method BuildVerb.main of <colcon_core.verb.build.BuildVerb object at 0x78886ecfdc40>>, mixin_verb=('build',))
[1.369s] Level 1:colcon.colcon_core.package_discovery:discover_packages(colcon_meta) check parameters
[1.369s] Level 1:colcon.colcon_core.package_discovery:discover_packages(recursive) check parameters
[1.369s] Level 1:colcon.colcon_core.package_discovery:discover_packages(ignore) check parameters
[1.369s] Level 1:colcon.colcon_core.package_discovery:discover_packages(path) check parameters
[1.370s] Level 1:colcon.colcon_core.package_discovery:discover_packages(colcon_meta) discover
[1.370s] Level 1:colcon.colcon_core.package_discovery:discover_packages(recursive) discover
[1.370s] INFO:colcon.colcon_core.package_discovery:Crawling recursively for packages in '/home/student36/RoboticsDesignProject/Git-repos/LeoRover-Team7/elephant_arm_ws'
[1.371s] Level 1:colcon.colcon_core.package_identification:_identify(.) by extensions ['ignore', 'ignore_ament_install']
[1.372s] Level 1:colcon.colcon_core.package_identification:_identify(.) by extension 'ignore'
[1.372s] Level 1:colcon.colcon_core.package_identification:_identify(.) by extension 'ignore_ament_install'
[1.372s] Level 1:colcon.colcon_core.package_identification:_identify(.) by extensions ['colcon_pkg']
[1.373s] Level 1:colcon.colcon_core.package_identification:_identify(.) by extension 'colcon_pkg'
[1.373s] Level 1:colcon.colcon_core.package_identification:_identify(.) by extensions ['colcon_meta']
[1.373s] Level 1:colcon.colcon_core.package_identification:_identify(.) by extension 'colcon_meta'
[1.373s] Level 1:colcon.colcon_core.package_identification:_identify(.) by extensions ['ros']
[1.374s] Level 1:colcon.colcon_core.package_identification:_identify(.) by extension 'ros'
[1.530s] Level 1:colcon.colcon_core.package_identification:_identify(.) by extensions ['cmake', 'python']
[1.530s] Level 1:colcon.colcon_core.package_identification:_identify(.) by extension 'cmake'
[1.531s] Level 1:colcon.colcon_core.package_identification:_identify(.) by extension 'python'
[1.531s] Level 1:colcon.colcon_core.package_identification:_identify(.) by extensions ['python_setup_py']
[1.531s] Level 1:colcon.colcon_core.package_identification:_identify(.) by extension 'python_setup_py'
[1.532s] Level 1:colcon.colcon_core.package_identification:_identify(build) by extensions ['ignore', 'ignore_ament_install']
[1.532s] Level 1:colcon.colcon_core.package_identification:_identify(build) by extension 'ignore'
[1.532s] Level 1:colcon.colcon_core.package_identification:_identify(build) ignored
[1.533s] Level 1:colcon.colcon_core.package_identification:_identify(install) by extensions ['ignore', 'ignore_ament_install']
[1.533s] Level 1:colcon.colcon_core.package_identification:_identify(install) by extension 'ignore'
[1.533s] Level 1:colcon.colcon_core.package_identification:_identify(install) ignored
[1.534s] Level 1:colcon.colcon_core.package_identification:_identify(log) by extensions ['ignore', 'ignore_ament_install']
[1.534s] Level 1:colcon.colcon_core.package_identification:_identify(log) by extension 'ignore'
[1.534s] Level 1:colcon.colcon_core.package_identification:_identify(log) ignored
[1.535s] Level 1:colcon.colcon_core.package_identification:_identify(src) by extensions ['ignore', 'ignore_ament_install']
[1.535s] Level 1:colcon.colcon_core.package_identification:_identify(src) by extension 'ignore'
[1.535s] Level 1:colcon.colcon_core.package_identification:_identify(src) by extension 'ignore_ament_install'
[1.536s] Level 1:colcon.colcon_core.package_identification:_identify(src) by extensions ['colcon_pkg']
[1.536s] Level 1:colcon.colcon_core.package_identification:_identify(src) by extension 'colcon_pkg'
[1.536s] Level 1:colcon.colcon_core.package_identification:_identify(src) by extensions ['colcon_meta']
[1.536s] Level 1:colcon.colcon_core.package_identification:_identify(src) by extension 'colcon_meta'
[1.536s] Level 1:colcon.colcon_core.package_identification:_identify(src) by extensions ['ros']
[1.536s] Level 1:colcon.colcon_core.package_identification:_identify(src) by extension 'ros'
[1.536s] Level 1:colcon.colcon_core.package_identification:_identify(src) by extensions ['cmake', 'python']
[1.536s] Level 1:colcon.colcon_core.package_identification:_identify(src) by extension 'cmake'
[1.537s] Level 1:colcon.colcon_core.package_identification:_identify(src) by extension 'python'
[1.537s] Level 1:colcon.colcon_core.package_identification:_identify(src) by extensions ['python_setup_py']
[1.537s] Level 1:colcon.colcon_core.package_identification:_identify(src) by extension 'python_setup_py'
[1.537s] Level 1:colcon.colcon_core.package_identification:_identify(src/build) by extensions ['ignore', 'ignore_ament_install']
[1.537s] Level 1:colcon.colcon_core.package_identification:_identify(src/build) by extension 'ignore'
[1.538s] Level 1:colcon.colcon_core.package_identification:_identify(src/build) ignored
[1.538s] Level 1:colcon.colcon_core.package_identification:_identify(src/hello_moveit) by extensions ['ignore', 'ignore_ament_install']
[1.538s] Level 1:colcon.colcon_core.package_identification:_identify(src/hello_moveit) by extension 'ignore'
[1.538s] Level 1:colcon.colcon_core.package_identification:_identify(src/hello_moveit) by extension 'ignore_ament_install'
[1.539s] Level 1:colcon.colcon_core.package_identification:_identify(src/hello_moveit) by extensions ['colcon_pkg']
[1.539s] Level 1:colcon.colcon_core.package_identification:_identify(src/hello_moveit) by extension 'colcon_pkg'
[1.539s] Level 1:colcon.colcon_core.package_identification:_identify(src/hello_moveit) by extensions ['colcon_meta']
[1.539s] Level 1:colcon.colcon_core.package_identification:_identify(src/hello_moveit) by extension 'colcon_meta'
[1.539s] Level 1:colcon.colcon_core.package_identification:_identify(src/hello_moveit) by extensions ['ros']
[1.539s] Level 1:colcon.colcon_core.package_identification:_identify(src/hello_moveit) by extension 'ros'
[1.551s] DEBUG:colcon.colcon_core.package_identification:Package 'src/hello_moveit' with type 'ros.ament_cmake' and name 'hello_moveit'
[1.551s] Level 1:colcon.colcon_core.package_identification:_identify(src/install) by extensions ['ignore', 'ignore_ament_install']
[1.551s] Level 1:colcon.colcon_core.package_identification:_identify(src/install) by extension 'ignore'
[1.552s] Level 1:colcon.colcon_core.package_identification:_identify(src/install) ignored
[1.552s] Level 1:colcon.colcon_core.package_identification:_identify(src/log) by extensions ['ignore', 'ignore_ament_install']
[1.553s] Level 1:colcon.colcon_core.package_identification:_identify(src/log) by extension 'ignore'
[1.553s] Level 1:colcon.colcon_core.package_identification:_identify(src/log) ignored
[1.553s] Level 1:colcon.colcon_core.package_identification:_identify(src/moveit_task_constructor) by extensions ['ignore', 'ignore_ament_install']
[1.554s] Level 1:colcon.colcon_core.package_identification:_identify(src/moveit_task_constructor) by extension 'ignore'
[1.555s] Level 1:colcon.colcon_core.package_identification:_identify(src/moveit_task_constructor) by extension 'ignore_ament_install'
[1.555s] Level 1:colcon.colcon_core.package_identification:_identify(src/moveit_task_constructor) by extensions ['colcon_pkg']
[1.555s] Level 1:colcon.colcon_core.package_identification:_identify(src/moveit_task_constructor) by extension 'colcon_pkg'
[1.556s] Level 1:colcon.colcon_core.package_identification:_identify(src/moveit_task_constructor) by extensions ['colcon_meta']
[1.556s] Level 1:colcon.colcon_core.package_identification:_identify(src/moveit_task_constructor) by extension 'colcon_meta'
[1.556s] Level 1:colcon.colcon_core.package_identification:_identify(src/moveit_task_constructor) by extensions ['ros']
[1.556s] Level 1:colcon.colcon_core.package_identification:_identify(src/moveit_task_constructor) by extension 'ros'
[1.557s] Level 1:colcon.colcon_core.package_identification:_identify(src/moveit_task_constructor) by extensions ['cmake', 'python']
[1.557s] Level 1:colcon.colcon_core.package_identification:_identify(src/moveit_task_constructor) by extension 'cmake'
[1.557s] Level 1:colcon.colcon_core.package_identification:_identify(src/moveit_task_constructor) by extension 'python'
[1.558s] Level 1:colcon.colcon_core.package_identification:_identify(src/moveit_task_constructor) by extensions ['python_setup_py']
[1.558s] Level 1:colcon.colcon_core.package_identification:_identify(src/moveit_task_constructor) by extension 'python_setup_py'
[1.558s] Level 1:colcon.colcon_core.package_identification:_identify(src/moveit_task_constructor/capabilities) by extensions ['ignore', 'ignore_ament_install']
[1.559s] Level 1:colcon.colcon_core.package_identification:_identify(src/moveit_task_constructor/capabilities) by extension 'ignore'
[1.559s] Level 1:colcon.colcon_core.package_identification:_identify(src/moveit_task_constructor/capabilities) by extension 'ignore_ament_install'
[1.560s] Level 1:colcon.colcon_core.package_identification:_identify(src/moveit_task_constructor/capabilities) by extensions ['colcon_pkg']
[1.560s] Level 1:colcon.colcon_core.package_identification:_identify(src/moveit_task_constructor/capabilities) by extension 'colcon_pkg'
[1.560s] Level 1:colcon.colcon_core.package_identification:_identify(src/moveit_task_constructor/capabilities) by extensions ['colcon_meta']
[1.560s] Level 1:colcon.colcon_core.package_identification:_identify(src/moveit_task_constructor/capabilities) by extension 'colcon_meta'
[1.561s] Level 1:colcon.colcon_core.package_identification:_identify(src/moveit_task_constructor/capabilities) by extensions ['ros']
[1.561s] Level 1:colcon.colcon_core.package_identification:_identify(src/moveit_task_constructor/capabilities) by extension 'ros'
[1.565s] DEBUG:colcon.colcon_core.package_identification:Package 'src/moveit_task_constructor/capabilities' with type 'ros.ament_cmake' and name 'moveit_task_constructor_capabilities'
[1.566s] Level 1:colcon.colcon_core.package_identification:_identify(src/moveit_task_constructor/core) by extensions ['ignore', 'ignore_ament_install']
[1.566s] Level 1:colcon.colcon_core.package_identification:_identify(src/moveit_task_constructor/core) by extension 'ignore'
[1.566s] Level 1:colcon.colcon_core.package_identification:_identify(src/moveit_task_constructor/core) by extension 'ignore_ament_install'
[1.567s] Level 1:colcon.colcon_core.package_identification:_identify(src/moveit_task_constructor/core) by extensions ['colcon_pkg']
[1.567s] Level 1:colcon.colcon_core.package_identification:_identify(src/moveit_task_constructor/core) by extension 'colcon_pkg'
[1.567s] Level 1:colcon.colcon_core.package_identification:_identify(src/moveit_task_constructor/core) by extensions ['colcon_meta']
[1.567s] Level 1:colcon.colcon_core.package_identification:_identify(src/moveit_task_constructor/core) by extension 'colcon_meta'
[1.567s] Level 1:colcon.colcon_core.package_identification:_identify(src/moveit_task_constructor/core) by extensions ['ros']
[1.567s] Level 1:colcon.colcon_core.package_identification:_identify(src/moveit_task_constructor/core) by extension 'ros'
[1.575s] DEBUG:colcon.colcon_core.package_identification:Package 'src/moveit_task_constructor/core' with type 'ros.ament_cmake' and name 'moveit_task_constructor_core'
[1.575s] Level 1:colcon.colcon_core.package_identification:_identify(src/moveit_task_constructor/demo) by extensions ['ignore', 'ignore_ament_install']
[1.576s] Level 1:colcon.colcon_core.package_identification:_identify(src/moveit_task_constructor/demo) by extension 'ignore'
[1.576s] Level 1:colcon.colcon_core.package_identification:_identify(src/moveit_task_constructor/demo) by extension 'ignore_ament_install'
[1.576s] Level 1:colcon.colcon_core.package_identification:_identify(src/moveit_task_constructor/demo) by extensions ['colcon_pkg']
[1.576s] Level 1:colcon.colcon_core.package_identification:_identify(src/moveit_task_constructor/demo) by extension 'colcon_pkg'
[1.576s] Level 1:colcon.colcon_core.package_identification:_identify(src/moveit_task_constructor/demo) by extensions ['colcon_meta']
[1.577s] Level 1:colcon.colcon_core.package_identification:_identify(src/moveit_task_constructor/demo) by extension 'colcon_meta'
[1.577s] Level 1:colcon.colcon_core.package_identification:_identify(src/moveit_task_constructor/demo) by extensions ['ros']
[1.577s] Level 1:colcon.colcon_core.package_identification:_identify(src/moveit_task_constructor/demo) by extension 'ros'
[1.580s] DEBUG:colcon.colcon_core.package_identification:Package 'src/moveit_task_constructor/demo' with type 'ros.ament_cmake' and name 'moveit_task_constructor_demo'
[1.580s] Level 1:colcon.colcon_core.package_identification:_identify(src/moveit_task_constructor/msgs) by extensions ['ignore', 'ignore_ament_install']
[1.581s] Level 1:colcon.colcon_core.package_identification:_identify(src/moveit_task_constructor/msgs) by extension 'ignore'
[1.581s] Level 1:colcon.colcon_core.package_identification:_identify(src/moveit_task_constructor/msgs) by extension 'ignore_ament_install'
[1.581s] Level 1:colcon.colcon_core.package_identification:_identify(src/moveit_task_constructor/msgs) by extensions ['colcon_pkg']
[1.581s] Level 1:colcon.colcon_core.package_identification:_identify(src/moveit_task_constructor/msgs) by extension 'colcon_pkg'
[1.581s] Level 1:colcon.colcon_core.package_identification:_identify(src/moveit_task_constructor/msgs) by extensions ['colcon_meta']
[1.581s] Level 1:colcon.colcon_core.package_identification:_identify(src/moveit_task_constructor/msgs) by extension 'colcon_meta'
[1.581s] Level 1:colcon.colcon_core.package_identification:_identify(src/moveit_task_constructor/msgs) by extensions ['ros']
[1.581s] Level 1:colcon.colcon_core.package_identification:_identify(src/moveit_task_constructor/msgs) by extension 'ros'
[1.584s] DEBUG:colcon.colcon_core.package_identification:Package 'src/moveit_task_constructor/msgs' with type 'ros.ament_cmake' and name 'moveit_task_constructor_msgs'
[1.584s] Level 1:colcon.colcon_core.package_identification:_identify(src/moveit_task_constructor/rviz_marker_tools) by extensions ['ignore', 'ignore_ament_install']
[1.585s] Level 1:colcon.colcon_core.package_identification:_identify(src/moveit_task_constructor/rviz_marker_tools) by extension 'ignore'
[1.585s] Level 1:colcon.colcon_core.package_identification:_identify(src/moveit_task_constructor/rviz_marker_tools) by extension 'ignore_ament_install'
[1.585s] Level 1:colcon.colcon_core.package_identification:_identify(src/moveit_task_constructor/rviz_marker_tools) by extensions ['colcon_pkg']
[1.585s] Level 1:colcon.colcon_core.package_identification:_identify(src/moveit_task_constructor/rviz_marker_tools) by extension 'colcon_pkg'
[1.586s] Level 1:colcon.colcon_core.package_identification:_identify(src/moveit_task_constructor/rviz_marker_tools) by extensions ['colcon_meta']
[1.586s] Level 1:colcon.colcon_core.package_identification:_identify(src/moveit_task_constructor/rviz_marker_tools) by extension 'colcon_meta'
[1.586s] Level 1:colcon.colcon_core.package_identification:_identify(src/moveit_task_constructor/rviz_marker_tools) by extensions ['ros']
[1.586s] Level 1:colcon.colcon_core.package_identification:_identify(src/moveit_task_constructor/rviz_marker_tools) by extension 'ros'
[1.590s] DEBUG:colcon.colcon_core.package_identification:Package 'src/moveit_task_constructor/rviz_marker_tools' with type 'ros.ament_cmake' and name 'rviz_marker_tools'
[1.591s] Level 1:colcon.colcon_core.package_identification:_identify(src/moveit_task_constructor/visualization) by extensions ['ignore', 'ignore_ament_install']
[1.591s] Level 1:colcon.colcon_core.package_identification:_identify(src/moveit_task_constructor/visualization) by extension 'ignore'
[1.591s] Level 1:colcon.colcon_core.package_identification:_identify(src/moveit_task_constructor/visualization) by extension 'ignore_ament_install'
[1.592s] Level 1:colcon.colcon_core.package_identification:_identify(src/moveit_task_constructor/visualization) by extensions ['colcon_pkg']
[1.592s] Level 1:colcon.colcon_core.package_identification:_identify(src/moveit_task_constructor/visualization) by extension 'colcon_pkg'
[1.592s] Level 1:colcon.colcon_core.package_identification:_identify(src/moveit_task_constructor/visualization) by extensions ['colcon_meta']
[1.592s] Level 1:colcon.colcon_core.package_identification:_identify(src/moveit_task_constructor/visualization) by extension 'colcon_meta'
[1.592s] Level 1:colcon.colcon_core.package_identification:_identify(src/moveit_task_constructor/visualization) by extensions ['ros']
[1.592s] Level 1:colcon.colcon_core.package_identification:_identify(src/moveit_task_constructor/visualization) by extension 'ros'
[1.596s] DEBUG:colcon.colcon_core.package_identification:Package 'src/moveit_task_constructor/visualization' with type 'ros.ament_cmake' and name 'moveit_task_constructor_visualization'
[1.597s] Level 1:colcon.colcon_core.package_identification:_identify(src/mtc_tutorial) by extensions ['ignore', 'ignore_ament_install']
[1.598s] Level 1:colcon.colcon_core.package_identification:_identify(src/mtc_tutorial) by extension 'ignore'
[1.598s] Level 1:colcon.colcon_core.package_identification:_identify(src/mtc_tutorial) by extension 'ignore_ament_install'
[1.599s] Level 1:colcon.colcon_core.package_identification:_identify(src/mtc_tutorial) by extensions ['colcon_pkg']
[1.599s] Level 1:colcon.colcon_core.package_identification:_identify(src/mtc_tutorial) by extension 'colcon_pkg'
[1.599s] Level 1:colcon.colcon_core.package_identification:_identify(src/mtc_tutorial) by extensions ['colcon_meta']
[1.599s] Level 1:colcon.colcon_core.package_identification:_identify(src/mtc_tutorial) by extension 'colcon_meta'
[1.599s] Level 1:colcon.colcon_core.package_identification:_identify(src/mtc_tutorial) by extensions ['ros']
[1.599s] Level 1:colcon.colcon_core.package_identification:_identify(src/mtc_tutorial) by extension 'ros'
[1.603s] DEBUG:colcon.colcon_core.package_identification:Package 'src/mtc_tutorial' with type 'ros.ament_cmake' and name 'mtc_tutorial'
[1.604s] Level 1:colcon.colcon_core.package_identification:_identify(src/mycobot_ros2) by extensions ['ignore', 'ignore_ament_install']
[1.605s] Level 1:colcon.colcon_core.package_identification:_identify(src/mycobot_ros2) by extension 'ignore'
[1.605s] Level 1:colcon.colcon_core.package_identification:_identify(src/mycobot_ros2) by extension 'ignore_ament_install'
[1.606s] Level 1:colcon.colcon_core.package_identification:_identify(src/mycobot_ros2) by extensions ['colcon_pkg']
[1.607s] Level 1:colcon.colcon_core.package_identification:_identify(src/mycobot_ros2) by extension 'colcon_pkg'
[1.607s] Level 1:colcon.colcon_core.package_identification:_identify(src/mycobot_ros2) by extensions ['colcon_meta']
[1.607s] Level 1:colcon.colcon_core.package_identification:_identify(src/mycobot_ros2) by extension 'colcon_meta'
[1.608s] Level 1:colcon.colcon_core.package_identification:_identify(src/mycobot_ros2) by extensions ['ros']
[1.608s] Level 1:colcon.colcon_core.package_identification:_identify(src/mycobot_ros2) by extension 'ros'
[1.608s] Level 1:colcon.colcon_core.package_identification:_identify(src/mycobot_ros2) by extensions ['cmake', 'python']
[1.609s] Level 1:colcon.colcon_core.package_identification:_identify(src/mycobot_ros2) by extension 'cmake'
[1.609s] Level 1:colcon.colcon_core.package_identification:_identify(src/mycobot_ros2) by extension 'python'
[1.609s] Level 1:colcon.colcon_core.package_identification:_identify(src/mycobot_ros2) by extensions ['python_setup_py']
[1.609s] Level 1:colcon.colcon_core.package_identification:_identify(src/mycobot_ros2) by extension 'python_setup_py'
[1.610s] Level 1:colcon.colcon_core.package_identification:_identify(src/mycobot_ros2/mycobot_bringup) by extensions ['ignore', 'ignore_ament_install']
[1.611s] Level 1:colcon.colcon_core.package_identification:_identify(src/mycobot_ros2/mycobot_bringup) by extension 'ignore'
[1.611s] Level 1:colcon.colcon_core.package_identification:_identify(src/mycobot_ros2/mycobot_bringup) by extension 'ignore_ament_install'
[1.612s] Level 1:colcon.colcon_core.package_identification:_identify(src/mycobot_ros2/mycobot_bringup) by extensions ['colcon_pkg']
[1.612s] Level 1:colcon.colcon_core.package_identification:_identify(src/mycobot_ros2/mycobot_bringup) by extension 'colcon_pkg'
[1.613s] Level 1:colcon.colcon_core.package_identification:_identify(src/mycobot_ros2/mycobot_bringup) by extensions ['colcon_meta']
[1.613s] Level 1:colcon.colcon_core.package_identification:_identify(src/mycobot_ros2/mycobot_bringup) by extension 'colcon_meta'
[1.613s] Level 1:colcon.colcon_core.package_identification:_identify(src/mycobot_ros2/mycobot_bringup) by extensions ['ros']
[1.613s] Level 1:colcon.colcon_core.package_identification:_identify(src/mycobot_ros2/mycobot_bringup) by extension 'ros'
[1.616s] DEBUG:colcon.colcon_core.package_identification:Package 'src/mycobot_ros2/mycobot_bringup' with type 'ros.ament_cmake' and name 'mycobot_bringup'
[1.616s] Level 1:colcon.colcon_core.package_identification:_identify(src/mycobot_ros2/mycobot_description) by extensions ['ignore', 'ignore_ament_install']
[1.617s] Level 1:colcon.colcon_core.package_identification:_identify(src/mycobot_ros2/mycobot_description) by extension 'ignore'
[1.617s] Level 1:colcon.colcon_core.package_identification:_identify(src/mycobot_ros2/mycobot_description) by extension 'ignore_ament_install'
[1.617s] Level 1:colcon.colcon_core.package_identification:_identify(src/mycobot_ros2/mycobot_description) by extensions ['colcon_pkg']
[1.617s] Level 1:colcon.colcon_core.package_identification:_identify(src/mycobot_ros2/mycobot_description) by extension 'colcon_pkg'
[1.617s] Level 1:colcon.colcon_core.package_identification:_identify(src/mycobot_ros2/mycobot_description) by extensions ['colcon_meta']
[1.617s] Level 1:colcon.colcon_core.package_identification:_identify(src/mycobot_ros2/mycobot_description) by extension 'colcon_meta'
[1.617s] Level 1:colcon.colcon_core.package_identification:_identify(src/mycobot_ros2/mycobot_description) by extensions ['ros']
[1.617s] Level 1:colcon.colcon_core.package_identification:_identify(src/mycobot_ros2/mycobot_description) by extension 'ros'
[1.622s] DEBUG:colcon.colcon_core.package_identification:Package 'src/mycobot_ros2/mycobot_description' with type 'ros.ament_cmake' and name 'mycobot_description'
[1.623s] Level 1:colcon.colcon_core.package_identification:_identify(src/mycobot_ros2/mycobot_gazebo) by extensions ['ignore', 'ignore_ament_install']
[1.623s] Level 1:colcon.colcon_core.package_identification:_identify(src/mycobot_ros2/mycobot_gazebo) by extension 'ignore'
[1.624s] Level 1:colcon.colcon_core.package_identification:_identify(src/mycobot_ros2/mycobot_gazebo) by extension 'ignore_ament_install'
[1.624s] Level 1:colcon.colcon_core.package_identification:_identify(src/mycobot_ros2/mycobot_gazebo) by extensions ['colcon_pkg']
[1.625s] Level 1:colcon.colcon_core.package_identification:_identify(src/mycobot_ros2/mycobot_gazebo) by extension 'colcon_pkg'
[1.625s] Level 1:colcon.colcon_core.package_identification:_identify(src/mycobot_ros2/mycobot_gazebo) by extensions ['colcon_meta']
[1.625s] Level 1:colcon.colcon_core.package_identification:_identify(src/mycobot_ros2/mycobot_gazebo) by extension 'colcon_meta'
[1.625s] Level 1:colcon.colcon_core.package_identification:_identify(src/mycobot_ros2/mycobot_gazebo) by extensions ['ros']
[1.626s] Level 1:colcon.colcon_core.package_identification:_identify(src/mycobot_ros2/mycobot_gazebo) by extension 'ros'
[1.634s] DEBUG:colcon.colcon_core.package_identification:Package 'src/mycobot_ros2/mycobot_gazebo' with type 'ros.ament_cmake' and name 'mycobot_gazebo'
[1.635s] Level 1:colcon.colcon_core.package_identification:_identify(src/mycobot_ros2/mycobot_moveit_config) by extensions ['ignore', 'ignore_ament_install']
[1.636s] Level 1:colcon.colcon_core.package_identification:_identify(src/mycobot_ros2/mycobot_moveit_config) by extension 'ignore'
[1.637s] Level 1:colcon.colcon_core.package_identification:_identify(src/mycobot_ros2/mycobot_moveit_config) by extension 'ignore_ament_install'
[1.638s] Level 1:colcon.colcon_core.package_identification:_identify(src/mycobot_ros2/mycobot_moveit_config) by extensions ['colcon_pkg']
[1.639s] Level 1:colcon.colcon_core.package_identification:_identify(src/mycobot_ros2/mycobot_moveit_config) by extension 'colcon_pkg'
[1.639s] Level 1:colcon.colcon_core.package_identification:_identify(src/mycobot_ros2/mycobot_moveit_config) by extensions ['colcon_meta']
[1.639s] Level 1:colcon.colcon_core.package_identification:_identify(src/mycobot_ros2/mycobot_moveit_config) by extension 'colcon_meta'
[1.640s] Level 1:colcon.colcon_core.package_identification:_identify(src/mycobot_ros2/mycobot_moveit_config) by extensions ['ros']
[1.640s] Level 1:colcon.colcon_core.package_identification:_identify(src/mycobot_ros2/mycobot_moveit_config) by extension 'ros'
[1.646s] DEBUG:colcon.colcon_core.package_identification:Package 'src/mycobot_ros2/mycobot_moveit_config' with type 'ros.ament_cmake' and name 'mycobot_moveit_config'
[1.647s] Level 1:colcon.colcon_core.package_identification:_identify(src/mycobot_ros2/mycobot_ros2) by extensions ['ignore', 'ignore_ament_install']
[1.647s] Level 1:colcon.colcon_core.package_identification:_identify(src/mycobot_ros2/mycobot_ros2) by extension 'ignore'
[1.648s] Level 1:colcon.colcon_core.package_identification:_identify(src/mycobot_ros2/mycobot_ros2) by extension 'ignore_ament_install'
[1.648s] Level 1:colcon.colcon_core.package_identification:_identify(src/mycobot_ros2/mycobot_ros2) by extensions ['colcon_pkg']
[1.648s] Level 1:colcon.colcon_core.package_identification:_identify(src/mycobot_ros2/mycobot_ros2) by extension 'colcon_pkg'
[1.649s] Level 1:colcon.colcon_core.package_identification:_identify(src/mycobot_ros2/mycobot_ros2) by extensions ['colcon_meta']
[1.649s] Level 1:colcon.colcon_core.package_identification:_identify(src/mycobot_ros2/mycobot_ros2) by extension 'colcon_meta'
[1.649s] Level 1:colcon.colcon_core.package_identification:_identify(src/mycobot_ros2/mycobot_ros2) by extensions ['ros']
[1.649s] Level 1:colcon.colcon_core.package_identification:_identify(src/mycobot_ros2/mycobot_ros2) by extension 'ros'
[1.652s] DEBUG:colcon.colcon_core.package_identification:Package 'src/mycobot_ros2/mycobot_ros2' with type 'ros.ament_cmake' and name 'mycobot_ros2'
[1.652s] Level 1:colcon.colcon_core.package_discovery:discover_packages(recursive) using defaults
[1.652s] Level 1:colcon.colcon_core.package_discovery:discover_packages(ignore) discover
[1.652s] Level 1:colcon.colcon_core.package_discovery:discover_packages(ignore) using defaults
[1.652s] Level 1:colcon.colcon_core.package_discovery:discover_packages(path) discover
[1.652s] Level 1:colcon.colcon_core.package_discovery:discover_packages(path) using defaults
[1.815s] Level 1:colcon.colcon_core.package_discovery:discover_packages(prefix_path) check parameters
[1.815s] Level 1:colcon.colcon_core.package_discovery:discover_packages(prefix_path) discover
[1.992s] DEBUG:colcon.colcon_installed_package_information.package_discovery:Found 13 installed packages in /home/student36/RoboticsDesignProject/Git-repos/LeoRover-Team7/elephant_arm_ws/install
[1.995s] DEBUG:colcon.colcon_installed_package_information.package_discovery:Found 14 installed packages in /home/student36/ros2_tutorial_workspace/install
[2.008s] DEBUG:colcon.colcon_installed_package_information.package_discovery:Found 76 installed packages in /home/student36/ws_moveit/install
[2.018s] DEBUG:colcon.colcon_installed_package_information.package_discovery:Found 1 installed packages in /home/student36/rplidar_ws/install
[2.023s] DEBUG:colcon.colcon_installed_package_information.package_discovery:Found 2 installed packages in /home/student36/elephant_arm_ws/install
[2.032s] DEBUG:colcon.colcon_installed_package_information.package_discovery:Found 460 installed packages in /opt/ros/jazzy
[2.035s] Level 1:colcon.colcon_core.package_discovery:discover_packages(prefix_path) using defaults
[3.185s] WARNING:colcon.colcon_core.package_selection:Some selected packages are already built in one or more underlay workspaces:
	'mycobot_description' is in: /home/student36/RoboticsDesignProject/Git-repos/LeoRover-Team7/elephant_arm_ws/install/mycobot_description, /home/student36/ws_moveit/install/mycobot_description, /home/student36/elephant_arm_ws/install/mycobot_description
	'moveit_task_constructor_core' is in: /home/student36/RoboticsDesignProject/Git-repos/LeoRover-Team7/elephant_arm_ws/install/moveit_task_constructor_core, /home/student36/ws_moveit/install/moveit_task_constructor_core
If a package in a merged underlay workspace is overridden and it installs headers, then all packages in the overlay must sort their include directories by workspace order. Failure to do so may result in build failures or undefined behavior at run time.
If the overridden package is used by another package in any underlay, then the overriding package in the overlay must be API and ABI compatible or undefined behavior at run time may occur.

If you understand the risks and want to override a package anyways, add the following to the command line:
	--allow-overriding moveit_task_constructor_core mycobot_description

This may be promoted to an error in a future release of colcon-override-check.
[3.193s] Level 5:colcon.colcon_core.verb:set package 'hello_moveit' build argument 'cmake_args' from command line to 'None'
[3.193s] Level 5:colcon.colcon_core.verb:set package 'hello_moveit' build argument 'cmake_target' from command line to 'None'
[3.193s] Level 5:colcon.colcon_core.verb:set package 'hello_moveit' build argument 'cmake_target_skip_unavailable' from command line to 'False'
[3.193s] Level 5:colcon.colcon_core.verb:set package 'hello_moveit' build argument 'cmake_clean_cache' from command line to 'False'
[3.193s] Level 5:colcon.colcon_core.verb:set package 'hello_moveit' build argument 'cmake_clean_first' from command line to 'False'
[3.193s] Level 5:colcon.colcon_core.verb:set package 'hello_moveit' build argument 'cmake_force_configure' from command line to 'False'
[3.193s] Level 5:colcon.colcon_core.verb:set package 'hello_moveit' build argument 'ament_cmake_args' from command line to 'None'
[3.193s] Level 5:colcon.colcon_core.verb:set package 'hello_moveit' build argument 'catkin_cmake_args' from command line to 'None'
[3.193s] Level 5:colcon.colcon_core.verb:set package 'hello_moveit' build argument 'catkin_skip_building_tests' from command line to 'False'
[3.194s] DEBUG:colcon.colcon_core.verb:Building package 'hello_moveit' with the following arguments: {'ament_cmake_args': None, 'build_base': '/home/student36/RoboticsDesignProject/Git-repos/LeoRover-Team7/elephant_arm_ws/build/hello_moveit', 'catkin_cmake_args': None, 'catkin_skip_building_tests': False, 'cmake_args': None, 'cmake_clean_cache': False, 'cmake_clean_first': False, 'cmake_force_configure': False, 'cmake_target': None, 'cmake_target_skip_unavailable': False, 'install_base': '/home/student36/RoboticsDesignProject/Git-repos/LeoRover-Team7/elephant_arm_ws/install/hello_moveit', 'merge_install': False, 'path': '/home/student36/RoboticsDesignProject/Git-repos/LeoRover-Team7/elephant_arm_ws/src/hello_moveit', 'symlink_install': False, 'test_result_base': None}
[3.195s] Level 5:colcon.colcon_core.verb:set package 'moveit_task_constructor_msgs' build argument 'cmake_args' from command line to 'None'
[3.195s] Level 5:colcon.colcon_core.verb:set package 'moveit_task_constructor_msgs' build argument 'cmake_target' from command line to 'None'
[3.195s] Level 5:colcon.colcon_core.verb:set package 'moveit_task_constructor_msgs' build argument 'cmake_target_skip_unavailable' from command line to 'False'
[3.195s] Level 5:colcon.colcon_core.verb:set package 'moveit_task_constructor_msgs' build argument 'cmake_clean_cache' from command line to 'False'
[3.195s] Level 5:colcon.colcon_core.verb:set package 'moveit_task_constructor_msgs' build argument 'cmake_clean_first' from command line to 'False'
[3.195s] Level 5:colcon.colcon_core.verb:set package 'moveit_task_constructor_msgs' build argument 'cmake_force_configure' from command line to 'False'
[3.195s] Level 5:colcon.colcon_core.verb:set package 'moveit_task_constructor_msgs' build argument 'ament_cmake_args' from command line to 'None'
[3.195s] Level 5:colcon.colcon_core.verb:set package 'moveit_task_constructor_msgs' build argument 'catkin_cmake_args' from command line to 'None'
[3.195s] Level 5:colcon.colcon_core.verb:set package 'moveit_task_constructor_msgs' build argument 'catkin_skip_building_tests' from command line to 'False'
[3.196s] DEBUG:colcon.colcon_core.verb:Building package 'moveit_task_constructor_msgs' with the following arguments: {'ament_cmake_args': None, 'build_base': '/home/student36/RoboticsDesignProject/Git-repos/LeoRover-Team7/elephant_arm_ws/build/moveit_task_constructor_msgs', 'catkin_cmake_args': None, 'catkin_skip_building_tests': False, 'cmake_args': None, 'cmake_clean_cache': False, 'cmake_clean_first': False, 'cmake_force_configure': False, 'cmake_target': None, 'cmake_target_skip_unavailable': False, 'install_base': '/home/student36/RoboticsDesignProject/Git-repos/LeoRover-Team7/elephant_arm_ws/install/moveit_task_constructor_msgs', 'merge_install': False, 'path': '/home/student36/RoboticsDesignProject/Git-repos/LeoRover-Team7/elephant_arm_ws/src/moveit_task_constructor/msgs', 'symlink_install': False, 'test_result_base': None}
[3.197s] Level 5:colcon.colcon_core.verb:set package 'mycobot_bringup' build argument 'cmake_args' from command line to 'None'
[3.197s] Level 5:colcon.colcon_core.verb:set package 'mycobot_bringup' build argument 'cmake_target' from command line to 'None'
[3.197s] Level 5:colcon.colcon_core.verb:set package 'mycobot_bringup' build argument 'cmake_target_skip_unavailable' from command line to 'False'
[3.197s] Level 5:colcon.colcon_core.verb:set package 'mycobot_bringup' build argument 'cmake_clean_cache' from command line to 'False'
[3.197s] Level 5:colcon.colcon_core.verb:set package 'mycobot_bringup' build argument 'cmake_clean_first' from command line to 'False'
[3.197s] Level 5:colcon.colcon_core.verb:set package 'mycobot_bringup' build argument 'cmake_force_configure' from command line to 'False'
[3.197s] Level 5:colcon.colcon_core.verb:set package 'mycobot_bringup' build argument 'ament_cmake_args' from command line to 'None'
[3.197s] Level 5:colcon.colcon_core.verb:set package 'mycobot_bringup' build argument 'catkin_cmake_args' from command line to 'None'
[3.197s] Level 5:colcon.colcon_core.verb:set package 'mycobot_bringup' build argument 'catkin_skip_building_tests' from command line to 'False'
[3.197s] DEBUG:colcon.colcon_core.verb:Building package 'mycobot_bringup' with the following arguments: {'ament_cmake_args': None, 'build_base': '/home/student36/RoboticsDesignProject/Git-repos/LeoRover-Team7/elephant_arm_ws/build/mycobot_bringup', 'catkin_cmake_args': None, 'catkin_skip_building_tests': False, 'cmake_args': None, 'cmake_clean_cache': False, 'cmake_clean_first': False, 'cmake_force_configure': False, 'cmake_target': None, 'cmake_target_skip_unavailable': False, 'install_base': '/home/student36/RoboticsDesignProject/Git-repos/LeoRover-Team7/elephant_arm_ws/install/mycobot_bringup', 'merge_install': False, 'path': '/home/student36/RoboticsDesignProject/Git-repos/LeoRover-Team7/elephant_arm_ws/src/mycobot_ros2/mycobot_bringup', 'symlink_install': False, 'test_result_base': None}
[3.198s] Level 5:colcon.colcon_core.verb:set package 'mycobot_description' build argument 'cmake_args' from command line to 'None'
[3.198s] Level 5:colcon.colcon_core.verb:set package 'mycobot_description' build argument 'cmake_target' from command line to 'None'
[3.198s] Level 5:colcon.colcon_core.verb:set package 'mycobot_description' build argument 'cmake_target_skip_unavailable' from command line to 'False'
[3.198s] Level 5:colcon.colcon_core.verb:set package 'mycobot_description' build argument 'cmake_clean_cache' from command line to 'False'
[3.199s] Level 5:colcon.colcon_core.verb:set package 'mycobot_description' build argument 'cmake_clean_first' from command line to 'False'
[3.199s] Level 5:colcon.colcon_core.verb:set package 'mycobot_description' build argument 'cmake_force_configure' from command line to 'False'
[3.199s] Level 5:colcon.colcon_core.verb:set package 'mycobot_description' build argument 'ament_cmake_args' from command line to 'None'
[3.199s] Level 5:colcon.colcon_core.verb:set package 'mycobot_description' build argument 'catkin_cmake_args' from command line to 'None'
[3.199s] Level 5:colcon.colcon_core.verb:set package 'mycobot_description' build argument 'catkin_skip_building_tests' from command line to 'False'
[3.199s] DEBUG:colcon.colcon_core.verb:Building package 'mycobot_description' with the following arguments: {'ament_cmake_args': None, 'build_base': '/home/student36/RoboticsDesignProject/Git-repos/LeoRover-Team7/elephant_arm_ws/build/mycobot_description', 'catkin_cmake_args': None, 'catkin_skip_building_tests': False, 'cmake_args': None, 'cmake_clean_cache': False, 'cmake_clean_first': False, 'cmake_force_configure': False, 'cmake_target': None, 'cmake_target_skip_unavailable': False, 'install_base': '/home/student36/RoboticsDesignProject/Git-repos/LeoRover-Team7/elephant_arm_ws/install/mycobot_description', 'merge_install': False, 'path': '/home/student36/RoboticsDesignProject/Git-repos/LeoRover-Team7/elephant_arm_ws/src/mycobot_ros2/mycobot_description', 'symlink_install': False, 'test_result_base': None}
[3.200s] Level 5:colcon.colcon_core.verb:set package 'mycobot_gazebo' build argument 'cmake_args' from command line to 'None'
[3.200s] Level 5:colcon.colcon_core.verb:set package 'mycobot_gazebo' build argument 'cmake_target' from command line to 'None'
[3.200s] Level 5:colcon.colcon_core.verb:set package 'mycobot_gazebo' build argument 'cmake_target_skip_unavailable' from command line to 'False'
[3.200s] Level 5:colcon.colcon_core.verb:set package 'mycobot_gazebo' build argument 'cmake_clean_cache' from command line to 'False'
[3.200s] Level 5:colcon.colcon_core.verb:set package 'mycobot_gazebo' build argument 'cmake_clean_first' from command line to 'False'
[3.200s] Level 5:colcon.colcon_core.verb:set package 'mycobot_gazebo' build argument 'cmake_force_configure' from command line to 'False'
[3.200s] Level 5:colcon.colcon_core.verb:set package 'mycobot_gazebo' build argument 'ament_cmake_args' from command line to 'None'
[3.200s] Level 5:colcon.colcon_core.verb:set package 'mycobot_gazebo' build argument 'catkin_cmake_args' from command line to 'None'
[3.200s] Level 5:colcon.colcon_core.verb:set package 'mycobot_gazebo' build argument 'catkin_skip_building_tests' from command line to 'False'
[3.200s] DEBUG:colcon.colcon_core.verb:Building package 'mycobot_gazebo' with the following arguments: {'ament_cmake_args': None, 'build_base': '/home/student36/RoboticsDesignProject/Git-repos/LeoRover-Team7/elephant_arm_ws/build/mycobot_gazebo', 'catkin_cmake_args': None, 'catkin_skip_building_tests': False, 'cmake_args': None, 'cmake_clean_cache': False, 'cmake_clean_first': False, 'cmake_force_configure': False, 'cmake_target': None, 'cmake_target_skip_unavailable': False, 'install_base': '/home/student36/RoboticsDesignProject/Git-repos/LeoRover-Team7/elephant_arm_ws/install/mycobot_gazebo', 'merge_install': False, 'path': '/home/student36/RoboticsDesignProject/Git-repos/LeoRover-Team7/elephant_arm_ws/src/mycobot_ros2/mycobot_gazebo', 'symlink_install': False, 'test_result_base': None}
[3.201s] Level 5:colcon.colcon_core.verb:set package 'mycobot_moveit_config' build argument 'cmake_args' from command line to 'None'
[3.201s] Level 5:colcon.colcon_core.verb:set package 'mycobot_moveit_config' build argument 'cmake_target' from command line to 'None'
[3.201s] Level 5:colcon.colcon_core.verb:set package 'mycobot_moveit_config' build argument 'cmake_target_skip_unavailable' from command line to 'False'
[3.201s] Level 5:colcon.colcon_core.verb:set package 'mycobot_moveit_config' build argument 'cmake_clean_cache' from command line to 'False'
[3.201s] Level 5:colcon.colcon_core.verb:set package 'mycobot_moveit_config' build argument 'cmake_clean_first' from command line to 'False'
[3.201s] Level 5:colcon.colcon_core.verb:set package 'mycobot_moveit_config' build argument 'cmake_force_configure' from command line to 'False'
[3.201s] Level 5:colcon.colcon_core.verb:set package 'mycobot_moveit_config' build argument 'ament_cmake_args' from command line to 'None'
[3.201s] Level 5:colcon.colcon_core.verb:set package 'mycobot_moveit_config' build argument 'catkin_cmake_args' from command line to 'None'
[3.201s] Level 5:colcon.colcon_core.verb:set package 'mycobot_moveit_config' build argument 'catkin_skip_building_tests' from command line to 'False'
[3.201s] DEBUG:colcon.colcon_core.verb:Building package 'mycobot_moveit_config' with the following arguments: {'ament_cmake_args': None, 'build_base': '/home/student36/RoboticsDesignProject/Git-repos/LeoRover-Team7/elephant_arm_ws/build/mycobot_moveit_config', 'catkin_cmake_args': None, 'catkin_skip_building_tests': False, 'cmake_args': None, 'cmake_clean_cache': False, 'cmake_clean_first': False, 'cmake_force_configure': False, 'cmake_target': None, 'cmake_target_skip_unavailable': False, 'install_base': '/home/student36/RoboticsDesignProject/Git-repos/LeoRover-Team7/elephant_arm_ws/install/mycobot_moveit_config', 'merge_install': False, 'path': '/home/student36/RoboticsDesignProject/Git-repos/LeoRover-Team7/elephant_arm_ws/src/mycobot_ros2/mycobot_moveit_config', 'symlink_install': False, 'test_result_base': None}
[3.202s] Level 5:colcon.colcon_core.verb:set package 'rviz_marker_tools' build argument 'cmake_args' from command line to 'None'
[3.202s] Level 5:colcon.colcon_core.verb:set package 'rviz_marker_tools' build argument 'cmake_target' from command line to 'None'
[3.202s] Level 5:colcon.colcon_core.verb:set package 'rviz_marker_tools' build argument 'cmake_target_skip_unavailable' from command line to 'False'
[3.202s] Level 5:colcon.colcon_core.verb:set package 'rviz_marker_tools' build argument 'cmake_clean_cache' from command line to 'False'
[3.202s] Level 5:colcon.colcon_core.verb:set package 'rviz_marker_tools' build argument 'cmake_clean_first' from command line to 'False'
[3.202s] Level 5:colcon.colcon_core.verb:set package 'rviz_marker_tools' build argument 'cmake_force_configure' from command line to 'False'
[3.202s] Level 5:colcon.colcon_core.verb:set package 'rviz_marker_tools' build argument 'ament_cmake_args' from command line to 'None'
[3.202s] Level 5:colcon.colcon_core.verb:set package 'rviz_marker_tools' build argument 'catkin_cmake_args' from command line to 'None'
[3.202s] Level 5:colcon.colcon_core.verb:set package 'rviz_marker_tools' build argument 'catkin_skip_building_tests' from command line to 'False'
[3.202s] DEBUG:colcon.colcon_core.verb:Building package 'rviz_marker_tools' with the following arguments: {'ament_cmake_args': None, 'build_base': '/home/student36/RoboticsDesignProject/Git-repos/LeoRover-Team7/elephant_arm_ws/build/rviz_marker_tools', 'catkin_cmake_args': None, 'catkin_skip_building_tests': False, 'cmake_args': None, 'cmake_clean_cache': False, 'cmake_clean_first': False, 'cmake_force_configure': False, 'cmake_target': None, 'cmake_target_skip_unavailable': False, 'install_base': '/home/student36/RoboticsDesignProject/Git-repos/LeoRover-Team7/elephant_arm_ws/install/rviz_marker_tools', 'merge_install': False, 'path': '/home/student36/RoboticsDesignProject/Git-repos/LeoRover-Team7/elephant_arm_ws/src/moveit_task_constructor/rviz_marker_tools', 'symlink_install': False, 'test_result_base': None}
[3.203s] Level 5:colcon.colcon_core.verb:set package 'moveit_task_constructor_core' build argument 'cmake_args' from command line to 'None'
[3.203s] Level 5:colcon.colcon_core.verb:set package 'moveit_task_constructor_core' build argument 'cmake_target' from command line to 'None'
[3.203s] Level 5:colcon.colcon_core.verb:set package 'moveit_task_constructor_core' build argument 'cmake_target_skip_unavailable' from command line to 'False'
[3.203s] Level 5:colcon.colcon_core.verb:set package 'moveit_task_constructor_core' build argument 'cmake_clean_cache' from command line to 'False'
[3.203s] Level 5:colcon.colcon_core.verb:set package 'moveit_task_constructor_core' build argument 'cmake_clean_first' from command line to 'False'
[3.203s] Level 5:colcon.colcon_core.verb:set package 'moveit_task_constructor_core' build argument 'cmake_force_configure' from command line to 'False'
[3.203s] Level 5:colcon.colcon_core.verb:set package 'moveit_task_constructor_core' build argument 'ament_cmake_args' from command line to 'None'
[3.203s] Level 5:colcon.colcon_core.verb:set package 'moveit_task_constructor_core' build argument 'catkin_cmake_args' from command line to 'None'
[3.203s] Level 5:colcon.colcon_core.verb:set package 'moveit_task_constructor_core' build argument 'catkin_skip_building_tests' from command line to 'False'
[3.203s] DEBUG:colcon.colcon_core.verb:Building package 'moveit_task_constructor_core' with the following arguments: {'ament_cmake_args': None, 'build_base': '/home/student36/RoboticsDesignProject/Git-repos/LeoRover-Team7/elephant_arm_ws/build/moveit_task_constructor_core', 'catkin_cmake_args': None, 'catkin_skip_building_tests': False, 'cmake_args': None, 'cmake_clean_cache': False, 'cmake_clean_first': False, 'cmake_force_configure': False, 'cmake_target': None, 'cmake_target_skip_unavailable': False, 'install_base': '/home/student36/RoboticsDesignProject/Git-repos/LeoRover-Team7/elephant_arm_ws/install/moveit_task_constructor_core', 'merge_install': False, 'path': '/home/student36/RoboticsDesignProject/Git-repos/LeoRover-Team7/elephant_arm_ws/src/moveit_task_constructor/core', 'symlink_install': False, 'test_result_base': None}
[3.204s] Level 5:colcon.colcon_core.verb:set package 'mycobot_ros2' build argument 'cmake_args' from command line to 'None'
[3.204s] Level 5:colcon.colcon_core.verb:set package 'mycobot_ros2' build argument 'cmake_target' from command line to 'None'
[3.204s] Level 5:colcon.colcon_core.verb:set package 'mycobot_ros2' build argument 'cmake_target_skip_unavailable' from command line to 'False'
[3.204s] Level 5:colcon.colcon_core.verb:set package 'mycobot_ros2' build argument 'cmake_clean_cache' from command line to 'False'
[3.204s] Level 5:colcon.colcon_core.verb:set package 'mycobot_ros2' build argument 'cmake_clean_first' from command line to 'False'
[3.204s] Level 5:colcon.colcon_core.verb:set package 'mycobot_ros2' build argument 'cmake_force_configure' from command line to 'False'
[3.204s] Level 5:colcon.colcon_core.verb:set package 'mycobot_ros2' build argument 'ament_cmake_args' from command line to 'None'
[3.205s] Level 5:colcon.colcon_core.verb:set package 'mycobot_ros2' build argument 'catkin_cmake_args' from command line to 'None'
[3.205s] Level 5:colcon.colcon_core.verb:set package 'mycobot_ros2' build argument 'catkin_skip_building_tests' from command line to 'False'
[3.205s] DEBUG:colcon.colcon_core.verb:Building package 'mycobot_ros2' with the following arguments: {'ament_cmake_args': None, 'build_base': '/home/student36/RoboticsDesignProject/Git-repos/LeoRover-Team7/elephant_arm_ws/build/mycobot_ros2', 'catkin_cmake_args': None, 'catkin_skip_building_tests': False, 'cmake_args': None, 'cmake_clean_cache': False, 'cmake_clean_first': False, 'cmake_force_configure': False, 'cmake_target': None, 'cmake_target_skip_unavailable': False, 'install_base': '/home/student36/RoboticsDesignProject/Git-repos/LeoRover-Team7/elephant_arm_ws/install/mycobot_ros2', 'merge_install': False, 'path': '/home/student36/RoboticsDesignProject/Git-repos/LeoRover-Team7/elephant_arm_ws/src/mycobot_ros2/mycobot_ros2', 'symlink_install': False, 'test_result_base': None}
[3.205s] Level 5:colcon.colcon_core.verb:set package 'moveit_task_constructor_capabilities' build argument 'cmake_args' from command line to 'None'
[3.205s] Level 5:colcon.colcon_core.verb:set package 'moveit_task_constructor_capabilities' build argument 'cmake_target' from command line to 'None'
[3.205s] Level 5:colcon.colcon_core.verb:set package 'moveit_task_constructor_capabilities' build argument 'cmake_target_skip_unavailable' from command line to 'False'
[3.206s] Level 5:colcon.colcon_core.verb:set package 'moveit_task_constructor_capabilities' build argument 'cmake_clean_cache' from command line to 'False'
[3.206s] Level 5:colcon.colcon_core.verb:set package 'moveit_task_constructor_capabilities' build argument 'cmake_clean_first' from command line to 'False'
[3.206s] Level 5:colcon.colcon_core.verb:set package 'moveit_task_constructor_capabilities' build argument 'cmake_force_configure' from command line to 'False'
[3.206s] Level 5:colcon.colcon_core.verb:set package 'moveit_task_constructor_capabilities' build argument 'ament_cmake_args' from command line to 'None'
[3.206s] Level 5:colcon.colcon_core.verb:set package 'moveit_task_constructor_capabilities' build argument 'catkin_cmake_args' from command line to 'None'
[3.206s] Level 5:colcon.colcon_core.verb:set package 'moveit_task_constructor_capabilities' build argument 'catkin_skip_building_tests' from command line to 'False'
[3.206s] DEBUG:colcon.colcon_core.verb:Building package 'moveit_task_constructor_capabilities' with the following arguments: {'ament_cmake_args': None, 'build_base': '/home/student36/RoboticsDesignProject/Git-repos/LeoRover-Team7/elephant_arm_ws/build/moveit_task_constructor_capabilities', 'catkin_cmake_args': None, 'catkin_skip_building_tests': False, 'cmake_args': None, 'cmake_clean_cache': False, 'cmake_clean_first': False, 'cmake_force_configure': False, 'cmake_target': None, 'cmake_target_skip_unavailable': False, 'install_base': '/home/student36/RoboticsDesignProject/Git-repos/LeoRover-Team7/elephant_arm_ws/install/moveit_task_constructor_capabilities', 'merge_install': False, 'path': '/home/student36/RoboticsDesignProject/Git-repos/LeoRover-Team7/elephant_arm_ws/src/moveit_task_constructor/capabilities', 'symlink_install': False, 'test_result_base': None}
[3.206s] Level 5:colcon.colcon_core.verb:set package 'moveit_task_constructor_visualization' build argument 'cmake_args' from command line to 'None'
[3.206s] Level 5:colcon.colcon_core.verb:set package 'moveit_task_constructor_visualization' build argument 'cmake_target' from command line to 'None'
[3.206s] Level 5:colcon.colcon_core.verb:set package 'moveit_task_constructor_visualization' build argument 'cmake_target_skip_unavailable' from command line to 'False'
[3.206s] Level 5:colcon.colcon_core.verb:set package 'moveit_task_constructor_visualization' build argument 'cmake_clean_cache' from command line to 'False'
[3.206s] Level 5:colcon.colcon_core.verb:set package 'moveit_task_constructor_visualization' build argument 'cmake_clean_first' from command line to 'False'
[3.207s] Level 5:colcon.colcon_core.verb:set package 'moveit_task_constructor_visualization' build argument 'cmake_force_configure' from command line to 'False'
[3.207s] Level 5:colcon.colcon_core.verb:set package 'moveit_task_constructor_visualization' build argument 'ament_cmake_args' from command line to 'None'
[3.207s] Level 5:colcon.colcon_core.verb:set package 'moveit_task_constructor_visualization' build argument 'catkin_cmake_args' from command line to 'None'
[3.207s] Level 5:colcon.colcon_core.verb:set package 'moveit_task_constructor_visualization' build argument 'catkin_skip_building_tests' from command line to 'False'
[3.207s] DEBUG:colcon.colcon_core.verb:Building package 'moveit_task_constructor_visualization' with the following arguments: {'ament_cmake_args': None, 'build_base': '/home/student36/RoboticsDesignProject/Git-repos/LeoRover-Team7/elephant_arm_ws/build/moveit_task_constructor_visualization', 'catkin_cmake_args': None, 'catkin_skip_building_tests': False, 'cmake_args': None, 'cmake_clean_cache': False, 'cmake_clean_first': False, 'cmake_force_configure': False, 'cmake_target': None, 'cmake_target_skip_unavailable': False, 'install_base': '/home/student36/RoboticsDesignProject/Git-repos/LeoRover-Team7/elephant_arm_ws/install/moveit_task_constructor_visualization', 'merge_install': False, 'path': '/home/student36/RoboticsDesignProject/Git-repos/LeoRover-Team7/elephant_arm_ws/src/moveit_task_constructor/visualization', 'symlink_install': False, 'test_result_base': None}
[3.207s] Level 5:colcon.colcon_core.verb:set package 'mtc_tutorial' build argument 'cmake_args' from command line to 'None'
[3.208s] Level 5:colcon.colcon_core.verb:set package 'mtc_tutorial' build argument 'cmake_target' from command line to 'None'
[3.208s] Level 5:colcon.colcon_core.verb:set package 'mtc_tutorial' build argument 'cmake_target_skip_unavailable' from command line to 'False'
[3.208s] Level 5:colcon.colcon_core.verb:set package 'mtc_tutorial' build argument 'cmake_clean_cache' from command line to 'False'
[3.208s] Level 5:colcon.colcon_core.verb:set package 'mtc_tutorial' build argument 'cmake_clean_first' from command line to 'False'
[3.208s] Level 5:colcon.colcon_core.verb:set package 'mtc_tutorial' build argument 'cmake_force_configure' from command line to 'False'
[3.208s] Level 5:colcon.colcon_core.verb:set package 'mtc_tutorial' build argument 'ament_cmake_args' from command line to 'None'
[3.208s] Level 5:colcon.colcon_core.verb:set package 'mtc_tutorial' build argument 'catkin_cmake_args' from command line to 'None'
[3.208s] Level 5:colcon.colcon_core.verb:set package 'mtc_tutorial' build argument 'catkin_skip_building_tests' from command line to 'False'
[3.208s] DEBUG:colcon.colcon_core.verb:Building package 'mtc_tutorial' with the following arguments: {'ament_cmake_args': None, 'build_base': '/home/student36/RoboticsDesignProject/Git-repos/LeoRover-Team7/elephant_arm_ws/build/mtc_tutorial', 'catkin_cmake_args': None, 'catkin_skip_building_tests': False, 'cmake_args': None, 'cmake_clean_cache': False, 'cmake_clean_first': False, 'cmake_force_configure': False, 'cmake_target': None, 'cmake_target_skip_unavailable': False, 'install_base': '/home/student36/RoboticsDesignProject/Git-repos/LeoRover-Team7/elephant_arm_ws/install/mtc_tutorial', 'merge_install': False, 'path': '/home/student36/RoboticsDesignProject/Git-repos/LeoRover-Team7/elephant_arm_ws/src/mtc_tutorial', 'symlink_install': False, 'test_result_base': None}
[3.209s] Level 5:colcon.colcon_core.verb:set package 'moveit_task_constructor_demo' build argument 'cmake_args' from command line to 'None'
[3.209s] Level 5:colcon.colcon_core.verb:set package 'moveit_task_constructor_demo' build argument 'cmake_target' from command line to 'None'
[3.209s] Level 5:colcon.colcon_core.verb:set package 'moveit_task_constructor_demo' build argument 'cmake_target_skip_unavailable' from command line to 'False'
[3.209s] Level 5:colcon.colcon_core.verb:set package 'moveit_task_constructor_demo' build argument 'cmake_clean_cache' from command line to 'False'
[3.209s] Level 5:colcon.colcon_core.verb:set package 'moveit_task_constructor_demo' build argument 'cmake_clean_first' from command line to 'False'
[3.209s] Level 5:colcon.colcon_core.verb:set package 'moveit_task_constructor_demo' build argument 'cmake_force_configure' from command line to 'False'
[3.209s] Level 5:colcon.colcon_core.verb:set package 'moveit_task_constructor_demo' build argument 'ament_cmake_args' from command line to 'None'
[3.209s] Level 5:colcon.colcon_core.verb:set package 'moveit_task_constructor_demo' build argument 'catkin_cmake_args' from command line to 'None'
[3.209s] Level 5:colcon.colcon_core.verb:set package 'moveit_task_constructor_demo' build argument 'catkin_skip_building_tests' from command line to 'False'
[3.209s] DEBUG:colcon.colcon_core.verb:Building package 'moveit_task_constructor_demo' with the following arguments: {'ament_cmake_args': None, 'build_base': '/home/student36/RoboticsDesignProject/Git-repos/LeoRover-Team7/elephant_arm_ws/build/moveit_task_constructor_demo', 'catkin_cmake_args': None, 'catkin_skip_building_tests': False, 'cmake_args': None, 'cmake_clean_cache': False, 'cmake_clean_first': False, 'cmake_force_configure': False, 'cmake_target': None, 'cmake_target_skip_unavailable': False, 'install_base': '/home/student36/RoboticsDesignProject/Git-repos/LeoRover-Team7/elephant_arm_ws/install/moveit_task_constructor_demo', 'merge_install': False, 'path': '/home/student36/RoboticsDesignProject/Git-repos/LeoRover-Team7/elephant_arm_ws/src/moveit_task_constructor/demo', 'symlink_install': False, 'test_result_base': None}
[3.210s] INFO:colcon.colcon_core.executor:Executing jobs using 'parallel' executor
[3.213s] DEBUG:colcon.colcon_parallel_executor.executor.parallel:run_until_complete
[3.216s] INFO:colcon.colcon_ros.task.ament_cmake.build:Building ROS package in '/home/student36/RoboticsDesignProject/Git-repos/LeoRover-Team7/elephant_arm_ws/src/moveit_task_constructor/msgs' with build type 'ament_cmake'
[3.217s] INFO:colcon.colcon_cmake.task.cmake.build:Building CMake package in '/home/student36/RoboticsDesignProject/Git-repos/LeoRover-Team7/elephant_arm_ws/src/moveit_task_constructor/msgs'
[3.241s] INFO:colcon.colcon_core.plugin_system:Skipping extension 'colcon_core.shell.bat': Not used on non-Windows systems
[3.242s] INFO:colcon.colcon_core.shell:Skip shell extension 'powershell' for command environment: Not usable outside of PowerShell
[3.242s] DEBUG:colcon.colcon_core.shell:Skip shell extension 'dsv' for command environment
[3.307s] INFO:colcon.colcon_ros.task.ament_cmake.build:Building ROS package in '/home/student36/RoboticsDesignProject/Git-repos/LeoRover-Team7/elephant_arm_ws/src/moveit_task_constructor/rviz_marker_tools' with build type 'ament_cmake'
[3.309s] INFO:colcon.colcon_cmake.task.cmake.build:Building CMake package in '/home/student36/RoboticsDesignProject/Git-repos/LeoRover-Team7/elephant_arm_ws/src/moveit_task_constructor/rviz_marker_tools'
[3.311s] INFO:colcon.colcon_core.shell:Skip shell extension 'powershell' for command environment: Not usable outside of PowerShell
[3.314s] DEBUG:colcon.colcon_core.shell:Skip shell extension 'dsv' for command environment
[3.358s] INFO:colcon.colcon_ros.task.ament_cmake.build:Building ROS package in '/home/student36/RoboticsDesignProject/Git-repos/LeoRover-Team7/elephant_arm_ws/src/mycobot_ros2/mycobot_description' with build type 'ament_cmake'
[3.360s] INFO:colcon.colcon_cmake.task.cmake.build:Building CMake package in '/home/student36/RoboticsDesignProject/Git-repos/LeoRover-Team7/elephant_arm_ws/src/mycobot_ros2/mycobot_description'
[3.361s] INFO:colcon.colcon_core.shell:Skip shell extension 'powershell' for command environment: Not usable outside of PowerShell
[3.361s] DEBUG:colcon.colcon_core.shell:Skip shell extension 'dsv' for command environment
[3.405s] INFO:colcon.colcon_ros.task.ament_cmake.build:Building ROS package in '/home/student36/RoboticsDesignProject/Git-repos/LeoRover-Team7/elephant_arm_ws/src/hello_moveit' with build type 'ament_cmake'
[3.406s] INFO:colcon.colcon_cmake.task.cmake.build:Building CMake package in '/home/student36/RoboticsDesignProject/Git-repos/LeoRover-Team7/elephant_arm_ws/src/hello_moveit'
[3.407s] INFO:colcon.colcon_core.shell:Skip shell extension 'powershell' for command environment: Not usable outside of PowerShell
[3.407s] DEBUG:colcon.colcon_core.shell:Skip shell extension 'dsv' for command environment
[3.456s] INFO:colcon.colcon_ros.task.ament_cmake.build:Building ROS package in '/home/student36/RoboticsDesignProject/Git-repos/LeoRover-Team7/elephant_arm_ws/src/mycobot_ros2/mycobot_bringup' with build type 'ament_cmake'
[3.456s] INFO:colcon.colcon_cmake.task.cmake.build:Building CMake package in '/home/student36/RoboticsDesignProject/Git-repos/LeoRover-Team7/elephant_arm_ws/src/mycobot_ros2/mycobot_bringup'
[3.457s] INFO:colcon.colcon_core.shell:Skip shell extension 'powershell' for command environment: Not usable outside of PowerShell
[3.457s] DEBUG:colcon.colcon_core.shell:Skip shell extension 'dsv' for command environment
[3.522s] INFO:colcon.colcon_ros.task.ament_cmake.build:Building ROS package in '/home/student36/RoboticsDesignProject/Git-repos/LeoRover-Team7/elephant_arm_ws/src/mycobot_ros2/mycobot_gazebo' with build type 'ament_cmake'
[3.523s] INFO:colcon.colcon_cmake.task.cmake.build:Building CMake package in '/home/student36/RoboticsDesignProject/Git-repos/LeoRover-Team7/elephant_arm_ws/src/mycobot_ros2/mycobot_gazebo'
[3.524s] INFO:colcon.colcon_core.shell:Skip shell extension 'powershell' for command environment: Not usable outside of PowerShell
[3.525s] DEBUG:colcon.colcon_core.shell:Skip shell extension 'dsv' for command environment
[3.593s] INFO:colcon.colcon_ros.task.ament_cmake.build:Building ROS package in '/home/student36/RoboticsDesignProject/Git-repos/LeoRover-Team7/elephant_arm_ws/src/mycobot_ros2/mycobot_moveit_config' with build type 'ament_cmake'
[3.594s] INFO:colcon.colcon_cmake.task.cmake.build:Building CMake package in '/home/student36/RoboticsDesignProject/Git-repos/LeoRover-Team7/elephant_arm_ws/src/mycobot_ros2/mycobot_moveit_config'
[3.595s] INFO:colcon.colcon_core.shell:Skip shell extension 'powershell' for command environment: Not usable outside of PowerShell
[3.595s] DEBUG:colcon.colcon_core.shell:Skip shell extension 'dsv' for command environment
[3.692s] DEBUG:colcon.colcon_core.event_handler.log_command:Invoking command in '/home/student36/RoboticsDesignProject/Git-repos/LeoRover-Team7/elephant_arm_ws/build/moveit_task_constructor_msgs': CMAKE_PREFIX_PATH=${CMAKE_PREFIX_PATH}:/home/student36/ros2_tutorial_workspace/install/the_simplest_python_package:/home/student36/ros2_tutorial_workspace/install/python_package_with_a_node:/home/student36/ros2_tutorial_workspace/install/python_package_that_uses_the_library:/home/student36/ros2_tutorial_workspace/install/python_package_with_a_library:/home/student36/ros2_tutorial_workspace/install/python_package_that_uses_the_services:/home/student36/ros2_tutorial_workspace/install/python_package_that_uses_the_actions:/home/student36/ros2_tutorial_workspace/install/python_package_that_uses_tf2:/home/student36/ros2_tutorial_workspace/install/python_package_that_uses_parameters_and_launch_files:/home/student36/ros2_tutorial_workspace/install/python_package_that_uses_nottf2:/home/student36/ros2_tutorial_workspace/install/python_package_that_uses_nav2:/home/student36/ros2_tutorial_workspace/install/python_package_that_uses_messages:/home/student36/ros2_tutorial_workspace/install/python_package_that_uses_geometry_msgs:/home/student36/ros2_tutorial_workspace/install/python_package_that_uses_gazebo:/home/student36/ws_moveit/install/moveit_configs_utils:/home/student36/elephant_arm_ws/install/mycobot_description:/opt/ros/jazzy DEBUGINFOD_URLS=https://debuginfod.ubuntu.com /usr/bin/cmake --build /home/student36/RoboticsDesignProject/Git-repos/LeoRover-Team7/elephant_arm_ws/build/moveit_task_constructor_msgs -- -j12 -l12
[3.724s] DEBUG:colcon.colcon_core.event_handler.log_command:Invoking command in '/home/student36/RoboticsDesignProject/Git-repos/LeoRover-Team7/elephant_arm_ws/build/rviz_marker_tools': CMAKE_PREFIX_PATH=${CMAKE_PREFIX_PATH}:/home/student36/ros2_tutorial_workspace/install/the_simplest_python_package:/home/student36/ros2_tutorial_workspace/install/python_package_with_a_node:/home/student36/ros2_tutorial_workspace/install/python_package_that_uses_the_library:/home/student36/ros2_tutorial_workspace/install/python_package_with_a_library:/home/student36/ros2_tutorial_workspace/install/python_package_that_uses_the_services:/home/student36/ros2_tutorial_workspace/install/python_package_that_uses_the_actions:/home/student36/ros2_tutorial_workspace/install/python_package_that_uses_tf2:/home/student36/ros2_tutorial_workspace/install/python_package_that_uses_parameters_and_launch_files:/home/student36/ros2_tutorial_workspace/install/python_package_that_uses_nottf2:/home/student36/ros2_tutorial_workspace/install/python_package_that_uses_nav2:/home/student36/ros2_tutorial_workspace/install/python_package_that_uses_messages:/home/student36/ros2_tutorial_workspace/install/python_package_that_uses_geometry_msgs:/home/student36/ros2_tutorial_workspace/install/python_package_that_uses_gazebo:/home/student36/ws_moveit/install/moveit_configs_utils:/home/student36/elephant_arm_ws/install/mycobot_description:/opt/ros/jazzy DEBUGINFOD_URLS=https://debuginfod.ubuntu.com /usr/bin/cmake --build /home/student36/RoboticsDesignProject/Git-repos/LeoRover-Team7/elephant_arm_ws/build/rviz_marker_tools -- -j12 -l12
[3.742s] DEBUG:colcon.colcon_core.event_handler.log_command:Invoking command in '/home/student36/RoboticsDesignProject/Git-repos/LeoRover-Team7/elephant_arm_ws/build/mycobot_description': CMAKE_PREFIX_PATH=${CMAKE_PREFIX_PATH}:/home/student36/ros2_tutorial_workspace/install/the_simplest_python_package:/home/student36/ros2_tutorial_workspace/install/python_package_with_a_node:/home/student36/ros2_tutorial_workspace/install/python_package_that_uses_the_library:/home/student36/ros2_tutorial_workspace/install/python_package_with_a_library:/home/student36/ros2_tutorial_workspace/install/python_package_that_uses_the_services:/home/student36/ros2_tutorial_workspace/install/python_package_that_uses_the_actions:/home/student36/ros2_tutorial_workspace/install/python_package_that_uses_tf2:/home/student36/ros2_tutorial_workspace/install/python_package_that_uses_parameters_and_launch_files:/home/student36/ros2_tutorial_workspace/install/python_package_that_uses_nottf2:/home/student36/ros2_tutorial_workspace/install/python_package_that_uses_nav2:/home/student36/ros2_tutorial_workspace/install/python_package_that_uses_messages:/home/student36/ros2_tutorial_workspace/install/python_package_that_uses_geometry_msgs:/home/student36/ros2_tutorial_workspace/install/python_package_that_uses_gazebo:/home/student36/ws_moveit/install/moveit_configs_utils:/home/student36/elephant_arm_ws/install/mycobot_description:/opt/ros/jazzy DEBUGINFOD_URLS=https://debuginfod.ubuntu.com /usr/bin/cmake --build /home/student36/RoboticsDesignProject/Git-repos/LeoRover-Team7/elephant_arm_ws/build/mycobot_description -- -j12 -l12
[3.758s] DEBUG:colcon.colcon_core.event_handler.log_command:Invoking command in '/home/student36/RoboticsDesignProject/Git-repos/LeoRover-Team7/elephant_arm_ws/build/hello_moveit': CMAKE_PREFIX_PATH=${CMAKE_PREFIX_PATH}:/home/student36/ros2_tutorial_workspace/install/the_simplest_python_package:/home/student36/ros2_tutorial_workspace/install/python_package_with_a_node:/home/student36/ros2_tutorial_workspace/install/python_package_that_uses_the_library:/home/student36/ros2_tutorial_workspace/install/python_package_with_a_library:/home/student36/ros2_tutorial_workspace/install/python_package_that_uses_the_services:/home/student36/ros2_tutorial_workspace/install/python_package_that_uses_the_actions:/home/student36/ros2_tutorial_workspace/install/python_package_that_uses_tf2:/home/student36/ros2_tutorial_workspace/install/python_package_that_uses_parameters_and_launch_files:/home/student36/ros2_tutorial_workspace/install/python_package_that_uses_nottf2:/home/student36/ros2_tutorial_workspace/install/python_package_that_uses_nav2:/home/student36/ros2_tutorial_workspace/install/python_package_that_uses_messages:/home/student36/ros2_tutorial_workspace/install/python_package_that_uses_geometry_msgs:/home/student36/ros2_tutorial_workspace/install/python_package_that_uses_gazebo:/home/student36/ws_moveit/install/moveit_configs_utils:/home/student36/elephant_arm_ws/install/mycobot_description:/opt/ros/jazzy DEBUGINFOD_URLS=https://debuginfod.ubuntu.com /usr/bin/cmake --build /home/student36/RoboticsDesignProject/Git-repos/LeoRover-Team7/elephant_arm_ws/build/hello_moveit -- -j12 -l12
[3.784s] DEBUG:colcon.colcon_core.event_handler.log_command:Invoking command in '/home/student36/RoboticsDesignProject/Git-repos/LeoRover-Team7/elephant_arm_ws/build/mycobot_bringup': CMAKE_PREFIX_PATH=${CMAKE_PREFIX_PATH}:/home/student36/ros2_tutorial_workspace/install/the_simplest_python_package:/home/student36/ros2_tutorial_workspace/install/python_package_with_a_node:/home/student36/ros2_tutorial_workspace/install/python_package_that_uses_the_library:/home/student36/ros2_tutorial_workspace/install/python_package_with_a_library:/home/student36/ros2_tutorial_workspace/install/python_package_that_uses_the_services:/home/student36/ros2_tutorial_workspace/install/python_package_that_uses_the_actions:/home/student36/ros2_tutorial_workspace/install/python_package_that_uses_tf2:/home/student36/ros2_tutorial_workspace/install/python_package_that_uses_parameters_and_launch_files:/home/student36/ros2_tutorial_workspace/install/python_package_that_uses_nottf2:/home/student36/ros2_tutorial_workspace/install/python_package_that_uses_nav2:/home/student36/ros2_tutorial_workspace/install/python_package_that_uses_messages:/home/student36/ros2_tutorial_workspace/install/python_package_that_uses_geometry_msgs:/home/student36/ros2_tutorial_workspace/install/python_package_that_uses_gazebo:/home/student36/ws_moveit/install/moveit_configs_utils:/home/student36/elephant_arm_ws/install/mycobot_description:/opt/ros/jazzy DEBUGINFOD_URLS=https://debuginfod.ubuntu.com /usr/bin/cmake --build /home/student36/RoboticsDesignProject/Git-repos/LeoRover-Team7/elephant_arm_ws/build/mycobot_bringup -- -j12 -l12
[3.822s] DEBUG:colcon.colcon_core.event_handler.log_command:Invoking command in '/home/student36/RoboticsDesignProject/Git-repos/LeoRover-Team7/elephant_arm_ws/build/mycobot_gazebo': CMAKE_PREFIX_PATH=${CMAKE_PREFIX_PATH}:/home/student36/ros2_tutorial_workspace/install/the_simplest_python_package:/home/student36/ros2_tutorial_workspace/install/python_package_with_a_node:/home/student36/ros2_tutorial_workspace/install/python_package_that_uses_the_library:/home/student36/ros2_tutorial_workspace/install/python_package_with_a_library:/home/student36/ros2_tutorial_workspace/install/python_package_that_uses_the_services:/home/student36/ros2_tutorial_workspace/install/python_package_that_uses_the_actions:/home/student36/ros2_tutorial_workspace/install/python_package_that_uses_tf2:/home/student36/ros2_tutorial_workspace/install/python_package_that_uses_parameters_and_launch_files:/home/student36/ros2_tutorial_workspace/install/python_package_that_uses_nottf2:/home/student36/ros2_tutorial_workspace/install/python_package_that_uses_nav2:/home/student36/ros2_tutorial_workspace/install/python_package_that_uses_messages:/home/student36/ros2_tutorial_workspace/install/python_package_that_uses_geometry_msgs:/home/student36/ros2_tutorial_workspace/install/python_package_that_uses_gazebo:/home/student36/ws_moveit/install/moveit_configs_utils:/home/student36/elephant_arm_ws/install/mycobot_description:/opt/ros/jazzy DEBUGINFOD_URLS=https://debuginfod.ubuntu.com /usr/bin/cmake --build /home/student36/RoboticsDesignProject/Git-repos/LeoRover-Team7/elephant_arm_ws/build/mycobot_gazebo -- -j12 -l12
[3.871s] DEBUG:colcon.colcon_core.event_handler.log_command:Invoking command in '/home/student36/RoboticsDesignProject/Git-repos/LeoRover-Team7/elephant_arm_ws/build/mycobot_moveit_config': CMAKE_PREFIX_PATH=${CMAKE_PREFIX_PATH}:/home/student36/ros2_tutorial_workspace/install/the_simplest_python_package:/home/student36/ros2_tutorial_workspace/install/python_package_with_a_node:/home/student36/ros2_tutorial_workspace/install/python_package_that_uses_the_library:/home/student36/ros2_tutorial_workspace/install/python_package_with_a_library:/home/student36/ros2_tutorial_workspace/install/python_package_that_uses_the_services:/home/student36/ros2_tutorial_workspace/install/python_package_that_uses_the_actions:/home/student36/ros2_tutorial_workspace/install/python_package_that_uses_tf2:/home/student36/ros2_tutorial_workspace/install/python_package_that_uses_parameters_and_launch_files:/home/student36/ros2_tutorial_workspace/install/python_package_that_uses_nottf2:/home/student36/ros2_tutorial_workspace/install/python_package_that_uses_nav2:/home/student36/ros2_tutorial_workspace/install/python_package_that_uses_messages:/home/student36/ros2_tutorial_workspace/install/python_package_that_uses_geometry_msgs:/home/student36/ros2_tutorial_workspace/install/python_package_that_uses_gazebo:/home/student36/ws_moveit/install/moveit_configs_utils:/home/student36/elephant_arm_ws/install/mycobot_description:/opt/ros/jazzy DEBUGINFOD_URLS=https://debuginfod.ubuntu.com /usr/bin/cmake --build /home/student36/RoboticsDesignProject/Git-repos/LeoRover-Team7/elephant_arm_ws/build/mycobot_moveit_config -- -j12 -l12
[4.177s] DEBUG:colcon.colcon_core.event_handler.log_command:Invoked command in '/home/student36/RoboticsDesignProject/Git-repos/LeoRover-Team7/elephant_arm_ws/build/mycobot_bringup' returned '0': CMAKE_PREFIX_PATH=${CMAKE_PREFIX_PATH}:/home/student36/ros2_tutorial_workspace/install/the_simplest_python_package:/home/student36/ros2_tutorial_workspace/install/python_package_with_a_node:/home/student36/ros2_tutorial_workspace/install/python_package_that_uses_the_library:/home/student36/ros2_tutorial_workspace/install/python_package_with_a_library:/home/student36/ros2_tutorial_workspace/install/python_package_that_uses_the_services:/home/student36/ros2_tutorial_workspace/install/python_package_that_uses_the_actions:/home/student36/ros2_tutorial_workspace/install/python_package_that_uses_tf2:/home/student36/ros2_tutorial_workspace/install/python_package_that_uses_parameters_and_launch_files:/home/student36/ros2_tutorial_workspace/install/python_package_that_uses_nottf2:/home/student36/ros2_tutorial_workspace/install/python_package_that_uses_nav2:/home/student36/ros2_tutorial_workspace/install/python_package_that_uses_messages:/home/student36/ros2_tutorial_workspace/install/python_package_that_uses_geometry_msgs:/home/student36/ros2_tutorial_workspace/install/python_package_that_uses_gazebo:/home/student36/ws_moveit/install/moveit_configs_utils:/home/student36/elephant_arm_ws/install/mycobot_description:/opt/ros/jazzy DEBUGINFOD_URLS=https://debuginfod.ubuntu.com /usr/bin/cmake --build /home/student36/RoboticsDesignProject/Git-repos/LeoRover-Team7/elephant_arm_ws/build/mycobot_bringup -- -j12 -l12
[4.257s] DEBUG:colcon.colcon_core.event_handler.log_command:Invoking command in '/home/student36/RoboticsDesignProject/Git-repos/LeoRover-Team7/elephant_arm_ws/build/mycobot_bringup': CMAKE_PREFIX_PATH=${CMAKE_PREFIX_PATH}:/home/student36/ros2_tutorial_workspace/install/the_simplest_python_package:/home/student36/ros2_tutorial_workspace/install/python_package_with_a_node:/home/student36/ros2_tutorial_workspace/install/python_package_that_uses_the_library:/home/student36/ros2_tutorial_workspace/install/python_package_with_a_library:/home/student36/ros2_tutorial_workspace/install/python_package_that_uses_the_services:/home/student36/ros2_tutorial_workspace/install/python_package_that_uses_the_actions:/home/student36/ros2_tutorial_workspace/install/python_package_that_uses_tf2:/home/student36/ros2_tutorial_workspace/install/python_package_that_uses_parameters_and_launch_files:/home/student36/ros2_tutorial_workspace/install/python_package_that_uses_nottf2:/home/student36/ros2_tutorial_workspace/install/python_package_that_uses_nav2:/home/student36/ros2_tutorial_workspace/install/python_package_that_uses_messages:/home/student36/ros2_tutorial_workspace/install/python_package_that_uses_geometry_msgs:/home/student36/ros2_tutorial_workspace/install/python_package_that_uses_gazebo:/home/student36/ws_moveit/install/moveit_configs_utils:/home/student36/elephant_arm_ws/install/mycobot_description:/opt/ros/jazzy DEBUGINFOD_URLS=https://debuginfod.ubuntu.com /usr/bin/cmake --install /home/student36/RoboticsDesignProject/Git-repos/LeoRover-Team7/elephant_arm_ws/build/mycobot_bringup
[4.267s] DEBUG:colcon.colcon_core.event_handler.log_command:Invoked command in '/home/student36/RoboticsDesignProject/Git-repos/LeoRover-Team7/elephant_arm_ws/build/mycobot_description' returned '0': CMAKE_PREFIX_PATH=${CMAKE_PREFIX_PATH}:/home/student36/ros2_tutorial_workspace/install/the_simplest_python_package:/home/student36/ros2_tutorial_workspace/install/python_package_with_a_node:/home/student36/ros2_tutorial_workspace/install/python_package_that_uses_the_library:/home/student36/ros2_tutorial_workspace/install/python_package_with_a_library:/home/student36/ros2_tutorial_workspace/install/python_package_that_uses_the_services:/home/student36/ros2_tutorial_workspace/install/python_package_that_uses_the_actions:/home/student36/ros2_tutorial_workspace/install/python_package_that_uses_tf2:/home/student36/ros2_tutorial_workspace/install/python_package_that_uses_parameters_and_launch_files:/home/student36/ros2_tutorial_workspace/install/python_package_that_uses_nottf2:/home/student36/ros2_tutorial_workspace/install/python_package_that_uses_nav2:/home/student36/ros2_tutorial_workspace/install/python_package_that_uses_messages:/home/student36/ros2_tutorial_workspace/install/python_package_that_uses_geometry_msgs:/home/student36/ros2_tutorial_workspace/install/python_package_that_uses_gazebo:/home/student36/ws_moveit/install/moveit_configs_utils:/home/student36/elephant_arm_ws/install/mycobot_description:/opt/ros/jazzy DEBUGINFOD_URLS=https://debuginfod.ubuntu.com /usr/bin/cmake --build /home/student36/RoboticsDesignProject/Git-repos/LeoRover-Team7/elephant_arm_ws/build/mycobot_description -- -j12 -l12
[4.291s] DEBUG:colcon.colcon_core.event_handler.log_command:Invoking command in '/home/student36/RoboticsDesignProject/Git-repos/LeoRover-Team7/elephant_arm_ws/build/mycobot_description': CMAKE_PREFIX_PATH=${CMAKE_PREFIX_PATH}:/home/student36/ros2_tutorial_workspace/install/the_simplest_python_package:/home/student36/ros2_tutorial_workspace/install/python_package_with_a_node:/home/student36/ros2_tutorial_workspace/install/python_package_that_uses_the_library:/home/student36/ros2_tutorial_workspace/install/python_package_with_a_library:/home/student36/ros2_tutorial_workspace/install/python_package_that_uses_the_services:/home/student36/ros2_tutorial_workspace/install/python_package_that_uses_the_actions:/home/student36/ros2_tutorial_workspace/install/python_package_that_uses_tf2:/home/student36/ros2_tutorial_workspace/install/python_package_that_uses_parameters_and_launch_files:/home/student36/ros2_tutorial_workspace/install/python_package_that_uses_nottf2:/home/student36/ros2_tutorial_workspace/install/python_package_that_uses_nav2:/home/student36/ros2_tutorial_workspace/install/python_package_that_uses_messages:/home/student36/ros2_tutorial_workspace/install/python_package_that_uses_geometry_msgs:/home/student36/ros2_tutorial_workspace/install/python_package_that_uses_gazebo:/home/student36/ws_moveit/install/moveit_configs_utils:/home/student36/elephant_arm_ws/install/mycobot_description:/opt/ros/jazzy DEBUGINFOD_URLS=https://debuginfod.ubuntu.com /usr/bin/cmake --install /home/student36/RoboticsDesignProject/Git-repos/LeoRover-Team7/elephant_arm_ws/build/mycobot_description
[4.331s] DEBUG:colcon.colcon_core.event_handler.log_command:Invoked command in '/home/student36/RoboticsDesignProject/Git-repos/LeoRover-Team7/elephant_arm_ws/build/mycobot_gazebo' returned '0': CMAKE_PREFIX_PATH=${CMAKE_PREFIX_PATH}:/home/student36/ros2_tutorial_workspace/install/the_simplest_python_package:/home/student36/ros2_tutorial_workspace/install/python_package_with_a_node:/home/student36/ros2_tutorial_workspace/install/python_package_that_uses_the_library:/home/student36/ros2_tutorial_workspace/install/python_package_with_a_library:/home/student36/ros2_tutorial_workspace/install/python_package_that_uses_the_services:/home/student36/ros2_tutorial_workspace/install/python_package_that_uses_the_actions:/home/student36/ros2_tutorial_workspace/install/python_package_that_uses_tf2:/home/student36/ros2_tutorial_workspace/install/python_package_that_uses_parameters_and_launch_files:/home/student36/ros2_tutorial_workspace/install/python_package_that_uses_nottf2:/home/student36/ros2_tutorial_workspace/install/python_package_that_uses_nav2:/home/student36/ros2_tutorial_workspace/install/python_package_that_uses_messages:/home/student36/ros2_tutorial_workspace/install/python_package_that_uses_geometry_msgs:/home/student36/ros2_tutorial_workspace/install/python_package_that_uses_gazebo:/home/student36/ws_moveit/install/moveit_configs_utils:/home/student36/elephant_arm_ws/install/mycobot_description:/opt/ros/jazzy DEBUGINFOD_URLS=https://debuginfod.ubuntu.com /usr/bin/cmake --build /home/student36/RoboticsDesignProject/Git-repos/LeoRover-Team7/elephant_arm_ws/build/mycobot_gazebo -- -j12 -l12
[4.351s] DEBUG:colcon.colcon_core.event_handler.log_command:Invoking command in '/home/student36/RoboticsDesignProject/Git-repos/LeoRover-Team7/elephant_arm_ws/build/mycobot_gazebo': CMAKE_PREFIX_PATH=${CMAKE_PREFIX_PATH}:/home/student36/ros2_tutorial_workspace/install/the_simplest_python_package:/home/student36/ros2_tutorial_workspace/install/python_package_with_a_node:/home/student36/ros2_tutorial_workspace/install/python_package_that_uses_the_library:/home/student36/ros2_tutorial_workspace/install/python_package_with_a_library:/home/student36/ros2_tutorial_workspace/install/python_package_that_uses_the_services:/home/student36/ros2_tutorial_workspace/install/python_package_that_uses_the_actions:/home/student36/ros2_tutorial_workspace/install/python_package_that_uses_tf2:/home/student36/ros2_tutorial_workspace/install/python_package_that_uses_parameters_and_launch_files:/home/student36/ros2_tutorial_workspace/install/python_package_that_uses_nottf2:/home/student36/ros2_tutorial_workspace/install/python_package_that_uses_nav2:/home/student36/ros2_tutorial_workspace/install/python_package_that_uses_messages:/home/student36/ros2_tutorial_workspace/install/python_package_that_uses_geometry_msgs:/home/student36/ros2_tutorial_workspace/install/python_package_that_uses_gazebo:/home/student36/ws_moveit/install/moveit_configs_utils:/home/student36/elephant_arm_ws/install/mycobot_description:/opt/ros/jazzy DEBUGINFOD_URLS=https://debuginfod.ubuntu.com /usr/bin/cmake --install /home/student36/RoboticsDesignProject/Git-repos/LeoRover-Team7/elephant_arm_ws/build/mycobot_gazebo
[4.370s] Level 1:colcon.colcon_core.environment:create_environment_scripts_only(mycobot_bringup)
[4.416s] DEBUG:colcon.colcon_core.event_handler.log_command:Invoked command in '/home/student36/RoboticsDesignProject/Git-repos/LeoRover-Team7/elephant_arm_ws/build/mycobot_bringup' returned '0': CMAKE_PREFIX_PATH=${CMAKE_PREFIX_PATH}:/home/student36/ros2_tutorial_workspace/install/the_simplest_python_package:/home/student36/ros2_tutorial_workspace/install/python_package_with_a_node:/home/student36/ros2_tutorial_workspace/install/python_package_that_uses_the_library:/home/student36/ros2_tutorial_workspace/install/python_package_with_a_library:/home/student36/ros2_tutorial_workspace/install/python_package_that_uses_the_services:/home/student36/ros2_tutorial_workspace/install/python_package_that_uses_the_actions:/home/student36/ros2_tutorial_workspace/install/python_package_that_uses_tf2:/home/student36/ros2_tutorial_workspace/install/python_package_that_uses_parameters_and_launch_files:/home/student36/ros2_tutorial_workspace/install/python_package_that_uses_nottf2:/home/student36/ros2_tutorial_workspace/install/python_package_that_uses_nav2:/home/student36/ros2_tutorial_workspace/install/python_package_that_uses_messages:/home/student36/ros2_tutorial_workspace/install/python_package_that_uses_geometry_msgs:/home/student36/ros2_tutorial_workspace/install/python_package_that_uses_gazebo:/home/student36/ws_moveit/install/moveit_configs_utils:/home/student36/elephant_arm_ws/install/mycobot_description:/opt/ros/jazzy DEBUGINFOD_URLS=https://debuginfod.ubuntu.com /usr/bin/cmake --install /home/student36/RoboticsDesignProject/Git-repos/LeoRover-Team7/elephant_arm_ws/build/mycobot_bringup
[4.511s] Level 1:colcon.colcon_core.environment:checking '/home/student36/RoboticsDesignProject/Git-repos/LeoRover-Team7/elephant_arm_ws/install/mycobot_bringup' for CMake module files
[4.534s] Level 1:colcon.colcon_core.environment:checking '/home/student36/RoboticsDesignProject/Git-repos/LeoRover-Team7/elephant_arm_ws/install/mycobot_bringup' for CMake config files
[4.537s] Level 1:colcon.colcon_core.shell:create_environment_hook('mycobot_bringup', 'cmake_prefix_path')
[4.538s] INFO:colcon.colcon_core.shell:Creating environment hook '/home/student36/RoboticsDesignProject/Git-repos/LeoRover-Team7/elephant_arm_ws/install/mycobot_bringup/share/mycobot_bringup/hook/cmake_prefix_path.ps1'
[4.561s] INFO:colcon.colcon_core.shell:Creating environment descriptor '/home/student36/RoboticsDesignProject/Git-repos/LeoRover-Team7/elephant_arm_ws/install/mycobot_bringup/share/mycobot_bringup/hook/cmake_prefix_path.dsv'
[4.570s] INFO:colcon.colcon_core.shell:Creating environment hook '/home/student36/RoboticsDesignProject/Git-repos/LeoRover-Team7/elephant_arm_ws/install/mycobot_bringup/share/mycobot_bringup/hook/cmake_prefix_path.sh'
[4.591s] Level 1:colcon.colcon_core.environment:checking '/home/student36/RoboticsDesignProject/Git-repos/LeoRover-Team7/elephant_arm_ws/install/mycobot_bringup/bin'
[4.593s] Level 1:colcon.colcon_core.environment:checking '/home/student36/RoboticsDesignProject/Git-repos/LeoRover-Team7/elephant_arm_ws/install/mycobot_bringup/lib/pkgconfig/mycobot_bringup.pc'
[4.596s] Level 1:colcon.colcon_core.environment:checking '/home/student36/RoboticsDesignProject/Git-repos/LeoRover-Team7/elephant_arm_ws/install/mycobot_bringup/lib/python3.12/site-packages'
[4.598s] Level 1:colcon.colcon_core.environment:checking '/home/student36/RoboticsDesignProject/Git-repos/LeoRover-Team7/elephant_arm_ws/install/mycobot_bringup/bin'
[4.600s] INFO:colcon.colcon_core.shell:Creating package script '/home/student36/RoboticsDesignProject/Git-repos/LeoRover-Team7/elephant_arm_ws/install/mycobot_bringup/share/mycobot_bringup/package.ps1'
[4.614s] INFO:colcon.colcon_core.shell:Creating package descriptor '/home/student36/RoboticsDesignProject/Git-repos/LeoRover-Team7/elephant_arm_ws/install/mycobot_bringup/share/mycobot_bringup/package.dsv'
[4.620s] INFO:colcon.colcon_core.shell:Creating package script '/home/student36/RoboticsDesignProject/Git-repos/LeoRover-Team7/elephant_arm_ws/install/mycobot_bringup/share/mycobot_bringup/package.sh'
[4.626s] INFO:colcon.colcon_core.shell:Creating package script '/home/student36/RoboticsDesignProject/Git-repos/LeoRover-Team7/elephant_arm_ws/install/mycobot_bringup/share/mycobot_bringup/package.bash'
[4.639s] INFO:colcon.colcon_core.shell:Creating package script '/home/student36/RoboticsDesignProject/Git-repos/LeoRover-Team7/elephant_arm_ws/install/mycobot_bringup/share/mycobot_bringup/package.zsh'
[4.648s] Level 1:colcon.colcon_core.environment:create_file_with_runtime_dependencies(/home/student36/RoboticsDesignProject/Git-repos/LeoRover-Team7/elephant_arm_ws/install/mycobot_bringup/share/colcon-core/packages/mycobot_bringup)
[4.654s] Level 1:colcon.colcon_core.environment:create_environment_scripts_only(mycobot_bringup)
[4.655s] Level 1:colcon.colcon_core.environment:checking '/home/student36/RoboticsDesignProject/Git-repos/LeoRover-Team7/elephant_arm_ws/install/mycobot_bringup' for CMake module files
[4.659s] Level 1:colcon.colcon_core.environment:checking '/home/student36/RoboticsDesignProject/Git-repos/LeoRover-Team7/elephant_arm_ws/install/mycobot_bringup' for CMake config files
[4.660s] Level 1:colcon.colcon_core.shell:create_environment_hook('mycobot_bringup', 'cmake_prefix_path')
[4.662s] INFO:colcon.colcon_core.shell:Creating environment hook '/home/student36/RoboticsDesignProject/Git-repos/LeoRover-Team7/elephant_arm_ws/install/mycobot_bringup/share/mycobot_bringup/hook/cmake_prefix_path.ps1'
[4.667s] INFO:colcon.colcon_core.shell:Creating environment descriptor '/home/student36/RoboticsDesignProject/Git-repos/LeoRover-Team7/elephant_arm_ws/install/mycobot_bringup/share/mycobot_bringup/hook/cmake_prefix_path.dsv'
[4.669s] INFO:colcon.colcon_core.shell:Creating environment hook '/home/student36/RoboticsDesignProject/Git-repos/LeoRover-Team7/elephant_arm_ws/install/mycobot_bringup/share/mycobot_bringup/hook/cmake_prefix_path.sh'
[4.684s] Level 1:colcon.colcon_core.environment:checking '/home/student36/RoboticsDesignProject/Git-repos/LeoRover-Team7/elephant_arm_ws/install/mycobot_bringup/bin'
[4.684s] Level 1:colcon.colcon_core.environment:checking '/home/student36/RoboticsDesignProject/Git-repos/LeoRover-Team7/elephant_arm_ws/install/mycobot_bringup/lib/pkgconfig/mycobot_bringup.pc'
[4.685s] Level 1:colcon.colcon_core.environment:checking '/home/student36/RoboticsDesignProject/Git-repos/LeoRover-Team7/elephant_arm_ws/install/mycobot_bringup/lib/python3.12/site-packages'
[4.687s] Level 1:colcon.colcon_core.environment:checking '/home/student36/RoboticsDesignProject/Git-repos/LeoRover-Team7/elephant_arm_ws/install/mycobot_bringup/bin'
[4.689s] INFO:colcon.colcon_core.shell:Creating package script '/home/student36/RoboticsDesignProject/Git-repos/LeoRover-Team7/elephant_arm_ws/install/mycobot_bringup/share/mycobot_bringup/package.ps1'
[4.696s] INFO:colcon.colcon_core.shell:Creating package descriptor '/home/student36/RoboticsDesignProject/Git-repos/LeoRover-Team7/elephant_arm_ws/install/mycobot_bringup/share/mycobot_bringup/package.dsv'
[4.698s] INFO:colcon.colcon_core.shell:Creating package script '/home/student36/RoboticsDesignProject/Git-repos/LeoRover-Team7/elephant_arm_ws/install/mycobot_bringup/share/mycobot_bringup/package.sh'
[4.700s] INFO:colcon.colcon_core.shell:Creating package script '/home/student36/RoboticsDesignProject/Git-repos/LeoRover-Team7/elephant_arm_ws/install/mycobot_bringup/share/mycobot_bringup/package.bash'
[4.703s] INFO:colcon.colcon_core.shell:Creating package script '/home/student36/RoboticsDesignProject/Git-repos/LeoRover-Team7/elephant_arm_ws/install/mycobot_bringup/share/mycobot_bringup/package.zsh'
[4.705s] Level 1:colcon.colcon_core.environment:create_file_with_runtime_dependencies(/home/student36/RoboticsDesignProject/Git-repos/LeoRover-Team7/elephant_arm_ws/install/mycobot_bringup/share/colcon-core/packages/mycobot_bringup)
[4.713s] Level 1:colcon.colcon_core.environment:create_environment_scripts_only(mycobot_gazebo)
[4.714s] Level 1:colcon.colcon_core.environment:checking '/home/student36/RoboticsDesignProject/Git-repos/LeoRover-Team7/elephant_arm_ws/install/mycobot_gazebo' for CMake module files
[4.736s] Level 1:colcon.colcon_core.environment:checking '/home/student36/RoboticsDesignProject/Git-repos/LeoRover-Team7/elephant_arm_ws/install/mycobot_gazebo' for CMake config files
[4.736s] Level 1:colcon.colcon_core.shell:create_environment_hook('mycobot_gazebo', 'cmake_prefix_path')
[4.737s] INFO:colcon.colcon_core.shell:Creating environment hook '/home/student36/RoboticsDesignProject/Git-repos/LeoRover-Team7/elephant_arm_ws/install/mycobot_gazebo/share/mycobot_gazebo/hook/cmake_prefix_path.ps1'
[4.739s] INFO:colcon.colcon_core.shell:Creating environment descriptor '/home/student36/RoboticsDesignProject/Git-repos/LeoRover-Team7/elephant_arm_ws/install/mycobot_gazebo/share/mycobot_gazebo/hook/cmake_prefix_path.dsv'
[4.740s] INFO:colcon.colcon_core.shell:Creating environment hook '/home/student36/RoboticsDesignProject/Git-repos/LeoRover-Team7/elephant_arm_ws/install/mycobot_gazebo/share/mycobot_gazebo/hook/cmake_prefix_path.sh'
[4.745s] Level 1:colcon.colcon_core.environment:checking '/home/student36/RoboticsDesignProject/Git-repos/LeoRover-Team7/elephant_arm_ws/install/mycobot_gazebo/bin'
[4.745s] Level 1:colcon.colcon_core.environment:checking '/home/student36/RoboticsDesignProject/Git-repos/LeoRover-Team7/elephant_arm_ws/install/mycobot_gazebo/lib/pkgconfig/mycobot_gazebo.pc'
[4.746s] Level 1:colcon.colcon_core.environment:checking '/home/student36/RoboticsDesignProject/Git-repos/LeoRover-Team7/elephant_arm_ws/install/mycobot_gazebo/lib/python3.12/site-packages'
[4.747s] Level 1:colcon.colcon_core.environment:checking '/home/student36/RoboticsDesignProject/Git-repos/LeoRover-Team7/elephant_arm_ws/install/mycobot_gazebo/bin'
[4.750s] INFO:colcon.colcon_core.shell:Creating package script '/home/student36/RoboticsDesignProject/Git-repos/LeoRover-Team7/elephant_arm_ws/install/mycobot_gazebo/share/mycobot_gazebo/package.ps1'
[4.756s] INFO:colcon.colcon_core.shell:Creating package descriptor '/home/student36/RoboticsDesignProject/Git-repos/LeoRover-Team7/elephant_arm_ws/install/mycobot_gazebo/share/mycobot_gazebo/package.dsv'
[4.760s] INFO:colcon.colcon_core.shell:Creating package script '/home/student36/RoboticsDesignProject/Git-repos/LeoRover-Team7/elephant_arm_ws/install/mycobot_gazebo/share/mycobot_gazebo/package.sh'
[4.765s] INFO:colcon.colcon_core.shell:Creating package script '/home/student36/RoboticsDesignProject/Git-repos/LeoRover-Team7/elephant_arm_ws/install/mycobot_gazebo/share/mycobot_gazebo/package.bash'
[4.767s] INFO:colcon.colcon_core.shell:Creating package script '/home/student36/RoboticsDesignProject/Git-repos/LeoRover-Team7/elephant_arm_ws/install/mycobot_gazebo/share/mycobot_gazebo/package.zsh'
[4.775s] Level 1:colcon.colcon_core.environment:create_file_with_runtime_dependencies(/home/student36/RoboticsDesignProject/Git-repos/LeoRover-Team7/elephant_arm_ws/install/mycobot_gazebo/share/colcon-core/packages/mycobot_gazebo)
[4.780s] Level 1:colcon.colcon_core.environment:create_environment_scripts_only(mycobot_gazebo)
[4.782s] Level 1:colcon.colcon_core.environment:checking '/home/student36/RoboticsDesignProject/Git-repos/LeoRover-Team7/elephant_arm_ws/install/mycobot_gazebo' for CMake module files
[4.784s] Level 1:colcon.colcon_core.environment:checking '/home/student36/RoboticsDesignProject/Git-repos/LeoRover-Team7/elephant_arm_ws/install/mycobot_gazebo' for CMake config files
[4.803s] Level 1:colcon.colcon_core.shell:create_environment_hook('mycobot_gazebo', 'cmake_prefix_path')
[4.804s] INFO:colcon.colcon_core.shell:Creating environment hook '/home/student36/RoboticsDesignProject/Git-repos/LeoRover-Team7/elephant_arm_ws/install/mycobot_gazebo/share/mycobot_gazebo/hook/cmake_prefix_path.ps1'
[4.805s] INFO:colcon.colcon_core.shell:Creating environment descriptor '/home/student36/RoboticsDesignProject/Git-repos/LeoRover-Team7/elephant_arm_ws/install/mycobot_gazebo/share/mycobot_gazebo/hook/cmake_prefix_path.dsv'
[4.811s] INFO:colcon.colcon_core.shell:Creating environment hook '/home/student36/RoboticsDesignProject/Git-repos/LeoRover-Team7/elephant_arm_ws/install/mycobot_gazebo/share/mycobot_gazebo/hook/cmake_prefix_path.sh'
[4.814s] Level 1:colcon.colcon_core.environment:checking '/home/student36/RoboticsDesignProject/Git-repos/LeoRover-Team7/elephant_arm_ws/install/mycobot_gazebo/bin'
[4.815s] Level 1:colcon.colcon_core.environment:checking '/home/student36/RoboticsDesignProject/Git-repos/LeoRover-Team7/elephant_arm_ws/install/mycobot_gazebo/lib/pkgconfig/mycobot_gazebo.pc'
[4.824s] Level 1:colcon.colcon_core.environment:checking '/home/student36/RoboticsDesignProject/Git-repos/LeoRover-Team7/elephant_arm_ws/install/mycobot_gazebo/lib/python3.12/site-packages'
[4.826s] Level 1:colcon.colcon_core.environment:checking '/home/student36/RoboticsDesignProject/Git-repos/LeoRover-Team7/elephant_arm_ws/install/mycobot_gazebo/bin'
[4.829s] INFO:colcon.colcon_core.shell:Creating package script '/home/student36/RoboticsDesignProject/Git-repos/LeoRover-Team7/elephant_arm_ws/install/mycobot_gazebo/share/mycobot_gazebo/package.ps1'
[4.835s] INFO:colcon.colcon_core.shell:Creating package descriptor '/home/student36/RoboticsDesignProject/Git-repos/LeoRover-Team7/elephant_arm_ws/install/mycobot_gazebo/share/mycobot_gazebo/package.dsv'
[4.838s] INFO:colcon.colcon_core.shell:Creating package script '/home/student36/RoboticsDesignProject/Git-repos/LeoRover-Team7/elephant_arm_ws/install/mycobot_gazebo/share/mycobot_gazebo/package.sh'
[4.840s] INFO:colcon.colcon_core.shell:Creating package script '/home/student36/RoboticsDesignProject/Git-repos/LeoRover-Team7/elephant_arm_ws/install/mycobot_gazebo/share/mycobot_gazebo/package.bash'
[4.841s] INFO:colcon.colcon_core.shell:Creating package script '/home/student36/RoboticsDesignProject/Git-repos/LeoRover-Team7/elephant_arm_ws/install/mycobot_gazebo/share/mycobot_gazebo/package.zsh'
[4.852s] Level 1:colcon.colcon_core.environment:create_file_with_runtime_dependencies(/home/student36/RoboticsDesignProject/Git-repos/LeoRover-Team7/elephant_arm_ws/install/mycobot_gazebo/share/colcon-core/packages/mycobot_gazebo)
[4.886s] Level 1:colcon.colcon_core.environment:create_environment_scripts_only(mycobot_description)
[4.887s] Level 1:colcon.colcon_core.environment:checking '/home/student36/RoboticsDesignProject/Git-repos/LeoRover-Team7/elephant_arm_ws/install/mycobot_description' for CMake module files
[4.896s] Level 1:colcon.colcon_core.environment:checking '/home/student36/RoboticsDesignProject/Git-repos/LeoRover-Team7/elephant_arm_ws/install/mycobot_description' for CMake config files
[4.896s] Level 1:colcon.colcon_core.shell:create_environment_hook('mycobot_description', 'cmake_prefix_path')
[4.897s] INFO:colcon.colcon_core.shell:Creating environment hook '/home/student36/RoboticsDesignProject/Git-repos/LeoRover-Team7/elephant_arm_ws/install/mycobot_description/share/mycobot_description/hook/cmake_prefix_path.ps1'
[4.898s] INFO:colcon.colcon_core.shell:Creating environment descriptor '/home/student36/RoboticsDesignProject/Git-repos/LeoRover-Team7/elephant_arm_ws/install/mycobot_description/share/mycobot_description/hook/cmake_prefix_path.dsv'
[4.913s] INFO:colcon.colcon_core.shell:Creating environment hook '/home/student36/RoboticsDesignProject/Git-repos/LeoRover-Team7/elephant_arm_ws/install/mycobot_description/share/mycobot_description/hook/cmake_prefix_path.sh'
[4.919s] Level 1:colcon.colcon_core.environment:checking '/home/student36/RoboticsDesignProject/Git-repos/LeoRover-Team7/elephant_arm_ws/install/mycobot_description/bin'
[4.919s] Level 1:colcon.colcon_core.environment:checking '/home/student36/RoboticsDesignProject/Git-repos/LeoRover-Team7/elephant_arm_ws/install/mycobot_description/lib/pkgconfig/mycobot_description.pc'
[4.920s] Level 1:colcon.colcon_core.environment:checking '/home/student36/RoboticsDesignProject/Git-repos/LeoRover-Team7/elephant_arm_ws/install/mycobot_description/lib/python3.12/site-packages'
[4.922s] Level 1:colcon.colcon_core.environment:checking '/home/student36/RoboticsDesignProject/Git-repos/LeoRover-Team7/elephant_arm_ws/install/mycobot_description/bin'
[4.925s] INFO:colcon.colcon_core.shell:Creating package script '/home/student36/RoboticsDesignProject/Git-repos/LeoRover-Team7/elephant_arm_ws/install/mycobot_description/share/mycobot_description/package.ps1'
[4.930s] INFO:colcon.colcon_core.shell:Creating package descriptor '/home/student36/RoboticsDesignProject/Git-repos/LeoRover-Team7/elephant_arm_ws/install/mycobot_description/share/mycobot_description/package.dsv'
[4.939s] INFO:colcon.colcon_core.shell:Creating package script '/home/student36/RoboticsDesignProject/Git-repos/LeoRover-Team7/elephant_arm_ws/install/mycobot_description/share/mycobot_description/package.sh'
[4.941s] INFO:colcon.colcon_core.shell:Creating package script '/home/student36/RoboticsDesignProject/Git-repos/LeoRover-Team7/elephant_arm_ws/install/mycobot_description/share/mycobot_description/package.bash'
[4.953s] INFO:colcon.colcon_core.shell:Creating package script '/home/student36/RoboticsDesignProject/Git-repos/LeoRover-Team7/elephant_arm_ws/install/mycobot_description/share/mycobot_description/package.zsh'
[4.955s] Level 1:colcon.colcon_core.environment:create_file_with_runtime_dependencies(/home/student36/RoboticsDesignProject/Git-repos/LeoRover-Team7/elephant_arm_ws/install/mycobot_description/share/colcon-core/packages/mycobot_description)
[4.956s] Level 1:colcon.colcon_core.environment:create_environment_scripts_only(mycobot_description)
[4.956s] Level 1:colcon.colcon_core.environment:checking '/home/student36/RoboticsDesignProject/Git-repos/LeoRover-Team7/elephant_arm_ws/install/mycobot_description' for CMake module files
[4.958s] Level 1:colcon.colcon_core.environment:checking '/home/student36/RoboticsDesignProject/Git-repos/LeoRover-Team7/elephant_arm_ws/install/mycobot_description' for CMake config files
[4.958s] Level 1:colcon.colcon_core.shell:create_environment_hook('mycobot_description', 'cmake_prefix_path')
[4.959s] INFO:colcon.colcon_core.shell:Creating environment hook '/home/student36/RoboticsDesignProject/Git-repos/LeoRover-Team7/elephant_arm_ws/install/mycobot_description/share/mycobot_description/hook/cmake_prefix_path.ps1'
[4.964s] INFO:colcon.colcon_core.shell:Creating environment descriptor '/home/student36/RoboticsDesignProject/Git-repos/LeoRover-Team7/elephant_arm_ws/install/mycobot_description/share/mycobot_description/hook/cmake_prefix_path.dsv'
[4.969s] INFO:colcon.colcon_core.shell:Creating environment hook '/home/student36/RoboticsDesignProject/Git-repos/LeoRover-Team7/elephant_arm_ws/install/mycobot_description/share/mycobot_description/hook/cmake_prefix_path.sh'
[4.976s] Level 1:colcon.colcon_core.environment:checking '/home/student36/RoboticsDesignProject/Git-repos/LeoRover-Team7/elephant_arm_ws/install/mycobot_description/bin'
[4.976s] Level 1:colcon.colcon_core.environment:checking '/home/student36/RoboticsDesignProject/Git-repos/LeoRover-Team7/elephant_arm_ws/install/mycobot_description/lib/pkgconfig/mycobot_description.pc'
[4.977s] Level 1:colcon.colcon_core.environment:checking '/home/student36/RoboticsDesignProject/Git-repos/LeoRover-Team7/elephant_arm_ws/install/mycobot_description/lib/python3.12/site-packages'
[4.978s] Level 1:colcon.colcon_core.environment:checking '/home/student36/RoboticsDesignProject/Git-repos/LeoRover-Team7/elephant_arm_ws/install/mycobot_description/bin'
[4.979s] INFO:colcon.colcon_core.shell:Creating package script '/home/student36/RoboticsDesignProject/Git-repos/LeoRover-Team7/elephant_arm_ws/install/mycobot_description/share/mycobot_description/package.ps1'
[4.984s] INFO:colcon.colcon_core.shell:Creating package descriptor '/home/student36/RoboticsDesignProject/Git-repos/LeoRover-Team7/elephant_arm_ws/install/mycobot_description/share/mycobot_description/package.dsv'
[4.982s] DEBUG:colcon.colcon_core.event_handler.log_command:Invoked command in '/home/student36/RoboticsDesignProject/Git-repos/LeoRover-Team7/elephant_arm_ws/build/mycobot_gazebo' returned '0': CMAKE_PREFIX_PATH=${CMAKE_PREFIX_PATH}:/home/student36/ros2_tutorial_workspace/install/the_simplest_python_package:/home/student36/ros2_tutorial_workspace/install/python_package_with_a_node:/home/student36/ros2_tutorial_workspace/install/python_package_that_uses_the_library:/home/student36/ros2_tutorial_workspace/install/python_package_with_a_library:/home/student36/ros2_tutorial_workspace/install/python_package_that_uses_the_services:/home/student36/ros2_tutorial_workspace/install/python_package_that_uses_the_actions:/home/student36/ros2_tutorial_workspace/install/python_package_that_uses_tf2:/home/student36/ros2_tutorial_workspace/install/python_package_that_uses_parameters_and_launch_files:/home/student36/ros2_tutorial_workspace/install/python_package_that_uses_nottf2:/home/student36/ros2_tutorial_workspace/install/python_package_that_uses_nav2:/home/student36/ros2_tutorial_workspace/install/python_package_that_uses_messages:/home/student36/ros2_tutorial_workspace/install/python_package_that_uses_geometry_msgs:/home/student36/ros2_tutorial_workspace/install/python_package_that_uses_gazebo:/home/student36/ws_moveit/install/moveit_configs_utils:/home/student36/elephant_arm_ws/install/mycobot_description:/opt/ros/jazzy DEBUGINFOD_URLS=https://debuginfod.ubuntu.com /usr/bin/cmake --install /home/student36/RoboticsDesignProject/Git-repos/LeoRover-Team7/elephant_arm_ws/build/mycobot_gazebo
[4.989s] DEBUG:colcon.colcon_core.event_handler.log_command:Invoked command in '/home/student36/RoboticsDesignProject/Git-repos/LeoRover-Team7/elephant_arm_ws/build/mycobot_moveit_config' returned '0': CMAKE_PREFIX_PATH=${CMAKE_PREFIX_PATH}:/home/student36/ros2_tutorial_workspace/install/the_simplest_python_package:/home/student36/ros2_tutorial_workspace/install/python_package_with_a_node:/home/student36/ros2_tutorial_workspace/install/python_package_that_uses_the_library:/home/student36/ros2_tutorial_workspace/install/python_package_with_a_library:/home/student36/ros2_tutorial_workspace/install/python_package_that_uses_the_services:/home/student36/ros2_tutorial_workspace/install/python_package_that_uses_the_actions:/home/student36/ros2_tutorial_workspace/install/python_package_that_uses_tf2:/home/student36/ros2_tutorial_workspace/install/python_package_that_uses_parameters_and_launch_files:/home/student36/ros2_tutorial_workspace/install/python_package_that_uses_nottf2:/home/student36/ros2_tutorial_workspace/install/python_package_that_uses_nav2:/home/student36/ros2_tutorial_workspace/install/python_package_that_uses_messages:/home/student36/ros2_tutorial_workspace/install/python_package_that_uses_geometry_msgs:/home/student36/ros2_tutorial_workspace/install/python_package_that_uses_gazebo:/home/student36/ws_moveit/install/moveit_configs_utils:/home/student36/elephant_arm_ws/install/mycobot_description:/opt/ros/jazzy DEBUGINFOD_URLS=https://debuginfod.ubuntu.com /usr/bin/cmake --build /home/student36/RoboticsDesignProject/Git-repos/LeoRover-Team7/elephant_arm_ws/build/mycobot_moveit_config -- -j12 -l12
[4.989s] INFO:colcon.colcon_core.shell:Creating package script '/home/student36/RoboticsDesignProject/Git-repos/LeoRover-Team7/elephant_arm_ws/install/mycobot_description/share/mycobot_description/package.sh'
[4.992s] DEBUG:colcon.colcon_core.event_handler.log_command:Invoking command in '/home/student36/RoboticsDesignProject/Git-repos/LeoRover-Team7/elephant_arm_ws/build/mycobot_moveit_config': CMAKE_PREFIX_PATH=${CMAKE_PREFIX_PATH}:/home/student36/ros2_tutorial_workspace/install/the_simplest_python_package:/home/student36/ros2_tutorial_workspace/install/python_package_with_a_node:/home/student36/ros2_tutorial_workspace/install/python_package_that_uses_the_library:/home/student36/ros2_tutorial_workspace/install/python_package_with_a_library:/home/student36/ros2_tutorial_workspace/install/python_package_that_uses_the_services:/home/student36/ros2_tutorial_workspace/install/python_package_that_uses_the_actions:/home/student36/ros2_tutorial_workspace/install/python_package_that_uses_tf2:/home/student36/ros2_tutorial_workspace/install/python_package_that_uses_parameters_and_launch_files:/home/student36/ros2_tutorial_workspace/install/python_package_that_uses_nottf2:/home/student36/ros2_tutorial_workspace/install/python_package_that_uses_nav2:/home/student36/ros2_tutorial_workspace/install/python_package_that_uses_messages:/home/student36/ros2_tutorial_workspace/install/python_package_that_uses_geometry_msgs:/home/student36/ros2_tutorial_workspace/install/python_package_that_uses_gazebo:/home/student36/ws_moveit/install/moveit_configs_utils:/home/student36/elephant_arm_ws/install/mycobot_description:/opt/ros/jazzy DEBUGINFOD_URLS=https://debuginfod.ubuntu.com /usr/bin/cmake --install /home/student36/RoboticsDesignProject/Git-repos/LeoRover-Team7/elephant_arm_ws/build/mycobot_moveit_config
[4.993s] DEBUG:colcon.colcon_core.event_handler.log_command:Invoked command in '/home/student36/RoboticsDesignProject/Git-repos/LeoRover-Team7/elephant_arm_ws/build/mycobot_description' returned '0': CMAKE_PREFIX_PATH=${CMAKE_PREFIX_PATH}:/home/student36/ros2_tutorial_workspace/install/the_simplest_python_package:/home/student36/ros2_tutorial_workspace/install/python_package_with_a_node:/home/student36/ros2_tutorial_workspace/install/python_package_that_uses_the_library:/home/student36/ros2_tutorial_workspace/install/python_package_with_a_library:/home/student36/ros2_tutorial_workspace/install/python_package_that_uses_the_services:/home/student36/ros2_tutorial_workspace/install/python_package_that_uses_the_actions:/home/student36/ros2_tutorial_workspace/install/python_package_that_uses_tf2:/home/student36/ros2_tutorial_workspace/install/python_package_that_uses_parameters_and_launch_files:/home/student36/ros2_tutorial_workspace/install/python_package_that_uses_nottf2:/home/student36/ros2_tutorial_workspace/install/python_package_that_uses_nav2:/home/student36/ros2_tutorial_workspace/install/python_package_that_uses_messages:/home/student36/ros2_tutorial_workspace/install/python_package_that_uses_geometry_msgs:/home/student36/ros2_tutorial_workspace/install/python_package_that_uses_gazebo:/home/student36/ws_moveit/install/moveit_configs_utils:/home/student36/elephant_arm_ws/install/mycobot_description:/opt/ros/jazzy DEBUGINFOD_URLS=https://debuginfod.ubuntu.com /usr/bin/cmake --install /home/student36/RoboticsDesignProject/Git-repos/LeoRover-Team7/elephant_arm_ws/build/mycobot_description
[4.995s] INFO:colcon.colcon_core.shell:Creating package script '/home/student36/RoboticsDesignProject/Git-repos/LeoRover-Team7/elephant_arm_ws/install/mycobot_description/share/mycobot_description/package.bash'
[4.998s] INFO:colcon.colcon_core.shell:Creating package script '/home/student36/RoboticsDesignProject/Git-repos/LeoRover-Team7/elephant_arm_ws/install/mycobot_description/share/mycobot_description/package.zsh'
[5.008s] Level 1:colcon.colcon_core.environment:create_file_with_runtime_dependencies(/home/student36/RoboticsDesignProject/Git-repos/LeoRover-Team7/elephant_arm_ws/install/mycobot_description/share/colcon-core/packages/mycobot_description)
[5.011s] INFO:colcon.colcon_ros.task.ament_cmake.build:Building ROS package in '/home/student36/RoboticsDesignProject/Git-repos/LeoRover-Team7/elephant_arm_ws/src/mycobot_ros2/mycobot_ros2' with build type 'ament_cmake'
[5.011s] INFO:colcon.colcon_cmake.task.cmake.build:Building CMake package in '/home/student36/RoboticsDesignProject/Git-repos/LeoRover-Team7/elephant_arm_ws/src/mycobot_ros2/mycobot_ros2'
[5.013s] INFO:colcon.colcon_core.shell:Skip shell extension 'powershell' for command environment: Not usable outside of PowerShell
[5.013s] DEBUG:colcon.colcon_core.shell:Skip shell extension 'dsv' for command environment
[5.072s] Level 1:colcon.colcon_core.environment:create_environment_scripts_only(mycobot_moveit_config)
[5.073s] Level 1:colcon.colcon_core.environment:checking '/home/student36/RoboticsDesignProject/Git-repos/LeoRover-Team7/elephant_arm_ws/install/mycobot_moveit_config' for CMake module files
[5.075s] DEBUG:colcon.colcon_core.event_handler.log_command:Invoked command in '/home/student36/RoboticsDesignProject/Git-repos/LeoRover-Team7/elephant_arm_ws/build/mycobot_moveit_config' returned '0': CMAKE_PREFIX_PATH=${CMAKE_PREFIX_PATH}:/home/student36/ros2_tutorial_workspace/install/the_simplest_python_package:/home/student36/ros2_tutorial_workspace/install/python_package_with_a_node:/home/student36/ros2_tutorial_workspace/install/python_package_that_uses_the_library:/home/student36/ros2_tutorial_workspace/install/python_package_with_a_library:/home/student36/ros2_tutorial_workspace/install/python_package_that_uses_the_services:/home/student36/ros2_tutorial_workspace/install/python_package_that_uses_the_actions:/home/student36/ros2_tutorial_workspace/install/python_package_that_uses_tf2:/home/student36/ros2_tutorial_workspace/install/python_package_that_uses_parameters_and_launch_files:/home/student36/ros2_tutorial_workspace/install/python_package_that_uses_nottf2:/home/student36/ros2_tutorial_workspace/install/python_package_that_uses_nav2:/home/student36/ros2_tutorial_workspace/install/python_package_that_uses_messages:/home/student36/ros2_tutorial_workspace/install/python_package_that_uses_geometry_msgs:/home/student36/ros2_tutorial_workspace/install/python_package_that_uses_gazebo:/home/student36/ws_moveit/install/moveit_configs_utils:/home/student36/elephant_arm_ws/install/mycobot_description:/opt/ros/jazzy DEBUGINFOD_URLS=https://debuginfod.ubuntu.com /usr/bin/cmake --install /home/student36/RoboticsDesignProject/Git-repos/LeoRover-Team7/elephant_arm_ws/build/mycobot_moveit_config
[5.076s] Level 1:colcon.colcon_core.environment:checking '/home/student36/RoboticsDesignProject/Git-repos/LeoRover-Team7/elephant_arm_ws/install/mycobot_moveit_config' for CMake config files
[5.100s] Level 1:colcon.colcon_core.shell:create_environment_hook('mycobot_moveit_config', 'cmake_prefix_path')
[5.101s] INFO:colcon.colcon_core.shell:Creating environment hook '/home/student36/RoboticsDesignProject/Git-repos/LeoRover-Team7/elephant_arm_ws/install/mycobot_moveit_config/share/mycobot_moveit_config/hook/cmake_prefix_path.ps1'
[5.104s] INFO:colcon.colcon_core.shell:Creating environment descriptor '/home/student36/RoboticsDesignProject/Git-repos/LeoRover-Team7/elephant_arm_ws/install/mycobot_moveit_config/share/mycobot_moveit_config/hook/cmake_prefix_path.dsv'
[5.107s] INFO:colcon.colcon_core.shell:Creating environment hook '/home/student36/RoboticsDesignProject/Git-repos/LeoRover-Team7/elephant_arm_ws/install/mycobot_moveit_config/share/mycobot_moveit_config/hook/cmake_prefix_path.sh'
[5.111s] Level 1:colcon.colcon_core.environment:checking '/home/student36/RoboticsDesignProject/Git-repos/LeoRover-Team7/elephant_arm_ws/install/mycobot_moveit_config/bin'
[5.111s] Level 1:colcon.colcon_core.environment:checking '/home/student36/RoboticsDesignProject/Git-repos/LeoRover-Team7/elephant_arm_ws/install/mycobot_moveit_config/lib/pkgconfig/mycobot_moveit_config.pc'
[5.112s] Level 1:colcon.colcon_core.environment:checking '/home/student36/RoboticsDesignProject/Git-repos/LeoRover-Team7/elephant_arm_ws/install/mycobot_moveit_config/lib/python3.12/site-packages'
[5.114s] Level 1:colcon.colcon_core.environment:checking '/home/student36/RoboticsDesignProject/Git-repos/LeoRover-Team7/elephant_arm_ws/install/mycobot_moveit_config/bin'
[5.115s] INFO:colcon.colcon_core.shell:Creating package script '/home/student36/RoboticsDesignProject/Git-repos/LeoRover-Team7/elephant_arm_ws/install/mycobot_moveit_config/share/mycobot_moveit_config/package.ps1'
[5.119s] INFO:colcon.colcon_core.shell:Creating package descriptor '/home/student36/RoboticsDesignProject/Git-repos/LeoRover-Team7/elephant_arm_ws/install/mycobot_moveit_config/share/mycobot_moveit_config/package.dsv'
[5.122s] INFO:colcon.colcon_core.shell:Creating package script '/home/student36/RoboticsDesignProject/Git-repos/LeoRover-Team7/elephant_arm_ws/install/mycobot_moveit_config/share/mycobot_moveit_config/package.sh'
[5.124s] INFO:colcon.colcon_core.shell:Creating package script '/home/student36/RoboticsDesignProject/Git-repos/LeoRover-Team7/elephant_arm_ws/install/mycobot_moveit_config/share/mycobot_moveit_config/package.bash'
[5.125s] INFO:colcon.colcon_core.shell:Creating package script '/home/student36/RoboticsDesignProject/Git-repos/LeoRover-Team7/elephant_arm_ws/install/mycobot_moveit_config/share/mycobot_moveit_config/package.zsh'
[5.127s] Level 1:colcon.colcon_core.environment:create_file_with_runtime_dependencies(/home/student36/RoboticsDesignProject/Git-repos/LeoRover-Team7/elephant_arm_ws/install/mycobot_moveit_config/share/colcon-core/packages/mycobot_moveit_config)
[5.128s] Level 1:colcon.colcon_core.environment:create_environment_scripts_only(mycobot_moveit_config)
[5.129s] Level 1:colcon.colcon_core.environment:checking '/home/student36/RoboticsDesignProject/Git-repos/LeoRover-Team7/elephant_arm_ws/install/mycobot_moveit_config' for CMake module files
[5.132s] Level 1:colcon.colcon_core.environment:checking '/home/student36/RoboticsDesignProject/Git-repos/LeoRover-Team7/elephant_arm_ws/install/mycobot_moveit_config' for CMake config files
[5.133s] Level 1:colcon.colcon_core.shell:create_environment_hook('mycobot_moveit_config', 'cmake_prefix_path')
[5.133s] INFO:colcon.colcon_core.shell:Creating environment hook '/home/student36/RoboticsDesignProject/Git-repos/LeoRover-Team7/elephant_arm_ws/install/mycobot_moveit_config/share/mycobot_moveit_config/hook/cmake_prefix_path.ps1'
[5.135s] INFO:colcon.colcon_core.shell:Creating environment descriptor '/home/student36/RoboticsDesignProject/Git-repos/LeoRover-Team7/elephant_arm_ws/install/mycobot_moveit_config/share/mycobot_moveit_config/hook/cmake_prefix_path.dsv'
[5.137s] INFO:colcon.colcon_core.shell:Creating environment hook '/home/student36/RoboticsDesignProject/Git-repos/LeoRover-Team7/elephant_arm_ws/install/mycobot_moveit_config/share/mycobot_moveit_config/hook/cmake_prefix_path.sh'
[5.139s] Level 1:colcon.colcon_core.environment:checking '/home/student36/RoboticsDesignProject/Git-repos/LeoRover-Team7/elephant_arm_ws/install/mycobot_moveit_config/bin'
[5.140s] Level 1:colcon.colcon_core.environment:checking '/home/student36/RoboticsDesignProject/Git-repos/LeoRover-Team7/elephant_arm_ws/install/mycobot_moveit_config/lib/pkgconfig/mycobot_moveit_config.pc'
[5.140s] Level 1:colcon.colcon_core.environment:checking '/home/student36/RoboticsDesignProject/Git-repos/LeoRover-Team7/elephant_arm_ws/install/mycobot_moveit_config/lib/python3.12/site-packages'
[5.141s] Level 1:colcon.colcon_core.environment:checking '/home/student36/RoboticsDesignProject/Git-repos/LeoRover-Team7/elephant_arm_ws/install/mycobot_moveit_config/bin'
[5.142s] INFO:colcon.colcon_core.shell:Creating package script '/home/student36/RoboticsDesignProject/Git-repos/LeoRover-Team7/elephant_arm_ws/install/mycobot_moveit_config/share/mycobot_moveit_config/package.ps1'
[5.145s] INFO:colcon.colcon_core.shell:Creating package descriptor '/home/student36/RoboticsDesignProject/Git-repos/LeoRover-Team7/elephant_arm_ws/install/mycobot_moveit_config/share/mycobot_moveit_config/package.dsv'
[5.146s] INFO:colcon.colcon_core.shell:Creating package script '/home/student36/RoboticsDesignProject/Git-repos/LeoRover-Team7/elephant_arm_ws/install/mycobot_moveit_config/share/mycobot_moveit_config/package.sh'
[5.149s] INFO:colcon.colcon_core.shell:Creating package script '/home/student36/RoboticsDesignProject/Git-repos/LeoRover-Team7/elephant_arm_ws/install/mycobot_moveit_config/share/mycobot_moveit_config/package.bash'
[5.151s] INFO:colcon.colcon_core.shell:Creating package script '/home/student36/RoboticsDesignProject/Git-repos/LeoRover-Team7/elephant_arm_ws/install/mycobot_moveit_config/share/mycobot_moveit_config/package.zsh'
[5.154s] Level 1:colcon.colcon_core.environment:create_file_with_runtime_dependencies(/home/student36/RoboticsDesignProject/Git-repos/LeoRover-Team7/elephant_arm_ws/install/mycobot_moveit_config/share/colcon-core/packages/mycobot_moveit_config)
[5.200s] DEBUG:colcon.colcon_core.event_handler.log_command:Invoking command in '/home/student36/RoboticsDesignProject/Git-repos/LeoRover-Team7/elephant_arm_ws/build/mycobot_ros2': CMAKE_PREFIX_PATH=/home/student36/RoboticsDesignProject/Git-repos/LeoRover-Team7/elephant_arm_ws/install/mycobot_description:/home/student36/RoboticsDesignProject/Git-repos/LeoRover-Team7/elephant_arm_ws/install/mtc_tutorial:/home/student36/RoboticsDesignProject/Git-repos/LeoRover-Team7/elephant_arm_ws/install/moveit_task_constructor_demo:/home/student36/RoboticsDesignProject/Git-repos/LeoRover-Team7/elephant_arm_ws/install/moveit_task_constructor_visualization:/home/student36/RoboticsDesignProject/Git-repos/LeoRover-Team7/elephant_arm_ws/install/moveit_task_constructor_capabilities:/home/student36/RoboticsDesignProject/Git-repos/LeoRover-Team7/elephant_arm_ws/install/moveit_task_constructor_core:/home/student36/RoboticsDesignProject/Git-repos/LeoRover-Team7/elephant_arm_ws/install/rviz_marker_tools:/home/student36/RoboticsDesignProject/Git-repos/LeoRover-Team7/elephant_arm_ws/install/mycobot_ros2:/home/student36/RoboticsDesignProject/Git-repos/LeoRover-Team7/elephant_arm_ws/install/mycobot_moveit_config:/home/student36/RoboticsDesignProject/Git-repos/LeoRover-Team7/elephant_arm_ws/install/mycobot_gazebo:/home/student36/RoboticsDesignProject/Git-repos/LeoRover-Team7/elephant_arm_ws/install/mycobot_bringup:/home/student36/RoboticsDesignProject/Git-repos/LeoRover-Team7/elephant_arm_ws/install/moveit_task_constructor_msgs:/home/student36/RoboticsDesignProject/Git-repos/LeoRover-Team7/elephant_arm_ws/install/hello_moveit:/home/student36/ros2_tutorial_workspace/install/package_with_interfaces:/home/student36/ws_moveit/install/robotiq_hardware_tests:/home/student36/ws_moveit/install/robotiq_driver:/home/student36/ws_moveit/install/serial:/home/student36/ws_moveit/install/moveit2_tutorials:/home/student36/ws_moveit/install/hello_moveit:/home/student36/ws_moveit/install/moveit_visual_tools:/home/student36/ws_moveit/install/rviz_visual_tools:/home/student36/ws_moveit/install/mtc_tutorial:/home/student36/ws_moveit/install/moveit_task_constructor_demo:/home/student36/ws_moveit/install/moveit_task_constructor_visualization:/home/student36/ws_moveit/install/moveit_task_constructor_capabilities:/home/student36/ws_moveit/install/elephant:/home/student36/ws_moveit/install/moveit_task_constructor_core:/home/student36/ws_moveit/install/rviz_marker_tools:/home/student36/ws_moveit/install/kortex_bringup:/home/student36/ws_moveit/install/kinova_gen3_lite_moveit_config:/home/student36/ws_moveit/install/kinova_gen3_7dof_robotiq_2f_85_moveit_config:/home/student36/ws_moveit/install/kinova_gen3_6dof_robotiq_2f_85_moveit_config:/home/student36/ws_moveit/install/kortex_description:/home/student36/ws_moveit/install/robotiq_description:/home/student36/ws_moveit/install/robotiq_controllers:/home/student36/ws_moveit/install/pilz_industrial_motion_planner_testutils:/home/student36/ws_moveit/install/mycobot_280_moveit2:/home/student36/ws_moveit/install/moveit_runtime:/home/student36/ws_moveit/install/moveit:/home/student36/ws_moveit/install/elephant_arm:/home/student36/ws_moveit/install/moveit_planners:/home/student36/ws_moveit/install/pilz_industrial_motion_planner:/home/student36/ws_moveit/install/mycobot_description:/home/student36/ws_moveit/install/moveit_task_constructor_msgs:/home/student36/ws_moveit/install/moveit_ros_control_interface:/home/student36/ws_moveit/install/moveit_plugins:/home/student36/ws_moveit/install/moveit_simple_controller_manager:/home/student36/ws_moveit/install/moveit_setup_assistant:/home/student36/ws_moveit/install/moveit_setup_srdf_plugins:/home/student36/ws_moveit/install/moveit_setup_core_plugins:/home/student36/ws_moveit/install/moveit_setup_controllers:/home/student36/ws_moveit/install/moveit_setup_app_plugins:/home/student36/ws_moveit/install/moveit_setup_framework:/home/student36/ws_moveit/install/moveit_servo:/home/student36/ws_moveit/install/moveit_ros_trajectory_cache:/home/student36/ws_moveit/install/moveit_ros:/home/student36/ws_moveit/install/moveit_ros_visualization:/home/student36/ws_moveit/install/moveit_py:/home/student36/ws_moveit/install/moveit_hybrid_planning:/home/student36/ws_moveit/install/moveit_ros_planning_interface:/home/student36/ws_moveit/install/moveit_ros_benchmarks:/home/student36/ws_moveit/install/moveit_ros_warehouse:/home/student36/ws_moveit/install/moveit_ros_robot_interaction:/home/student36/ws_moveit/install/moveit_ros_perception:/home/student36/ws_moveit/install/moveit_resources_prbt_pg70_support:/home/student36/ws_moveit/install/moveit_resources_prbt_moveit_config:/home/student36/ws_moveit/install/moveit_ros_move_group:/home/student36/ws_moveit/install/moveit_planners_ompl:/home/student36/ws_moveit/install/moveit_kinematics:/home/student36/ws_moveit/install/moveit_ros_planning:/home/student36/ws_moveit/install/moveit_ros_occupancy_map_monitor:/home/student36/ws_moveit/install/moveit_resources_prbt_support:/home/student36/ws_moveit/install/moveit_resources_prbt_ikfast_manipulator_plugin:/home/student36/ws_moveit/install/moveit_resources:/home/student36/ws_moveit/install/moveit_resources_pr2_description:/home/student36/ws_moveit/install/moveit_resources_panda_moveit_config:/home/student36/ws_moveit/install/dual_arm_panda_moveit_config:/home/student36/ws_moveit/install/moveit_resources_panda_description:/home/student36/ws_moveit/install/moveit_resources_fanuc_moveit_config:/home/student36/ws_moveit/install/moveit_resources_fanuc_description:/home/student36/ws_moveit/install/moveit_planners_stomp:/home/student36/ws_moveit/install/moveit_planners_chomp:/home/student36/ws_moveit/install/chomp_motion_planner:/home/student36/ws_moveit/install/moveit_core:/home/student36/ws_moveit/install/moveit_msgs:/home/student36/ws_moveit/install/moveit_common:/home/student36/ws_moveit/install/kortex_driver:/home/student36/ws_moveit/install/kortex_api:/home/student36/rplidar_ws/install/rplidar_ros:/home/student36/elephant_arm_ws/install/mycobot_280_moveit2:/opt/ros/jazzy/opt/gz_sim_vendor:/opt/ros/jazzy/opt/gz_sensors_vendor:/opt/ros/jazzy/opt/gz_physics_vendor:/opt/ros/jazzy/opt/sdformat_vendor:/opt/ros/jazzy/opt/gz_gui_vendor:/opt/ros/jazzy/opt/gz_transport_vendor:/opt/ros/jazzy/opt/gz_rendering_vendor:/opt/ros/jazzy/opt/gz_plugin_vendor:/opt/ros/jazzy/opt/gz_fuel_tools_vendor:/opt/ros/jazzy/opt/gz_msgs_vendor:/opt/ros/jazzy/opt/gz_common_vendor:/opt/ros/jazzy/opt/gz_math_vendor:/opt/ros/jazzy/opt/gz_utils_vendor:/opt/ros/jazzy/opt/gz_tools_vendor:/opt/ros/jazzy/opt/gz_ogre_next_vendor:/opt/ros/jazzy/opt/gz_dartsim_vendor:/opt/ros/jazzy/opt/gz_cmake_vendor:/home/student36/ros2_tutorial_workspace/install/the_simplest_python_package:/home/student36/ros2_tutorial_workspace/install/python_package_with_a_node:/home/student36/ros2_tutorial_workspace/install/python_package_that_uses_the_library:/home/student36/ros2_tutorial_workspace/install/python_package_with_a_library:/home/student36/ros2_tutorial_workspace/install/python_package_that_uses_the_services:/home/student36/ros2_tutorial_workspace/install/python_package_that_uses_the_actions:/home/student36/ros2_tutorial_workspace/install/python_package_that_uses_tf2:/home/student36/ros2_tutorial_workspace/install/python_package_that_uses_parameters_and_launch_files:/home/student36/ros2_tutorial_workspace/install/python_package_that_uses_nottf2:/home/student36/ros2_tutorial_workspace/install/python_package_that_uses_nav2:/home/student36/ros2_tutorial_workspace/install/python_package_that_uses_messages:/home/student36/ros2_tutorial_workspace/install/python_package_that_uses_geometry_msgs:/home/student36/ros2_tutorial_workspace/install/python_package_that_uses_gazebo:/home/student36/ws_moveit/install/moveit_configs_utils:/home/student36/elephant_arm_ws/install/mycobot_description:/opt/ros/jazzy DEBUGINFOD_URLS=https://debuginfod.ubuntu.com /usr/bin/cmake --build /home/student36/RoboticsDesignProject/Git-repos/LeoRover-Team7/elephant_arm_ws/build/mycobot_ros2 -- -j12 -l12
[5.443s] DEBUG:colcon.colcon_core.event_handler.log_command:Invoked command in '/home/student36/RoboticsDesignProject/Git-repos/LeoRover-Team7/elephant_arm_ws/build/mycobot_ros2' returned '0': CMAKE_PREFIX_PATH=/home/student36/RoboticsDesignProject/Git-repos/LeoRover-Team7/elephant_arm_ws/install/mycobot_description:/home/student36/RoboticsDesignProject/Git-repos/LeoRover-Team7/elephant_arm_ws/install/mtc_tutorial:/home/student36/RoboticsDesignProject/Git-repos/LeoRover-Team7/elephant_arm_ws/install/moveit_task_constructor_demo:/home/student36/RoboticsDesignProject/Git-repos/LeoRover-Team7/elephant_arm_ws/install/moveit_task_constructor_visualization:/home/student36/RoboticsDesignProject/Git-repos/LeoRover-Team7/elephant_arm_ws/install/moveit_task_constructor_capabilities:/home/student36/RoboticsDesignProject/Git-repos/LeoRover-Team7/elephant_arm_ws/install/moveit_task_constructor_core:/home/student36/RoboticsDesignProject/Git-repos/LeoRover-Team7/elephant_arm_ws/install/rviz_marker_tools:/home/student36/RoboticsDesignProject/Git-repos/LeoRover-Team7/elephant_arm_ws/install/mycobot_ros2:/home/student36/RoboticsDesignProject/Git-repos/LeoRover-Team7/elephant_arm_ws/install/mycobot_moveit_config:/home/student36/RoboticsDesignProject/Git-repos/LeoRover-Team7/elephant_arm_ws/install/mycobot_gazebo:/home/student36/RoboticsDesignProject/Git-repos/LeoRover-Team7/elephant_arm_ws/install/mycobot_bringup:/home/student36/RoboticsDesignProject/Git-repos/LeoRover-Team7/elephant_arm_ws/install/moveit_task_constructor_msgs:/home/student36/RoboticsDesignProject/Git-repos/LeoRover-Team7/elephant_arm_ws/install/hello_moveit:/home/student36/ros2_tutorial_workspace/install/package_with_interfaces:/home/student36/ws_moveit/install/robotiq_hardware_tests:/home/student36/ws_moveit/install/robotiq_driver:/home/student36/ws_moveit/install/serial:/home/student36/ws_moveit/install/moveit2_tutorials:/home/student36/ws_moveit/install/hello_moveit:/home/student36/ws_moveit/install/moveit_visual_tools:/home/student36/ws_moveit/install/rviz_visual_tools:/home/student36/ws_moveit/install/mtc_tutorial:/home/student36/ws_moveit/install/moveit_task_constructor_demo:/home/student36/ws_moveit/install/moveit_task_constructor_visualization:/home/student36/ws_moveit/install/moveit_task_constructor_capabilities:/home/student36/ws_moveit/install/elephant:/home/student36/ws_moveit/install/moveit_task_constructor_core:/home/student36/ws_moveit/install/rviz_marker_tools:/home/student36/ws_moveit/install/kortex_bringup:/home/student36/ws_moveit/install/kinova_gen3_lite_moveit_config:/home/student36/ws_moveit/install/kinova_gen3_7dof_robotiq_2f_85_moveit_config:/home/student36/ws_moveit/install/kinova_gen3_6dof_robotiq_2f_85_moveit_config:/home/student36/ws_moveit/install/kortex_description:/home/student36/ws_moveit/install/robotiq_description:/home/student36/ws_moveit/install/robotiq_controllers:/home/student36/ws_moveit/install/pilz_industrial_motion_planner_testutils:/home/student36/ws_moveit/install/mycobot_280_moveit2:/home/student36/ws_moveit/install/moveit_runtime:/home/student36/ws_moveit/install/moveit:/home/student36/ws_moveit/install/elephant_arm:/home/student36/ws_moveit/install/moveit_planners:/home/student36/ws_moveit/install/pilz_industrial_motion_planner:/home/student36/ws_moveit/install/mycobot_description:/home/student36/ws_moveit/install/moveit_task_constructor_msgs:/home/student36/ws_moveit/install/moveit_ros_control_interface:/home/student36/ws_moveit/install/moveit_plugins:/home/student36/ws_moveit/install/moveit_simple_controller_manager:/home/student36/ws_moveit/install/moveit_setup_assistant:/home/student36/ws_moveit/install/moveit_setup_srdf_plugins:/home/student36/ws_moveit/install/moveit_setup_core_plugins:/home/student36/ws_moveit/install/moveit_setup_controllers:/home/student36/ws_moveit/install/moveit_setup_app_plugins:/home/student36/ws_moveit/install/moveit_setup_framework:/home/student36/ws_moveit/install/moveit_servo:/home/student36/ws_moveit/install/moveit_ros_trajectory_cache:/home/student36/ws_moveit/install/moveit_ros:/home/student36/ws_moveit/install/moveit_ros_visualization:/home/student36/ws_moveit/install/moveit_py:/home/student36/ws_moveit/install/moveit_hybrid_planning:/home/student36/ws_moveit/install/moveit_ros_planning_interface:/home/student36/ws_moveit/install/moveit_ros_benchmarks:/home/student36/ws_moveit/install/moveit_ros_warehouse:/home/student36/ws_moveit/install/moveit_ros_robot_interaction:/home/student36/ws_moveit/install/moveit_ros_perception:/home/student36/ws_moveit/install/moveit_resources_prbt_pg70_support:/home/student36/ws_moveit/install/moveit_resources_prbt_moveit_config:/home/student36/ws_moveit/install/moveit_ros_move_group:/home/student36/ws_moveit/install/moveit_planners_ompl:/home/student36/ws_moveit/install/moveit_kinematics:/home/student36/ws_moveit/install/moveit_ros_planning:/home/student36/ws_moveit/install/moveit_ros_occupancy_map_monitor:/home/student36/ws_moveit/install/moveit_resources_prbt_support:/home/student36/ws_moveit/install/moveit_resources_prbt_ikfast_manipulator_plugin:/home/student36/ws_moveit/install/moveit_resources:/home/student36/ws_moveit/install/moveit_resources_pr2_description:/home/student36/ws_moveit/install/moveit_resources_panda_moveit_config:/home/student36/ws_moveit/install/dual_arm_panda_moveit_config:/home/student36/ws_moveit/install/moveit_resources_panda_description:/home/student36/ws_moveit/install/moveit_resources_fanuc_moveit_config:/home/student36/ws_moveit/install/moveit_resources_fanuc_description:/home/student36/ws_moveit/install/moveit_planners_stomp:/home/student36/ws_moveit/install/moveit_planners_chomp:/home/student36/ws_moveit/install/chomp_motion_planner:/home/student36/ws_moveit/install/moveit_core:/home/student36/ws_moveit/install/moveit_msgs:/home/student36/ws_moveit/install/moveit_common:/home/student36/ws_moveit/install/kortex_driver:/home/student36/ws_moveit/install/kortex_api:/home/student36/rplidar_ws/install/rplidar_ros:/home/student36/elephant_arm_ws/install/mycobot_280_moveit2:/opt/ros/jazzy/opt/gz_sim_vendor:/opt/ros/jazzy/opt/gz_sensors_vendor:/opt/ros/jazzy/opt/gz_physics_vendor:/opt/ros/jazzy/opt/sdformat_vendor:/opt/ros/jazzy/opt/gz_gui_vendor:/opt/ros/jazzy/opt/gz_transport_vendor:/opt/ros/jazzy/opt/gz_rendering_vendor:/opt/ros/jazzy/opt/gz_plugin_vendor:/opt/ros/jazzy/opt/gz_fuel_tools_vendor:/opt/ros/jazzy/opt/gz_msgs_vendor:/opt/ros/jazzy/opt/gz_common_vendor:/opt/ros/jazzy/opt/gz_math_vendor:/opt/ros/jazzy/opt/gz_utils_vendor:/opt/ros/jazzy/opt/gz_tools_vendor:/opt/ros/jazzy/opt/gz_ogre_next_vendor:/opt/ros/jazzy/opt/gz_dartsim_vendor:/opt/ros/jazzy/opt/gz_cmake_vendor:/home/student36/ros2_tutorial_workspace/install/the_simplest_python_package:/home/student36/ros2_tutorial_workspace/install/python_package_with_a_node:/home/student36/ros2_tutorial_workspace/install/python_package_that_uses_the_library:/home/student36/ros2_tutorial_workspace/install/python_package_with_a_library:/home/student36/ros2_tutorial_workspace/install/python_package_that_uses_the_services:/home/student36/ros2_tutorial_workspace/install/python_package_that_uses_the_actions:/home/student36/ros2_tutorial_workspace/install/python_package_that_uses_tf2:/home/student36/ros2_tutorial_workspace/install/python_package_that_uses_parameters_and_launch_files:/home/student36/ros2_tutorial_workspace/install/python_package_that_uses_nottf2:/home/student36/ros2_tutorial_workspace/install/python_package_that_uses_nav2:/home/student36/ros2_tutorial_workspace/install/python_package_that_uses_messages:/home/student36/ros2_tutorial_workspace/install/python_package_that_uses_geometry_msgs:/home/student36/ros2_tutorial_workspace/install/python_package_that_uses_gazebo:/home/student36/ws_moveit/install/moveit_configs_utils:/home/student36/elephant_arm_ws/install/mycobot_description:/opt/ros/jazzy DEBUGINFOD_URLS=https://debuginfod.ubuntu.com /usr/bin/cmake --build /home/student36/RoboticsDesignProject/Git-repos/LeoRover-Team7/elephant_arm_ws/build/mycobot_ros2 -- -j12 -l12
[5.463s] DEBUG:colcon.colcon_core.event_handler.log_command:Invoking command in '/home/student36/RoboticsDesignProject/Git-repos/LeoRover-Team7/elephant_arm_ws/build/mycobot_ros2': CMAKE_PREFIX_PATH=/home/student36/RoboticsDesignProject/Git-repos/LeoRover-Team7/elephant_arm_ws/install/mycobot_description:/home/student36/RoboticsDesignProject/Git-repos/LeoRover-Team7/elephant_arm_ws/install/mtc_tutorial:/home/student36/RoboticsDesignProject/Git-repos/LeoRover-Team7/elephant_arm_ws/install/moveit_task_constructor_demo:/home/student36/RoboticsDesignProject/Git-repos/LeoRover-Team7/elephant_arm_ws/install/moveit_task_constructor_visualization:/home/student36/RoboticsDesignProject/Git-repos/LeoRover-Team7/elephant_arm_ws/install/moveit_task_constructor_capabilities:/home/student36/RoboticsDesignProject/Git-repos/LeoRover-Team7/elephant_arm_ws/install/moveit_task_constructor_core:/home/student36/RoboticsDesignProject/Git-repos/LeoRover-Team7/elephant_arm_ws/install/rviz_marker_tools:/home/student36/RoboticsDesignProject/Git-repos/LeoRover-Team7/elephant_arm_ws/install/mycobot_ros2:/home/student36/RoboticsDesignProject/Git-repos/LeoRover-Team7/elephant_arm_ws/install/mycobot_moveit_config:/home/student36/RoboticsDesignProject/Git-repos/LeoRover-Team7/elephant_arm_ws/install/mycobot_gazebo:/home/student36/RoboticsDesignProject/Git-repos/LeoRover-Team7/elephant_arm_ws/install/mycobot_bringup:/home/student36/RoboticsDesignProject/Git-repos/LeoRover-Team7/elephant_arm_ws/install/moveit_task_constructor_msgs:/home/student36/RoboticsDesignProject/Git-repos/LeoRover-Team7/elephant_arm_ws/install/hello_moveit:/home/student36/ros2_tutorial_workspace/install/package_with_interfaces:/home/student36/ws_moveit/install/robotiq_hardware_tests:/home/student36/ws_moveit/install/robotiq_driver:/home/student36/ws_moveit/install/serial:/home/student36/ws_moveit/install/moveit2_tutorials:/home/student36/ws_moveit/install/hello_moveit:/home/student36/ws_moveit/install/moveit_visual_tools:/home/student36/ws_moveit/install/rviz_visual_tools:/home/student36/ws_moveit/install/mtc_tutorial:/home/student36/ws_moveit/install/moveit_task_constructor_demo:/home/student36/ws_moveit/install/moveit_task_constructor_visualization:/home/student36/ws_moveit/install/moveit_task_constructor_capabilities:/home/student36/ws_moveit/install/elephant:/home/student36/ws_moveit/install/moveit_task_constructor_core:/home/student36/ws_moveit/install/rviz_marker_tools:/home/student36/ws_moveit/install/kortex_bringup:/home/student36/ws_moveit/install/kinova_gen3_lite_moveit_config:/home/student36/ws_moveit/install/kinova_gen3_7dof_robotiq_2f_85_moveit_config:/home/student36/ws_moveit/install/kinova_gen3_6dof_robotiq_2f_85_moveit_config:/home/student36/ws_moveit/install/kortex_description:/home/student36/ws_moveit/install/robotiq_description:/home/student36/ws_moveit/install/robotiq_controllers:/home/student36/ws_moveit/install/pilz_industrial_motion_planner_testutils:/home/student36/ws_moveit/install/mycobot_280_moveit2:/home/student36/ws_moveit/install/moveit_runtime:/home/student36/ws_moveit/install/moveit:/home/student36/ws_moveit/install/elephant_arm:/home/student36/ws_moveit/install/moveit_planners:/home/student36/ws_moveit/install/pilz_industrial_motion_planner:/home/student36/ws_moveit/install/mycobot_description:/home/student36/ws_moveit/install/moveit_task_constructor_msgs:/home/student36/ws_moveit/install/moveit_ros_control_interface:/home/student36/ws_moveit/install/moveit_plugins:/home/student36/ws_moveit/install/moveit_simple_controller_manager:/home/student36/ws_moveit/install/moveit_setup_assistant:/home/student36/ws_moveit/install/moveit_setup_srdf_plugins:/home/student36/ws_moveit/install/moveit_setup_core_plugins:/home/student36/ws_moveit/install/moveit_setup_controllers:/home/student36/ws_moveit/install/moveit_setup_app_plugins:/home/student36/ws_moveit/install/moveit_setup_framework:/home/student36/ws_moveit/install/moveit_servo:/home/student36/ws_moveit/install/moveit_ros_trajectory_cache:/home/student36/ws_moveit/install/moveit_ros:/home/student36/ws_moveit/install/moveit_ros_visualization:/home/student36/ws_moveit/install/moveit_py:/home/student36/ws_moveit/install/moveit_hybrid_planning:/home/student36/ws_moveit/install/moveit_ros_planning_interface:/home/student36/ws_moveit/install/moveit_ros_benchmarks:/home/student36/ws_moveit/install/moveit_ros_warehouse:/home/student36/ws_moveit/install/moveit_ros_robot_interaction:/home/student36/ws_moveit/install/moveit_ros_perception:/home/student36/ws_moveit/install/moveit_resources_prbt_pg70_support:/home/student36/ws_moveit/install/moveit_resources_prbt_moveit_config:/home/student36/ws_moveit/install/moveit_ros_move_group:/home/student36/ws_moveit/install/moveit_planners_ompl:/home/student36/ws_moveit/install/moveit_kinematics:/home/student36/ws_moveit/install/moveit_ros_planning:/home/student36/ws_moveit/install/moveit_ros_occupancy_map_monitor:/home/student36/ws_moveit/install/moveit_resources_prbt_support:/home/student36/ws_moveit/install/moveit_resources_prbt_ikfast_manipulator_plugin:/home/student36/ws_moveit/install/moveit_resources:/home/student36/ws_moveit/install/moveit_resources_pr2_description:/home/student36/ws_moveit/install/moveit_resources_panda_moveit_config:/home/student36/ws_moveit/install/dual_arm_panda_moveit_config:/home/student36/ws_moveit/install/moveit_resources_panda_description:/home/student36/ws_moveit/install/moveit_resources_fanuc_moveit_config:/home/student36/ws_moveit/install/moveit_resources_fanuc_description:/home/student36/ws_moveit/install/moveit_planners_stomp:/home/student36/ws_moveit/install/moveit_planners_chomp:/home/student36/ws_moveit/install/chomp_motion_planner:/home/student36/ws_moveit/install/moveit_core:/home/student36/ws_moveit/install/moveit_msgs:/home/student36/ws_moveit/install/moveit_common:/home/student36/ws_moveit/install/kortex_driver:/home/student36/ws_moveit/install/kortex_api:/home/student36/rplidar_ws/install/rplidar_ros:/home/student36/elephant_arm_ws/install/mycobot_280_moveit2:/opt/ros/jazzy/opt/gz_sim_vendor:/opt/ros/jazzy/opt/gz_sensors_vendor:/opt/ros/jazzy/opt/gz_physics_vendor:/opt/ros/jazzy/opt/sdformat_vendor:/opt/ros/jazzy/opt/gz_gui_vendor:/opt/ros/jazzy/opt/gz_transport_vendor:/opt/ros/jazzy/opt/gz_rendering_vendor:/opt/ros/jazzy/opt/gz_plugin_vendor:/opt/ros/jazzy/opt/gz_fuel_tools_vendor:/opt/ros/jazzy/opt/gz_msgs_vendor:/opt/ros/jazzy/opt/gz_common_vendor:/opt/ros/jazzy/opt/gz_math_vendor:/opt/ros/jazzy/opt/gz_utils_vendor:/opt/ros/jazzy/opt/gz_tools_vendor:/opt/ros/jazzy/opt/gz_ogre_next_vendor:/opt/ros/jazzy/opt/gz_dartsim_vendor:/opt/ros/jazzy/opt/gz_cmake_vendor:/home/student36/ros2_tutorial_workspace/install/the_simplest_python_package:/home/student36/ros2_tutorial_workspace/install/python_package_with_a_node:/home/student36/ros2_tutorial_workspace/install/python_package_that_uses_the_library:/home/student36/ros2_tutorial_workspace/install/python_package_with_a_library:/home/student36/ros2_tutorial_workspace/install/python_package_that_uses_the_services:/home/student36/ros2_tutorial_workspace/install/python_package_that_uses_the_actions:/home/student36/ros2_tutorial_workspace/install/python_package_that_uses_tf2:/home/student36/ros2_tutorial_workspace/install/python_package_that_uses_parameters_and_launch_files:/home/student36/ros2_tutorial_workspace/install/python_package_that_uses_nottf2:/home/student36/ros2_tutorial_workspace/install/python_package_that_uses_nav2:/home/student36/ros2_tutorial_workspace/install/python_package_that_uses_messages:/home/student36/ros2_tutorial_workspace/install/python_package_that_uses_geometry_msgs:/home/student36/ros2_tutorial_workspace/install/python_package_that_uses_gazebo:/home/student36/ws_moveit/install/moveit_configs_utils:/home/student36/elephant_arm_ws/install/mycobot_description:/opt/ros/jazzy DEBUGINFOD_URLS=https://debuginfod.ubuntu.com /usr/bin/cmake --install /home/student36/RoboticsDesignProject/Git-repos/LeoRover-Team7/elephant_arm_ws/build/mycobot_ros2
[5.534s] Level 1:colcon.colcon_core.environment:create_environment_scripts_only(mycobot_ros2)
[5.536s] Level 1:colcon.colcon_core.environment:checking '/home/student36/RoboticsDesignProject/Git-repos/LeoRover-Team7/elephant_arm_ws/install/mycobot_ros2' for CMake module files
[5.538s] Level 1:colcon.colcon_core.environment:checking '/home/student36/RoboticsDesignProject/Git-repos/LeoRover-Team7/elephant_arm_ws/install/mycobot_ros2' for CMake config files
[5.539s] Level 1:colcon.colcon_core.shell:create_environment_hook('mycobot_ros2', 'cmake_prefix_path')
[5.535s] DEBUG:colcon.colcon_core.event_handler.log_command:Invoked command in '/home/student36/RoboticsDesignProject/Git-repos/LeoRover-Team7/elephant_arm_ws/build/mycobot_ros2' returned '0': CMAKE_PREFIX_PATH=/home/student36/RoboticsDesignProject/Git-repos/LeoRover-Team7/elephant_arm_ws/install/mycobot_description:/home/student36/RoboticsDesignProject/Git-repos/LeoRover-Team7/elephant_arm_ws/install/mtc_tutorial:/home/student36/RoboticsDesignProject/Git-repos/LeoRover-Team7/elephant_arm_ws/install/moveit_task_constructor_demo:/home/student36/RoboticsDesignProject/Git-repos/LeoRover-Team7/elephant_arm_ws/install/moveit_task_constructor_visualization:/home/student36/RoboticsDesignProject/Git-repos/LeoRover-Team7/elephant_arm_ws/install/moveit_task_constructor_capabilities:/home/student36/RoboticsDesignProject/Git-repos/LeoRover-Team7/elephant_arm_ws/install/moveit_task_constructor_core:/home/student36/RoboticsDesignProject/Git-repos/LeoRover-Team7/elephant_arm_ws/install/rviz_marker_tools:/home/student36/RoboticsDesignProject/Git-repos/LeoRover-Team7/elephant_arm_ws/install/mycobot_ros2:/home/student36/RoboticsDesignProject/Git-repos/LeoRover-Team7/elephant_arm_ws/install/mycobot_moveit_config:/home/student36/RoboticsDesignProject/Git-repos/LeoRover-Team7/elephant_arm_ws/install/mycobot_gazebo:/home/student36/RoboticsDesignProject/Git-repos/LeoRover-Team7/elephant_arm_ws/install/mycobot_bringup:/home/student36/RoboticsDesignProject/Git-repos/LeoRover-Team7/elephant_arm_ws/install/moveit_task_constructor_msgs:/home/student36/RoboticsDesignProject/Git-repos/LeoRover-Team7/elephant_arm_ws/install/hello_moveit:/home/student36/ros2_tutorial_workspace/install/package_with_interfaces:/home/student36/ws_moveit/install/robotiq_hardware_tests:/home/student36/ws_moveit/install/robotiq_driver:/home/student36/ws_moveit/install/serial:/home/student36/ws_moveit/install/moveit2_tutorials:/home/student36/ws_moveit/install/hello_moveit:/home/student36/ws_moveit/install/moveit_visual_tools:/home/student36/ws_moveit/install/rviz_visual_tools:/home/student36/ws_moveit/install/mtc_tutorial:/home/student36/ws_moveit/install/moveit_task_constructor_demo:/home/student36/ws_moveit/install/moveit_task_constructor_visualization:/home/student36/ws_moveit/install/moveit_task_constructor_capabilities:/home/student36/ws_moveit/install/elephant:/home/student36/ws_moveit/install/moveit_task_constructor_core:/home/student36/ws_moveit/install/rviz_marker_tools:/home/student36/ws_moveit/install/kortex_bringup:/home/student36/ws_moveit/install/kinova_gen3_lite_moveit_config:/home/student36/ws_moveit/install/kinova_gen3_7dof_robotiq_2f_85_moveit_config:/home/student36/ws_moveit/install/kinova_gen3_6dof_robotiq_2f_85_moveit_config:/home/student36/ws_moveit/install/kortex_description:/home/student36/ws_moveit/install/robotiq_description:/home/student36/ws_moveit/install/robotiq_controllers:/home/student36/ws_moveit/install/pilz_industrial_motion_planner_testutils:/home/student36/ws_moveit/install/mycobot_280_moveit2:/home/student36/ws_moveit/install/moveit_runtime:/home/student36/ws_moveit/install/moveit:/home/student36/ws_moveit/install/elephant_arm:/home/student36/ws_moveit/install/moveit_planners:/home/student36/ws_moveit/install/pilz_industrial_motion_planner:/home/student36/ws_moveit/install/mycobot_description:/home/student36/ws_moveit/install/moveit_task_constructor_msgs:/home/student36/ws_moveit/install/moveit_ros_control_interface:/home/student36/ws_moveit/install/moveit_plugins:/home/student36/ws_moveit/install/moveit_simple_controller_manager:/home/student36/ws_moveit/install/moveit_setup_assistant:/home/student36/ws_moveit/install/moveit_setup_srdf_plugins:/home/student36/ws_moveit/install/moveit_setup_core_plugins:/home/student36/ws_moveit/install/moveit_setup_controllers:/home/student36/ws_moveit/install/moveit_setup_app_plugins:/home/student36/ws_moveit/install/moveit_setup_framework:/home/student36/ws_moveit/install/moveit_servo:/home/student36/ws_moveit/install/moveit_ros_trajectory_cache:/home/student36/ws_moveit/install/moveit_ros:/home/student36/ws_moveit/install/moveit_ros_visualization:/home/student36/ws_moveit/install/moveit_py:/home/student36/ws_moveit/install/moveit_hybrid_planning:/home/student36/ws_moveit/install/moveit_ros_planning_interface:/home/student36/ws_moveit/install/moveit_ros_benchmarks:/home/student36/ws_moveit/install/moveit_ros_warehouse:/home/student36/ws_moveit/install/moveit_ros_robot_interaction:/home/student36/ws_moveit/install/moveit_ros_perception:/home/student36/ws_moveit/install/moveit_resources_prbt_pg70_support:/home/student36/ws_moveit/install/moveit_resources_prbt_moveit_config:/home/student36/ws_moveit/install/moveit_ros_move_group:/home/student36/ws_moveit/install/moveit_planners_ompl:/home/student36/ws_moveit/install/moveit_kinematics:/home/student36/ws_moveit/install/moveit_ros_planning:/home/student36/ws_moveit/install/moveit_ros_occupancy_map_monitor:/home/student36/ws_moveit/install/moveit_resources_prbt_support:/home/student36/ws_moveit/install/moveit_resources_prbt_ikfast_manipulator_plugin:/home/student36/ws_moveit/install/moveit_resources:/home/student36/ws_moveit/install/moveit_resources_pr2_description:/home/student36/ws_moveit/install/moveit_resources_panda_moveit_config:/home/student36/ws_moveit/install/dual_arm_panda_moveit_config:/home/student36/ws_moveit/install/moveit_resources_panda_description:/home/student36/ws_moveit/install/moveit_resources_fanuc_moveit_config:/home/student36/ws_moveit/install/moveit_resources_fanuc_description:/home/student36/ws_moveit/install/moveit_planners_stomp:/home/student36/ws_moveit/install/moveit_planners_chomp:/home/student36/ws_moveit/install/chomp_motion_planner:/home/student36/ws_moveit/install/moveit_core:/home/student36/ws_moveit/install/moveit_msgs:/home/student36/ws_moveit/install/moveit_common:/home/student36/ws_moveit/install/kortex_driver:/home/student36/ws_moveit/install/kortex_api:/home/student36/rplidar_ws/install/rplidar_ros:/home/student36/elephant_arm_ws/install/mycobot_280_moveit2:/opt/ros/jazzy/opt/gz_sim_vendor:/opt/ros/jazzy/opt/gz_sensors_vendor:/opt/ros/jazzy/opt/gz_physics_vendor:/opt/ros/jazzy/opt/sdformat_vendor:/opt/ros/jazzy/opt/gz_gui_vendor:/opt/ros/jazzy/opt/gz_transport_vendor:/opt/ros/jazzy/opt/gz_rendering_vendor:/opt/ros/jazzy/opt/gz_plugin_vendor:/opt/ros/jazzy/opt/gz_fuel_tools_vendor:/opt/ros/jazzy/opt/gz_msgs_vendor:/opt/ros/jazzy/opt/gz_common_vendor:/opt/ros/jazzy/opt/gz_math_vendor:/opt/ros/jazzy/opt/gz_utils_vendor:/opt/ros/jazzy/opt/gz_tools_vendor:/opt/ros/jazzy/opt/gz_ogre_next_vendor:/opt/ros/jazzy/opt/gz_dartsim_vendor:/opt/ros/jazzy/opt/gz_cmake_vendor:/home/student36/ros2_tutorial_workspace/install/the_simplest_python_package:/home/student36/ros2_tutorial_workspace/install/python_package_with_a_node:/home/student36/ros2_tutorial_workspace/install/python_package_that_uses_the_library:/home/student36/ros2_tutorial_workspace/install/python_package_with_a_library:/home/student36/ros2_tutorial_workspace/install/python_package_that_uses_the_services:/home/student36/ros2_tutorial_workspace/install/python_package_that_uses_the_actions:/home/student36/ros2_tutorial_workspace/install/python_package_that_uses_tf2:/home/student36/ros2_tutorial_workspace/install/python_package_that_uses_parameters_and_launch_files:/home/student36/ros2_tutorial_workspace/install/python_package_that_uses_nottf2:/home/student36/ros2_tutorial_workspace/install/python_package_that_uses_nav2:/home/student36/ros2_tutorial_workspace/install/python_package_that_uses_messages:/home/student36/ros2_tutorial_workspace/install/python_package_that_uses_geometry_msgs:/home/student36/ros2_tutorial_workspace/install/python_package_that_uses_gazebo:/home/student36/ws_moveit/install/moveit_configs_utils:/home/student36/elephant_arm_ws/install/mycobot_description:/opt/ros/jazzy DEBUGINFOD_URLS=https://debuginfod.ubuntu.com /usr/bin/cmake --install /home/student36/RoboticsDesignProject/Git-repos/LeoRover-Team7/elephant_arm_ws/build/mycobot_ros2
[5.542s] INFO:colcon.colcon_core.shell:Creating environment hook '/home/student36/RoboticsDesignProject/Git-repos/LeoRover-Team7/elephant_arm_ws/install/mycobot_ros2/share/mycobot_ros2/hook/cmake_prefix_path.ps1'
[5.543s] INFO:colcon.colcon_core.shell:Creating environment descriptor '/home/student36/RoboticsDesignProject/Git-repos/LeoRover-Team7/elephant_arm_ws/install/mycobot_ros2/share/mycobot_ros2/hook/cmake_prefix_path.dsv'
[5.545s] INFO:colcon.colcon_core.shell:Creating environment hook '/home/student36/RoboticsDesignProject/Git-repos/LeoRover-Team7/elephant_arm_ws/install/mycobot_ros2/share/mycobot_ros2/hook/cmake_prefix_path.sh'
[5.548s] Level 1:colcon.colcon_core.environment:checking '/home/student36/RoboticsDesignProject/Git-repos/LeoRover-Team7/elephant_arm_ws/install/mycobot_ros2/bin'
[5.549s] Level 1:colcon.colcon_core.environment:checking '/home/student36/RoboticsDesignProject/Git-repos/LeoRover-Team7/elephant_arm_ws/install/mycobot_ros2/lib/pkgconfig/mycobot_ros2.pc'
[5.550s] Level 1:colcon.colcon_core.environment:checking '/home/student36/RoboticsDesignProject/Git-repos/LeoRover-Team7/elephant_arm_ws/install/mycobot_ros2/lib/python3.12/site-packages'
[5.552s] Level 1:colcon.colcon_core.environment:checking '/home/student36/RoboticsDesignProject/Git-repos/LeoRover-Team7/elephant_arm_ws/install/mycobot_ros2/bin'
[5.553s] INFO:colcon.colcon_core.shell:Creating package script '/home/student36/RoboticsDesignProject/Git-repos/LeoRover-Team7/elephant_arm_ws/install/mycobot_ros2/share/mycobot_ros2/package.ps1'
[5.554s] INFO:colcon.colcon_core.shell:Creating package descriptor '/home/student36/RoboticsDesignProject/Git-repos/LeoRover-Team7/elephant_arm_ws/install/mycobot_ros2/share/mycobot_ros2/package.dsv'
[5.556s] INFO:colcon.colcon_core.shell:Creating package script '/home/student36/RoboticsDesignProject/Git-repos/LeoRover-Team7/elephant_arm_ws/install/mycobot_ros2/share/mycobot_ros2/package.sh'
[5.563s] INFO:colcon.colcon_core.shell:Creating package script '/home/student36/RoboticsDesignProject/Git-repos/LeoRover-Team7/elephant_arm_ws/install/mycobot_ros2/share/mycobot_ros2/package.bash'
[5.568s] INFO:colcon.colcon_core.shell:Creating package script '/home/student36/RoboticsDesignProject/Git-repos/LeoRover-Team7/elephant_arm_ws/install/mycobot_ros2/share/mycobot_ros2/package.zsh'
[5.570s] Level 1:colcon.colcon_core.environment:create_file_with_runtime_dependencies(/home/student36/RoboticsDesignProject/Git-repos/LeoRover-Team7/elephant_arm_ws/install/mycobot_ros2/share/colcon-core/packages/mycobot_ros2)
[5.573s] Level 1:colcon.colcon_core.environment:create_environment_scripts_only(mycobot_ros2)
[5.573s] Level 1:colcon.colcon_core.environment:checking '/home/student36/RoboticsDesignProject/Git-repos/LeoRover-Team7/elephant_arm_ws/install/mycobot_ros2' for CMake module files
[5.575s] Level 1:colcon.colcon_core.environment:checking '/home/student36/RoboticsDesignProject/Git-repos/LeoRover-Team7/elephant_arm_ws/install/mycobot_ros2' for CMake config files
[5.576s] Level 1:colcon.colcon_core.shell:create_environment_hook('mycobot_ros2', 'cmake_prefix_path')
[5.576s] INFO:colcon.colcon_core.shell:Creating environment hook '/home/student36/RoboticsDesignProject/Git-repos/LeoRover-Team7/elephant_arm_ws/install/mycobot_ros2/share/mycobot_ros2/hook/cmake_prefix_path.ps1'
[5.579s] INFO:colcon.colcon_core.shell:Creating environment descriptor '/home/student36/RoboticsDesignProject/Git-repos/LeoRover-Team7/elephant_arm_ws/install/mycobot_ros2/share/mycobot_ros2/hook/cmake_prefix_path.dsv'
[5.579s] INFO:colcon.colcon_core.shell:Creating environment hook '/home/student36/RoboticsDesignProject/Git-repos/LeoRover-Team7/elephant_arm_ws/install/mycobot_ros2/share/mycobot_ros2/hook/cmake_prefix_path.sh'
[5.581s] Level 1:colcon.colcon_core.environment:checking '/home/student36/RoboticsDesignProject/Git-repos/LeoRover-Team7/elephant_arm_ws/install/mycobot_ros2/bin'
[5.581s] Level 1:colcon.colcon_core.environment:checking '/home/student36/RoboticsDesignProject/Git-repos/LeoRover-Team7/elephant_arm_ws/install/mycobot_ros2/lib/pkgconfig/mycobot_ros2.pc'
[5.581s] Level 1:colcon.colcon_core.environment:checking '/home/student36/RoboticsDesignProject/Git-repos/LeoRover-Team7/elephant_arm_ws/install/mycobot_ros2/lib/python3.12/site-packages'
[5.582s] Level 1:colcon.colcon_core.environment:checking '/home/student36/RoboticsDesignProject/Git-repos/LeoRover-Team7/elephant_arm_ws/install/mycobot_ros2/bin'
[5.583s] INFO:colcon.colcon_core.shell:Creating package script '/home/student36/RoboticsDesignProject/Git-repos/LeoRover-Team7/elephant_arm_ws/install/mycobot_ros2/share/mycobot_ros2/package.ps1'
[5.601s] INFO:colcon.colcon_core.shell:Creating package descriptor '/home/student36/RoboticsDesignProject/Git-repos/LeoRover-Team7/elephant_arm_ws/install/mycobot_ros2/share/mycobot_ros2/package.dsv'
[5.604s] INFO:colcon.colcon_core.shell:Creating package script '/home/student36/RoboticsDesignProject/Git-repos/LeoRover-Team7/elephant_arm_ws/install/mycobot_ros2/share/mycobot_ros2/package.sh'
[5.608s] INFO:colcon.colcon_core.shell:Creating package script '/home/student36/RoboticsDesignProject/Git-repos/LeoRover-Team7/elephant_arm_ws/install/mycobot_ros2/share/mycobot_ros2/package.bash'
[5.614s] INFO:colcon.colcon_core.shell:Creating package script '/home/student36/RoboticsDesignProject/Git-repos/LeoRover-Team7/elephant_arm_ws/install/mycobot_ros2/share/mycobot_ros2/package.zsh'
[5.616s] Level 1:colcon.colcon_core.environment:create_file_with_runtime_dependencies(/home/student36/RoboticsDesignProject/Git-repos/LeoRover-Team7/elephant_arm_ws/install/mycobot_ros2/share/colcon-core/packages/mycobot_ros2)
[17.390s] DEBUG:colcon.colcon_core.event_handler.log_command:Invoked command in '/home/student36/RoboticsDesignProject/Git-repos/LeoRover-Team7/elephant_arm_ws/build/moveit_task_constructor_msgs' returned '-9': CMAKE_PREFIX_PATH=${CMAKE_PREFIX_PATH}:/home/student36/ros2_tutorial_workspace/install/the_simplest_python_package:/home/student36/ros2_tutorial_workspace/install/python_package_with_a_node:/home/student36/ros2_tutorial_workspace/install/python_package_that_uses_the_library:/home/student36/ros2_tutorial_workspace/install/python_package_with_a_library:/home/student36/ros2_tutorial_workspace/install/python_package_that_uses_the_services:/home/student36/ros2_tutorial_workspace/install/python_package_that_uses_the_actions:/home/student36/ros2_tutorial_workspace/install/python_package_that_uses_tf2:/home/student36/ros2_tutorial_workspace/install/python_package_that_uses_parameters_and_launch_files:/home/student36/ros2_tutorial_workspace/install/python_package_that_uses_nottf2:/home/student36/ros2_tutorial_workspace/install/python_package_that_uses_nav2:/home/student36/ros2_tutorial_workspace/install/python_package_that_uses_messages:/home/student36/ros2_tutorial_workspace/install/python_package_that_uses_geometry_msgs:/home/student36/ros2_tutorial_workspace/install/python_package_that_uses_gazebo:/home/student36/ws_moveit/install/moveit_configs_utils:/home/student36/elephant_arm_ws/install/mycobot_description:/opt/ros/jazzy DEBUGINFOD_URLS=https://debuginfod.ubuntu.com /usr/bin/cmake --build /home/student36/RoboticsDesignProject/Git-repos/LeoRover-Team7/elephant_arm_ws/build/moveit_task_constructor_msgs -- -j12 -l12
[17.392s] Level 1:colcon.colcon_core.environment:create_environment_scripts_only(moveit_task_constructor_msgs)
[17.394s] Level 1:colcon.colcon_core.environment:checking '/home/student36/RoboticsDesignProject/Git-repos/LeoRover-Team7/elephant_arm_ws/install/moveit_task_constructor_msgs' for CMake module files
[17.396s] Level 1:colcon.colcon_core.environment:checking '/home/student36/RoboticsDesignProject/Git-repos/LeoRover-Team7/elephant_arm_ws/install/moveit_task_constructor_msgs' for CMake config files
[17.401s] Level 1:colcon.colcon_core.shell:create_environment_hook('moveit_task_constructor_msgs', 'cmake_prefix_path')
[17.402s] INFO:colcon.colcon_core.shell:Creating environment hook '/home/student36/RoboticsDesignProject/Git-repos/LeoRover-Team7/elephant_arm_ws/install/moveit_task_constructor_msgs/share/moveit_task_constructor_msgs/hook/cmake_prefix_path.ps1'
[17.406s] INFO:colcon.colcon_core.shell:Creating environment descriptor '/home/student36/RoboticsDesignProject/Git-repos/LeoRover-Team7/elephant_arm_ws/install/moveit_task_constructor_msgs/share/moveit_task_constructor_msgs/hook/cmake_prefix_path.dsv'
[17.407s] INFO:colcon.colcon_core.shell:Creating environment hook '/home/student36/RoboticsDesignProject/Git-repos/LeoRover-Team7/elephant_arm_ws/install/moveit_task_constructor_msgs/share/moveit_task_constructor_msgs/hook/cmake_prefix_path.sh'
[17.409s] Level 1:colcon.colcon_core.environment:checking '/home/student36/RoboticsDesignProject/Git-repos/LeoRover-Team7/elephant_arm_ws/install/moveit_task_constructor_msgs/lib'
[17.410s] Level 1:colcon.colcon_core.shell:create_environment_hook('moveit_task_constructor_msgs', 'ld_library_path_lib')
[17.410s] INFO:colcon.colcon_core.shell:Creating environment hook '/home/student36/RoboticsDesignProject/Git-repos/LeoRover-Team7/elephant_arm_ws/install/moveit_task_constructor_msgs/share/moveit_task_constructor_msgs/hook/ld_library_path_lib.ps1'
[17.411s] INFO:colcon.colcon_core.shell:Creating environment descriptor '/home/student36/RoboticsDesignProject/Git-repos/LeoRover-Team7/elephant_arm_ws/install/moveit_task_constructor_msgs/share/moveit_task_constructor_msgs/hook/ld_library_path_lib.dsv'
[17.412s] INFO:colcon.colcon_core.shell:Creating environment hook '/home/student36/RoboticsDesignProject/Git-repos/LeoRover-Team7/elephant_arm_ws/install/moveit_task_constructor_msgs/share/moveit_task_constructor_msgs/hook/ld_library_path_lib.sh'
[17.412s] Level 1:colcon.colcon_core.environment:checking '/home/student36/RoboticsDesignProject/Git-repos/LeoRover-Team7/elephant_arm_ws/install/moveit_task_constructor_msgs/bin'
[17.412s] Level 1:colcon.colcon_core.environment:checking '/home/student36/RoboticsDesignProject/Git-repos/LeoRover-Team7/elephant_arm_ws/install/moveit_task_constructor_msgs/lib/pkgconfig/moveit_task_constructor_msgs.pc'
[17.413s] Level 1:colcon.colcon_core.environment:checking '/home/student36/RoboticsDesignProject/Git-repos/LeoRover-Team7/elephant_arm_ws/install/moveit_task_constructor_msgs/lib/python3.12/site-packages'
[17.413s] Level 1:colcon.colcon_core.shell:create_environment_hook('moveit_task_constructor_msgs', 'pythonpath')
[17.413s] INFO:colcon.colcon_core.shell:Creating environment hook '/home/student36/RoboticsDesignProject/Git-repos/LeoRover-Team7/elephant_arm_ws/install/moveit_task_constructor_msgs/share/moveit_task_constructor_msgs/hook/pythonpath.ps1'
[17.415s] INFO:colcon.colcon_core.shell:Creating environment descriptor '/home/student36/RoboticsDesignProject/Git-repos/LeoRover-Team7/elephant_arm_ws/install/moveit_task_constructor_msgs/share/moveit_task_constructor_msgs/hook/pythonpath.dsv'
[17.415s] INFO:colcon.colcon_core.shell:Creating environment hook '/home/student36/RoboticsDesignProject/Git-repos/LeoRover-Team7/elephant_arm_ws/install/moveit_task_constructor_msgs/share/moveit_task_constructor_msgs/hook/pythonpath.sh'
[17.418s] Level 1:colcon.colcon_core.environment:checking '/home/student36/RoboticsDesignProject/Git-repos/LeoRover-Team7/elephant_arm_ws/install/moveit_task_constructor_msgs/bin'
[17.419s] INFO:colcon.colcon_core.shell:Creating package script '/home/student36/RoboticsDesignProject/Git-repos/LeoRover-Team7/elephant_arm_ws/install/moveit_task_constructor_msgs/share/moveit_task_constructor_msgs/package.ps1'
[17.421s] INFO:colcon.colcon_core.shell:Creating package descriptor '/home/student36/RoboticsDesignProject/Git-repos/LeoRover-Team7/elephant_arm_ws/install/moveit_task_constructor_msgs/share/moveit_task_constructor_msgs/package.dsv'
[17.423s] INFO:colcon.colcon_core.shell:Creating package script '/home/student36/RoboticsDesignProject/Git-repos/LeoRover-Team7/elephant_arm_ws/install/moveit_task_constructor_msgs/share/moveit_task_constructor_msgs/package.sh'
[17.425s] INFO:colcon.colcon_core.shell:Creating package script '/home/student36/RoboticsDesignProject/Git-repos/LeoRover-Team7/elephant_arm_ws/install/moveit_task_constructor_msgs/share/moveit_task_constructor_msgs/package.bash'
[17.426s] INFO:colcon.colcon_core.shell:Creating package script '/home/student36/RoboticsDesignProject/Git-repos/LeoRover-Team7/elephant_arm_ws/install/moveit_task_constructor_msgs/share/moveit_task_constructor_msgs/package.zsh'
[17.428s] Level 1:colcon.colcon_core.environment:create_file_with_runtime_dependencies(/home/student36/RoboticsDesignProject/Git-repos/LeoRover-Team7/elephant_arm_ws/install/moveit_task_constructor_msgs/share/colcon-core/packages/moveit_task_constructor_msgs)
[17.467s] DEBUG:colcon.colcon_parallel_executor.executor.parallel:closing loop
[17.467s] DEBUG:colcon.colcon_parallel_executor.executor.parallel:loop closed
[17.468s] DEBUG:colcon.colcon_parallel_executor.executor.parallel:run_until_complete finished with '-9'
[17.468s] DEBUG:colcon.colcon_core.event_reactor:joining thread
[17.516s] INFO:colcon.colcon_core.plugin_system:Skipping extension 'colcon_notification.desktop_notification.terminal_notifier': Not used on non-Darwin systems
[17.517s] INFO:colcon.colcon_core.plugin_system:Skipping extension 'colcon_notification.desktop_notification.win32': Not used on non-Windows systems
[17.517s] INFO:colcon.colcon_notification.desktop_notification:Sending desktop notification using 'notify2'
[17.738s] DEBUG:colcon.colcon_core.event_reactor:joined thread
[17.739s] INFO:colcon.colcon_core.shell:Creating prefix script '/home/student36/RoboticsDesignProject/Git-repos/LeoRover-Team7/elephant_arm_ws/install/local_setup.ps1'
[17.742s] INFO:colcon.colcon_core.shell:Creating prefix util module '/home/student36/RoboticsDesignProject/Git-repos/LeoRover-Team7/elephant_arm_ws/install/_local_setup_util_ps1.py'
[17.746s] INFO:colcon.colcon_core.shell:Creating prefix chain script '/home/student36/RoboticsDesignProject/Git-repos/LeoRover-Team7/elephant_arm_ws/install/setup.ps1'
[17.760s] INFO:colcon.colcon_core.shell:Creating prefix script '/home/student36/RoboticsDesignProject/Git-repos/LeoRover-Team7/elephant_arm_ws/install/local_setup.sh'
[17.762s] INFO:colcon.colcon_core.shell:Creating prefix util module '/home/student36/RoboticsDesignProject/Git-repos/LeoRover-Team7/elephant_arm_ws/install/_local_setup_util_sh.py'
[17.763s] INFO:colcon.colcon_core.shell:Creating prefix chain script '/home/student36/RoboticsDesignProject/Git-repos/LeoRover-Team7/elephant_arm_ws/install/setup.sh'
[17.776s] INFO:colcon.colcon_core.shell:Creating prefix script '/home/student36/RoboticsDesignProject/Git-repos/LeoRover-Team7/elephant_arm_ws/install/local_setup.bash'
[17.779s] INFO:colcon.colcon_core.shell:Creating prefix chain script '/home/student36/RoboticsDesignProject/Git-repos/LeoRover-Team7/elephant_arm_ws/install/setup.bash'
[17.798s] INFO:colcon.colcon_core.shell:Creating prefix script '/home/student36/RoboticsDesignProject/Git-repos/LeoRover-Team7/elephant_arm_ws/install/local_setup.zsh'
[17.801s] INFO:colcon.colcon_core.shell:Creating prefix chain script '/home/student36/RoboticsDesignProject/Git-repos/LeoRover-Team7/elephant_arm_ws/install/setup.zsh'
