[0.166s] DEBUG:colcon:Command line arguments: ['/usr/bin/colcon', 'build']
[0.166s] DEBUG:colcon:Parsed command line arguments: Namespace(log_base=None, log_level=None, verb_name='build', build_base='build', install_base='install', merge_install=False, symlink_install=False, test_result_base=None, continue_on_error=False, executor='parallel', parallel_workers=12, event_handlers=None, ignore_user_meta=False, metas=['./colcon.meta'], base_paths=['.'], packages_ignore=None, packages_ignore_regex=None, paths=None, packages_up_to=None, packages_up_to_regex=None, packages_above=None, packages_above_and_dependencies=None, packages_above_depth=None, packages_select_by_dep=None, packages_skip_by_dep=None, packages_skip_up_to=None, packages_select_build_failed=False, packages_skip_build_finished=False, packages_select_test_failures=False, packages_skip_test_passed=False, packages_select=None, packages_skip=None, packages_select_regex=None, packages_skip_regex=None, packages_start=None, packages_end=None, allow_overriding=[], cmake_args=None, cmake_target=None, cmake_target_skip_unavailable=False, cmake_clean_cache=False, cmake_clean_first=False, cmake_force_configure=False, ament_cmake_args=None, catkin_cmake_args=None, catkin_skip_building_tests=False, mixin_files=None, mixin=None, verb_parser=<colcon_mixin.mixin.mixin_argument.MixinArgumentDecorator object at 0x76c96d5f8aa0>, verb_extension=<colcon_core.verb.build.BuildVerb object at 0x76c96d5fa1e0>, main=<bound method BuildVerb.main of <colcon_core.verb.build.BuildVerb object at 0x76c96d5fa1e0>>, mixin_verb=('build',))
[0.215s] Level 1:colcon.colcon_core.package_discovery:discover_packages(colcon_meta) check parameters
[0.215s] Level 1:colcon.colcon_core.package_discovery:discover_packages(recursive) check parameters
[0.215s] Level 1:colcon.colcon_core.package_discovery:discover_packages(ignore) check parameters
[0.215s] Level 1:colcon.colcon_core.package_discovery:discover_packages(path) check parameters
[0.215s] Level 1:colcon.colcon_core.package_discovery:discover_packages(colcon_meta) discover
[0.215s] Level 1:colcon.colcon_core.package_discovery:discover_packages(recursive) discover
[0.215s] INFO:colcon.colcon_core.package_discovery:Crawling recursively for packages in '/home/student36/RoboticsDesignProject/Git-repos/LeoRover-Team7/elephant_arm_ws'
[0.215s] Level 1:colcon.colcon_core.package_identification:_identify(.) by extensions ['ignore', 'ignore_ament_install']
[0.215s] Level 1:colcon.colcon_core.package_identification:_identify(.) by extension 'ignore'
[0.215s] Level 1:colcon.colcon_core.package_identification:_identify(.) by extension 'ignore_ament_install'
[0.215s] Level 1:colcon.colcon_core.package_identification:_identify(.) by extensions ['colcon_pkg']
[0.215s] Level 1:colcon.colcon_core.package_identification:_identify(.) by extension 'colcon_pkg'
[0.215s] Level 1:colcon.colcon_core.package_identification:_identify(.) by extensions ['colcon_meta']
[0.215s] Level 1:colcon.colcon_core.package_identification:_identify(.) by extension 'colcon_meta'
[0.216s] Level 1:colcon.colcon_core.package_identification:_identify(.) by extensions ['ros']
[0.216s] Level 1:colcon.colcon_core.package_identification:_identify(.) by extension 'ros'
[0.248s] Level 1:colcon.colcon_core.package_identification:_identify(.) by extensions ['cmake', 'python']
[0.248s] Level 1:colcon.colcon_core.package_identification:_identify(.) by extension 'cmake'
[0.248s] Level 1:colcon.colcon_core.package_identification:_identify(.) by extension 'python'
[0.248s] Level 1:colcon.colcon_core.package_identification:_identify(.) by extensions ['python_setup_py']
[0.248s] Level 1:colcon.colcon_core.package_identification:_identify(.) by extension 'python_setup_py'
[0.248s] Level 1:colcon.colcon_core.package_identification:_identify(build) by extensions ['ignore', 'ignore_ament_install']
[0.248s] Level 1:colcon.colcon_core.package_identification:_identify(build) by extension 'ignore'
[0.248s] Level 1:colcon.colcon_core.package_identification:_identify(build) ignored
[0.248s] Level 1:colcon.colcon_core.package_identification:_identify(install) by extensions ['ignore', 'ignore_ament_install']
[0.248s] Level 1:colcon.colcon_core.package_identification:_identify(install) by extension 'ignore'
[0.249s] Level 1:colcon.colcon_core.package_identification:_identify(install) ignored
[0.249s] Level 1:colcon.colcon_core.package_identification:_identify(log) by extensions ['ignore', 'ignore_ament_install']
[0.249s] Level 1:colcon.colcon_core.package_identification:_identify(log) by extension 'ignore'
[0.249s] Level 1:colcon.colcon_core.package_identification:_identify(log) ignored
[0.249s] Level 1:colcon.colcon_core.package_identification:_identify(src) by extensions ['ignore', 'ignore_ament_install']
[0.249s] Level 1:colcon.colcon_core.package_identification:_identify(src) by extension 'ignore'
[0.249s] Level 1:colcon.colcon_core.package_identification:_identify(src) by extension 'ignore_ament_install'
[0.249s] Level 1:colcon.colcon_core.package_identification:_identify(src) by extensions ['colcon_pkg']
[0.249s] Level 1:colcon.colcon_core.package_identification:_identify(src) by extension 'colcon_pkg'
[0.249s] Level 1:colcon.colcon_core.package_identification:_identify(src) by extensions ['colcon_meta']
[0.249s] Level 1:colcon.colcon_core.package_identification:_identify(src) by extension 'colcon_meta'
[0.249s] Level 1:colcon.colcon_core.package_identification:_identify(src) by extensions ['ros']
[0.249s] Level 1:colcon.colcon_core.package_identification:_identify(src) by extension 'ros'
[0.249s] Level 1:colcon.colcon_core.package_identification:_identify(src) by extensions ['cmake', 'python']
[0.249s] Level 1:colcon.colcon_core.package_identification:_identify(src) by extension 'cmake'
[0.249s] Level 1:colcon.colcon_core.package_identification:_identify(src) by extension 'python'
[0.249s] Level 1:colcon.colcon_core.package_identification:_identify(src) by extensions ['python_setup_py']
[0.249s] Level 1:colcon.colcon_core.package_identification:_identify(src) by extension 'python_setup_py'
[0.250s] Level 1:colcon.colcon_core.package_identification:_identify(src/build) by extensions ['ignore', 'ignore_ament_install']
[0.250s] Level 1:colcon.colcon_core.package_identification:_identify(src/build) by extension 'ignore'
[0.250s] Level 1:colcon.colcon_core.package_identification:_identify(src/build) ignored
[0.250s] Level 1:colcon.colcon_core.package_identification:_identify(src/hello_moveit) by extensions ['ignore', 'ignore_ament_install']
[0.250s] Level 1:colcon.colcon_core.package_identification:_identify(src/hello_moveit) by extension 'ignore'
[0.250s] Level 1:colcon.colcon_core.package_identification:_identify(src/hello_moveit) by extension 'ignore_ament_install'
[0.250s] Level 1:colcon.colcon_core.package_identification:_identify(src/hello_moveit) by extensions ['colcon_pkg']
[0.250s] Level 1:colcon.colcon_core.package_identification:_identify(src/hello_moveit) by extension 'colcon_pkg'
[0.250s] Level 1:colcon.colcon_core.package_identification:_identify(src/hello_moveit) by extensions ['colcon_meta']
[0.250s] Level 1:colcon.colcon_core.package_identification:_identify(src/hello_moveit) by extension 'colcon_meta'
[0.250s] Level 1:colcon.colcon_core.package_identification:_identify(src/hello_moveit) by extensions ['ros']
[0.250s] Level 1:colcon.colcon_core.package_identification:_identify(src/hello_moveit) by extension 'ros'
[0.253s] DEBUG:colcon.colcon_core.package_identification:Package 'src/hello_moveit' with type 'ros.ament_cmake' and name 'hello_moveit'
[0.253s] Level 1:colcon.colcon_core.package_identification:_identify(src/install) by extensions ['ignore', 'ignore_ament_install']
[0.254s] Level 1:colcon.colcon_core.package_identification:_identify(src/install) by extension 'ignore'
[0.254s] Level 1:colcon.colcon_core.package_identification:_identify(src/install) ignored
[0.254s] Level 1:colcon.colcon_core.package_identification:_identify(src/log) by extensions ['ignore', 'ignore_ament_install']
[0.254s] Level 1:colcon.colcon_core.package_identification:_identify(src/log) by extension 'ignore'
[0.254s] Level 1:colcon.colcon_core.package_identification:_identify(src/log) ignored
[0.254s] Level 1:colcon.colcon_core.package_identification:_identify(src/moveit_task_constructor) by extensions ['ignore', 'ignore_ament_install']
[0.254s] Level 1:colcon.colcon_core.package_identification:_identify(src/moveit_task_constructor) by extension 'ignore'
[0.254s] Level 1:colcon.colcon_core.package_identification:_identify(src/moveit_task_constructor) by extension 'ignore_ament_install'
[0.254s] Level 1:colcon.colcon_core.package_identification:_identify(src/moveit_task_constructor) by extensions ['colcon_pkg']
[0.254s] Level 1:colcon.colcon_core.package_identification:_identify(src/moveit_task_constructor) by extension 'colcon_pkg'
[0.254s] Level 1:colcon.colcon_core.package_identification:_identify(src/moveit_task_constructor) by extensions ['colcon_meta']
[0.254s] Level 1:colcon.colcon_core.package_identification:_identify(src/moveit_task_constructor) by extension 'colcon_meta'
[0.255s] Level 1:colcon.colcon_core.package_identification:_identify(src/moveit_task_constructor) by extensions ['ros']
[0.255s] Level 1:colcon.colcon_core.package_identification:_identify(src/moveit_task_constructor) by extension 'ros'
[0.255s] Level 1:colcon.colcon_core.package_identification:_identify(src/moveit_task_constructor) by extensions ['cmake', 'python']
[0.255s] Level 1:colcon.colcon_core.package_identification:_identify(src/moveit_task_constructor) by extension 'cmake'
[0.255s] Level 1:colcon.colcon_core.package_identification:_identify(src/moveit_task_constructor) by extension 'python'
[0.255s] Level 1:colcon.colcon_core.package_identification:_identify(src/moveit_task_constructor) by extensions ['python_setup_py']
[0.255s] Level 1:colcon.colcon_core.package_identification:_identify(src/moveit_task_constructor) by extension 'python_setup_py'
[0.255s] Level 1:colcon.colcon_core.package_identification:_identify(src/moveit_task_constructor/capabilities) by extensions ['ignore', 'ignore_ament_install']
[0.255s] Level 1:colcon.colcon_core.package_identification:_identify(src/moveit_task_constructor/capabilities) by extension 'ignore'
[0.255s] Level 1:colcon.colcon_core.package_identification:_identify(src/moveit_task_constructor/capabilities) by extension 'ignore_ament_install'
[0.255s] Level 1:colcon.colcon_core.package_identification:_identify(src/moveit_task_constructor/capabilities) by extensions ['colcon_pkg']
[0.255s] Level 1:colcon.colcon_core.package_identification:_identify(src/moveit_task_constructor/capabilities) by extension 'colcon_pkg'
[0.255s] Level 1:colcon.colcon_core.package_identification:_identify(src/moveit_task_constructor/capabilities) by extensions ['colcon_meta']
[0.255s] Level 1:colcon.colcon_core.package_identification:_identify(src/moveit_task_constructor/capabilities) by extension 'colcon_meta'
[0.255s] Level 1:colcon.colcon_core.package_identification:_identify(src/moveit_task_constructor/capabilities) by extensions ['ros']
[0.255s] Level 1:colcon.colcon_core.package_identification:_identify(src/moveit_task_constructor/capabilities) by extension 'ros'
[0.256s] DEBUG:colcon.colcon_core.package_identification:Package 'src/moveit_task_constructor/capabilities' with type 'ros.ament_cmake' and name 'moveit_task_constructor_capabilities'
[0.257s] Level 1:colcon.colcon_core.package_identification:_identify(src/moveit_task_constructor/core) by extensions ['ignore', 'ignore_ament_install']
[0.257s] Level 1:colcon.colcon_core.package_identification:_identify(src/moveit_task_constructor/core) by extension 'ignore'
[0.257s] Level 1:colcon.colcon_core.package_identification:_identify(src/moveit_task_constructor/core) by extension 'ignore_ament_install'
[0.257s] Level 1:colcon.colcon_core.package_identification:_identify(src/moveit_task_constructor/core) by extensions ['colcon_pkg']
[0.257s] Level 1:colcon.colcon_core.package_identification:_identify(src/moveit_task_constructor/core) by extension 'colcon_pkg'
[0.257s] Level 1:colcon.colcon_core.package_identification:_identify(src/moveit_task_constructor/core) by extensions ['colcon_meta']
[0.257s] Level 1:colcon.colcon_core.package_identification:_identify(src/moveit_task_constructor/core) by extension 'colcon_meta'
[0.257s] Level 1:colcon.colcon_core.package_identification:_identify(src/moveit_task_constructor/core) by extensions ['ros']
[0.257s] Level 1:colcon.colcon_core.package_identification:_identify(src/moveit_task_constructor/core) by extension 'ros'
[0.258s] DEBUG:colcon.colcon_core.package_identification:Package 'src/moveit_task_constructor/core' with type 'ros.ament_cmake' and name 'moveit_task_constructor_core'
[0.259s] Level 1:colcon.colcon_core.package_identification:_identify(src/moveit_task_constructor/demo) by extensions ['ignore', 'ignore_ament_install']
[0.259s] Level 1:colcon.colcon_core.package_identification:_identify(src/moveit_task_constructor/demo) by extension 'ignore'
[0.259s] Level 1:colcon.colcon_core.package_identification:_identify(src/moveit_task_constructor/demo) by extension 'ignore_ament_install'
[0.259s] Level 1:colcon.colcon_core.package_identification:_identify(src/moveit_task_constructor/demo) by extensions ['colcon_pkg']
[0.259s] Level 1:colcon.colcon_core.package_identification:_identify(src/moveit_task_constructor/demo) by extension 'colcon_pkg'
[0.259s] Level 1:colcon.colcon_core.package_identification:_identify(src/moveit_task_constructor/demo) by extensions ['colcon_meta']
[0.259s] Level 1:colcon.colcon_core.package_identification:_identify(src/moveit_task_constructor/demo) by extension 'colcon_meta'
[0.259s] Level 1:colcon.colcon_core.package_identification:_identify(src/moveit_task_constructor/demo) by extensions ['ros']
[0.259s] Level 1:colcon.colcon_core.package_identification:_identify(src/moveit_task_constructor/demo) by extension 'ros'
[0.260s] DEBUG:colcon.colcon_core.package_identification:Package 'src/moveit_task_constructor/demo' with type 'ros.ament_cmake' and name 'moveit_task_constructor_demo'
[0.260s] Level 1:colcon.colcon_core.package_identification:_identify(src/moveit_task_constructor/msgs) by extensions ['ignore', 'ignore_ament_install']
[0.260s] Level 1:colcon.colcon_core.package_identification:_identify(src/moveit_task_constructor/msgs) by extension 'ignore'
[0.260s] Level 1:colcon.colcon_core.package_identification:_identify(src/moveit_task_constructor/msgs) by extension 'ignore_ament_install'
[0.260s] Level 1:colcon.colcon_core.package_identification:_identify(src/moveit_task_constructor/msgs) by extensions ['colcon_pkg']
[0.260s] Level 1:colcon.colcon_core.package_identification:_identify(src/moveit_task_constructor/msgs) by extension 'colcon_pkg'
[0.260s] Level 1:colcon.colcon_core.package_identification:_identify(src/moveit_task_constructor/msgs) by extensions ['colcon_meta']
[0.260s] Level 1:colcon.colcon_core.package_identification:_identify(src/moveit_task_constructor/msgs) by extension 'colcon_meta'
[0.260s] Level 1:colcon.colcon_core.package_identification:_identify(src/moveit_task_constructor/msgs) by extensions ['ros']
[0.260s] Level 1:colcon.colcon_core.package_identification:_identify(src/moveit_task_constructor/msgs) by extension 'ros'
[0.261s] DEBUG:colcon.colcon_core.package_identification:Package 'src/moveit_task_constructor/msgs' with type 'ros.ament_cmake' and name 'moveit_task_constructor_msgs'
[0.261s] Level 1:colcon.colcon_core.package_identification:_identify(src/moveit_task_constructor/rviz_marker_tools) by extensions ['ignore', 'ignore_ament_install']
[0.261s] Level 1:colcon.colcon_core.package_identification:_identify(src/moveit_task_constructor/rviz_marker_tools) by extension 'ignore'
[0.261s] Level 1:colcon.colcon_core.package_identification:_identify(src/moveit_task_constructor/rviz_marker_tools) by extension 'ignore_ament_install'
[0.261s] Level 1:colcon.colcon_core.package_identification:_identify(src/moveit_task_constructor/rviz_marker_tools) by extensions ['colcon_pkg']
[0.261s] Level 1:colcon.colcon_core.package_identification:_identify(src/moveit_task_constructor/rviz_marker_tools) by extension 'colcon_pkg'
[0.261s] Level 1:colcon.colcon_core.package_identification:_identify(src/moveit_task_constructor/rviz_marker_tools) by extensions ['colcon_meta']
[0.261s] Level 1:colcon.colcon_core.package_identification:_identify(src/moveit_task_constructor/rviz_marker_tools) by extension 'colcon_meta'
[0.261s] Level 1:colcon.colcon_core.package_identification:_identify(src/moveit_task_constructor/rviz_marker_tools) by extensions ['ros']
[0.261s] Level 1:colcon.colcon_core.package_identification:_identify(src/moveit_task_constructor/rviz_marker_tools) by extension 'ros'
[0.262s] DEBUG:colcon.colcon_core.package_identification:Package 'src/moveit_task_constructor/rviz_marker_tools' with type 'ros.ament_cmake' and name 'rviz_marker_tools'
[0.262s] Level 1:colcon.colcon_core.package_identification:_identify(src/moveit_task_constructor/visualization) by extensions ['ignore', 'ignore_ament_install']
[0.262s] Level 1:colcon.colcon_core.package_identification:_identify(src/moveit_task_constructor/visualization) by extension 'ignore'
[0.262s] Level 1:colcon.colcon_core.package_identification:_identify(src/moveit_task_constructor/visualization) by extension 'ignore_ament_install'
[0.262s] Level 1:colcon.colcon_core.package_identification:_identify(src/moveit_task_constructor/visualization) by extensions ['colcon_pkg']
[0.262s] Level 1:colcon.colcon_core.package_identification:_identify(src/moveit_task_constructor/visualization) by extension 'colcon_pkg'
[0.262s] Level 1:colcon.colcon_core.package_identification:_identify(src/moveit_task_constructor/visualization) by extensions ['colcon_meta']
[0.263s] Level 1:colcon.colcon_core.package_identification:_identify(src/moveit_task_constructor/visualization) by extension 'colcon_meta'
[0.263s] Level 1:colcon.colcon_core.package_identification:_identify(src/moveit_task_constructor/visualization) by extensions ['ros']
[0.263s] Level 1:colcon.colcon_core.package_identification:_identify(src/moveit_task_constructor/visualization) by extension 'ros'
[0.264s] DEBUG:colcon.colcon_core.package_identification:Package 'src/moveit_task_constructor/visualization' with type 'ros.ament_cmake' and name 'moveit_task_constructor_visualization'
[0.264s] Level 1:colcon.colcon_core.package_identification:_identify(src/mtc_tutorial) by extensions ['ignore', 'ignore_ament_install']
[0.264s] Level 1:colcon.colcon_core.package_identification:_identify(src/mtc_tutorial) by extension 'ignore'
[0.264s] Level 1:colcon.colcon_core.package_identification:_identify(src/mtc_tutorial) by extension 'ignore_ament_install'
[0.264s] Level 1:colcon.colcon_core.package_identification:_identify(src/mtc_tutorial) by extensions ['colcon_pkg']
[0.264s] Level 1:colcon.colcon_core.package_identification:_identify(src/mtc_tutorial) by extension 'colcon_pkg'
[0.264s] Level 1:colcon.colcon_core.package_identification:_identify(src/mtc_tutorial) by extensions ['colcon_meta']
[0.264s] Level 1:colcon.colcon_core.package_identification:_identify(src/mtc_tutorial) by extension 'colcon_meta'
[0.264s] Level 1:colcon.colcon_core.package_identification:_identify(src/mtc_tutorial) by extensions ['ros']
[0.264s] Level 1:colcon.colcon_core.package_identification:_identify(src/mtc_tutorial) by extension 'ros'
[0.265s] DEBUG:colcon.colcon_core.package_identification:Package 'src/mtc_tutorial' with type 'ros.ament_cmake' and name 'mtc_tutorial'
[0.265s] Level 1:colcon.colcon_core.package_identification:_identify(src/mycobot_ros2) by extensions ['ignore', 'ignore_ament_install']
[0.265s] Level 1:colcon.colcon_core.package_identification:_identify(src/mycobot_ros2) by extension 'ignore'
[0.265s] Level 1:colcon.colcon_core.package_identification:_identify(src/mycobot_ros2) by extension 'ignore_ament_install'
[0.265s] Level 1:colcon.colcon_core.package_identification:_identify(src/mycobot_ros2) by extensions ['colcon_pkg']
[0.265s] Level 1:colcon.colcon_core.package_identification:_identify(src/mycobot_ros2) by extension 'colcon_pkg'
[0.265s] Level 1:colcon.colcon_core.package_identification:_identify(src/mycobot_ros2) by extensions ['colcon_meta']
[0.265s] Level 1:colcon.colcon_core.package_identification:_identify(src/mycobot_ros2) by extension 'colcon_meta'
[0.265s] Level 1:colcon.colcon_core.package_identification:_identify(src/mycobot_ros2) by extensions ['ros']
[0.265s] Level 1:colcon.colcon_core.package_identification:_identify(src/mycobot_ros2) by extension 'ros'
[0.265s] Level 1:colcon.colcon_core.package_identification:_identify(src/mycobot_ros2) by extensions ['cmake', 'python']
[0.265s] Level 1:colcon.colcon_core.package_identification:_identify(src/mycobot_ros2) by extension 'cmake'
[0.266s] Level 1:colcon.colcon_core.package_identification:_identify(src/mycobot_ros2) by extension 'python'
[0.266s] Level 1:colcon.colcon_core.package_identification:_identify(src/mycobot_ros2) by extensions ['python_setup_py']
[0.266s] Level 1:colcon.colcon_core.package_identification:_identify(src/mycobot_ros2) by extension 'python_setup_py'
[0.266s] Level 1:colcon.colcon_core.package_identification:_identify(src/mycobot_ros2/mycobot_bringup) by extensions ['ignore', 'ignore_ament_install']
[0.266s] Level 1:colcon.colcon_core.package_identification:_identify(src/mycobot_ros2/mycobot_bringup) by extension 'ignore'
[0.266s] Level 1:colcon.colcon_core.package_identification:_identify(src/mycobot_ros2/mycobot_bringup) by extension 'ignore_ament_install'
[0.266s] Level 1:colcon.colcon_core.package_identification:_identify(src/mycobot_ros2/mycobot_bringup) by extensions ['colcon_pkg']
[0.266s] Level 1:colcon.colcon_core.package_identification:_identify(src/mycobot_ros2/mycobot_bringup) by extension 'colcon_pkg'
[0.266s] Level 1:colcon.colcon_core.package_identification:_identify(src/mycobot_ros2/mycobot_bringup) by extensions ['colcon_meta']
[0.266s] Level 1:colcon.colcon_core.package_identification:_identify(src/mycobot_ros2/mycobot_bringup) by extension 'colcon_meta'
[0.266s] Level 1:colcon.colcon_core.package_identification:_identify(src/mycobot_ros2/mycobot_bringup) by extensions ['ros']
[0.266s] Level 1:colcon.colcon_core.package_identification:_identify(src/mycobot_ros2/mycobot_bringup) by extension 'ros'
[0.267s] DEBUG:colcon.colcon_core.package_identification:Package 'src/mycobot_ros2/mycobot_bringup' with type 'ros.ament_cmake' and name 'mycobot_bringup'
[0.267s] Level 1:colcon.colcon_core.package_identification:_identify(src/mycobot_ros2/mycobot_description) by extensions ['ignore', 'ignore_ament_install']
[0.267s] Level 1:colcon.colcon_core.package_identification:_identify(src/mycobot_ros2/mycobot_description) by extension 'ignore'
[0.267s] Level 1:colcon.colcon_core.package_identification:_identify(src/mycobot_ros2/mycobot_description) by extension 'ignore_ament_install'
[0.267s] Level 1:colcon.colcon_core.package_identification:_identify(src/mycobot_ros2/mycobot_description) by extensions ['colcon_pkg']
[0.267s] Level 1:colcon.colcon_core.package_identification:_identify(src/mycobot_ros2/mycobot_description) by extension 'colcon_pkg'
[0.267s] Level 1:colcon.colcon_core.package_identification:_identify(src/mycobot_ros2/mycobot_description) by extensions ['colcon_meta']
[0.267s] Level 1:colcon.colcon_core.package_identification:_identify(src/mycobot_ros2/mycobot_description) by extension 'colcon_meta'
[0.267s] Level 1:colcon.colcon_core.package_identification:_identify(src/mycobot_ros2/mycobot_description) by extensions ['ros']
[0.267s] Level 1:colcon.colcon_core.package_identification:_identify(src/mycobot_ros2/mycobot_description) by extension 'ros'
[0.268s] DEBUG:colcon.colcon_core.package_identification:Package 'src/mycobot_ros2/mycobot_description' with type 'ros.ament_cmake' and name 'mycobot_description'
[0.268s] Level 1:colcon.colcon_core.package_identification:_identify(src/mycobot_ros2/mycobot_gazebo) by extensions ['ignore', 'ignore_ament_install']
[0.268s] Level 1:colcon.colcon_core.package_identification:_identify(src/mycobot_ros2/mycobot_gazebo) by extension 'ignore'
[0.268s] Level 1:colcon.colcon_core.package_identification:_identify(src/mycobot_ros2/mycobot_gazebo) by extension 'ignore_ament_install'
[0.268s] Level 1:colcon.colcon_core.package_identification:_identify(src/mycobot_ros2/mycobot_gazebo) by extensions ['colcon_pkg']
[0.268s] Level 1:colcon.colcon_core.package_identification:_identify(src/mycobot_ros2/mycobot_gazebo) by extension 'colcon_pkg'
[0.268s] Level 1:colcon.colcon_core.package_identification:_identify(src/mycobot_ros2/mycobot_gazebo) by extensions ['colcon_meta']
[0.268s] Level 1:colcon.colcon_core.package_identification:_identify(src/mycobot_ros2/mycobot_gazebo) by extension 'colcon_meta'
[0.268s] Level 1:colcon.colcon_core.package_identification:_identify(src/mycobot_ros2/mycobot_gazebo) by extensions ['ros']
[0.268s] Level 1:colcon.colcon_core.package_identification:_identify(src/mycobot_ros2/mycobot_gazebo) by extension 'ros'
[0.269s] DEBUG:colcon.colcon_core.package_identification:Package 'src/mycobot_ros2/mycobot_gazebo' with type 'ros.ament_cmake' and name 'mycobot_gazebo'
[0.269s] Level 1:colcon.colcon_core.package_identification:_identify(src/mycobot_ros2/mycobot_moveit_config) by extensions ['ignore', 'ignore_ament_install']
[0.269s] Level 1:colcon.colcon_core.package_identification:_identify(src/mycobot_ros2/mycobot_moveit_config) by extension 'ignore'
[0.270s] Level 1:colcon.colcon_core.package_identification:_identify(src/mycobot_ros2/mycobot_moveit_config) by extension 'ignore_ament_install'
[0.270s] Level 1:colcon.colcon_core.package_identification:_identify(src/mycobot_ros2/mycobot_moveit_config) by extensions ['colcon_pkg']
[0.270s] Level 1:colcon.colcon_core.package_identification:_identify(src/mycobot_ros2/mycobot_moveit_config) by extension 'colcon_pkg'
[0.270s] Level 1:colcon.colcon_core.package_identification:_identify(src/mycobot_ros2/mycobot_moveit_config) by extensions ['colcon_meta']
[0.270s] Level 1:colcon.colcon_core.package_identification:_identify(src/mycobot_ros2/mycobot_moveit_config) by extension 'colcon_meta'
[0.270s] Level 1:colcon.colcon_core.package_identification:_identify(src/mycobot_ros2/mycobot_moveit_config) by extensions ['ros']
[0.270s] Level 1:colcon.colcon_core.package_identification:_identify(src/mycobot_ros2/mycobot_moveit_config) by extension 'ros'
[0.271s] DEBUG:colcon.colcon_core.package_identification:Package 'src/mycobot_ros2/mycobot_moveit_config' with type 'ros.ament_cmake' and name 'mycobot_moveit_config'
[0.271s] Level 1:colcon.colcon_core.package_identification:_identify(src/mycobot_ros2/mycobot_ros2) by extensions ['ignore', 'ignore_ament_install']
[0.271s] Level 1:colcon.colcon_core.package_identification:_identify(src/mycobot_ros2/mycobot_ros2) by extension 'ignore'
[0.271s] Level 1:colcon.colcon_core.package_identification:_identify(src/mycobot_ros2/mycobot_ros2) by extension 'ignore_ament_install'
[0.271s] Level 1:colcon.colcon_core.package_identification:_identify(src/mycobot_ros2/mycobot_ros2) by extensions ['colcon_pkg']
[0.271s] Level 1:colcon.colcon_core.package_identification:_identify(src/mycobot_ros2/mycobot_ros2) by extension 'colcon_pkg'
[0.271s] Level 1:colcon.colcon_core.package_identification:_identify(src/mycobot_ros2/mycobot_ros2) by extensions ['colcon_meta']
[0.271s] Level 1:colcon.colcon_core.package_identification:_identify(src/mycobot_ros2/mycobot_ros2) by extension 'colcon_meta'
[0.271s] Level 1:colcon.colcon_core.package_identification:_identify(src/mycobot_ros2/mycobot_ros2) by extensions ['ros']
[0.271s] Level 1:colcon.colcon_core.package_identification:_identify(src/mycobot_ros2/mycobot_ros2) by extension 'ros'
[0.272s] DEBUG:colcon.colcon_core.package_identification:Package 'src/mycobot_ros2/mycobot_ros2' with type 'ros.ament_cmake' and name 'mycobot_ros2'
[0.272s] Level 1:colcon.colcon_core.package_discovery:discover_packages(recursive) using defaults
[0.272s] Level 1:colcon.colcon_core.package_discovery:discover_packages(ignore) discover
[0.272s] Level 1:colcon.colcon_core.package_discovery:discover_packages(ignore) using defaults
[0.272s] Level 1:colcon.colcon_core.package_discovery:discover_packages(path) discover
[0.272s] Level 1:colcon.colcon_core.package_discovery:discover_packages(path) using defaults
[0.300s] Level 1:colcon.colcon_core.package_discovery:discover_packages(prefix_path) check parameters
[0.300s] Level 1:colcon.colcon_core.package_discovery:discover_packages(prefix_path) discover
[0.305s] DEBUG:colcon.colcon_installed_package_information.package_discovery:Found 13 installed packages in /home/student36/RoboticsDesignProject/Git-repos/LeoRover-Team7/elephant_arm_ws/install
[0.306s] DEBUG:colcon.colcon_installed_package_information.package_discovery:Found 14 installed packages in /home/student36/ros2_tutorial_workspace/install
[0.308s] DEBUG:colcon.colcon_installed_package_information.package_discovery:Found 76 installed packages in /home/student36/ws_moveit/install
[0.310s] DEBUG:colcon.colcon_installed_package_information.package_discovery:Found 1 installed packages in /home/student36/rplidar_ws/install
[0.310s] DEBUG:colcon.colcon_installed_package_information.package_discovery:Found 2 installed packages in /home/student36/elephant_arm_ws/install
[0.312s] DEBUG:colcon.colcon_installed_package_information.package_discovery:Found 460 installed packages in /opt/ros/jazzy
[0.314s] Level 1:colcon.colcon_core.package_discovery:discover_packages(prefix_path) using defaults
[0.405s] WARNING:colcon.colcon_core.package_selection:Some selected packages are already built in one or more underlay workspaces:
	'moveit_task_constructor_core' is in: /home/student36/RoboticsDesignProject/Git-repos/LeoRover-Team7/elephant_arm_ws/install/moveit_task_constructor_core, /home/student36/ws_moveit/install/moveit_task_constructor_core
	'mycobot_description' is in: /home/student36/RoboticsDesignProject/Git-repos/LeoRover-Team7/elephant_arm_ws/install/mycobot_description, /home/student36/ws_moveit/install/mycobot_description, /home/student36/elephant_arm_ws/install/mycobot_description
If a package in a merged underlay workspace is overridden and it installs headers, then all packages in the overlay must sort their include directories by workspace order. Failure to do so may result in build failures or undefined behavior at run time.
If the overridden package is used by another package in any underlay, then the overriding package in the overlay must be API and ABI compatible or undefined behavior at run time may occur.

If you understand the risks and want to override a package anyways, add the following to the command line:
	--allow-overriding moveit_task_constructor_core mycobot_description

This may be promoted to an error in a future release of colcon-override-check.
[0.407s] Level 5:colcon.colcon_core.verb:set package 'hello_moveit' build argument 'cmake_args' from command line to 'None'
[0.407s] Level 5:colcon.colcon_core.verb:set package 'hello_moveit' build argument 'cmake_target' from command line to 'None'
[0.407s] Level 5:colcon.colcon_core.verb:set package 'hello_moveit' build argument 'cmake_target_skip_unavailable' from command line to 'False'
[0.407s] Level 5:colcon.colcon_core.verb:set package 'hello_moveit' build argument 'cmake_clean_cache' from command line to 'False'
[0.407s] Level 5:colcon.colcon_core.verb:set package 'hello_moveit' build argument 'cmake_clean_first' from command line to 'False'
[0.407s] Level 5:colcon.colcon_core.verb:set package 'hello_moveit' build argument 'cmake_force_configure' from command line to 'False'
[0.408s] Level 5:colcon.colcon_core.verb:set package 'hello_moveit' build argument 'ament_cmake_args' from command line to 'None'
[0.408s] Level 5:colcon.colcon_core.verb:set package 'hello_moveit' build argument 'catkin_cmake_args' from command line to 'None'
[0.408s] Level 5:colcon.colcon_core.verb:set package 'hello_moveit' build argument 'catkin_skip_building_tests' from command line to 'False'
[0.408s] DEBUG:colcon.colcon_core.verb:Building package 'hello_moveit' with the following arguments: {'ament_cmake_args': None, 'build_base': '/home/student36/RoboticsDesignProject/Git-repos/LeoRover-Team7/elephant_arm_ws/build/hello_moveit', 'catkin_cmake_args': None, 'catkin_skip_building_tests': False, 'cmake_args': None, 'cmake_clean_cache': False, 'cmake_clean_first': False, 'cmake_force_configure': False, 'cmake_target': None, 'cmake_target_skip_unavailable': False, 'install_base': '/home/student36/RoboticsDesignProject/Git-repos/LeoRover-Team7/elephant_arm_ws/install/hello_moveit', 'merge_install': False, 'path': '/home/student36/RoboticsDesignProject/Git-repos/LeoRover-Team7/elephant_arm_ws/src/hello_moveit', 'symlink_install': False, 'test_result_base': None}
[0.408s] Level 5:colcon.colcon_core.verb:set package 'moveit_task_constructor_msgs' build argument 'cmake_args' from command line to 'None'
[0.408s] Level 5:colcon.colcon_core.verb:set package 'moveit_task_constructor_msgs' build argument 'cmake_target' from command line to 'None'
[0.408s] Level 5:colcon.colcon_core.verb:set package 'moveit_task_constructor_msgs' build argument 'cmake_target_skip_unavailable' from command line to 'False'
[0.408s] Level 5:colcon.colcon_core.verb:set package 'moveit_task_constructor_msgs' build argument 'cmake_clean_cache' from command line to 'False'
[0.408s] Level 5:colcon.colcon_core.verb:set package 'moveit_task_constructor_msgs' build argument 'cmake_clean_first' from command line to 'False'
[0.408s] Level 5:colcon.colcon_core.verb:set package 'moveit_task_constructor_msgs' build argument 'cmake_force_configure' from command line to 'False'
[0.408s] Level 5:colcon.colcon_core.verb:set package 'moveit_task_constructor_msgs' build argument 'ament_cmake_args' from command line to 'None'
[0.408s] Level 5:colcon.colcon_core.verb:set package 'moveit_task_constructor_msgs' build argument 'catkin_cmake_args' from command line to 'None'
[0.408s] Level 5:colcon.colcon_core.verb:set package 'moveit_task_constructor_msgs' build argument 'catkin_skip_building_tests' from command line to 'False'
[0.408s] DEBUG:colcon.colcon_core.verb:Building package 'moveit_task_constructor_msgs' with the following arguments: {'ament_cmake_args': None, 'build_base': '/home/student36/RoboticsDesignProject/Git-repos/LeoRover-Team7/elephant_arm_ws/build/moveit_task_constructor_msgs', 'catkin_cmake_args': None, 'catkin_skip_building_tests': False, 'cmake_args': None, 'cmake_clean_cache': False, 'cmake_clean_first': False, 'cmake_force_configure': False, 'cmake_target': None, 'cmake_target_skip_unavailable': False, 'install_base': '/home/student36/RoboticsDesignProject/Git-repos/LeoRover-Team7/elephant_arm_ws/install/moveit_task_constructor_msgs', 'merge_install': False, 'path': '/home/student36/RoboticsDesignProject/Git-repos/LeoRover-Team7/elephant_arm_ws/src/moveit_task_constructor/msgs', 'symlink_install': False, 'test_result_base': None}
[0.409s] Level 5:colcon.colcon_core.verb:set package 'mycobot_bringup' build argument 'cmake_args' from command line to 'None'
[0.409s] Level 5:colcon.colcon_core.verb:set package 'mycobot_bringup' build argument 'cmake_target' from command line to 'None'
[0.409s] Level 5:colcon.colcon_core.verb:set package 'mycobot_bringup' build argument 'cmake_target_skip_unavailable' from command line to 'False'
[0.409s] Level 5:colcon.colcon_core.verb:set package 'mycobot_bringup' build argument 'cmake_clean_cache' from command line to 'False'
[0.409s] Level 5:colcon.colcon_core.verb:set package 'mycobot_bringup' build argument 'cmake_clean_first' from command line to 'False'
[0.409s] Level 5:colcon.colcon_core.verb:set package 'mycobot_bringup' build argument 'cmake_force_configure' from command line to 'False'
[0.409s] Level 5:colcon.colcon_core.verb:set package 'mycobot_bringup' build argument 'ament_cmake_args' from command line to 'None'
[0.409s] Level 5:colcon.colcon_core.verb:set package 'mycobot_bringup' build argument 'catkin_cmake_args' from command line to 'None'
[0.409s] Level 5:colcon.colcon_core.verb:set package 'mycobot_bringup' build argument 'catkin_skip_building_tests' from command line to 'False'
[0.409s] DEBUG:colcon.colcon_core.verb:Building package 'mycobot_bringup' with the following arguments: {'ament_cmake_args': None, 'build_base': '/home/student36/RoboticsDesignProject/Git-repos/LeoRover-Team7/elephant_arm_ws/build/mycobot_bringup', 'catkin_cmake_args': None, 'catkin_skip_building_tests': False, 'cmake_args': None, 'cmake_clean_cache': False, 'cmake_clean_first': False, 'cmake_force_configure': False, 'cmake_target': None, 'cmake_target_skip_unavailable': False, 'install_base': '/home/student36/RoboticsDesignProject/Git-repos/LeoRover-Team7/elephant_arm_ws/install/mycobot_bringup', 'merge_install': False, 'path': '/home/student36/RoboticsDesignProject/Git-repos/LeoRover-Team7/elephant_arm_ws/src/mycobot_ros2/mycobot_bringup', 'symlink_install': False, 'test_result_base': None}
[0.409s] Level 5:colcon.colcon_core.verb:set package 'mycobot_description' build argument 'cmake_args' from command line to 'None'
[0.409s] Level 5:colcon.colcon_core.verb:set package 'mycobot_description' build argument 'cmake_target' from command line to 'None'
[0.409s] Level 5:colcon.colcon_core.verb:set package 'mycobot_description' build argument 'cmake_target_skip_unavailable' from command line to 'False'
[0.409s] Level 5:colcon.colcon_core.verb:set package 'mycobot_description' build argument 'cmake_clean_cache' from command line to 'False'
[0.409s] Level 5:colcon.colcon_core.verb:set package 'mycobot_description' build argument 'cmake_clean_first' from command line to 'False'
[0.410s] Level 5:colcon.colcon_core.verb:set package 'mycobot_description' build argument 'cmake_force_configure' from command line to 'False'
[0.410s] Level 5:colcon.colcon_core.verb:set package 'mycobot_description' build argument 'ament_cmake_args' from command line to 'None'
[0.410s] Level 5:colcon.colcon_core.verb:set package 'mycobot_description' build argument 'catkin_cmake_args' from command line to 'None'
[0.410s] Level 5:colcon.colcon_core.verb:set package 'mycobot_description' build argument 'catkin_skip_building_tests' from command line to 'False'
[0.410s] DEBUG:colcon.colcon_core.verb:Building package 'mycobot_description' with the following arguments: {'ament_cmake_args': None, 'build_base': '/home/student36/RoboticsDesignProject/Git-repos/LeoRover-Team7/elephant_arm_ws/build/mycobot_description', 'catkin_cmake_args': None, 'catkin_skip_building_tests': False, 'cmake_args': None, 'cmake_clean_cache': False, 'cmake_clean_first': False, 'cmake_force_configure': False, 'cmake_target': None, 'cmake_target_skip_unavailable': False, 'install_base': '/home/student36/RoboticsDesignProject/Git-repos/LeoRover-Team7/elephant_arm_ws/install/mycobot_description', 'merge_install': False, 'path': '/home/student36/RoboticsDesignProject/Git-repos/LeoRover-Team7/elephant_arm_ws/src/mycobot_ros2/mycobot_description', 'symlink_install': False, 'test_result_base': None}
[0.410s] Level 5:colcon.colcon_core.verb:set package 'mycobot_gazebo' build argument 'cmake_args' from command line to 'None'
[0.410s] Level 5:colcon.colcon_core.verb:set package 'mycobot_gazebo' build argument 'cmake_target' from command line to 'None'
[0.410s] Level 5:colcon.colcon_core.verb:set package 'mycobot_gazebo' build argument 'cmake_target_skip_unavailable' from command line to 'False'
[0.410s] Level 5:colcon.colcon_core.verb:set package 'mycobot_gazebo' build argument 'cmake_clean_cache' from command line to 'False'
[0.410s] Level 5:colcon.colcon_core.verb:set package 'mycobot_gazebo' build argument 'cmake_clean_first' from command line to 'False'
[0.410s] Level 5:colcon.colcon_core.verb:set package 'mycobot_gazebo' build argument 'cmake_force_configure' from command line to 'False'
[0.410s] Level 5:colcon.colcon_core.verb:set package 'mycobot_gazebo' build argument 'ament_cmake_args' from command line to 'None'
[0.410s] Level 5:colcon.colcon_core.verb:set package 'mycobot_gazebo' build argument 'catkin_cmake_args' from command line to 'None'
[0.410s] Level 5:colcon.colcon_core.verb:set package 'mycobot_gazebo' build argument 'catkin_skip_building_tests' from command line to 'False'
[0.410s] DEBUG:colcon.colcon_core.verb:Building package 'mycobot_gazebo' with the following arguments: {'ament_cmake_args': None, 'build_base': '/home/student36/RoboticsDesignProject/Git-repos/LeoRover-Team7/elephant_arm_ws/build/mycobot_gazebo', 'catkin_cmake_args': None, 'catkin_skip_building_tests': False, 'cmake_args': None, 'cmake_clean_cache': False, 'cmake_clean_first': False, 'cmake_force_configure': False, 'cmake_target': None, 'cmake_target_skip_unavailable': False, 'install_base': '/home/student36/RoboticsDesignProject/Git-repos/LeoRover-Team7/elephant_arm_ws/install/mycobot_gazebo', 'merge_install': False, 'path': '/home/student36/RoboticsDesignProject/Git-repos/LeoRover-Team7/elephant_arm_ws/src/mycobot_ros2/mycobot_gazebo', 'symlink_install': False, 'test_result_base': None}
[0.411s] Level 5:colcon.colcon_core.verb:set package 'mycobot_moveit_config' build argument 'cmake_args' from command line to 'None'
[0.411s] Level 5:colcon.colcon_core.verb:set package 'mycobot_moveit_config' build argument 'cmake_target' from command line to 'None'
[0.411s] Level 5:colcon.colcon_core.verb:set package 'mycobot_moveit_config' build argument 'cmake_target_skip_unavailable' from command line to 'False'
[0.411s] Level 5:colcon.colcon_core.verb:set package 'mycobot_moveit_config' build argument 'cmake_clean_cache' from command line to 'False'
[0.411s] Level 5:colcon.colcon_core.verb:set package 'mycobot_moveit_config' build argument 'cmake_clean_first' from command line to 'False'
[0.411s] Level 5:colcon.colcon_core.verb:set package 'mycobot_moveit_config' build argument 'cmake_force_configure' from command line to 'False'
[0.411s] Level 5:colcon.colcon_core.verb:set package 'mycobot_moveit_config' build argument 'ament_cmake_args' from command line to 'None'
[0.411s] Level 5:colcon.colcon_core.verb:set package 'mycobot_moveit_config' build argument 'catkin_cmake_args' from command line to 'None'
[0.411s] Level 5:colcon.colcon_core.verb:set package 'mycobot_moveit_config' build argument 'catkin_skip_building_tests' from command line to 'False'
[0.411s] DEBUG:colcon.colcon_core.verb:Building package 'mycobot_moveit_config' with the following arguments: {'ament_cmake_args': None, 'build_base': '/home/student36/RoboticsDesignProject/Git-repos/LeoRover-Team7/elephant_arm_ws/build/mycobot_moveit_config', 'catkin_cmake_args': None, 'catkin_skip_building_tests': False, 'cmake_args': None, 'cmake_clean_cache': False, 'cmake_clean_first': False, 'cmake_force_configure': False, 'cmake_target': None, 'cmake_target_skip_unavailable': False, 'install_base': '/home/student36/RoboticsDesignProject/Git-repos/LeoRover-Team7/elephant_arm_ws/install/mycobot_moveit_config', 'merge_install': False, 'path': '/home/student36/RoboticsDesignProject/Git-repos/LeoRover-Team7/elephant_arm_ws/src/mycobot_ros2/mycobot_moveit_config', 'symlink_install': False, 'test_result_base': None}
[0.411s] Level 5:colcon.colcon_core.verb:set package 'rviz_marker_tools' build argument 'cmake_args' from command line to 'None'
[0.411s] Level 5:colcon.colcon_core.verb:set package 'rviz_marker_tools' build argument 'cmake_target' from command line to 'None'
[0.411s] Level 5:colcon.colcon_core.verb:set package 'rviz_marker_tools' build argument 'cmake_target_skip_unavailable' from command line to 'False'
[0.411s] Level 5:colcon.colcon_core.verb:set package 'rviz_marker_tools' build argument 'cmake_clean_cache' from command line to 'False'
[0.411s] Level 5:colcon.colcon_core.verb:set package 'rviz_marker_tools' build argument 'cmake_clean_first' from command line to 'False'
[0.411s] Level 5:colcon.colcon_core.verb:set package 'rviz_marker_tools' build argument 'cmake_force_configure' from command line to 'False'
[0.411s] Level 5:colcon.colcon_core.verb:set package 'rviz_marker_tools' build argument 'ament_cmake_args' from command line to 'None'
[0.411s] Level 5:colcon.colcon_core.verb:set package 'rviz_marker_tools' build argument 'catkin_cmake_args' from command line to 'None'
[0.411s] Level 5:colcon.colcon_core.verb:set package 'rviz_marker_tools' build argument 'catkin_skip_building_tests' from command line to 'False'
[0.411s] DEBUG:colcon.colcon_core.verb:Building package 'rviz_marker_tools' with the following arguments: {'ament_cmake_args': None, 'build_base': '/home/student36/RoboticsDesignProject/Git-repos/LeoRover-Team7/elephant_arm_ws/build/rviz_marker_tools', 'catkin_cmake_args': None, 'catkin_skip_building_tests': False, 'cmake_args': None, 'cmake_clean_cache': False, 'cmake_clean_first': False, 'cmake_force_configure': False, 'cmake_target': None, 'cmake_target_skip_unavailable': False, 'install_base': '/home/student36/RoboticsDesignProject/Git-repos/LeoRover-Team7/elephant_arm_ws/install/rviz_marker_tools', 'merge_install': False, 'path': '/home/student36/RoboticsDesignProject/Git-repos/LeoRover-Team7/elephant_arm_ws/src/moveit_task_constructor/rviz_marker_tools', 'symlink_install': False, 'test_result_base': None}
[0.411s] Level 5:colcon.colcon_core.verb:set package 'moveit_task_constructor_core' build argument 'cmake_args' from command line to 'None'
[0.411s] Level 5:colcon.colcon_core.verb:set package 'moveit_task_constructor_core' build argument 'cmake_target' from command line to 'None'
[0.412s] Level 5:colcon.colcon_core.verb:set package 'moveit_task_constructor_core' build argument 'cmake_target_skip_unavailable' from command line to 'False'
[0.412s] Level 5:colcon.colcon_core.verb:set package 'moveit_task_constructor_core' build argument 'cmake_clean_cache' from command line to 'False'
[0.412s] Level 5:colcon.colcon_core.verb:set package 'moveit_task_constructor_core' build argument 'cmake_clean_first' from command line to 'False'
[0.412s] Level 5:colcon.colcon_core.verb:set package 'moveit_task_constructor_core' build argument 'cmake_force_configure' from command line to 'False'
[0.412s] Level 5:colcon.colcon_core.verb:set package 'moveit_task_constructor_core' build argument 'ament_cmake_args' from command line to 'None'
[0.412s] Level 5:colcon.colcon_core.verb:set package 'moveit_task_constructor_core' build argument 'catkin_cmake_args' from command line to 'None'
[0.412s] Level 5:colcon.colcon_core.verb:set package 'moveit_task_constructor_core' build argument 'catkin_skip_building_tests' from command line to 'False'
[0.412s] DEBUG:colcon.colcon_core.verb:Building package 'moveit_task_constructor_core' with the following arguments: {'ament_cmake_args': None, 'build_base': '/home/student36/RoboticsDesignProject/Git-repos/LeoRover-Team7/elephant_arm_ws/build/moveit_task_constructor_core', 'catkin_cmake_args': None, 'catkin_skip_building_tests': False, 'cmake_args': None, 'cmake_clean_cache': False, 'cmake_clean_first': False, 'cmake_force_configure': False, 'cmake_target': None, 'cmake_target_skip_unavailable': False, 'install_base': '/home/student36/RoboticsDesignProject/Git-repos/LeoRover-Team7/elephant_arm_ws/install/moveit_task_constructor_core', 'merge_install': False, 'path': '/home/student36/RoboticsDesignProject/Git-repos/LeoRover-Team7/elephant_arm_ws/src/moveit_task_constructor/core', 'symlink_install': False, 'test_result_base': None}
[0.412s] Level 5:colcon.colcon_core.verb:set package 'mycobot_ros2' build argument 'cmake_args' from command line to 'None'
[0.412s] Level 5:colcon.colcon_core.verb:set package 'mycobot_ros2' build argument 'cmake_target' from command line to 'None'
[0.412s] Level 5:colcon.colcon_core.verb:set package 'mycobot_ros2' build argument 'cmake_target_skip_unavailable' from command line to 'False'
[0.412s] Level 5:colcon.colcon_core.verb:set package 'mycobot_ros2' build argument 'cmake_clean_cache' from command line to 'False'
[0.412s] Level 5:colcon.colcon_core.verb:set package 'mycobot_ros2' build argument 'cmake_clean_first' from command line to 'False'
[0.412s] Level 5:colcon.colcon_core.verb:set package 'mycobot_ros2' build argument 'cmake_force_configure' from command line to 'False'
[0.412s] Level 5:colcon.colcon_core.verb:set package 'mycobot_ros2' build argument 'ament_cmake_args' from command line to 'None'
[0.412s] Level 5:colcon.colcon_core.verb:set package 'mycobot_ros2' build argument 'catkin_cmake_args' from command line to 'None'
[0.412s] Level 5:colcon.colcon_core.verb:set package 'mycobot_ros2' build argument 'catkin_skip_building_tests' from command line to 'False'
[0.412s] DEBUG:colcon.colcon_core.verb:Building package 'mycobot_ros2' with the following arguments: {'ament_cmake_args': None, 'build_base': '/home/student36/RoboticsDesignProject/Git-repos/LeoRover-Team7/elephant_arm_ws/build/mycobot_ros2', 'catkin_cmake_args': None, 'catkin_skip_building_tests': False, 'cmake_args': None, 'cmake_clean_cache': False, 'cmake_clean_first': False, 'cmake_force_configure': False, 'cmake_target': None, 'cmake_target_skip_unavailable': False, 'install_base': '/home/student36/RoboticsDesignProject/Git-repos/LeoRover-Team7/elephant_arm_ws/install/mycobot_ros2', 'merge_install': False, 'path': '/home/student36/RoboticsDesignProject/Git-repos/LeoRover-Team7/elephant_arm_ws/src/mycobot_ros2/mycobot_ros2', 'symlink_install': False, 'test_result_base': None}
[0.412s] Level 5:colcon.colcon_core.verb:set package 'moveit_task_constructor_capabilities' build argument 'cmake_args' from command line to 'None'
[0.412s] Level 5:colcon.colcon_core.verb:set package 'moveit_task_constructor_capabilities' build argument 'cmake_target' from command line to 'None'
[0.412s] Level 5:colcon.colcon_core.verb:set package 'moveit_task_constructor_capabilities' build argument 'cmake_target_skip_unavailable' from command line to 'False'
[0.412s] Level 5:colcon.colcon_core.verb:set package 'moveit_task_constructor_capabilities' build argument 'cmake_clean_cache' from command line to 'False'
[0.412s] Level 5:colcon.colcon_core.verb:set package 'moveit_task_constructor_capabilities' build argument 'cmake_clean_first' from command line to 'False'
[0.412s] Level 5:colcon.colcon_core.verb:set package 'moveit_task_constructor_capabilities' build argument 'cmake_force_configure' from command line to 'False'
[0.412s] Level 5:colcon.colcon_core.verb:set package 'moveit_task_constructor_capabilities' build argument 'ament_cmake_args' from command line to 'None'
[0.412s] Level 5:colcon.colcon_core.verb:set package 'moveit_task_constructor_capabilities' build argument 'catkin_cmake_args' from command line to 'None'
[0.412s] Level 5:colcon.colcon_core.verb:set package 'moveit_task_constructor_capabilities' build argument 'catkin_skip_building_tests' from command line to 'False'
[0.413s] DEBUG:colcon.colcon_core.verb:Building package 'moveit_task_constructor_capabilities' with the following arguments: {'ament_cmake_args': None, 'build_base': '/home/student36/RoboticsDesignProject/Git-repos/LeoRover-Team7/elephant_arm_ws/build/moveit_task_constructor_capabilities', 'catkin_cmake_args': None, 'catkin_skip_building_tests': False, 'cmake_args': None, 'cmake_clean_cache': False, 'cmake_clean_first': False, 'cmake_force_configure': False, 'cmake_target': None, 'cmake_target_skip_unavailable': False, 'install_base': '/home/student36/RoboticsDesignProject/Git-repos/LeoRover-Team7/elephant_arm_ws/install/moveit_task_constructor_capabilities', 'merge_install': False, 'path': '/home/student36/RoboticsDesignProject/Git-repos/LeoRover-Team7/elephant_arm_ws/src/moveit_task_constructor/capabilities', 'symlink_install': False, 'test_result_base': None}
[0.413s] Level 5:colcon.colcon_core.verb:set package 'moveit_task_constructor_visualization' build argument 'cmake_args' from command line to 'None'
[0.413s] Level 5:colcon.colcon_core.verb:set package 'moveit_task_constructor_visualization' build argument 'cmake_target' from command line to 'None'
[0.413s] Level 5:colcon.colcon_core.verb:set package 'moveit_task_constructor_visualization' build argument 'cmake_target_skip_unavailable' from command line to 'False'
[0.413s] Level 5:colcon.colcon_core.verb:set package 'moveit_task_constructor_visualization' build argument 'cmake_clean_cache' from command line to 'False'
[0.413s] Level 5:colcon.colcon_core.verb:set package 'moveit_task_constructor_visualization' build argument 'cmake_clean_first' from command line to 'False'
[0.413s] Level 5:colcon.colcon_core.verb:set package 'moveit_task_constructor_visualization' build argument 'cmake_force_configure' from command line to 'False'
[0.413s] Level 5:colcon.colcon_core.verb:set package 'moveit_task_constructor_visualization' build argument 'ament_cmake_args' from command line to 'None'
[0.413s] Level 5:colcon.colcon_core.verb:set package 'moveit_task_constructor_visualization' build argument 'catkin_cmake_args' from command line to 'None'
[0.413s] Level 5:colcon.colcon_core.verb:set package 'moveit_task_constructor_visualization' build argument 'catkin_skip_building_tests' from command line to 'False'
[0.413s] DEBUG:colcon.colcon_core.verb:Building package 'moveit_task_constructor_visualization' with the following arguments: {'ament_cmake_args': None, 'build_base': '/home/student36/RoboticsDesignProject/Git-repos/LeoRover-Team7/elephant_arm_ws/build/moveit_task_constructor_visualization', 'catkin_cmake_args': None, 'catkin_skip_building_tests': False, 'cmake_args': None, 'cmake_clean_cache': False, 'cmake_clean_first': False, 'cmake_force_configure': False, 'cmake_target': None, 'cmake_target_skip_unavailable': False, 'install_base': '/home/student36/RoboticsDesignProject/Git-repos/LeoRover-Team7/elephant_arm_ws/install/moveit_task_constructor_visualization', 'merge_install': False, 'path': '/home/student36/RoboticsDesignProject/Git-repos/LeoRover-Team7/elephant_arm_ws/src/moveit_task_constructor/visualization', 'symlink_install': False, 'test_result_base': None}
[0.413s] Level 5:colcon.colcon_core.verb:set package 'mtc_tutorial' build argument 'cmake_args' from command line to 'None'
[0.413s] Level 5:colcon.colcon_core.verb:set package 'mtc_tutorial' build argument 'cmake_target' from command line to 'None'
[0.413s] Level 5:colcon.colcon_core.verb:set package 'mtc_tutorial' build argument 'cmake_target_skip_unavailable' from command line to 'False'
[0.413s] Level 5:colcon.colcon_core.verb:set package 'mtc_tutorial' build argument 'cmake_clean_cache' from command line to 'False'
[0.413s] Level 5:colcon.colcon_core.verb:set package 'mtc_tutorial' build argument 'cmake_clean_first' from command line to 'False'
[0.413s] Level 5:colcon.colcon_core.verb:set package 'mtc_tutorial' build argument 'cmake_force_configure' from command line to 'False'
[0.413s] Level 5:colcon.colcon_core.verb:set package 'mtc_tutorial' build argument 'ament_cmake_args' from command line to 'None'
[0.413s] Level 5:colcon.colcon_core.verb:set package 'mtc_tutorial' build argument 'catkin_cmake_args' from command line to 'None'
[0.413s] Level 5:colcon.colcon_core.verb:set package 'mtc_tutorial' build argument 'catkin_skip_building_tests' from command line to 'False'
[0.413s] DEBUG:colcon.colcon_core.verb:Building package 'mtc_tutorial' with the following arguments: {'ament_cmake_args': None, 'build_base': '/home/student36/RoboticsDesignProject/Git-repos/LeoRover-Team7/elephant_arm_ws/build/mtc_tutorial', 'catkin_cmake_args': None, 'catkin_skip_building_tests': False, 'cmake_args': None, 'cmake_clean_cache': False, 'cmake_clean_first': False, 'cmake_force_configure': False, 'cmake_target': None, 'cmake_target_skip_unavailable': False, 'install_base': '/home/student36/RoboticsDesignProject/Git-repos/LeoRover-Team7/elephant_arm_ws/install/mtc_tutorial', 'merge_install': False, 'path': '/home/student36/RoboticsDesignProject/Git-repos/LeoRover-Team7/elephant_arm_ws/src/mtc_tutorial', 'symlink_install': False, 'test_result_base': None}
[0.414s] Level 5:colcon.colcon_core.verb:set package 'moveit_task_constructor_demo' build argument 'cmake_args' from command line to 'None'
[0.414s] Level 5:colcon.colcon_core.verb:set package 'moveit_task_constructor_demo' build argument 'cmake_target' from command line to 'None'
[0.414s] Level 5:colcon.colcon_core.verb:set package 'moveit_task_constructor_demo' build argument 'cmake_target_skip_unavailable' from command line to 'False'
[0.414s] Level 5:colcon.colcon_core.verb:set package 'moveit_task_constructor_demo' build argument 'cmake_clean_cache' from command line to 'False'
[0.414s] Level 5:colcon.colcon_core.verb:set package 'moveit_task_constructor_demo' build argument 'cmake_clean_first' from command line to 'False'
[0.414s] Level 5:colcon.colcon_core.verb:set package 'moveit_task_constructor_demo' build argument 'cmake_force_configure' from command line to 'False'
[0.414s] Level 5:colcon.colcon_core.verb:set package 'moveit_task_constructor_demo' build argument 'ament_cmake_args' from command line to 'None'
[0.414s] Level 5:colcon.colcon_core.verb:set package 'moveit_task_constructor_demo' build argument 'catkin_cmake_args' from command line to 'None'
[0.414s] Level 5:colcon.colcon_core.verb:set package 'moveit_task_constructor_demo' build argument 'catkin_skip_building_tests' from command line to 'False'
[0.414s] DEBUG:colcon.colcon_core.verb:Building package 'moveit_task_constructor_demo' with the following arguments: {'ament_cmake_args': None, 'build_base': '/home/student36/RoboticsDesignProject/Git-repos/LeoRover-Team7/elephant_arm_ws/build/moveit_task_constructor_demo', 'catkin_cmake_args': None, 'catkin_skip_building_tests': False, 'cmake_args': None, 'cmake_clean_cache': False, 'cmake_clean_first': False, 'cmake_force_configure': False, 'cmake_target': None, 'cmake_target_skip_unavailable': False, 'install_base': '/home/student36/RoboticsDesignProject/Git-repos/LeoRover-Team7/elephant_arm_ws/install/moveit_task_constructor_demo', 'merge_install': False, 'path': '/home/student36/RoboticsDesignProject/Git-repos/LeoRover-Team7/elephant_arm_ws/src/moveit_task_constructor/demo', 'symlink_install': False, 'test_result_base': None}
[0.414s] INFO:colcon.colcon_core.executor:Executing jobs using 'parallel' executor
[0.415s] DEBUG:colcon.colcon_parallel_executor.executor.parallel:run_until_complete
[0.416s] INFO:colcon.colcon_ros.task.ament_cmake.build:Building ROS package in '/home/student36/RoboticsDesignProject/Git-repos/LeoRover-Team7/elephant_arm_ws/src/moveit_task_constructor/msgs' with build type 'ament_cmake'
[0.416s] INFO:colcon.colcon_cmake.task.cmake.build:Building CMake package in '/home/student36/RoboticsDesignProject/Git-repos/LeoRover-Team7/elephant_arm_ws/src/moveit_task_constructor/msgs'
[0.419s] INFO:colcon.colcon_core.plugin_system:Skipping extension 'colcon_core.shell.bat': Not used on non-Windows systems
[0.419s] INFO:colcon.colcon_core.shell:Skip shell extension 'powershell' for command environment: Not usable outside of PowerShell
[0.420s] DEBUG:colcon.colcon_core.shell:Skip shell extension 'dsv' for command environment
[0.431s] INFO:colcon.colcon_ros.task.ament_cmake.build:Building ROS package in '/home/student36/RoboticsDesignProject/Git-repos/LeoRover-Team7/elephant_arm_ws/src/moveit_task_constructor/rviz_marker_tools' with build type 'ament_cmake'
[0.432s] INFO:colcon.colcon_cmake.task.cmake.build:Building CMake package in '/home/student36/RoboticsDesignProject/Git-repos/LeoRover-Team7/elephant_arm_ws/src/moveit_task_constructor/rviz_marker_tools'
[0.433s] INFO:colcon.colcon_core.shell:Skip shell extension 'powershell' for command environment: Not usable outside of PowerShell
[0.433s] DEBUG:colcon.colcon_core.shell:Skip shell extension 'dsv' for command environment
[0.467s] INFO:colcon.colcon_ros.task.ament_cmake.build:Building ROS package in '/home/student36/RoboticsDesignProject/Git-repos/LeoRover-Team7/elephant_arm_ws/src/mycobot_ros2/mycobot_description' with build type 'ament_cmake'
[0.467s] INFO:colcon.colcon_cmake.task.cmake.build:Building CMake package in '/home/student36/RoboticsDesignProject/Git-repos/LeoRover-Team7/elephant_arm_ws/src/mycobot_ros2/mycobot_description'
[0.467s] INFO:colcon.colcon_core.shell:Skip shell extension 'powershell' for command environment: Not usable outside of PowerShell
[0.467s] DEBUG:colcon.colcon_core.shell:Skip shell extension 'dsv' for command environment
[0.487s] INFO:colcon.colcon_ros.task.ament_cmake.build:Building ROS package in '/home/student36/RoboticsDesignProject/Git-repos/LeoRover-Team7/elephant_arm_ws/src/hello_moveit' with build type 'ament_cmake'
[0.487s] INFO:colcon.colcon_cmake.task.cmake.build:Building CMake package in '/home/student36/RoboticsDesignProject/Git-repos/LeoRover-Team7/elephant_arm_ws/src/hello_moveit'
[0.488s] INFO:colcon.colcon_core.shell:Skip shell extension 'powershell' for command environment: Not usable outside of PowerShell
[0.488s] DEBUG:colcon.colcon_core.shell:Skip shell extension 'dsv' for command environment
[0.508s] INFO:colcon.colcon_ros.task.ament_cmake.build:Building ROS package in '/home/student36/RoboticsDesignProject/Git-repos/LeoRover-Team7/elephant_arm_ws/src/mycobot_ros2/mycobot_bringup' with build type 'ament_cmake'
[0.509s] INFO:colcon.colcon_cmake.task.cmake.build:Building CMake package in '/home/student36/RoboticsDesignProject/Git-repos/LeoRover-Team7/elephant_arm_ws/src/mycobot_ros2/mycobot_bringup'
[0.511s] INFO:colcon.colcon_core.shell:Skip shell extension 'powershell' for command environment: Not usable outside of PowerShell
[0.511s] DEBUG:colcon.colcon_core.shell:Skip shell extension 'dsv' for command environment
[0.558s] INFO:colcon.colcon_ros.task.ament_cmake.build:Building ROS package in '/home/student36/RoboticsDesignProject/Git-repos/LeoRover-Team7/elephant_arm_ws/src/mycobot_ros2/mycobot_gazebo' with build type 'ament_cmake'
[0.559s] INFO:colcon.colcon_cmake.task.cmake.build:Building CMake package in '/home/student36/RoboticsDesignProject/Git-repos/LeoRover-Team7/elephant_arm_ws/src/mycobot_ros2/mycobot_gazebo'
[0.560s] INFO:colcon.colcon_core.shell:Skip shell extension 'powershell' for command environment: Not usable outside of PowerShell
[0.560s] DEBUG:colcon.colcon_core.shell:Skip shell extension 'dsv' for command environment
[0.597s] INFO:colcon.colcon_ros.task.ament_cmake.build:Building ROS package in '/home/student36/RoboticsDesignProject/Git-repos/LeoRover-Team7/elephant_arm_ws/src/mycobot_ros2/mycobot_moveit_config' with build type 'ament_cmake'
[0.597s] INFO:colcon.colcon_cmake.task.cmake.build:Building CMake package in '/home/student36/RoboticsDesignProject/Git-repos/LeoRover-Team7/elephant_arm_ws/src/mycobot_ros2/mycobot_moveit_config'
[0.598s] INFO:colcon.colcon_core.shell:Skip shell extension 'powershell' for command environment: Not usable outside of PowerShell
[0.598s] DEBUG:colcon.colcon_core.shell:Skip shell extension 'dsv' for command environment
[0.660s] DEBUG:colcon.colcon_core.event_handler.log_command:Invoking command in '/home/student36/RoboticsDesignProject/Git-repos/LeoRover-Team7/elephant_arm_ws/build/moveit_task_constructor_msgs': CMAKE_PREFIX_PATH=${CMAKE_PREFIX_PATH}:/home/student36/ros2_tutorial_workspace/install/the_simplest_python_package:/home/student36/ros2_tutorial_workspace/install/python_package_with_a_node:/home/student36/ros2_tutorial_workspace/install/python_package_that_uses_the_library:/home/student36/ros2_tutorial_workspace/install/python_package_with_a_library:/home/student36/ros2_tutorial_workspace/install/python_package_that_uses_the_services:/home/student36/ros2_tutorial_workspace/install/python_package_that_uses_the_actions:/home/student36/ros2_tutorial_workspace/install/python_package_that_uses_tf2:/home/student36/ros2_tutorial_workspace/install/python_package_that_uses_parameters_and_launch_files:/home/student36/ros2_tutorial_workspace/install/python_package_that_uses_nottf2:/home/student36/ros2_tutorial_workspace/install/python_package_that_uses_nav2:/home/student36/ros2_tutorial_workspace/install/python_package_that_uses_messages:/home/student36/ros2_tutorial_workspace/install/python_package_that_uses_geometry_msgs:/home/student36/ros2_tutorial_workspace/install/python_package_that_uses_gazebo:/home/student36/ws_moveit/install/moveit_configs_utils:/home/student36/elephant_arm_ws/install/mycobot_description:/opt/ros/jazzy DEBUGINFOD_URLS=https://debuginfod.ubuntu.com /usr/bin/cmake --build /home/student36/RoboticsDesignProject/Git-repos/LeoRover-Team7/elephant_arm_ws/build/moveit_task_constructor_msgs -- -j12 -l12
[0.676s] DEBUG:colcon.colcon_core.event_handler.log_command:Invoking command in '/home/student36/RoboticsDesignProject/Git-repos/LeoRover-Team7/elephant_arm_ws/build/rviz_marker_tools': CMAKE_PREFIX_PATH=${CMAKE_PREFIX_PATH}:/home/student36/ros2_tutorial_workspace/install/the_simplest_python_package:/home/student36/ros2_tutorial_workspace/install/python_package_with_a_node:/home/student36/ros2_tutorial_workspace/install/python_package_that_uses_the_library:/home/student36/ros2_tutorial_workspace/install/python_package_with_a_library:/home/student36/ros2_tutorial_workspace/install/python_package_that_uses_the_services:/home/student36/ros2_tutorial_workspace/install/python_package_that_uses_the_actions:/home/student36/ros2_tutorial_workspace/install/python_package_that_uses_tf2:/home/student36/ros2_tutorial_workspace/install/python_package_that_uses_parameters_and_launch_files:/home/student36/ros2_tutorial_workspace/install/python_package_that_uses_nottf2:/home/student36/ros2_tutorial_workspace/install/python_package_that_uses_nav2:/home/student36/ros2_tutorial_workspace/install/python_package_that_uses_messages:/home/student36/ros2_tutorial_workspace/install/python_package_that_uses_geometry_msgs:/home/student36/ros2_tutorial_workspace/install/python_package_that_uses_gazebo:/home/student36/ws_moveit/install/moveit_configs_utils:/home/student36/elephant_arm_ws/install/mycobot_description:/opt/ros/jazzy DEBUGINFOD_URLS=https://debuginfod.ubuntu.com /usr/bin/cmake --build /home/student36/RoboticsDesignProject/Git-repos/LeoRover-Team7/elephant_arm_ws/build/rviz_marker_tools -- -j12 -l12
[0.682s] DEBUG:colcon.colcon_core.event_handler.log_command:Invoking command in '/home/student36/RoboticsDesignProject/Git-repos/LeoRover-Team7/elephant_arm_ws/build/mycobot_description': CMAKE_PREFIX_PATH=${CMAKE_PREFIX_PATH}:/home/student36/ros2_tutorial_workspace/install/the_simplest_python_package:/home/student36/ros2_tutorial_workspace/install/python_package_with_a_node:/home/student36/ros2_tutorial_workspace/install/python_package_that_uses_the_library:/home/student36/ros2_tutorial_workspace/install/python_package_with_a_library:/home/student36/ros2_tutorial_workspace/install/python_package_that_uses_the_services:/home/student36/ros2_tutorial_workspace/install/python_package_that_uses_the_actions:/home/student36/ros2_tutorial_workspace/install/python_package_that_uses_tf2:/home/student36/ros2_tutorial_workspace/install/python_package_that_uses_parameters_and_launch_files:/home/student36/ros2_tutorial_workspace/install/python_package_that_uses_nottf2:/home/student36/ros2_tutorial_workspace/install/python_package_that_uses_nav2:/home/student36/ros2_tutorial_workspace/install/python_package_that_uses_messages:/home/student36/ros2_tutorial_workspace/install/python_package_that_uses_geometry_msgs:/home/student36/ros2_tutorial_workspace/install/python_package_that_uses_gazebo:/home/student36/ws_moveit/install/moveit_configs_utils:/home/student36/elephant_arm_ws/install/mycobot_description:/opt/ros/jazzy DEBUGINFOD_URLS=https://debuginfod.ubuntu.com /usr/bin/cmake --build /home/student36/RoboticsDesignProject/Git-repos/LeoRover-Team7/elephant_arm_ws/build/mycobot_description -- -j12 -l12
[0.691s] DEBUG:colcon.colcon_core.event_handler.log_command:Invoking command in '/home/student36/RoboticsDesignProject/Git-repos/LeoRover-Team7/elephant_arm_ws/build/hello_moveit': CMAKE_PREFIX_PATH=${CMAKE_PREFIX_PATH}:/home/student36/ros2_tutorial_workspace/install/the_simplest_python_package:/home/student36/ros2_tutorial_workspace/install/python_package_with_a_node:/home/student36/ros2_tutorial_workspace/install/python_package_that_uses_the_library:/home/student36/ros2_tutorial_workspace/install/python_package_with_a_library:/home/student36/ros2_tutorial_workspace/install/python_package_that_uses_the_services:/home/student36/ros2_tutorial_workspace/install/python_package_that_uses_the_actions:/home/student36/ros2_tutorial_workspace/install/python_package_that_uses_tf2:/home/student36/ros2_tutorial_workspace/install/python_package_that_uses_parameters_and_launch_files:/home/student36/ros2_tutorial_workspace/install/python_package_that_uses_nottf2:/home/student36/ros2_tutorial_workspace/install/python_package_that_uses_nav2:/home/student36/ros2_tutorial_workspace/install/python_package_that_uses_messages:/home/student36/ros2_tutorial_workspace/install/python_package_that_uses_geometry_msgs:/home/student36/ros2_tutorial_workspace/install/python_package_that_uses_gazebo:/home/student36/ws_moveit/install/moveit_configs_utils:/home/student36/elephant_arm_ws/install/mycobot_description:/opt/ros/jazzy DEBUGINFOD_URLS=https://debuginfod.ubuntu.com /usr/bin/cmake --build /home/student36/RoboticsDesignProject/Git-repos/LeoRover-Team7/elephant_arm_ws/build/hello_moveit -- -j12 -l12
[0.710s] DEBUG:colcon.colcon_core.event_handler.log_command:Invoking command in '/home/student36/RoboticsDesignProject/Git-repos/LeoRover-Team7/elephant_arm_ws/build/mycobot_bringup': CMAKE_PREFIX_PATH=${CMAKE_PREFIX_PATH}:/home/student36/ros2_tutorial_workspace/install/the_simplest_python_package:/home/student36/ros2_tutorial_workspace/install/python_package_with_a_node:/home/student36/ros2_tutorial_workspace/install/python_package_that_uses_the_library:/home/student36/ros2_tutorial_workspace/install/python_package_with_a_library:/home/student36/ros2_tutorial_workspace/install/python_package_that_uses_the_services:/home/student36/ros2_tutorial_workspace/install/python_package_that_uses_the_actions:/home/student36/ros2_tutorial_workspace/install/python_package_that_uses_tf2:/home/student36/ros2_tutorial_workspace/install/python_package_that_uses_parameters_and_launch_files:/home/student36/ros2_tutorial_workspace/install/python_package_that_uses_nottf2:/home/student36/ros2_tutorial_workspace/install/python_package_that_uses_nav2:/home/student36/ros2_tutorial_workspace/install/python_package_that_uses_messages:/home/student36/ros2_tutorial_workspace/install/python_package_that_uses_geometry_msgs:/home/student36/ros2_tutorial_workspace/install/python_package_that_uses_gazebo:/home/student36/ws_moveit/install/moveit_configs_utils:/home/student36/elephant_arm_ws/install/mycobot_description:/opt/ros/jazzy DEBUGINFOD_URLS=https://debuginfod.ubuntu.com /usr/bin/cmake --build /home/student36/RoboticsDesignProject/Git-repos/LeoRover-Team7/elephant_arm_ws/build/mycobot_bringup -- -j12 -l12
[0.726s] DEBUG:colcon.colcon_core.event_handler.log_command:Invoking command in '/home/student36/RoboticsDesignProject/Git-repos/LeoRover-Team7/elephant_arm_ws/build/mycobot_gazebo': CMAKE_PREFIX_PATH=${CMAKE_PREFIX_PATH}:/home/student36/ros2_tutorial_workspace/install/the_simplest_python_package:/home/student36/ros2_tutorial_workspace/install/python_package_with_a_node:/home/student36/ros2_tutorial_workspace/install/python_package_that_uses_the_library:/home/student36/ros2_tutorial_workspace/install/python_package_with_a_library:/home/student36/ros2_tutorial_workspace/install/python_package_that_uses_the_services:/home/student36/ros2_tutorial_workspace/install/python_package_that_uses_the_actions:/home/student36/ros2_tutorial_workspace/install/python_package_that_uses_tf2:/home/student36/ros2_tutorial_workspace/install/python_package_that_uses_parameters_and_launch_files:/home/student36/ros2_tutorial_workspace/install/python_package_that_uses_nottf2:/home/student36/ros2_tutorial_workspace/install/python_package_that_uses_nav2:/home/student36/ros2_tutorial_workspace/install/python_package_that_uses_messages:/home/student36/ros2_tutorial_workspace/install/python_package_that_uses_geometry_msgs:/home/student36/ros2_tutorial_workspace/install/python_package_that_uses_gazebo:/home/student36/ws_moveit/install/moveit_configs_utils:/home/student36/elephant_arm_ws/install/mycobot_description:/opt/ros/jazzy DEBUGINFOD_URLS=https://debuginfod.ubuntu.com /usr/bin/cmake --build /home/student36/RoboticsDesignProject/Git-repos/LeoRover-Team7/elephant_arm_ws/build/mycobot_gazebo -- -j12 -l12
[0.754s] DEBUG:colcon.colcon_core.event_handler.log_command:Invoking command in '/home/student36/RoboticsDesignProject/Git-repos/LeoRover-Team7/elephant_arm_ws/build/mycobot_moveit_config': CMAKE_PREFIX_PATH=${CMAKE_PREFIX_PATH}:/home/student36/ros2_tutorial_workspace/install/the_simplest_python_package:/home/student36/ros2_tutorial_workspace/install/python_package_with_a_node:/home/student36/ros2_tutorial_workspace/install/python_package_that_uses_the_library:/home/student36/ros2_tutorial_workspace/install/python_package_with_a_library:/home/student36/ros2_tutorial_workspace/install/python_package_that_uses_the_services:/home/student36/ros2_tutorial_workspace/install/python_package_that_uses_the_actions:/home/student36/ros2_tutorial_workspace/install/python_package_that_uses_tf2:/home/student36/ros2_tutorial_workspace/install/python_package_that_uses_parameters_and_launch_files:/home/student36/ros2_tutorial_workspace/install/python_package_that_uses_nottf2:/home/student36/ros2_tutorial_workspace/install/python_package_that_uses_nav2:/home/student36/ros2_tutorial_workspace/install/python_package_that_uses_messages:/home/student36/ros2_tutorial_workspace/install/python_package_that_uses_geometry_msgs:/home/student36/ros2_tutorial_workspace/install/python_package_that_uses_gazebo:/home/student36/ws_moveit/install/moveit_configs_utils:/home/student36/elephant_arm_ws/install/mycobot_description:/opt/ros/jazzy DEBUGINFOD_URLS=https://debuginfod.ubuntu.com /usr/bin/cmake --build /home/student36/RoboticsDesignProject/Git-repos/LeoRover-Team7/elephant_arm_ws/build/mycobot_moveit_config -- -j12 -l12
[0.872s] DEBUG:colcon.colcon_core.event_handler.log_command:Invoked command in '/home/student36/RoboticsDesignProject/Git-repos/LeoRover-Team7/elephant_arm_ws/build/mycobot_description' returned '0': CMAKE_PREFIX_PATH=${CMAKE_PREFIX_PATH}:/home/student36/ros2_tutorial_workspace/install/the_simplest_python_package:/home/student36/ros2_tutorial_workspace/install/python_package_with_a_node:/home/student36/ros2_tutorial_workspace/install/python_package_that_uses_the_library:/home/student36/ros2_tutorial_workspace/install/python_package_with_a_library:/home/student36/ros2_tutorial_workspace/install/python_package_that_uses_the_services:/home/student36/ros2_tutorial_workspace/install/python_package_that_uses_the_actions:/home/student36/ros2_tutorial_workspace/install/python_package_that_uses_tf2:/home/student36/ros2_tutorial_workspace/install/python_package_that_uses_parameters_and_launch_files:/home/student36/ros2_tutorial_workspace/install/python_package_that_uses_nottf2:/home/student36/ros2_tutorial_workspace/install/python_package_that_uses_nav2:/home/student36/ros2_tutorial_workspace/install/python_package_that_uses_messages:/home/student36/ros2_tutorial_workspace/install/python_package_that_uses_geometry_msgs:/home/student36/ros2_tutorial_workspace/install/python_package_that_uses_gazebo:/home/student36/ws_moveit/install/moveit_configs_utils:/home/student36/elephant_arm_ws/install/mycobot_description:/opt/ros/jazzy DEBUGINFOD_URLS=https://debuginfod.ubuntu.com /usr/bin/cmake --build /home/student36/RoboticsDesignProject/Git-repos/LeoRover-Team7/elephant_arm_ws/build/mycobot_description -- -j12 -l12
[0.910s] DEBUG:colcon.colcon_core.event_handler.log_command:Invoking command in '/home/student36/RoboticsDesignProject/Git-repos/LeoRover-Team7/elephant_arm_ws/build/mycobot_description': CMAKE_PREFIX_PATH=${CMAKE_PREFIX_PATH}:/home/student36/ros2_tutorial_workspace/install/the_simplest_python_package:/home/student36/ros2_tutorial_workspace/install/python_package_with_a_node:/home/student36/ros2_tutorial_workspace/install/python_package_that_uses_the_library:/home/student36/ros2_tutorial_workspace/install/python_package_with_a_library:/home/student36/ros2_tutorial_workspace/install/python_package_that_uses_the_services:/home/student36/ros2_tutorial_workspace/install/python_package_that_uses_the_actions:/home/student36/ros2_tutorial_workspace/install/python_package_that_uses_tf2:/home/student36/ros2_tutorial_workspace/install/python_package_that_uses_parameters_and_launch_files:/home/student36/ros2_tutorial_workspace/install/python_package_that_uses_nottf2:/home/student36/ros2_tutorial_workspace/install/python_package_that_uses_nav2:/home/student36/ros2_tutorial_workspace/install/python_package_that_uses_messages:/home/student36/ros2_tutorial_workspace/install/python_package_that_uses_geometry_msgs:/home/student36/ros2_tutorial_workspace/install/python_package_that_uses_gazebo:/home/student36/ws_moveit/install/moveit_configs_utils:/home/student36/elephant_arm_ws/install/mycobot_description:/opt/ros/jazzy DEBUGINFOD_URLS=https://debuginfod.ubuntu.com /usr/bin/cmake --install /home/student36/RoboticsDesignProject/Git-repos/LeoRover-Team7/elephant_arm_ws/build/mycobot_description
[0.918s] DEBUG:colcon.colcon_core.event_handler.log_command:Invoked command in '/home/student36/RoboticsDesignProject/Git-repos/LeoRover-Team7/elephant_arm_ws/build/mycobot_bringup' returned '0': CMAKE_PREFIX_PATH=${CMAKE_PREFIX_PATH}:/home/student36/ros2_tutorial_workspace/install/the_simplest_python_package:/home/student36/ros2_tutorial_workspace/install/python_package_with_a_node:/home/student36/ros2_tutorial_workspace/install/python_package_that_uses_the_library:/home/student36/ros2_tutorial_workspace/install/python_package_with_a_library:/home/student36/ros2_tutorial_workspace/install/python_package_that_uses_the_services:/home/student36/ros2_tutorial_workspace/install/python_package_that_uses_the_actions:/home/student36/ros2_tutorial_workspace/install/python_package_that_uses_tf2:/home/student36/ros2_tutorial_workspace/install/python_package_that_uses_parameters_and_launch_files:/home/student36/ros2_tutorial_workspace/install/python_package_that_uses_nottf2:/home/student36/ros2_tutorial_workspace/install/python_package_that_uses_nav2:/home/student36/ros2_tutorial_workspace/install/python_package_that_uses_messages:/home/student36/ros2_tutorial_workspace/install/python_package_that_uses_geometry_msgs:/home/student36/ros2_tutorial_workspace/install/python_package_that_uses_gazebo:/home/student36/ws_moveit/install/moveit_configs_utils:/home/student36/elephant_arm_ws/install/mycobot_description:/opt/ros/jazzy DEBUGINFOD_URLS=https://debuginfod.ubuntu.com /usr/bin/cmake --build /home/student36/RoboticsDesignProject/Git-repos/LeoRover-Team7/elephant_arm_ws/build/mycobot_bringup -- -j12 -l12
[0.919s] DEBUG:colcon.colcon_core.event_handler.log_command:Invoking command in '/home/student36/RoboticsDesignProject/Git-repos/LeoRover-Team7/elephant_arm_ws/build/mycobot_bringup': CMAKE_PREFIX_PATH=${CMAKE_PREFIX_PATH}:/home/student36/ros2_tutorial_workspace/install/the_simplest_python_package:/home/student36/ros2_tutorial_workspace/install/python_package_with_a_node:/home/student36/ros2_tutorial_workspace/install/python_package_that_uses_the_library:/home/student36/ros2_tutorial_workspace/install/python_package_with_a_library:/home/student36/ros2_tutorial_workspace/install/python_package_that_uses_the_services:/home/student36/ros2_tutorial_workspace/install/python_package_that_uses_the_actions:/home/student36/ros2_tutorial_workspace/install/python_package_that_uses_tf2:/home/student36/ros2_tutorial_workspace/install/python_package_that_uses_parameters_and_launch_files:/home/student36/ros2_tutorial_workspace/install/python_package_that_uses_nottf2:/home/student36/ros2_tutorial_workspace/install/python_package_that_uses_nav2:/home/student36/ros2_tutorial_workspace/install/python_package_that_uses_messages:/home/student36/ros2_tutorial_workspace/install/python_package_that_uses_geometry_msgs:/home/student36/ros2_tutorial_workspace/install/python_package_that_uses_gazebo:/home/student36/ws_moveit/install/moveit_configs_utils:/home/student36/elephant_arm_ws/install/mycobot_description:/opt/ros/jazzy DEBUGINFOD_URLS=https://debuginfod.ubuntu.com /usr/bin/cmake --install /home/student36/RoboticsDesignProject/Git-repos/LeoRover-Team7/elephant_arm_ws/build/mycobot_bringup
[0.959s] Level 1:colcon.colcon_core.environment:create_environment_scripts_only(mycobot_description)
[0.969s] DEBUG:colcon.colcon_core.event_handler.log_command:Invoked command in '/home/student36/RoboticsDesignProject/Git-repos/LeoRover-Team7/elephant_arm_ws/build/mycobot_gazebo' returned '0': CMAKE_PREFIX_PATH=${CMAKE_PREFIX_PATH}:/home/student36/ros2_tutorial_workspace/install/the_simplest_python_package:/home/student36/ros2_tutorial_workspace/install/python_package_with_a_node:/home/student36/ros2_tutorial_workspace/install/python_package_that_uses_the_library:/home/student36/ros2_tutorial_workspace/install/python_package_with_a_library:/home/student36/ros2_tutorial_workspace/install/python_package_that_uses_the_services:/home/student36/ros2_tutorial_workspace/install/python_package_that_uses_the_actions:/home/student36/ros2_tutorial_workspace/install/python_package_that_uses_tf2:/home/student36/ros2_tutorial_workspace/install/python_package_that_uses_parameters_and_launch_files:/home/student36/ros2_tutorial_workspace/install/python_package_that_uses_nottf2:/home/student36/ros2_tutorial_workspace/install/python_package_that_uses_nav2:/home/student36/ros2_tutorial_workspace/install/python_package_that_uses_messages:/home/student36/ros2_tutorial_workspace/install/python_package_that_uses_geometry_msgs:/home/student36/ros2_tutorial_workspace/install/python_package_that_uses_gazebo:/home/student36/ws_moveit/install/moveit_configs_utils:/home/student36/elephant_arm_ws/install/mycobot_description:/opt/ros/jazzy DEBUGINFOD_URLS=https://debuginfod.ubuntu.com /usr/bin/cmake --build /home/student36/RoboticsDesignProject/Git-repos/LeoRover-Team7/elephant_arm_ws/build/mycobot_gazebo -- -j12 -l12
[0.973s] DEBUG:colcon.colcon_core.event_handler.log_command:Invoking command in '/home/student36/RoboticsDesignProject/Git-repos/LeoRover-Team7/elephant_arm_ws/build/mycobot_gazebo': CMAKE_PREFIX_PATH=${CMAKE_PREFIX_PATH}:/home/student36/ros2_tutorial_workspace/install/the_simplest_python_package:/home/student36/ros2_tutorial_workspace/install/python_package_with_a_node:/home/student36/ros2_tutorial_workspace/install/python_package_that_uses_the_library:/home/student36/ros2_tutorial_workspace/install/python_package_with_a_library:/home/student36/ros2_tutorial_workspace/install/python_package_that_uses_the_services:/home/student36/ros2_tutorial_workspace/install/python_package_that_uses_the_actions:/home/student36/ros2_tutorial_workspace/install/python_package_that_uses_tf2:/home/student36/ros2_tutorial_workspace/install/python_package_that_uses_parameters_and_launch_files:/home/student36/ros2_tutorial_workspace/install/python_package_that_uses_nottf2:/home/student36/ros2_tutorial_workspace/install/python_package_that_uses_nav2:/home/student36/ros2_tutorial_workspace/install/python_package_that_uses_messages:/home/student36/ros2_tutorial_workspace/install/python_package_that_uses_geometry_msgs:/home/student36/ros2_tutorial_workspace/install/python_package_that_uses_gazebo:/home/student36/ws_moveit/install/moveit_configs_utils:/home/student36/elephant_arm_ws/install/mycobot_description:/opt/ros/jazzy DEBUGINFOD_URLS=https://debuginfod.ubuntu.com /usr/bin/cmake --install /home/student36/RoboticsDesignProject/Git-repos/LeoRover-Team7/elephant_arm_ws/build/mycobot_gazebo
[0.981s] DEBUG:colcon.colcon_core.event_handler.log_command:Invoked command in '/home/student36/RoboticsDesignProject/Git-repos/LeoRover-Team7/elephant_arm_ws/build/mycobot_description' returned '0': CMAKE_PREFIX_PATH=${CMAKE_PREFIX_PATH}:/home/student36/ros2_tutorial_workspace/install/the_simplest_python_package:/home/student36/ros2_tutorial_workspace/install/python_package_with_a_node:/home/student36/ros2_tutorial_workspace/install/python_package_that_uses_the_library:/home/student36/ros2_tutorial_workspace/install/python_package_with_a_library:/home/student36/ros2_tutorial_workspace/install/python_package_that_uses_the_services:/home/student36/ros2_tutorial_workspace/install/python_package_that_uses_the_actions:/home/student36/ros2_tutorial_workspace/install/python_package_that_uses_tf2:/home/student36/ros2_tutorial_workspace/install/python_package_that_uses_parameters_and_launch_files:/home/student36/ros2_tutorial_workspace/install/python_package_that_uses_nottf2:/home/student36/ros2_tutorial_workspace/install/python_package_that_uses_nav2:/home/student36/ros2_tutorial_workspace/install/python_package_that_uses_messages:/home/student36/ros2_tutorial_workspace/install/python_package_that_uses_geometry_msgs:/home/student36/ros2_tutorial_workspace/install/python_package_that_uses_gazebo:/home/student36/ws_moveit/install/moveit_configs_utils:/home/student36/elephant_arm_ws/install/mycobot_description:/opt/ros/jazzy DEBUGINFOD_URLS=https://debuginfod.ubuntu.com /usr/bin/cmake --install /home/student36/RoboticsDesignProject/Git-repos/LeoRover-Team7/elephant_arm_ws/build/mycobot_description
[0.993s] Level 1:colcon.colcon_core.environment:checking '/home/student36/RoboticsDesignProject/Git-repos/LeoRover-Team7/elephant_arm_ws/install/mycobot_description' for CMake module files
[1.004s] Level 1:colcon.colcon_core.environment:checking '/home/student36/RoboticsDesignProject/Git-repos/LeoRover-Team7/elephant_arm_ws/install/mycobot_description' for CMake config files
[1.014s] Level 1:colcon.colcon_core.shell:create_environment_hook('mycobot_description', 'cmake_prefix_path')
[1.014s] INFO:colcon.colcon_core.shell:Creating environment hook '/home/student36/RoboticsDesignProject/Git-repos/LeoRover-Team7/elephant_arm_ws/install/mycobot_description/share/mycobot_description/hook/cmake_prefix_path.ps1'
[1.016s] INFO:colcon.colcon_core.shell:Creating environment descriptor '/home/student36/RoboticsDesignProject/Git-repos/LeoRover-Team7/elephant_arm_ws/install/mycobot_description/share/mycobot_description/hook/cmake_prefix_path.dsv'
[1.018s] INFO:colcon.colcon_core.shell:Creating environment hook '/home/student36/RoboticsDesignProject/Git-repos/LeoRover-Team7/elephant_arm_ws/install/mycobot_description/share/mycobot_description/hook/cmake_prefix_path.sh'
[1.024s] Level 1:colcon.colcon_core.environment:checking '/home/student36/RoboticsDesignProject/Git-repos/LeoRover-Team7/elephant_arm_ws/install/mycobot_description/bin'
[1.024s] Level 1:colcon.colcon_core.environment:checking '/home/student36/RoboticsDesignProject/Git-repos/LeoRover-Team7/elephant_arm_ws/install/mycobot_description/lib/pkgconfig/mycobot_description.pc'
[1.024s] Level 1:colcon.colcon_core.environment:checking '/home/student36/RoboticsDesignProject/Git-repos/LeoRover-Team7/elephant_arm_ws/install/mycobot_description/lib/python3.12/site-packages'
[1.025s] Level 1:colcon.colcon_core.environment:checking '/home/student36/RoboticsDesignProject/Git-repos/LeoRover-Team7/elephant_arm_ws/install/mycobot_description/bin'
[1.026s] INFO:colcon.colcon_core.shell:Creating package script '/home/student36/RoboticsDesignProject/Git-repos/LeoRover-Team7/elephant_arm_ws/install/mycobot_description/share/mycobot_description/package.ps1'
[1.029s] INFO:colcon.colcon_core.shell:Creating package descriptor '/home/student36/RoboticsDesignProject/Git-repos/LeoRover-Team7/elephant_arm_ws/install/mycobot_description/share/mycobot_description/package.dsv'
[1.035s] INFO:colcon.colcon_core.shell:Creating package script '/home/student36/RoboticsDesignProject/Git-repos/LeoRover-Team7/elephant_arm_ws/install/mycobot_description/share/mycobot_description/package.sh'
[1.036s] INFO:colcon.colcon_core.shell:Creating package script '/home/student36/RoboticsDesignProject/Git-repos/LeoRover-Team7/elephant_arm_ws/install/mycobot_description/share/mycobot_description/package.bash'
[1.043s] INFO:colcon.colcon_core.shell:Creating package script '/home/student36/RoboticsDesignProject/Git-repos/LeoRover-Team7/elephant_arm_ws/install/mycobot_description/share/mycobot_description/package.zsh'
[1.049s] Level 1:colcon.colcon_core.environment:create_file_with_runtime_dependencies(/home/student36/RoboticsDesignProject/Git-repos/LeoRover-Team7/elephant_arm_ws/install/mycobot_description/share/colcon-core/packages/mycobot_description)
[1.051s] Level 1:colcon.colcon_core.environment:create_environment_scripts_only(mycobot_description)
[1.051s] Level 1:colcon.colcon_core.environment:checking '/home/student36/RoboticsDesignProject/Git-repos/LeoRover-Team7/elephant_arm_ws/install/mycobot_description' for CMake module files
[1.052s] Level 1:colcon.colcon_core.environment:checking '/home/student36/RoboticsDesignProject/Git-repos/LeoRover-Team7/elephant_arm_ws/install/mycobot_description' for CMake config files
[1.059s] Level 1:colcon.colcon_core.shell:create_environment_hook('mycobot_description', 'cmake_prefix_path')
[1.059s] INFO:colcon.colcon_core.shell:Creating environment hook '/home/student36/RoboticsDesignProject/Git-repos/LeoRover-Team7/elephant_arm_ws/install/mycobot_description/share/mycobot_description/hook/cmake_prefix_path.ps1'
[1.066s] INFO:colcon.colcon_core.shell:Creating environment descriptor '/home/student36/RoboticsDesignProject/Git-repos/LeoRover-Team7/elephant_arm_ws/install/mycobot_description/share/mycobot_description/hook/cmake_prefix_path.dsv'
[1.073s] INFO:colcon.colcon_core.shell:Creating environment hook '/home/student36/RoboticsDesignProject/Git-repos/LeoRover-Team7/elephant_arm_ws/install/mycobot_description/share/mycobot_description/hook/cmake_prefix_path.sh'
[1.076s] Level 1:colcon.colcon_core.environment:checking '/home/student36/RoboticsDesignProject/Git-repos/LeoRover-Team7/elephant_arm_ws/install/mycobot_description/bin'
[1.077s] Level 1:colcon.colcon_core.environment:checking '/home/student36/RoboticsDesignProject/Git-repos/LeoRover-Team7/elephant_arm_ws/install/mycobot_description/lib/pkgconfig/mycobot_description.pc'
[1.077s] Level 1:colcon.colcon_core.environment:checking '/home/student36/RoboticsDesignProject/Git-repos/LeoRover-Team7/elephant_arm_ws/install/mycobot_description/lib/python3.12/site-packages'
[1.078s] Level 1:colcon.colcon_core.environment:checking '/home/student36/RoboticsDesignProject/Git-repos/LeoRover-Team7/elephant_arm_ws/install/mycobot_description/bin'
[1.079s] INFO:colcon.colcon_core.shell:Creating package script '/home/student36/RoboticsDesignProject/Git-repos/LeoRover-Team7/elephant_arm_ws/install/mycobot_description/share/mycobot_description/package.ps1'
[1.084s] INFO:colcon.colcon_core.shell:Creating package descriptor '/home/student36/RoboticsDesignProject/Git-repos/LeoRover-Team7/elephant_arm_ws/install/mycobot_description/share/mycobot_description/package.dsv'
[1.086s] INFO:colcon.colcon_core.shell:Creating package script '/home/student36/RoboticsDesignProject/Git-repos/LeoRover-Team7/elephant_arm_ws/install/mycobot_description/share/mycobot_description/package.sh'
[1.095s] INFO:colcon.colcon_core.shell:Creating package script '/home/student36/RoboticsDesignProject/Git-repos/LeoRover-Team7/elephant_arm_ws/install/mycobot_description/share/mycobot_description/package.bash'
[1.105s] INFO:colcon.colcon_core.shell:Creating package script '/home/student36/RoboticsDesignProject/Git-repos/LeoRover-Team7/elephant_arm_ws/install/mycobot_description/share/mycobot_description/package.zsh'
[1.109s] Level 1:colcon.colcon_core.environment:create_file_with_runtime_dependencies(/home/student36/RoboticsDesignProject/Git-repos/LeoRover-Team7/elephant_arm_ws/install/mycobot_description/share/colcon-core/packages/mycobot_description)
[1.115s] INFO:colcon.colcon_ros.task.ament_cmake.build:Building ROS package in '/home/student36/RoboticsDesignProject/Git-repos/LeoRover-Team7/elephant_arm_ws/src/mycobot_ros2/mycobot_ros2' with build type 'ament_cmake'
[1.115s] INFO:colcon.colcon_cmake.task.cmake.build:Building CMake package in '/home/student36/RoboticsDesignProject/Git-repos/LeoRover-Team7/elephant_arm_ws/src/mycobot_ros2/mycobot_ros2'
[1.116s] INFO:colcon.colcon_core.shell:Skip shell extension 'powershell' for command environment: Not usable outside of PowerShell
[1.116s] DEBUG:colcon.colcon_core.shell:Skip shell extension 'dsv' for command environment
[1.210s] Level 1:colcon.colcon_core.environment:create_environment_scripts_only(mycobot_bringup)
[1.211s] Level 1:colcon.colcon_core.environment:checking '/home/student36/RoboticsDesignProject/Git-repos/LeoRover-Team7/elephant_arm_ws/install/mycobot_bringup' for CMake module files
[1.211s] DEBUG:colcon.colcon_core.event_handler.log_command:Invoked command in '/home/student36/RoboticsDesignProject/Git-repos/LeoRover-Team7/elephant_arm_ws/build/mycobot_bringup' returned '0': CMAKE_PREFIX_PATH=${CMAKE_PREFIX_PATH}:/home/student36/ros2_tutorial_workspace/install/the_simplest_python_package:/home/student36/ros2_tutorial_workspace/install/python_package_with_a_node:/home/student36/ros2_tutorial_workspace/install/python_package_that_uses_the_library:/home/student36/ros2_tutorial_workspace/install/python_package_with_a_library:/home/student36/ros2_tutorial_workspace/install/python_package_that_uses_the_services:/home/student36/ros2_tutorial_workspace/install/python_package_that_uses_the_actions:/home/student36/ros2_tutorial_workspace/install/python_package_that_uses_tf2:/home/student36/ros2_tutorial_workspace/install/python_package_that_uses_parameters_and_launch_files:/home/student36/ros2_tutorial_workspace/install/python_package_that_uses_nottf2:/home/student36/ros2_tutorial_workspace/install/python_package_that_uses_nav2:/home/student36/ros2_tutorial_workspace/install/python_package_that_uses_messages:/home/student36/ros2_tutorial_workspace/install/python_package_that_uses_geometry_msgs:/home/student36/ros2_tutorial_workspace/install/python_package_that_uses_gazebo:/home/student36/ws_moveit/install/moveit_configs_utils:/home/student36/elephant_arm_ws/install/mycobot_description:/opt/ros/jazzy DEBUGINFOD_URLS=https://debuginfod.ubuntu.com /usr/bin/cmake --install /home/student36/RoboticsDesignProject/Git-repos/LeoRover-Team7/elephant_arm_ws/build/mycobot_bringup
[1.213s] Level 1:colcon.colcon_core.environment:checking '/home/student36/RoboticsDesignProject/Git-repos/LeoRover-Team7/elephant_arm_ws/install/mycobot_bringup' for CMake config files
[1.214s] Level 1:colcon.colcon_core.shell:create_environment_hook('mycobot_bringup', 'cmake_prefix_path')
[1.214s] INFO:colcon.colcon_core.shell:Creating environment hook '/home/student36/RoboticsDesignProject/Git-repos/LeoRover-Team7/elephant_arm_ws/install/mycobot_bringup/share/mycobot_bringup/hook/cmake_prefix_path.ps1'
[1.215s] INFO:colcon.colcon_core.shell:Creating environment descriptor '/home/student36/RoboticsDesignProject/Git-repos/LeoRover-Team7/elephant_arm_ws/install/mycobot_bringup/share/mycobot_bringup/hook/cmake_prefix_path.dsv'
[1.215s] INFO:colcon.colcon_core.shell:Creating environment hook '/home/student36/RoboticsDesignProject/Git-repos/LeoRover-Team7/elephant_arm_ws/install/mycobot_bringup/share/mycobot_bringup/hook/cmake_prefix_path.sh'
[1.216s] Level 1:colcon.colcon_core.environment:checking '/home/student36/RoboticsDesignProject/Git-repos/LeoRover-Team7/elephant_arm_ws/install/mycobot_bringup/bin'
[1.216s] Level 1:colcon.colcon_core.environment:checking '/home/student36/RoboticsDesignProject/Git-repos/LeoRover-Team7/elephant_arm_ws/install/mycobot_bringup/lib/pkgconfig/mycobot_bringup.pc'
[1.216s] Level 1:colcon.colcon_core.environment:checking '/home/student36/RoboticsDesignProject/Git-repos/LeoRover-Team7/elephant_arm_ws/install/mycobot_bringup/lib/python3.12/site-packages'
[1.217s] Level 1:colcon.colcon_core.environment:checking '/home/student36/RoboticsDesignProject/Git-repos/LeoRover-Team7/elephant_arm_ws/install/mycobot_bringup/bin'
[1.217s] INFO:colcon.colcon_core.shell:Creating package script '/home/student36/RoboticsDesignProject/Git-repos/LeoRover-Team7/elephant_arm_ws/install/mycobot_bringup/share/mycobot_bringup/package.ps1'
[1.218s] INFO:colcon.colcon_core.shell:Creating package descriptor '/home/student36/RoboticsDesignProject/Git-repos/LeoRover-Team7/elephant_arm_ws/install/mycobot_bringup/share/mycobot_bringup/package.dsv'
[1.218s] INFO:colcon.colcon_core.shell:Creating package script '/home/student36/RoboticsDesignProject/Git-repos/LeoRover-Team7/elephant_arm_ws/install/mycobot_bringup/share/mycobot_bringup/package.sh'
[1.219s] INFO:colcon.colcon_core.shell:Creating package script '/home/student36/RoboticsDesignProject/Git-repos/LeoRover-Team7/elephant_arm_ws/install/mycobot_bringup/share/mycobot_bringup/package.bash'
[1.219s] INFO:colcon.colcon_core.shell:Creating package script '/home/student36/RoboticsDesignProject/Git-repos/LeoRover-Team7/elephant_arm_ws/install/mycobot_bringup/share/mycobot_bringup/package.zsh'
[1.219s] Level 1:colcon.colcon_core.environment:create_file_with_runtime_dependencies(/home/student36/RoboticsDesignProject/Git-repos/LeoRover-Team7/elephant_arm_ws/install/mycobot_bringup/share/colcon-core/packages/mycobot_bringup)
[1.220s] Level 1:colcon.colcon_core.environment:create_environment_scripts_only(mycobot_bringup)
[1.220s] Level 1:colcon.colcon_core.environment:checking '/home/student36/RoboticsDesignProject/Git-repos/LeoRover-Team7/elephant_arm_ws/install/mycobot_bringup' for CMake module files
[1.221s] Level 1:colcon.colcon_core.environment:checking '/home/student36/RoboticsDesignProject/Git-repos/LeoRover-Team7/elephant_arm_ws/install/mycobot_bringup' for CMake config files
[1.221s] Level 1:colcon.colcon_core.shell:create_environment_hook('mycobot_bringup', 'cmake_prefix_path')
[1.221s] INFO:colcon.colcon_core.shell:Creating environment hook '/home/student36/RoboticsDesignProject/Git-repos/LeoRover-Team7/elephant_arm_ws/install/mycobot_bringup/share/mycobot_bringup/hook/cmake_prefix_path.ps1'
[1.221s] INFO:colcon.colcon_core.shell:Creating environment descriptor '/home/student36/RoboticsDesignProject/Git-repos/LeoRover-Team7/elephant_arm_ws/install/mycobot_bringup/share/mycobot_bringup/hook/cmake_prefix_path.dsv'
[1.222s] INFO:colcon.colcon_core.shell:Creating environment hook '/home/student36/RoboticsDesignProject/Git-repos/LeoRover-Team7/elephant_arm_ws/install/mycobot_bringup/share/mycobot_bringup/hook/cmake_prefix_path.sh'
[1.222s] Level 1:colcon.colcon_core.environment:checking '/home/student36/RoboticsDesignProject/Git-repos/LeoRover-Team7/elephant_arm_ws/install/mycobot_bringup/bin'
[1.222s] Level 1:colcon.colcon_core.environment:checking '/home/student36/RoboticsDesignProject/Git-repos/LeoRover-Team7/elephant_arm_ws/install/mycobot_bringup/lib/pkgconfig/mycobot_bringup.pc'
[1.223s] Level 1:colcon.colcon_core.environment:checking '/home/student36/RoboticsDesignProject/Git-repos/LeoRover-Team7/elephant_arm_ws/install/mycobot_bringup/lib/python3.12/site-packages'
[1.223s] Level 1:colcon.colcon_core.environment:checking '/home/student36/RoboticsDesignProject/Git-repos/LeoRover-Team7/elephant_arm_ws/install/mycobot_bringup/bin'
[1.223s] INFO:colcon.colcon_core.shell:Creating package script '/home/student36/RoboticsDesignProject/Git-repos/LeoRover-Team7/elephant_arm_ws/install/mycobot_bringup/share/mycobot_bringup/package.ps1'
[1.224s] INFO:colcon.colcon_core.shell:Creating package descriptor '/home/student36/RoboticsDesignProject/Git-repos/LeoRover-Team7/elephant_arm_ws/install/mycobot_bringup/share/mycobot_bringup/package.dsv'
[1.225s] INFO:colcon.colcon_core.shell:Creating package script '/home/student36/RoboticsDesignProject/Git-repos/LeoRover-Team7/elephant_arm_ws/install/mycobot_bringup/share/mycobot_bringup/package.sh'
[1.225s] INFO:colcon.colcon_core.shell:Creating package script '/home/student36/RoboticsDesignProject/Git-repos/LeoRover-Team7/elephant_arm_ws/install/mycobot_bringup/share/mycobot_bringup/package.bash'
[1.226s] INFO:colcon.colcon_core.shell:Creating package script '/home/student36/RoboticsDesignProject/Git-repos/LeoRover-Team7/elephant_arm_ws/install/mycobot_bringup/share/mycobot_bringup/package.zsh'
[1.226s] Level 1:colcon.colcon_core.environment:create_file_with_runtime_dependencies(/home/student36/RoboticsDesignProject/Git-repos/LeoRover-Team7/elephant_arm_ws/install/mycobot_bringup/share/colcon-core/packages/mycobot_bringup)
[1.230s] DEBUG:colcon.colcon_core.event_handler.log_command:Invoked command in '/home/student36/RoboticsDesignProject/Git-repos/LeoRover-Team7/elephant_arm_ws/build/rviz_marker_tools' returned '0': CMAKE_PREFIX_PATH=${CMAKE_PREFIX_PATH}:/home/student36/ros2_tutorial_workspace/install/the_simplest_python_package:/home/student36/ros2_tutorial_workspace/install/python_package_with_a_node:/home/student36/ros2_tutorial_workspace/install/python_package_that_uses_the_library:/home/student36/ros2_tutorial_workspace/install/python_package_with_a_library:/home/student36/ros2_tutorial_workspace/install/python_package_that_uses_the_services:/home/student36/ros2_tutorial_workspace/install/python_package_that_uses_the_actions:/home/student36/ros2_tutorial_workspace/install/python_package_that_uses_tf2:/home/student36/ros2_tutorial_workspace/install/python_package_that_uses_parameters_and_launch_files:/home/student36/ros2_tutorial_workspace/install/python_package_that_uses_nottf2:/home/student36/ros2_tutorial_workspace/install/python_package_that_uses_nav2:/home/student36/ros2_tutorial_workspace/install/python_package_that_uses_messages:/home/student36/ros2_tutorial_workspace/install/python_package_that_uses_geometry_msgs:/home/student36/ros2_tutorial_workspace/install/python_package_that_uses_gazebo:/home/student36/ws_moveit/install/moveit_configs_utils:/home/student36/elephant_arm_ws/install/mycobot_description:/opt/ros/jazzy DEBUGINFOD_URLS=https://debuginfod.ubuntu.com /usr/bin/cmake --build /home/student36/RoboticsDesignProject/Git-repos/LeoRover-Team7/elephant_arm_ws/build/rviz_marker_tools -- -j12 -l12
[1.232s] DEBUG:colcon.colcon_core.event_handler.log_command:Invoking command in '/home/student36/RoboticsDesignProject/Git-repos/LeoRover-Team7/elephant_arm_ws/build/rviz_marker_tools': CMAKE_PREFIX_PATH=${CMAKE_PREFIX_PATH}:/home/student36/ros2_tutorial_workspace/install/the_simplest_python_package:/home/student36/ros2_tutorial_workspace/install/python_package_with_a_node:/home/student36/ros2_tutorial_workspace/install/python_package_that_uses_the_library:/home/student36/ros2_tutorial_workspace/install/python_package_with_a_library:/home/student36/ros2_tutorial_workspace/install/python_package_that_uses_the_services:/home/student36/ros2_tutorial_workspace/install/python_package_that_uses_the_actions:/home/student36/ros2_tutorial_workspace/install/python_package_that_uses_tf2:/home/student36/ros2_tutorial_workspace/install/python_package_that_uses_parameters_and_launch_files:/home/student36/ros2_tutorial_workspace/install/python_package_that_uses_nottf2:/home/student36/ros2_tutorial_workspace/install/python_package_that_uses_nav2:/home/student36/ros2_tutorial_workspace/install/python_package_that_uses_messages:/home/student36/ros2_tutorial_workspace/install/python_package_that_uses_geometry_msgs:/home/student36/ros2_tutorial_workspace/install/python_package_that_uses_gazebo:/home/student36/ws_moveit/install/moveit_configs_utils:/home/student36/elephant_arm_ws/install/mycobot_description:/opt/ros/jazzy DEBUGINFOD_URLS=https://debuginfod.ubuntu.com /usr/bin/cmake --install /home/student36/RoboticsDesignProject/Git-repos/LeoRover-Team7/elephant_arm_ws/build/rviz_marker_tools
[1.233s] Level 1:colcon.colcon_core.environment:create_environment_scripts_only(mycobot_gazebo)
[1.233s] Level 1:colcon.colcon_core.environment:checking '/home/student36/RoboticsDesignProject/Git-repos/LeoRover-Team7/elephant_arm_ws/install/mycobot_gazebo' for CMake module files
[1.235s] DEBUG:colcon.colcon_core.event_handler.log_command:Invoked command in '/home/student36/RoboticsDesignProject/Git-repos/LeoRover-Team7/elephant_arm_ws/build/mycobot_gazebo' returned '0': CMAKE_PREFIX_PATH=${CMAKE_PREFIX_PATH}:/home/student36/ros2_tutorial_workspace/install/the_simplest_python_package:/home/student36/ros2_tutorial_workspace/install/python_package_with_a_node:/home/student36/ros2_tutorial_workspace/install/python_package_that_uses_the_library:/home/student36/ros2_tutorial_workspace/install/python_package_with_a_library:/home/student36/ros2_tutorial_workspace/install/python_package_that_uses_the_services:/home/student36/ros2_tutorial_workspace/install/python_package_that_uses_the_actions:/home/student36/ros2_tutorial_workspace/install/python_package_that_uses_tf2:/home/student36/ros2_tutorial_workspace/install/python_package_that_uses_parameters_and_launch_files:/home/student36/ros2_tutorial_workspace/install/python_package_that_uses_nottf2:/home/student36/ros2_tutorial_workspace/install/python_package_that_uses_nav2:/home/student36/ros2_tutorial_workspace/install/python_package_that_uses_messages:/home/student36/ros2_tutorial_workspace/install/python_package_that_uses_geometry_msgs:/home/student36/ros2_tutorial_workspace/install/python_package_that_uses_gazebo:/home/student36/ws_moveit/install/moveit_configs_utils:/home/student36/elephant_arm_ws/install/mycobot_description:/opt/ros/jazzy DEBUGINFOD_URLS=https://debuginfod.ubuntu.com /usr/bin/cmake --install /home/student36/RoboticsDesignProject/Git-repos/LeoRover-Team7/elephant_arm_ws/build/mycobot_gazebo
[1.235s] Level 1:colcon.colcon_core.environment:checking '/home/student36/RoboticsDesignProject/Git-repos/LeoRover-Team7/elephant_arm_ws/install/mycobot_gazebo' for CMake config files
[1.236s] Level 1:colcon.colcon_core.shell:create_environment_hook('mycobot_gazebo', 'cmake_prefix_path')
[1.237s] INFO:colcon.colcon_core.shell:Creating environment hook '/home/student36/RoboticsDesignProject/Git-repos/LeoRover-Team7/elephant_arm_ws/install/mycobot_gazebo/share/mycobot_gazebo/hook/cmake_prefix_path.ps1'
[1.238s] INFO:colcon.colcon_core.shell:Creating environment descriptor '/home/student36/RoboticsDesignProject/Git-repos/LeoRover-Team7/elephant_arm_ws/install/mycobot_gazebo/share/mycobot_gazebo/hook/cmake_prefix_path.dsv'
[1.238s] INFO:colcon.colcon_core.shell:Creating environment hook '/home/student36/RoboticsDesignProject/Git-repos/LeoRover-Team7/elephant_arm_ws/install/mycobot_gazebo/share/mycobot_gazebo/hook/cmake_prefix_path.sh'
[1.239s] Level 1:colcon.colcon_core.environment:checking '/home/student36/RoboticsDesignProject/Git-repos/LeoRover-Team7/elephant_arm_ws/install/mycobot_gazebo/bin'
[1.240s] Level 1:colcon.colcon_core.environment:checking '/home/student36/RoboticsDesignProject/Git-repos/LeoRover-Team7/elephant_arm_ws/install/mycobot_gazebo/lib/pkgconfig/mycobot_gazebo.pc'
[1.240s] Level 1:colcon.colcon_core.environment:checking '/home/student36/RoboticsDesignProject/Git-repos/LeoRover-Team7/elephant_arm_ws/install/mycobot_gazebo/lib/python3.12/site-packages'
[1.241s] Level 1:colcon.colcon_core.environment:checking '/home/student36/RoboticsDesignProject/Git-repos/LeoRover-Team7/elephant_arm_ws/install/mycobot_gazebo/bin'
[1.241s] INFO:colcon.colcon_core.shell:Creating package script '/home/student36/RoboticsDesignProject/Git-repos/LeoRover-Team7/elephant_arm_ws/install/mycobot_gazebo/share/mycobot_gazebo/package.ps1'
[1.242s] INFO:colcon.colcon_core.shell:Creating package descriptor '/home/student36/RoboticsDesignProject/Git-repos/LeoRover-Team7/elephant_arm_ws/install/mycobot_gazebo/share/mycobot_gazebo/package.dsv'
[1.243s] INFO:colcon.colcon_core.shell:Creating package script '/home/student36/RoboticsDesignProject/Git-repos/LeoRover-Team7/elephant_arm_ws/install/mycobot_gazebo/share/mycobot_gazebo/package.sh'
[1.244s] INFO:colcon.colcon_core.shell:Creating package script '/home/student36/RoboticsDesignProject/Git-repos/LeoRover-Team7/elephant_arm_ws/install/mycobot_gazebo/share/mycobot_gazebo/package.bash'
[1.245s] INFO:colcon.colcon_core.shell:Creating package script '/home/student36/RoboticsDesignProject/Git-repos/LeoRover-Team7/elephant_arm_ws/install/mycobot_gazebo/share/mycobot_gazebo/package.zsh'
[1.245s] Level 1:colcon.colcon_core.environment:create_file_with_runtime_dependencies(/home/student36/RoboticsDesignProject/Git-repos/LeoRover-Team7/elephant_arm_ws/install/mycobot_gazebo/share/colcon-core/packages/mycobot_gazebo)
[1.246s] Level 1:colcon.colcon_core.environment:create_environment_scripts_only(mycobot_gazebo)
[1.247s] Level 1:colcon.colcon_core.environment:checking '/home/student36/RoboticsDesignProject/Git-repos/LeoRover-Team7/elephant_arm_ws/install/mycobot_gazebo' for CMake module files
[1.248s] Level 1:colcon.colcon_core.environment:checking '/home/student36/RoboticsDesignProject/Git-repos/LeoRover-Team7/elephant_arm_ws/install/mycobot_gazebo' for CMake config files
[1.248s] Level 1:colcon.colcon_core.shell:create_environment_hook('mycobot_gazebo', 'cmake_prefix_path')
[1.249s] INFO:colcon.colcon_core.shell:Creating environment hook '/home/student36/RoboticsDesignProject/Git-repos/LeoRover-Team7/elephant_arm_ws/install/mycobot_gazebo/share/mycobot_gazebo/hook/cmake_prefix_path.ps1'
[1.250s] INFO:colcon.colcon_core.shell:Creating environment descriptor '/home/student36/RoboticsDesignProject/Git-repos/LeoRover-Team7/elephant_arm_ws/install/mycobot_gazebo/share/mycobot_gazebo/hook/cmake_prefix_path.dsv'
[1.250s] INFO:colcon.colcon_core.shell:Creating environment hook '/home/student36/RoboticsDesignProject/Git-repos/LeoRover-Team7/elephant_arm_ws/install/mycobot_gazebo/share/mycobot_gazebo/hook/cmake_prefix_path.sh'
[1.251s] Level 1:colcon.colcon_core.environment:checking '/home/student36/RoboticsDesignProject/Git-repos/LeoRover-Team7/elephant_arm_ws/install/mycobot_gazebo/bin'
[1.251s] Level 1:colcon.colcon_core.environment:checking '/home/student36/RoboticsDesignProject/Git-repos/LeoRover-Team7/elephant_arm_ws/install/mycobot_gazebo/lib/pkgconfig/mycobot_gazebo.pc'
[1.252s] Level 1:colcon.colcon_core.environment:checking '/home/student36/RoboticsDesignProject/Git-repos/LeoRover-Team7/elephant_arm_ws/install/mycobot_gazebo/lib/python3.12/site-packages'
[1.253s] Level 1:colcon.colcon_core.environment:checking '/home/student36/RoboticsDesignProject/Git-repos/LeoRover-Team7/elephant_arm_ws/install/mycobot_gazebo/bin'
[1.253s] INFO:colcon.colcon_core.shell:Creating package script '/home/student36/RoboticsDesignProject/Git-repos/LeoRover-Team7/elephant_arm_ws/install/mycobot_gazebo/share/mycobot_gazebo/package.ps1'
[1.254s] INFO:colcon.colcon_core.shell:Creating package descriptor '/home/student36/RoboticsDesignProject/Git-repos/LeoRover-Team7/elephant_arm_ws/install/mycobot_gazebo/share/mycobot_gazebo/package.dsv'
[1.255s] INFO:colcon.colcon_core.shell:Creating package script '/home/student36/RoboticsDesignProject/Git-repos/LeoRover-Team7/elephant_arm_ws/install/mycobot_gazebo/share/mycobot_gazebo/package.sh'
[1.256s] INFO:colcon.colcon_core.shell:Creating package script '/home/student36/RoboticsDesignProject/Git-repos/LeoRover-Team7/elephant_arm_ws/install/mycobot_gazebo/share/mycobot_gazebo/package.bash'
[1.257s] INFO:colcon.colcon_core.shell:Creating package script '/home/student36/RoboticsDesignProject/Git-repos/LeoRover-Team7/elephant_arm_ws/install/mycobot_gazebo/share/mycobot_gazebo/package.zsh'
[1.257s] Level 1:colcon.colcon_core.environment:create_file_with_runtime_dependencies(/home/student36/RoboticsDesignProject/Git-repos/LeoRover-Team7/elephant_arm_ws/install/mycobot_gazebo/share/colcon-core/packages/mycobot_gazebo)
[1.261s] DEBUG:colcon.colcon_core.event_handler.log_command:Invoked command in '/home/student36/RoboticsDesignProject/Git-repos/LeoRover-Team7/elephant_arm_ws/build/mycobot_moveit_config' returned '0': CMAKE_PREFIX_PATH=${CMAKE_PREFIX_PATH}:/home/student36/ros2_tutorial_workspace/install/the_simplest_python_package:/home/student36/ros2_tutorial_workspace/install/python_package_with_a_node:/home/student36/ros2_tutorial_workspace/install/python_package_that_uses_the_library:/home/student36/ros2_tutorial_workspace/install/python_package_with_a_library:/home/student36/ros2_tutorial_workspace/install/python_package_that_uses_the_services:/home/student36/ros2_tutorial_workspace/install/python_package_that_uses_the_actions:/home/student36/ros2_tutorial_workspace/install/python_package_that_uses_tf2:/home/student36/ros2_tutorial_workspace/install/python_package_that_uses_parameters_and_launch_files:/home/student36/ros2_tutorial_workspace/install/python_package_that_uses_nottf2:/home/student36/ros2_tutorial_workspace/install/python_package_that_uses_nav2:/home/student36/ros2_tutorial_workspace/install/python_package_that_uses_messages:/home/student36/ros2_tutorial_workspace/install/python_package_that_uses_geometry_msgs:/home/student36/ros2_tutorial_workspace/install/python_package_that_uses_gazebo:/home/student36/ws_moveit/install/moveit_configs_utils:/home/student36/elephant_arm_ws/install/mycobot_description:/opt/ros/jazzy DEBUGINFOD_URLS=https://debuginfod.ubuntu.com /usr/bin/cmake --build /home/student36/RoboticsDesignProject/Git-repos/LeoRover-Team7/elephant_arm_ws/build/mycobot_moveit_config -- -j12 -l12
[1.262s] DEBUG:colcon.colcon_core.event_handler.log_command:Invoking command in '/home/student36/RoboticsDesignProject/Git-repos/LeoRover-Team7/elephant_arm_ws/build/mycobot_moveit_config': CMAKE_PREFIX_PATH=${CMAKE_PREFIX_PATH}:/home/student36/ros2_tutorial_workspace/install/the_simplest_python_package:/home/student36/ros2_tutorial_workspace/install/python_package_with_a_node:/home/student36/ros2_tutorial_workspace/install/python_package_that_uses_the_library:/home/student36/ros2_tutorial_workspace/install/python_package_with_a_library:/home/student36/ros2_tutorial_workspace/install/python_package_that_uses_the_services:/home/student36/ros2_tutorial_workspace/install/python_package_that_uses_the_actions:/home/student36/ros2_tutorial_workspace/install/python_package_that_uses_tf2:/home/student36/ros2_tutorial_workspace/install/python_package_that_uses_parameters_and_launch_files:/home/student36/ros2_tutorial_workspace/install/python_package_that_uses_nottf2:/home/student36/ros2_tutorial_workspace/install/python_package_that_uses_nav2:/home/student36/ros2_tutorial_workspace/install/python_package_that_uses_messages:/home/student36/ros2_tutorial_workspace/install/python_package_that_uses_geometry_msgs:/home/student36/ros2_tutorial_workspace/install/python_package_that_uses_gazebo:/home/student36/ws_moveit/install/moveit_configs_utils:/home/student36/elephant_arm_ws/install/mycobot_description:/opt/ros/jazzy DEBUGINFOD_URLS=https://debuginfod.ubuntu.com /usr/bin/cmake --install /home/student36/RoboticsDesignProject/Git-repos/LeoRover-Team7/elephant_arm_ws/build/mycobot_moveit_config
[1.262s] DEBUG:colcon.colcon_core.event_handler.log_command:Invoked command in '/home/student36/RoboticsDesignProject/Git-repos/LeoRover-Team7/elephant_arm_ws/build/hello_moveit' returned '0': CMAKE_PREFIX_PATH=${CMAKE_PREFIX_PATH}:/home/student36/ros2_tutorial_workspace/install/the_simplest_python_package:/home/student36/ros2_tutorial_workspace/install/python_package_with_a_node:/home/student36/ros2_tutorial_workspace/install/python_package_that_uses_the_library:/home/student36/ros2_tutorial_workspace/install/python_package_with_a_library:/home/student36/ros2_tutorial_workspace/install/python_package_that_uses_the_services:/home/student36/ros2_tutorial_workspace/install/python_package_that_uses_the_actions:/home/student36/ros2_tutorial_workspace/install/python_package_that_uses_tf2:/home/student36/ros2_tutorial_workspace/install/python_package_that_uses_parameters_and_launch_files:/home/student36/ros2_tutorial_workspace/install/python_package_that_uses_nottf2:/home/student36/ros2_tutorial_workspace/install/python_package_that_uses_nav2:/home/student36/ros2_tutorial_workspace/install/python_package_that_uses_messages:/home/student36/ros2_tutorial_workspace/install/python_package_that_uses_geometry_msgs:/home/student36/ros2_tutorial_workspace/install/python_package_that_uses_gazebo:/home/student36/ws_moveit/install/moveit_configs_utils:/home/student36/elephant_arm_ws/install/mycobot_description:/opt/ros/jazzy DEBUGINFOD_URLS=https://debuginfod.ubuntu.com /usr/bin/cmake --build /home/student36/RoboticsDesignProject/Git-repos/LeoRover-Team7/elephant_arm_ws/build/hello_moveit -- -j12 -l12
[1.265s] DEBUG:colcon.colcon_core.event_handler.log_command:Invoking command in '/home/student36/RoboticsDesignProject/Git-repos/LeoRover-Team7/elephant_arm_ws/build/hello_moveit': CMAKE_PREFIX_PATH=${CMAKE_PREFIX_PATH}:/home/student36/ros2_tutorial_workspace/install/the_simplest_python_package:/home/student36/ros2_tutorial_workspace/install/python_package_with_a_node:/home/student36/ros2_tutorial_workspace/install/python_package_that_uses_the_library:/home/student36/ros2_tutorial_workspace/install/python_package_with_a_library:/home/student36/ros2_tutorial_workspace/install/python_package_that_uses_the_services:/home/student36/ros2_tutorial_workspace/install/python_package_that_uses_the_actions:/home/student36/ros2_tutorial_workspace/install/python_package_that_uses_tf2:/home/student36/ros2_tutorial_workspace/install/python_package_that_uses_parameters_and_launch_files:/home/student36/ros2_tutorial_workspace/install/python_package_that_uses_nottf2:/home/student36/ros2_tutorial_workspace/install/python_package_that_uses_nav2:/home/student36/ros2_tutorial_workspace/install/python_package_that_uses_messages:/home/student36/ros2_tutorial_workspace/install/python_package_that_uses_geometry_msgs:/home/student36/ros2_tutorial_workspace/install/python_package_that_uses_gazebo:/home/student36/ws_moveit/install/moveit_configs_utils:/home/student36/elephant_arm_ws/install/mycobot_description:/opt/ros/jazzy DEBUGINFOD_URLS=https://debuginfod.ubuntu.com /usr/bin/cmake --install /home/student36/RoboticsDesignProject/Git-repos/LeoRover-Team7/elephant_arm_ws/build/hello_moveit
[1.276s] Level 1:colcon.colcon_core.environment:create_environment_scripts_only(rviz_marker_tools)
[1.277s] Level 1:colcon.colcon_core.environment:checking '/home/student36/RoboticsDesignProject/Git-repos/LeoRover-Team7/elephant_arm_ws/install/rviz_marker_tools' for CMake module files
[1.280s] Level 1:colcon.colcon_core.environment:checking '/home/student36/RoboticsDesignProject/Git-repos/LeoRover-Team7/elephant_arm_ws/install/rviz_marker_tools' for CMake config files
[1.283s] Level 1:colcon.colcon_core.shell:create_environment_hook('rviz_marker_tools', 'cmake_prefix_path')
[1.283s] INFO:colcon.colcon_core.shell:Creating environment hook '/home/student36/RoboticsDesignProject/Git-repos/LeoRover-Team7/elephant_arm_ws/install/rviz_marker_tools/share/rviz_marker_tools/hook/cmake_prefix_path.ps1'
[1.285s] DEBUG:colcon.colcon_core.event_handler.log_command:Invoking command in '/home/student36/RoboticsDesignProject/Git-repos/LeoRover-Team7/elephant_arm_ws/build/mycobot_ros2': CMAKE_PREFIX_PATH=/home/student36/RoboticsDesignProject/Git-repos/LeoRover-Team7/elephant_arm_ws/install/mycobot_description:/home/student36/RoboticsDesignProject/Git-repos/LeoRover-Team7/elephant_arm_ws/install/mtc_tutorial:/home/student36/RoboticsDesignProject/Git-repos/LeoRover-Team7/elephant_arm_ws/install/moveit_task_constructor_demo:/home/student36/RoboticsDesignProject/Git-repos/LeoRover-Team7/elephant_arm_ws/install/moveit_task_constructor_visualization:/home/student36/RoboticsDesignProject/Git-repos/LeoRover-Team7/elephant_arm_ws/install/moveit_task_constructor_capabilities:/home/student36/RoboticsDesignProject/Git-repos/LeoRover-Team7/elephant_arm_ws/install/moveit_task_constructor_core:/home/student36/RoboticsDesignProject/Git-repos/LeoRover-Team7/elephant_arm_ws/install/rviz_marker_tools:/home/student36/RoboticsDesignProject/Git-repos/LeoRover-Team7/elephant_arm_ws/install/mycobot_ros2:/home/student36/RoboticsDesignProject/Git-repos/LeoRover-Team7/elephant_arm_ws/install/mycobot_moveit_config:/home/student36/RoboticsDesignProject/Git-repos/LeoRover-Team7/elephant_arm_ws/install/mycobot_gazebo:/home/student36/RoboticsDesignProject/Git-repos/LeoRover-Team7/elephant_arm_ws/install/mycobot_bringup:/home/student36/RoboticsDesignProject/Git-repos/LeoRover-Team7/elephant_arm_ws/install/moveit_task_constructor_msgs:/home/student36/RoboticsDesignProject/Git-repos/LeoRover-Team7/elephant_arm_ws/install/hello_moveit:/home/student36/ros2_tutorial_workspace/install/package_with_interfaces:/home/student36/ws_moveit/install/robotiq_hardware_tests:/home/student36/ws_moveit/install/robotiq_driver:/home/student36/ws_moveit/install/serial:/home/student36/ws_moveit/install/moveit2_tutorials:/home/student36/ws_moveit/install/hello_moveit:/home/student36/ws_moveit/install/moveit_visual_tools:/home/student36/ws_moveit/install/rviz_visual_tools:/home/student36/ws_moveit/install/mtc_tutorial:/home/student36/ws_moveit/install/moveit_task_constructor_demo:/home/student36/ws_moveit/install/moveit_task_constructor_visualization:/home/student36/ws_moveit/install/moveit_task_constructor_capabilities:/home/student36/ws_moveit/install/elephant:/home/student36/ws_moveit/install/moveit_task_constructor_core:/home/student36/ws_moveit/install/rviz_marker_tools:/home/student36/ws_moveit/install/kortex_bringup:/home/student36/ws_moveit/install/kinova_gen3_lite_moveit_config:/home/student36/ws_moveit/install/kinova_gen3_7dof_robotiq_2f_85_moveit_config:/home/student36/ws_moveit/install/kinova_gen3_6dof_robotiq_2f_85_moveit_config:/home/student36/ws_moveit/install/kortex_description:/home/student36/ws_moveit/install/robotiq_description:/home/student36/ws_moveit/install/robotiq_controllers:/home/student36/ws_moveit/install/pilz_industrial_motion_planner_testutils:/home/student36/ws_moveit/install/mycobot_280_moveit2:/home/student36/ws_moveit/install/moveit_runtime:/home/student36/ws_moveit/install/moveit:/home/student36/ws_moveit/install/elephant_arm:/home/student36/ws_moveit/install/moveit_planners:/home/student36/ws_moveit/install/pilz_industrial_motion_planner:/home/student36/ws_moveit/install/mycobot_description:/home/student36/ws_moveit/install/moveit_task_constructor_msgs:/home/student36/ws_moveit/install/moveit_ros_control_interface:/home/student36/ws_moveit/install/moveit_plugins:/home/student36/ws_moveit/install/moveit_simple_controller_manager:/home/student36/ws_moveit/install/moveit_setup_assistant:/home/student36/ws_moveit/install/moveit_setup_srdf_plugins:/home/student36/ws_moveit/install/moveit_setup_core_plugins:/home/student36/ws_moveit/install/moveit_setup_controllers:/home/student36/ws_moveit/install/moveit_setup_app_plugins:/home/student36/ws_moveit/install/moveit_setup_framework:/home/student36/ws_moveit/install/moveit_servo:/home/student36/ws_moveit/install/moveit_ros_trajectory_cache:/home/student36/ws_moveit/install/moveit_ros:/home/student36/ws_moveit/install/moveit_ros_visualization:/home/student36/ws_moveit/install/moveit_py:/home/student36/ws_moveit/install/moveit_hybrid_planning:/home/student36/ws_moveit/install/moveit_ros_planning_interface:/home/student36/ws_moveit/install/moveit_ros_benchmarks:/home/student36/ws_moveit/install/moveit_ros_warehouse:/home/student36/ws_moveit/install/moveit_ros_robot_interaction:/home/student36/ws_moveit/install/moveit_ros_perception:/home/student36/ws_moveit/install/moveit_resources_prbt_pg70_support:/home/student36/ws_moveit/install/moveit_resources_prbt_moveit_config:/home/student36/ws_moveit/install/moveit_ros_move_group:/home/student36/ws_moveit/install/moveit_planners_ompl:/home/student36/ws_moveit/install/moveit_kinematics:/home/student36/ws_moveit/install/moveit_ros_planning:/home/student36/ws_moveit/install/moveit_ros_occupancy_map_monitor:/home/student36/ws_moveit/install/moveit_resources_prbt_support:/home/student36/ws_moveit/install/moveit_resources_prbt_ikfast_manipulator_plugin:/home/student36/ws_moveit/install/moveit_resources:/home/student36/ws_moveit/install/moveit_resources_pr2_description:/home/student36/ws_moveit/install/moveit_resources_panda_moveit_config:/home/student36/ws_moveit/install/dual_arm_panda_moveit_config:/home/student36/ws_moveit/install/moveit_resources_panda_description:/home/student36/ws_moveit/install/moveit_resources_fanuc_moveit_config:/home/student36/ws_moveit/install/moveit_resources_fanuc_description:/home/student36/ws_moveit/install/moveit_planners_stomp:/home/student36/ws_moveit/install/moveit_planners_chomp:/home/student36/ws_moveit/install/chomp_motion_planner:/home/student36/ws_moveit/install/moveit_core:/home/student36/ws_moveit/install/moveit_msgs:/home/student36/ws_moveit/install/moveit_common:/home/student36/ws_moveit/install/kortex_driver:/home/student36/ws_moveit/install/kortex_api:/home/student36/rplidar_ws/install/rplidar_ros:/home/student36/elephant_arm_ws/install/mycobot_280_moveit2:/opt/ros/jazzy/opt/gz_sim_vendor:/opt/ros/jazzy/opt/gz_sensors_vendor:/opt/ros/jazzy/opt/gz_physics_vendor:/opt/ros/jazzy/opt/sdformat_vendor:/opt/ros/jazzy/opt/gz_gui_vendor:/opt/ros/jazzy/opt/gz_transport_vendor:/opt/ros/jazzy/opt/gz_rendering_vendor:/opt/ros/jazzy/opt/gz_plugin_vendor:/opt/ros/jazzy/opt/gz_fuel_tools_vendor:/opt/ros/jazzy/opt/gz_msgs_vendor:/opt/ros/jazzy/opt/gz_common_vendor:/opt/ros/jazzy/opt/gz_math_vendor:/opt/ros/jazzy/opt/gz_utils_vendor:/opt/ros/jazzy/opt/gz_tools_vendor:/opt/ros/jazzy/opt/gz_ogre_next_vendor:/opt/ros/jazzy/opt/gz_dartsim_vendor:/opt/ros/jazzy/opt/gz_cmake_vendor:/home/student36/ros2_tutorial_workspace/install/the_simplest_python_package:/home/student36/ros2_tutorial_workspace/install/python_package_with_a_node:/home/student36/ros2_tutorial_workspace/install/python_package_that_uses_the_library:/home/student36/ros2_tutorial_workspace/install/python_package_with_a_library:/home/student36/ros2_tutorial_workspace/install/python_package_that_uses_the_services:/home/student36/ros2_tutorial_workspace/install/python_package_that_uses_the_actions:/home/student36/ros2_tutorial_workspace/install/python_package_that_uses_tf2:/home/student36/ros2_tutorial_workspace/install/python_package_that_uses_parameters_and_launch_files:/home/student36/ros2_tutorial_workspace/install/python_package_that_uses_nottf2:/home/student36/ros2_tutorial_workspace/install/python_package_that_uses_nav2:/home/student36/ros2_tutorial_workspace/install/python_package_that_uses_messages:/home/student36/ros2_tutorial_workspace/install/python_package_that_uses_geometry_msgs:/home/student36/ros2_tutorial_workspace/install/python_package_that_uses_gazebo:/home/student36/ws_moveit/install/moveit_configs_utils:/home/student36/elephant_arm_ws/install/mycobot_description:/opt/ros/jazzy DEBUGINFOD_URLS=https://debuginfod.ubuntu.com /usr/bin/cmake --build /home/student36/RoboticsDesignProject/Git-repos/LeoRover-Team7/elephant_arm_ws/build/mycobot_ros2 -- -j12 -l12
[1.286s] DEBUG:colcon.colcon_core.event_handler.log_command:Invoked command in '/home/student36/RoboticsDesignProject/Git-repos/LeoRover-Team7/elephant_arm_ws/build/rviz_marker_tools' returned '0': CMAKE_PREFIX_PATH=${CMAKE_PREFIX_PATH}:/home/student36/ros2_tutorial_workspace/install/the_simplest_python_package:/home/student36/ros2_tutorial_workspace/install/python_package_with_a_node:/home/student36/ros2_tutorial_workspace/install/python_package_that_uses_the_library:/home/student36/ros2_tutorial_workspace/install/python_package_with_a_library:/home/student36/ros2_tutorial_workspace/install/python_package_that_uses_the_services:/home/student36/ros2_tutorial_workspace/install/python_package_that_uses_the_actions:/home/student36/ros2_tutorial_workspace/install/python_package_that_uses_tf2:/home/student36/ros2_tutorial_workspace/install/python_package_that_uses_parameters_and_launch_files:/home/student36/ros2_tutorial_workspace/install/python_package_that_uses_nottf2:/home/student36/ros2_tutorial_workspace/install/python_package_that_uses_nav2:/home/student36/ros2_tutorial_workspace/install/python_package_that_uses_messages:/home/student36/ros2_tutorial_workspace/install/python_package_that_uses_geometry_msgs:/home/student36/ros2_tutorial_workspace/install/python_package_that_uses_gazebo:/home/student36/ws_moveit/install/moveit_configs_utils:/home/student36/elephant_arm_ws/install/mycobot_description:/opt/ros/jazzy DEBUGINFOD_URLS=https://debuginfod.ubuntu.com /usr/bin/cmake --install /home/student36/RoboticsDesignProject/Git-repos/LeoRover-Team7/elephant_arm_ws/build/rviz_marker_tools
[1.286s] INFO:colcon.colcon_core.shell:Creating environment descriptor '/home/student36/RoboticsDesignProject/Git-repos/LeoRover-Team7/elephant_arm_ws/install/rviz_marker_tools/share/rviz_marker_tools/hook/cmake_prefix_path.dsv'
[1.292s] INFO:colcon.colcon_core.shell:Creating environment hook '/home/student36/RoboticsDesignProject/Git-repos/LeoRover-Team7/elephant_arm_ws/install/rviz_marker_tools/share/rviz_marker_tools/hook/cmake_prefix_path.sh'
[1.293s] Level 1:colcon.colcon_core.environment:checking '/home/student36/RoboticsDesignProject/Git-repos/LeoRover-Team7/elephant_arm_ws/install/rviz_marker_tools/lib'
[1.294s] Level 1:colcon.colcon_core.shell:create_environment_hook('rviz_marker_tools', 'ld_library_path_lib')
[1.294s] INFO:colcon.colcon_core.shell:Creating environment hook '/home/student36/RoboticsDesignProject/Git-repos/LeoRover-Team7/elephant_arm_ws/install/rviz_marker_tools/share/rviz_marker_tools/hook/ld_library_path_lib.ps1'
[1.296s] INFO:colcon.colcon_core.shell:Creating environment descriptor '/home/student36/RoboticsDesignProject/Git-repos/LeoRover-Team7/elephant_arm_ws/install/rviz_marker_tools/share/rviz_marker_tools/hook/ld_library_path_lib.dsv'
[1.300s] INFO:colcon.colcon_core.shell:Creating environment hook '/home/student36/RoboticsDesignProject/Git-repos/LeoRover-Team7/elephant_arm_ws/install/rviz_marker_tools/share/rviz_marker_tools/hook/ld_library_path_lib.sh'
[1.301s] Level 1:colcon.colcon_core.environment:checking '/home/student36/RoboticsDesignProject/Git-repos/LeoRover-Team7/elephant_arm_ws/install/rviz_marker_tools/bin'
[1.301s] Level 1:colcon.colcon_core.environment:checking '/home/student36/RoboticsDesignProject/Git-repos/LeoRover-Team7/elephant_arm_ws/install/rviz_marker_tools/lib/pkgconfig/rviz_marker_tools.pc'
[1.301s] Level 1:colcon.colcon_core.environment:checking '/home/student36/RoboticsDesignProject/Git-repos/LeoRover-Team7/elephant_arm_ws/install/rviz_marker_tools/lib/python3.12/site-packages'
[1.302s] Level 1:colcon.colcon_core.environment:checking '/home/student36/RoboticsDesignProject/Git-repos/LeoRover-Team7/elephant_arm_ws/install/rviz_marker_tools/bin'
[1.303s] INFO:colcon.colcon_core.shell:Creating package script '/home/student36/RoboticsDesignProject/Git-repos/LeoRover-Team7/elephant_arm_ws/install/rviz_marker_tools/share/rviz_marker_tools/package.ps1'
[1.305s] INFO:colcon.colcon_core.shell:Creating package descriptor '/home/student36/RoboticsDesignProject/Git-repos/LeoRover-Team7/elephant_arm_ws/install/rviz_marker_tools/share/rviz_marker_tools/package.dsv'
[1.306s] INFO:colcon.colcon_core.shell:Creating package script '/home/student36/RoboticsDesignProject/Git-repos/LeoRover-Team7/elephant_arm_ws/install/rviz_marker_tools/share/rviz_marker_tools/package.sh'
[1.308s] INFO:colcon.colcon_core.shell:Creating package script '/home/student36/RoboticsDesignProject/Git-repos/LeoRover-Team7/elephant_arm_ws/install/rviz_marker_tools/share/rviz_marker_tools/package.bash'
[1.308s] INFO:colcon.colcon_core.shell:Creating package script '/home/student36/RoboticsDesignProject/Git-repos/LeoRover-Team7/elephant_arm_ws/install/rviz_marker_tools/share/rviz_marker_tools/package.zsh'
[1.309s] Level 1:colcon.colcon_core.environment:create_file_with_runtime_dependencies(/home/student36/RoboticsDesignProject/Git-repos/LeoRover-Team7/elephant_arm_ws/install/rviz_marker_tools/share/colcon-core/packages/rviz_marker_tools)
[1.310s] Level 1:colcon.colcon_core.environment:create_environment_scripts_only(rviz_marker_tools)
[1.310s] Level 1:colcon.colcon_core.environment:checking '/home/student36/RoboticsDesignProject/Git-repos/LeoRover-Team7/elephant_arm_ws/install/rviz_marker_tools' for CMake module files
[1.311s] Level 1:colcon.colcon_core.environment:checking '/home/student36/RoboticsDesignProject/Git-repos/LeoRover-Team7/elephant_arm_ws/install/rviz_marker_tools' for CMake config files
[1.312s] Level 1:colcon.colcon_core.shell:create_environment_hook('rviz_marker_tools', 'cmake_prefix_path')
[1.314s] INFO:colcon.colcon_core.shell:Creating environment hook '/home/student36/RoboticsDesignProject/Git-repos/LeoRover-Team7/elephant_arm_ws/install/rviz_marker_tools/share/rviz_marker_tools/hook/cmake_prefix_path.ps1'
[1.315s] INFO:colcon.colcon_core.shell:Creating environment descriptor '/home/student36/RoboticsDesignProject/Git-repos/LeoRover-Team7/elephant_arm_ws/install/rviz_marker_tools/share/rviz_marker_tools/hook/cmake_prefix_path.dsv'
[1.316s] INFO:colcon.colcon_core.shell:Creating environment hook '/home/student36/RoboticsDesignProject/Git-repos/LeoRover-Team7/elephant_arm_ws/install/rviz_marker_tools/share/rviz_marker_tools/hook/cmake_prefix_path.sh'
[1.317s] Level 1:colcon.colcon_core.environment:checking '/home/student36/RoboticsDesignProject/Git-repos/LeoRover-Team7/elephant_arm_ws/install/rviz_marker_tools/lib'
[1.317s] Level 1:colcon.colcon_core.shell:create_environment_hook('rviz_marker_tools', 'ld_library_path_lib')
[1.318s] INFO:colcon.colcon_core.shell:Creating environment hook '/home/student36/RoboticsDesignProject/Git-repos/LeoRover-Team7/elephant_arm_ws/install/rviz_marker_tools/share/rviz_marker_tools/hook/ld_library_path_lib.ps1'
[1.318s] INFO:colcon.colcon_core.shell:Creating environment descriptor '/home/student36/RoboticsDesignProject/Git-repos/LeoRover-Team7/elephant_arm_ws/install/rviz_marker_tools/share/rviz_marker_tools/hook/ld_library_path_lib.dsv'
[1.319s] INFO:colcon.colcon_core.shell:Creating environment hook '/home/student36/RoboticsDesignProject/Git-repos/LeoRover-Team7/elephant_arm_ws/install/rviz_marker_tools/share/rviz_marker_tools/hook/ld_library_path_lib.sh'
[1.320s] Level 1:colcon.colcon_core.environment:checking '/home/student36/RoboticsDesignProject/Git-repos/LeoRover-Team7/elephant_arm_ws/install/rviz_marker_tools/bin'
[1.320s] Level 1:colcon.colcon_core.environment:checking '/home/student36/RoboticsDesignProject/Git-repos/LeoRover-Team7/elephant_arm_ws/install/rviz_marker_tools/lib/pkgconfig/rviz_marker_tools.pc'
[1.321s] Level 1:colcon.colcon_core.environment:checking '/home/student36/RoboticsDesignProject/Git-repos/LeoRover-Team7/elephant_arm_ws/install/rviz_marker_tools/lib/python3.12/site-packages'
[1.322s] Level 1:colcon.colcon_core.environment:checking '/home/student36/RoboticsDesignProject/Git-repos/LeoRover-Team7/elephant_arm_ws/install/rviz_marker_tools/bin'
[1.322s] INFO:colcon.colcon_core.shell:Creating package script '/home/student36/RoboticsDesignProject/Git-repos/LeoRover-Team7/elephant_arm_ws/install/rviz_marker_tools/share/rviz_marker_tools/package.ps1'
[1.323s] INFO:colcon.colcon_core.shell:Creating package descriptor '/home/student36/RoboticsDesignProject/Git-repos/LeoRover-Team7/elephant_arm_ws/install/rviz_marker_tools/share/rviz_marker_tools/package.dsv'
[1.326s] INFO:colcon.colcon_core.shell:Creating package script '/home/student36/RoboticsDesignProject/Git-repos/LeoRover-Team7/elephant_arm_ws/install/rviz_marker_tools/share/rviz_marker_tools/package.sh'
[1.327s] INFO:colcon.colcon_core.shell:Creating package script '/home/student36/RoboticsDesignProject/Git-repos/LeoRover-Team7/elephant_arm_ws/install/rviz_marker_tools/share/rviz_marker_tools/package.bash'
[1.328s] INFO:colcon.colcon_core.shell:Creating package script '/home/student36/RoboticsDesignProject/Git-repos/LeoRover-Team7/elephant_arm_ws/install/rviz_marker_tools/share/rviz_marker_tools/package.zsh'
[1.329s] Level 1:colcon.colcon_core.environment:create_file_with_runtime_dependencies(/home/student36/RoboticsDesignProject/Git-repos/LeoRover-Team7/elephant_arm_ws/install/rviz_marker_tools/share/colcon-core/packages/rviz_marker_tools)
[1.331s] Level 1:colcon.colcon_core.environment:create_environment_scripts_only(hello_moveit)
[1.332s] Level 1:colcon.colcon_core.environment:checking '/home/student36/RoboticsDesignProject/Git-repos/LeoRover-Team7/elephant_arm_ws/install/hello_moveit' for CMake module files
[1.333s] DEBUG:colcon.colcon_core.event_handler.log_command:Invoked command in '/home/student36/RoboticsDesignProject/Git-repos/LeoRover-Team7/elephant_arm_ws/build/hello_moveit' returned '0': CMAKE_PREFIX_PATH=${CMAKE_PREFIX_PATH}:/home/student36/ros2_tutorial_workspace/install/the_simplest_python_package:/home/student36/ros2_tutorial_workspace/install/python_package_with_a_node:/home/student36/ros2_tutorial_workspace/install/python_package_that_uses_the_library:/home/student36/ros2_tutorial_workspace/install/python_package_with_a_library:/home/student36/ros2_tutorial_workspace/install/python_package_that_uses_the_services:/home/student36/ros2_tutorial_workspace/install/python_package_that_uses_the_actions:/home/student36/ros2_tutorial_workspace/install/python_package_that_uses_tf2:/home/student36/ros2_tutorial_workspace/install/python_package_that_uses_parameters_and_launch_files:/home/student36/ros2_tutorial_workspace/install/python_package_that_uses_nottf2:/home/student36/ros2_tutorial_workspace/install/python_package_that_uses_nav2:/home/student36/ros2_tutorial_workspace/install/python_package_that_uses_messages:/home/student36/ros2_tutorial_workspace/install/python_package_that_uses_geometry_msgs:/home/student36/ros2_tutorial_workspace/install/python_package_that_uses_gazebo:/home/student36/ws_moveit/install/moveit_configs_utils:/home/student36/elephant_arm_ws/install/mycobot_description:/opt/ros/jazzy DEBUGINFOD_URLS=https://debuginfod.ubuntu.com /usr/bin/cmake --install /home/student36/RoboticsDesignProject/Git-repos/LeoRover-Team7/elephant_arm_ws/build/hello_moveit
[1.334s] Level 1:colcon.colcon_core.environment:checking '/home/student36/RoboticsDesignProject/Git-repos/LeoRover-Team7/elephant_arm_ws/install/hello_moveit' for CMake config files
[1.334s] Level 1:colcon.colcon_core.shell:create_environment_hook('hello_moveit', 'cmake_prefix_path')
[1.335s] INFO:colcon.colcon_core.shell:Creating environment hook '/home/student36/RoboticsDesignProject/Git-repos/LeoRover-Team7/elephant_arm_ws/install/hello_moveit/share/hello_moveit/hook/cmake_prefix_path.ps1'
[1.336s] INFO:colcon.colcon_core.shell:Creating environment descriptor '/home/student36/RoboticsDesignProject/Git-repos/LeoRover-Team7/elephant_arm_ws/install/hello_moveit/share/hello_moveit/hook/cmake_prefix_path.dsv'
[1.337s] INFO:colcon.colcon_core.shell:Creating environment hook '/home/student36/RoboticsDesignProject/Git-repos/LeoRover-Team7/elephant_arm_ws/install/hello_moveit/share/hello_moveit/hook/cmake_prefix_path.sh'
[1.338s] Level 1:colcon.colcon_core.environment:checking '/home/student36/RoboticsDesignProject/Git-repos/LeoRover-Team7/elephant_arm_ws/install/hello_moveit/lib'
[1.338s] Level 1:colcon.colcon_core.environment:checking '/home/student36/RoboticsDesignProject/Git-repos/LeoRover-Team7/elephant_arm_ws/install/hello_moveit/bin'
[1.338s] Level 1:colcon.colcon_core.environment:checking '/home/student36/RoboticsDesignProject/Git-repos/LeoRover-Team7/elephant_arm_ws/install/hello_moveit/lib/pkgconfig/hello_moveit.pc'
[1.339s] Level 1:colcon.colcon_core.environment:checking '/home/student36/RoboticsDesignProject/Git-repos/LeoRover-Team7/elephant_arm_ws/install/hello_moveit/lib/python3.12/site-packages'
[1.340s] Level 1:colcon.colcon_core.environment:checking '/home/student36/RoboticsDesignProject/Git-repos/LeoRover-Team7/elephant_arm_ws/install/hello_moveit/bin'
[1.340s] INFO:colcon.colcon_core.shell:Creating package script '/home/student36/RoboticsDesignProject/Git-repos/LeoRover-Team7/elephant_arm_ws/install/hello_moveit/share/hello_moveit/package.ps1'
[1.341s] INFO:colcon.colcon_core.shell:Creating package descriptor '/home/student36/RoboticsDesignProject/Git-repos/LeoRover-Team7/elephant_arm_ws/install/hello_moveit/share/hello_moveit/package.dsv'
[1.342s] INFO:colcon.colcon_core.shell:Creating package script '/home/student36/RoboticsDesignProject/Git-repos/LeoRover-Team7/elephant_arm_ws/install/hello_moveit/share/hello_moveit/package.sh'
[1.343s] INFO:colcon.colcon_core.shell:Creating package script '/home/student36/RoboticsDesignProject/Git-repos/LeoRover-Team7/elephant_arm_ws/install/hello_moveit/share/hello_moveit/package.bash'
[1.343s] INFO:colcon.colcon_core.shell:Creating package script '/home/student36/RoboticsDesignProject/Git-repos/LeoRover-Team7/elephant_arm_ws/install/hello_moveit/share/hello_moveit/package.zsh'
[1.344s] Level 1:colcon.colcon_core.environment:create_file_with_runtime_dependencies(/home/student36/RoboticsDesignProject/Git-repos/LeoRover-Team7/elephant_arm_ws/install/hello_moveit/share/colcon-core/packages/hello_moveit)
[1.345s] Level 1:colcon.colcon_core.environment:create_environment_scripts_only(hello_moveit)
[1.345s] Level 1:colcon.colcon_core.environment:checking '/home/student36/RoboticsDesignProject/Git-repos/LeoRover-Team7/elephant_arm_ws/install/hello_moveit' for CMake module files
[1.346s] Level 1:colcon.colcon_core.environment:checking '/home/student36/RoboticsDesignProject/Git-repos/LeoRover-Team7/elephant_arm_ws/install/hello_moveit' for CMake config files
[1.347s] Level 1:colcon.colcon_core.shell:create_environment_hook('hello_moveit', 'cmake_prefix_path')
[1.347s] INFO:colcon.colcon_core.shell:Creating environment hook '/home/student36/RoboticsDesignProject/Git-repos/LeoRover-Team7/elephant_arm_ws/install/hello_moveit/share/hello_moveit/hook/cmake_prefix_path.ps1'
[1.348s] INFO:colcon.colcon_core.shell:Creating environment descriptor '/home/student36/RoboticsDesignProject/Git-repos/LeoRover-Team7/elephant_arm_ws/install/hello_moveit/share/hello_moveit/hook/cmake_prefix_path.dsv'
[1.349s] INFO:colcon.colcon_core.shell:Creating environment hook '/home/student36/RoboticsDesignProject/Git-repos/LeoRover-Team7/elephant_arm_ws/install/hello_moveit/share/hello_moveit/hook/cmake_prefix_path.sh'
[1.350s] Level 1:colcon.colcon_core.environment:checking '/home/student36/RoboticsDesignProject/Git-repos/LeoRover-Team7/elephant_arm_ws/install/hello_moveit/lib'
[1.351s] Level 1:colcon.colcon_core.environment:checking '/home/student36/RoboticsDesignProject/Git-repos/LeoRover-Team7/elephant_arm_ws/install/hello_moveit/bin'
[1.351s] Level 1:colcon.colcon_core.environment:checking '/home/student36/RoboticsDesignProject/Git-repos/LeoRover-Team7/elephant_arm_ws/install/hello_moveit/lib/pkgconfig/hello_moveit.pc'
[1.351s] Level 1:colcon.colcon_core.environment:checking '/home/student36/RoboticsDesignProject/Git-repos/LeoRover-Team7/elephant_arm_ws/install/hello_moveit/lib/python3.12/site-packages'
[1.352s] Level 1:colcon.colcon_core.environment:checking '/home/student36/RoboticsDesignProject/Git-repos/LeoRover-Team7/elephant_arm_ws/install/hello_moveit/bin'
[1.353s] INFO:colcon.colcon_core.shell:Creating package script '/home/student36/RoboticsDesignProject/Git-repos/LeoRover-Team7/elephant_arm_ws/install/hello_moveit/share/hello_moveit/package.ps1'
[1.354s] INFO:colcon.colcon_core.shell:Creating package descriptor '/home/student36/RoboticsDesignProject/Git-repos/LeoRover-Team7/elephant_arm_ws/install/hello_moveit/share/hello_moveit/package.dsv'
[1.355s] INFO:colcon.colcon_core.shell:Creating package script '/home/student36/RoboticsDesignProject/Git-repos/LeoRover-Team7/elephant_arm_ws/install/hello_moveit/share/hello_moveit/package.sh'
[1.356s] INFO:colcon.colcon_core.shell:Creating package script '/home/student36/RoboticsDesignProject/Git-repos/LeoRover-Team7/elephant_arm_ws/install/hello_moveit/share/hello_moveit/package.bash'
[1.357s] INFO:colcon.colcon_core.shell:Creating package script '/home/student36/RoboticsDesignProject/Git-repos/LeoRover-Team7/elephant_arm_ws/install/hello_moveit/share/hello_moveit/package.zsh'
[1.357s] Level 1:colcon.colcon_core.environment:create_file_with_runtime_dependencies(/home/student36/RoboticsDesignProject/Git-repos/LeoRover-Team7/elephant_arm_ws/install/hello_moveit/share/colcon-core/packages/hello_moveit)
[1.358s] Level 1:colcon.colcon_core.environment:create_environment_scripts_only(mycobot_moveit_config)
[1.358s] Level 1:colcon.colcon_core.environment:checking '/home/student36/RoboticsDesignProject/Git-repos/LeoRover-Team7/elephant_arm_ws/install/mycobot_moveit_config' for CMake module files
[1.360s] DEBUG:colcon.colcon_core.event_handler.log_command:Invoked command in '/home/student36/RoboticsDesignProject/Git-repos/LeoRover-Team7/elephant_arm_ws/build/mycobot_moveit_config' returned '0': CMAKE_PREFIX_PATH=${CMAKE_PREFIX_PATH}:/home/student36/ros2_tutorial_workspace/install/the_simplest_python_package:/home/student36/ros2_tutorial_workspace/install/python_package_with_a_node:/home/student36/ros2_tutorial_workspace/install/python_package_that_uses_the_library:/home/student36/ros2_tutorial_workspace/install/python_package_with_a_library:/home/student36/ros2_tutorial_workspace/install/python_package_that_uses_the_services:/home/student36/ros2_tutorial_workspace/install/python_package_that_uses_the_actions:/home/student36/ros2_tutorial_workspace/install/python_package_that_uses_tf2:/home/student36/ros2_tutorial_workspace/install/python_package_that_uses_parameters_and_launch_files:/home/student36/ros2_tutorial_workspace/install/python_package_that_uses_nottf2:/home/student36/ros2_tutorial_workspace/install/python_package_that_uses_nav2:/home/student36/ros2_tutorial_workspace/install/python_package_that_uses_messages:/home/student36/ros2_tutorial_workspace/install/python_package_that_uses_geometry_msgs:/home/student36/ros2_tutorial_workspace/install/python_package_that_uses_gazebo:/home/student36/ws_moveit/install/moveit_configs_utils:/home/student36/elephant_arm_ws/install/mycobot_description:/opt/ros/jazzy DEBUGINFOD_URLS=https://debuginfod.ubuntu.com /usr/bin/cmake --install /home/student36/RoboticsDesignProject/Git-repos/LeoRover-Team7/elephant_arm_ws/build/mycobot_moveit_config
[1.363s] Level 1:colcon.colcon_core.environment:checking '/home/student36/RoboticsDesignProject/Git-repos/LeoRover-Team7/elephant_arm_ws/install/mycobot_moveit_config' for CMake config files
[1.363s] Level 1:colcon.colcon_core.shell:create_environment_hook('mycobot_moveit_config', 'cmake_prefix_path')
[1.363s] INFO:colcon.colcon_core.shell:Creating environment hook '/home/student36/RoboticsDesignProject/Git-repos/LeoRover-Team7/elephant_arm_ws/install/mycobot_moveit_config/share/mycobot_moveit_config/hook/cmake_prefix_path.ps1'
[1.364s] INFO:colcon.colcon_core.shell:Creating environment descriptor '/home/student36/RoboticsDesignProject/Git-repos/LeoRover-Team7/elephant_arm_ws/install/mycobot_moveit_config/share/mycobot_moveit_config/hook/cmake_prefix_path.dsv'
[1.365s] INFO:colcon.colcon_core.shell:Creating environment hook '/home/student36/RoboticsDesignProject/Git-repos/LeoRover-Team7/elephant_arm_ws/install/mycobot_moveit_config/share/mycobot_moveit_config/hook/cmake_prefix_path.sh'
[1.366s] Level 1:colcon.colcon_core.environment:checking '/home/student36/RoboticsDesignProject/Git-repos/LeoRover-Team7/elephant_arm_ws/install/mycobot_moveit_config/bin'
[1.366s] Level 1:colcon.colcon_core.environment:checking '/home/student36/RoboticsDesignProject/Git-repos/LeoRover-Team7/elephant_arm_ws/install/mycobot_moveit_config/lib/pkgconfig/mycobot_moveit_config.pc'
[1.367s] Level 1:colcon.colcon_core.environment:checking '/home/student36/RoboticsDesignProject/Git-repos/LeoRover-Team7/elephant_arm_ws/install/mycobot_moveit_config/lib/python3.12/site-packages'
[1.368s] Level 1:colcon.colcon_core.environment:checking '/home/student36/RoboticsDesignProject/Git-repos/LeoRover-Team7/elephant_arm_ws/install/mycobot_moveit_config/bin'
[1.368s] INFO:colcon.colcon_core.shell:Creating package script '/home/student36/RoboticsDesignProject/Git-repos/LeoRover-Team7/elephant_arm_ws/install/mycobot_moveit_config/share/mycobot_moveit_config/package.ps1'
[1.369s] INFO:colcon.colcon_core.shell:Creating package descriptor '/home/student36/RoboticsDesignProject/Git-repos/LeoRover-Team7/elephant_arm_ws/install/mycobot_moveit_config/share/mycobot_moveit_config/package.dsv'
[1.370s] INFO:colcon.colcon_core.shell:Creating package script '/home/student36/RoboticsDesignProject/Git-repos/LeoRover-Team7/elephant_arm_ws/install/mycobot_moveit_config/share/mycobot_moveit_config/package.sh'
[1.371s] INFO:colcon.colcon_core.shell:Creating package script '/home/student36/RoboticsDesignProject/Git-repos/LeoRover-Team7/elephant_arm_ws/install/mycobot_moveit_config/share/mycobot_moveit_config/package.bash'
[1.372s] INFO:colcon.colcon_core.shell:Creating package script '/home/student36/RoboticsDesignProject/Git-repos/LeoRover-Team7/elephant_arm_ws/install/mycobot_moveit_config/share/mycobot_moveit_config/package.zsh'
[1.372s] Level 1:colcon.colcon_core.environment:create_file_with_runtime_dependencies(/home/student36/RoboticsDesignProject/Git-repos/LeoRover-Team7/elephant_arm_ws/install/mycobot_moveit_config/share/colcon-core/packages/mycobot_moveit_config)
[1.373s] Level 1:colcon.colcon_core.environment:create_environment_scripts_only(mycobot_moveit_config)
[1.374s] Level 1:colcon.colcon_core.environment:checking '/home/student36/RoboticsDesignProject/Git-repos/LeoRover-Team7/elephant_arm_ws/install/mycobot_moveit_config' for CMake module files
[1.375s] Level 1:colcon.colcon_core.environment:checking '/home/student36/RoboticsDesignProject/Git-repos/LeoRover-Team7/elephant_arm_ws/install/mycobot_moveit_config' for CMake config files
[1.375s] Level 1:colcon.colcon_core.shell:create_environment_hook('mycobot_moveit_config', 'cmake_prefix_path')
[1.376s] INFO:colcon.colcon_core.shell:Creating environment hook '/home/student36/RoboticsDesignProject/Git-repos/LeoRover-Team7/elephant_arm_ws/install/mycobot_moveit_config/share/mycobot_moveit_config/hook/cmake_prefix_path.ps1'
[1.377s] INFO:colcon.colcon_core.shell:Creating environment descriptor '/home/student36/RoboticsDesignProject/Git-repos/LeoRover-Team7/elephant_arm_ws/install/mycobot_moveit_config/share/mycobot_moveit_config/hook/cmake_prefix_path.dsv'
[1.377s] INFO:colcon.colcon_core.shell:Creating environment hook '/home/student36/RoboticsDesignProject/Git-repos/LeoRover-Team7/elephant_arm_ws/install/mycobot_moveit_config/share/mycobot_moveit_config/hook/cmake_prefix_path.sh'
[1.379s] Level 1:colcon.colcon_core.environment:checking '/home/student36/RoboticsDesignProject/Git-repos/LeoRover-Team7/elephant_arm_ws/install/mycobot_moveit_config/bin'
[1.379s] Level 1:colcon.colcon_core.environment:checking '/home/student36/RoboticsDesignProject/Git-repos/LeoRover-Team7/elephant_arm_ws/install/mycobot_moveit_config/lib/pkgconfig/mycobot_moveit_config.pc'
[1.380s] Level 1:colcon.colcon_core.environment:checking '/home/student36/RoboticsDesignProject/Git-repos/LeoRover-Team7/elephant_arm_ws/install/mycobot_moveit_config/lib/python3.12/site-packages'
[1.380s] Level 1:colcon.colcon_core.environment:checking '/home/student36/RoboticsDesignProject/Git-repos/LeoRover-Team7/elephant_arm_ws/install/mycobot_moveit_config/bin'
[1.381s] INFO:colcon.colcon_core.shell:Creating package script '/home/student36/RoboticsDesignProject/Git-repos/LeoRover-Team7/elephant_arm_ws/install/mycobot_moveit_config/share/mycobot_moveit_config/package.ps1'
[1.382s] INFO:colcon.colcon_core.shell:Creating package descriptor '/home/student36/RoboticsDesignProject/Git-repos/LeoRover-Team7/elephant_arm_ws/install/mycobot_moveit_config/share/mycobot_moveit_config/package.dsv'
[1.383s] INFO:colcon.colcon_core.shell:Creating package script '/home/student36/RoboticsDesignProject/Git-repos/LeoRover-Team7/elephant_arm_ws/install/mycobot_moveit_config/share/mycobot_moveit_config/package.sh'
[1.384s] INFO:colcon.colcon_core.shell:Creating package script '/home/student36/RoboticsDesignProject/Git-repos/LeoRover-Team7/elephant_arm_ws/install/mycobot_moveit_config/share/mycobot_moveit_config/package.bash'
[1.385s] INFO:colcon.colcon_core.shell:Creating package script '/home/student36/RoboticsDesignProject/Git-repos/LeoRover-Team7/elephant_arm_ws/install/mycobot_moveit_config/share/mycobot_moveit_config/package.zsh'
[1.386s] Level 1:colcon.colcon_core.environment:create_file_with_runtime_dependencies(/home/student36/RoboticsDesignProject/Git-repos/LeoRover-Team7/elephant_arm_ws/install/mycobot_moveit_config/share/colcon-core/packages/mycobot_moveit_config)
[1.400s] DEBUG:colcon.colcon_core.event_handler.log_command:Invoked command in '/home/student36/RoboticsDesignProject/Git-repos/LeoRover-Team7/elephant_arm_ws/build/mycobot_ros2' returned '0': CMAKE_PREFIX_PATH=/home/student36/RoboticsDesignProject/Git-repos/LeoRover-Team7/elephant_arm_ws/install/mycobot_description:/home/student36/RoboticsDesignProject/Git-repos/LeoRover-Team7/elephant_arm_ws/install/mtc_tutorial:/home/student36/RoboticsDesignProject/Git-repos/LeoRover-Team7/elephant_arm_ws/install/moveit_task_constructor_demo:/home/student36/RoboticsDesignProject/Git-repos/LeoRover-Team7/elephant_arm_ws/install/moveit_task_constructor_visualization:/home/student36/RoboticsDesignProject/Git-repos/LeoRover-Team7/elephant_arm_ws/install/moveit_task_constructor_capabilities:/home/student36/RoboticsDesignProject/Git-repos/LeoRover-Team7/elephant_arm_ws/install/moveit_task_constructor_core:/home/student36/RoboticsDesignProject/Git-repos/LeoRover-Team7/elephant_arm_ws/install/rviz_marker_tools:/home/student36/RoboticsDesignProject/Git-repos/LeoRover-Team7/elephant_arm_ws/install/mycobot_ros2:/home/student36/RoboticsDesignProject/Git-repos/LeoRover-Team7/elephant_arm_ws/install/mycobot_moveit_config:/home/student36/RoboticsDesignProject/Git-repos/LeoRover-Team7/elephant_arm_ws/install/mycobot_gazebo:/home/student36/RoboticsDesignProject/Git-repos/LeoRover-Team7/elephant_arm_ws/install/mycobot_bringup:/home/student36/RoboticsDesignProject/Git-repos/LeoRover-Team7/elephant_arm_ws/install/moveit_task_constructor_msgs:/home/student36/RoboticsDesignProject/Git-repos/LeoRover-Team7/elephant_arm_ws/install/hello_moveit:/home/student36/ros2_tutorial_workspace/install/package_with_interfaces:/home/student36/ws_moveit/install/robotiq_hardware_tests:/home/student36/ws_moveit/install/robotiq_driver:/home/student36/ws_moveit/install/serial:/home/student36/ws_moveit/install/moveit2_tutorials:/home/student36/ws_moveit/install/hello_moveit:/home/student36/ws_moveit/install/moveit_visual_tools:/home/student36/ws_moveit/install/rviz_visual_tools:/home/student36/ws_moveit/install/mtc_tutorial:/home/student36/ws_moveit/install/moveit_task_constructor_demo:/home/student36/ws_moveit/install/moveit_task_constructor_visualization:/home/student36/ws_moveit/install/moveit_task_constructor_capabilities:/home/student36/ws_moveit/install/elephant:/home/student36/ws_moveit/install/moveit_task_constructor_core:/home/student36/ws_moveit/install/rviz_marker_tools:/home/student36/ws_moveit/install/kortex_bringup:/home/student36/ws_moveit/install/kinova_gen3_lite_moveit_config:/home/student36/ws_moveit/install/kinova_gen3_7dof_robotiq_2f_85_moveit_config:/home/student36/ws_moveit/install/kinova_gen3_6dof_robotiq_2f_85_moveit_config:/home/student36/ws_moveit/install/kortex_description:/home/student36/ws_moveit/install/robotiq_description:/home/student36/ws_moveit/install/robotiq_controllers:/home/student36/ws_moveit/install/pilz_industrial_motion_planner_testutils:/home/student36/ws_moveit/install/mycobot_280_moveit2:/home/student36/ws_moveit/install/moveit_runtime:/home/student36/ws_moveit/install/moveit:/home/student36/ws_moveit/install/elephant_arm:/home/student36/ws_moveit/install/moveit_planners:/home/student36/ws_moveit/install/pilz_industrial_motion_planner:/home/student36/ws_moveit/install/mycobot_description:/home/student36/ws_moveit/install/moveit_task_constructor_msgs:/home/student36/ws_moveit/install/moveit_ros_control_interface:/home/student36/ws_moveit/install/moveit_plugins:/home/student36/ws_moveit/install/moveit_simple_controller_manager:/home/student36/ws_moveit/install/moveit_setup_assistant:/home/student36/ws_moveit/install/moveit_setup_srdf_plugins:/home/student36/ws_moveit/install/moveit_setup_core_plugins:/home/student36/ws_moveit/install/moveit_setup_controllers:/home/student36/ws_moveit/install/moveit_setup_app_plugins:/home/student36/ws_moveit/install/moveit_setup_framework:/home/student36/ws_moveit/install/moveit_servo:/home/student36/ws_moveit/install/moveit_ros_trajectory_cache:/home/student36/ws_moveit/install/moveit_ros:/home/student36/ws_moveit/install/moveit_ros_visualization:/home/student36/ws_moveit/install/moveit_py:/home/student36/ws_moveit/install/moveit_hybrid_planning:/home/student36/ws_moveit/install/moveit_ros_planning_interface:/home/student36/ws_moveit/install/moveit_ros_benchmarks:/home/student36/ws_moveit/install/moveit_ros_warehouse:/home/student36/ws_moveit/install/moveit_ros_robot_interaction:/home/student36/ws_moveit/install/moveit_ros_perception:/home/student36/ws_moveit/install/moveit_resources_prbt_pg70_support:/home/student36/ws_moveit/install/moveit_resources_prbt_moveit_config:/home/student36/ws_moveit/install/moveit_ros_move_group:/home/student36/ws_moveit/install/moveit_planners_ompl:/home/student36/ws_moveit/install/moveit_kinematics:/home/student36/ws_moveit/install/moveit_ros_planning:/home/student36/ws_moveit/install/moveit_ros_occupancy_map_monitor:/home/student36/ws_moveit/install/moveit_resources_prbt_support:/home/student36/ws_moveit/install/moveit_resources_prbt_ikfast_manipulator_plugin:/home/student36/ws_moveit/install/moveit_resources:/home/student36/ws_moveit/install/moveit_resources_pr2_description:/home/student36/ws_moveit/install/moveit_resources_panda_moveit_config:/home/student36/ws_moveit/install/dual_arm_panda_moveit_config:/home/student36/ws_moveit/install/moveit_resources_panda_description:/home/student36/ws_moveit/install/moveit_resources_fanuc_moveit_config:/home/student36/ws_moveit/install/moveit_resources_fanuc_description:/home/student36/ws_moveit/install/moveit_planners_stomp:/home/student36/ws_moveit/install/moveit_planners_chomp:/home/student36/ws_moveit/install/chomp_motion_planner:/home/student36/ws_moveit/install/moveit_core:/home/student36/ws_moveit/install/moveit_msgs:/home/student36/ws_moveit/install/moveit_common:/home/student36/ws_moveit/install/kortex_driver:/home/student36/ws_moveit/install/kortex_api:/home/student36/rplidar_ws/install/rplidar_ros:/home/student36/elephant_arm_ws/install/mycobot_280_moveit2:/opt/ros/jazzy/opt/gz_sim_vendor:/opt/ros/jazzy/opt/gz_sensors_vendor:/opt/ros/jazzy/opt/gz_physics_vendor:/opt/ros/jazzy/opt/sdformat_vendor:/opt/ros/jazzy/opt/gz_gui_vendor:/opt/ros/jazzy/opt/gz_transport_vendor:/opt/ros/jazzy/opt/gz_rendering_vendor:/opt/ros/jazzy/opt/gz_plugin_vendor:/opt/ros/jazzy/opt/gz_fuel_tools_vendor:/opt/ros/jazzy/opt/gz_msgs_vendor:/opt/ros/jazzy/opt/gz_common_vendor:/opt/ros/jazzy/opt/gz_math_vendor:/opt/ros/jazzy/opt/gz_utils_vendor:/opt/ros/jazzy/opt/gz_tools_vendor:/opt/ros/jazzy/opt/gz_ogre_next_vendor:/opt/ros/jazzy/opt/gz_dartsim_vendor:/opt/ros/jazzy/opt/gz_cmake_vendor:/home/student36/ros2_tutorial_workspace/install/the_simplest_python_package:/home/student36/ros2_tutorial_workspace/install/python_package_with_a_node:/home/student36/ros2_tutorial_workspace/install/python_package_that_uses_the_library:/home/student36/ros2_tutorial_workspace/install/python_package_with_a_library:/home/student36/ros2_tutorial_workspace/install/python_package_that_uses_the_services:/home/student36/ros2_tutorial_workspace/install/python_package_that_uses_the_actions:/home/student36/ros2_tutorial_workspace/install/python_package_that_uses_tf2:/home/student36/ros2_tutorial_workspace/install/python_package_that_uses_parameters_and_launch_files:/home/student36/ros2_tutorial_workspace/install/python_package_that_uses_nottf2:/home/student36/ros2_tutorial_workspace/install/python_package_that_uses_nav2:/home/student36/ros2_tutorial_workspace/install/python_package_that_uses_messages:/home/student36/ros2_tutorial_workspace/install/python_package_that_uses_geometry_msgs:/home/student36/ros2_tutorial_workspace/install/python_package_that_uses_gazebo:/home/student36/ws_moveit/install/moveit_configs_utils:/home/student36/elephant_arm_ws/install/mycobot_description:/opt/ros/jazzy DEBUGINFOD_URLS=https://debuginfod.ubuntu.com /usr/bin/cmake --build /home/student36/RoboticsDesignProject/Git-repos/LeoRover-Team7/elephant_arm_ws/build/mycobot_ros2 -- -j12 -l12
[1.404s] DEBUG:colcon.colcon_core.event_handler.log_command:Invoking command in '/home/student36/RoboticsDesignProject/Git-repos/LeoRover-Team7/elephant_arm_ws/build/mycobot_ros2': CMAKE_PREFIX_PATH=/home/student36/RoboticsDesignProject/Git-repos/LeoRover-Team7/elephant_arm_ws/install/mycobot_description:/home/student36/RoboticsDesignProject/Git-repos/LeoRover-Team7/elephant_arm_ws/install/mtc_tutorial:/home/student36/RoboticsDesignProject/Git-repos/LeoRover-Team7/elephant_arm_ws/install/moveit_task_constructor_demo:/home/student36/RoboticsDesignProject/Git-repos/LeoRover-Team7/elephant_arm_ws/install/moveit_task_constructor_visualization:/home/student36/RoboticsDesignProject/Git-repos/LeoRover-Team7/elephant_arm_ws/install/moveit_task_constructor_capabilities:/home/student36/RoboticsDesignProject/Git-repos/LeoRover-Team7/elephant_arm_ws/install/moveit_task_constructor_core:/home/student36/RoboticsDesignProject/Git-repos/LeoRover-Team7/elephant_arm_ws/install/rviz_marker_tools:/home/student36/RoboticsDesignProject/Git-repos/LeoRover-Team7/elephant_arm_ws/install/mycobot_ros2:/home/student36/RoboticsDesignProject/Git-repos/LeoRover-Team7/elephant_arm_ws/install/mycobot_moveit_config:/home/student36/RoboticsDesignProject/Git-repos/LeoRover-Team7/elephant_arm_ws/install/mycobot_gazebo:/home/student36/RoboticsDesignProject/Git-repos/LeoRover-Team7/elephant_arm_ws/install/mycobot_bringup:/home/student36/RoboticsDesignProject/Git-repos/LeoRover-Team7/elephant_arm_ws/install/moveit_task_constructor_msgs:/home/student36/RoboticsDesignProject/Git-repos/LeoRover-Team7/elephant_arm_ws/install/hello_moveit:/home/student36/ros2_tutorial_workspace/install/package_with_interfaces:/home/student36/ws_moveit/install/robotiq_hardware_tests:/home/student36/ws_moveit/install/robotiq_driver:/home/student36/ws_moveit/install/serial:/home/student36/ws_moveit/install/moveit2_tutorials:/home/student36/ws_moveit/install/hello_moveit:/home/student36/ws_moveit/install/moveit_visual_tools:/home/student36/ws_moveit/install/rviz_visual_tools:/home/student36/ws_moveit/install/mtc_tutorial:/home/student36/ws_moveit/install/moveit_task_constructor_demo:/home/student36/ws_moveit/install/moveit_task_constructor_visualization:/home/student36/ws_moveit/install/moveit_task_constructor_capabilities:/home/student36/ws_moveit/install/elephant:/home/student36/ws_moveit/install/moveit_task_constructor_core:/home/student36/ws_moveit/install/rviz_marker_tools:/home/student36/ws_moveit/install/kortex_bringup:/home/student36/ws_moveit/install/kinova_gen3_lite_moveit_config:/home/student36/ws_moveit/install/kinova_gen3_7dof_robotiq_2f_85_moveit_config:/home/student36/ws_moveit/install/kinova_gen3_6dof_robotiq_2f_85_moveit_config:/home/student36/ws_moveit/install/kortex_description:/home/student36/ws_moveit/install/robotiq_description:/home/student36/ws_moveit/install/robotiq_controllers:/home/student36/ws_moveit/install/pilz_industrial_motion_planner_testutils:/home/student36/ws_moveit/install/mycobot_280_moveit2:/home/student36/ws_moveit/install/moveit_runtime:/home/student36/ws_moveit/install/moveit:/home/student36/ws_moveit/install/elephant_arm:/home/student36/ws_moveit/install/moveit_planners:/home/student36/ws_moveit/install/pilz_industrial_motion_planner:/home/student36/ws_moveit/install/mycobot_description:/home/student36/ws_moveit/install/moveit_task_constructor_msgs:/home/student36/ws_moveit/install/moveit_ros_control_interface:/home/student36/ws_moveit/install/moveit_plugins:/home/student36/ws_moveit/install/moveit_simple_controller_manager:/home/student36/ws_moveit/install/moveit_setup_assistant:/home/student36/ws_moveit/install/moveit_setup_srdf_plugins:/home/student36/ws_moveit/install/moveit_setup_core_plugins:/home/student36/ws_moveit/install/moveit_setup_controllers:/home/student36/ws_moveit/install/moveit_setup_app_plugins:/home/student36/ws_moveit/install/moveit_setup_framework:/home/student36/ws_moveit/install/moveit_servo:/home/student36/ws_moveit/install/moveit_ros_trajectory_cache:/home/student36/ws_moveit/install/moveit_ros:/home/student36/ws_moveit/install/moveit_ros_visualization:/home/student36/ws_moveit/install/moveit_py:/home/student36/ws_moveit/install/moveit_hybrid_planning:/home/student36/ws_moveit/install/moveit_ros_planning_interface:/home/student36/ws_moveit/install/moveit_ros_benchmarks:/home/student36/ws_moveit/install/moveit_ros_warehouse:/home/student36/ws_moveit/install/moveit_ros_robot_interaction:/home/student36/ws_moveit/install/moveit_ros_perception:/home/student36/ws_moveit/install/moveit_resources_prbt_pg70_support:/home/student36/ws_moveit/install/moveit_resources_prbt_moveit_config:/home/student36/ws_moveit/install/moveit_ros_move_group:/home/student36/ws_moveit/install/moveit_planners_ompl:/home/student36/ws_moveit/install/moveit_kinematics:/home/student36/ws_moveit/install/moveit_ros_planning:/home/student36/ws_moveit/install/moveit_ros_occupancy_map_monitor:/home/student36/ws_moveit/install/moveit_resources_prbt_support:/home/student36/ws_moveit/install/moveit_resources_prbt_ikfast_manipulator_plugin:/home/student36/ws_moveit/install/moveit_resources:/home/student36/ws_moveit/install/moveit_resources_pr2_description:/home/student36/ws_moveit/install/moveit_resources_panda_moveit_config:/home/student36/ws_moveit/install/dual_arm_panda_moveit_config:/home/student36/ws_moveit/install/moveit_resources_panda_description:/home/student36/ws_moveit/install/moveit_resources_fanuc_moveit_config:/home/student36/ws_moveit/install/moveit_resources_fanuc_description:/home/student36/ws_moveit/install/moveit_planners_stomp:/home/student36/ws_moveit/install/moveit_planners_chomp:/home/student36/ws_moveit/install/chomp_motion_planner:/home/student36/ws_moveit/install/moveit_core:/home/student36/ws_moveit/install/moveit_msgs:/home/student36/ws_moveit/install/moveit_common:/home/student36/ws_moveit/install/kortex_driver:/home/student36/ws_moveit/install/kortex_api:/home/student36/rplidar_ws/install/rplidar_ros:/home/student36/elephant_arm_ws/install/mycobot_280_moveit2:/opt/ros/jazzy/opt/gz_sim_vendor:/opt/ros/jazzy/opt/gz_sensors_vendor:/opt/ros/jazzy/opt/gz_physics_vendor:/opt/ros/jazzy/opt/sdformat_vendor:/opt/ros/jazzy/opt/gz_gui_vendor:/opt/ros/jazzy/opt/gz_transport_vendor:/opt/ros/jazzy/opt/gz_rendering_vendor:/opt/ros/jazzy/opt/gz_plugin_vendor:/opt/ros/jazzy/opt/gz_fuel_tools_vendor:/opt/ros/jazzy/opt/gz_msgs_vendor:/opt/ros/jazzy/opt/gz_common_vendor:/opt/ros/jazzy/opt/gz_math_vendor:/opt/ros/jazzy/opt/gz_utils_vendor:/opt/ros/jazzy/opt/gz_tools_vendor:/opt/ros/jazzy/opt/gz_ogre_next_vendor:/opt/ros/jazzy/opt/gz_dartsim_vendor:/opt/ros/jazzy/opt/gz_cmake_vendor:/home/student36/ros2_tutorial_workspace/install/the_simplest_python_package:/home/student36/ros2_tutorial_workspace/install/python_package_with_a_node:/home/student36/ros2_tutorial_workspace/install/python_package_that_uses_the_library:/home/student36/ros2_tutorial_workspace/install/python_package_with_a_library:/home/student36/ros2_tutorial_workspace/install/python_package_that_uses_the_services:/home/student36/ros2_tutorial_workspace/install/python_package_that_uses_the_actions:/home/student36/ros2_tutorial_workspace/install/python_package_that_uses_tf2:/home/student36/ros2_tutorial_workspace/install/python_package_that_uses_parameters_and_launch_files:/home/student36/ros2_tutorial_workspace/install/python_package_that_uses_nottf2:/home/student36/ros2_tutorial_workspace/install/python_package_that_uses_nav2:/home/student36/ros2_tutorial_workspace/install/python_package_that_uses_messages:/home/student36/ros2_tutorial_workspace/install/python_package_that_uses_geometry_msgs:/home/student36/ros2_tutorial_workspace/install/python_package_that_uses_gazebo:/home/student36/ws_moveit/install/moveit_configs_utils:/home/student36/elephant_arm_ws/install/mycobot_description:/opt/ros/jazzy DEBUGINFOD_URLS=https://debuginfod.ubuntu.com /usr/bin/cmake --install /home/student36/RoboticsDesignProject/Git-repos/LeoRover-Team7/elephant_arm_ws/build/mycobot_ros2
[1.430s] Level 1:colcon.colcon_core.environment:create_environment_scripts_only(mycobot_ros2)
[1.430s] Level 1:colcon.colcon_core.environment:checking '/home/student36/RoboticsDesignProject/Git-repos/LeoRover-Team7/elephant_arm_ws/install/mycobot_ros2' for CMake module files
[1.433s] Level 1:colcon.colcon_core.environment:checking '/home/student36/RoboticsDesignProject/Git-repos/LeoRover-Team7/elephant_arm_ws/install/mycobot_ros2' for CMake config files
[1.434s] DEBUG:colcon.colcon_core.event_handler.log_command:Invoked command in '/home/student36/RoboticsDesignProject/Git-repos/LeoRover-Team7/elephant_arm_ws/build/mycobot_ros2' returned '0': CMAKE_PREFIX_PATH=/home/student36/RoboticsDesignProject/Git-repos/LeoRover-Team7/elephant_arm_ws/install/mycobot_description:/home/student36/RoboticsDesignProject/Git-repos/LeoRover-Team7/elephant_arm_ws/install/mtc_tutorial:/home/student36/RoboticsDesignProject/Git-repos/LeoRover-Team7/elephant_arm_ws/install/moveit_task_constructor_demo:/home/student36/RoboticsDesignProject/Git-repos/LeoRover-Team7/elephant_arm_ws/install/moveit_task_constructor_visualization:/home/student36/RoboticsDesignProject/Git-repos/LeoRover-Team7/elephant_arm_ws/install/moveit_task_constructor_capabilities:/home/student36/RoboticsDesignProject/Git-repos/LeoRover-Team7/elephant_arm_ws/install/moveit_task_constructor_core:/home/student36/RoboticsDesignProject/Git-repos/LeoRover-Team7/elephant_arm_ws/install/rviz_marker_tools:/home/student36/RoboticsDesignProject/Git-repos/LeoRover-Team7/elephant_arm_ws/install/mycobot_ros2:/home/student36/RoboticsDesignProject/Git-repos/LeoRover-Team7/elephant_arm_ws/install/mycobot_moveit_config:/home/student36/RoboticsDesignProject/Git-repos/LeoRover-Team7/elephant_arm_ws/install/mycobot_gazebo:/home/student36/RoboticsDesignProject/Git-repos/LeoRover-Team7/elephant_arm_ws/install/mycobot_bringup:/home/student36/RoboticsDesignProject/Git-repos/LeoRover-Team7/elephant_arm_ws/install/moveit_task_constructor_msgs:/home/student36/RoboticsDesignProject/Git-repos/LeoRover-Team7/elephant_arm_ws/install/hello_moveit:/home/student36/ros2_tutorial_workspace/install/package_with_interfaces:/home/student36/ws_moveit/install/robotiq_hardware_tests:/home/student36/ws_moveit/install/robotiq_driver:/home/student36/ws_moveit/install/serial:/home/student36/ws_moveit/install/moveit2_tutorials:/home/student36/ws_moveit/install/hello_moveit:/home/student36/ws_moveit/install/moveit_visual_tools:/home/student36/ws_moveit/install/rviz_visual_tools:/home/student36/ws_moveit/install/mtc_tutorial:/home/student36/ws_moveit/install/moveit_task_constructor_demo:/home/student36/ws_moveit/install/moveit_task_constructor_visualization:/home/student36/ws_moveit/install/moveit_task_constructor_capabilities:/home/student36/ws_moveit/install/elephant:/home/student36/ws_moveit/install/moveit_task_constructor_core:/home/student36/ws_moveit/install/rviz_marker_tools:/home/student36/ws_moveit/install/kortex_bringup:/home/student36/ws_moveit/install/kinova_gen3_lite_moveit_config:/home/student36/ws_moveit/install/kinova_gen3_7dof_robotiq_2f_85_moveit_config:/home/student36/ws_moveit/install/kinova_gen3_6dof_robotiq_2f_85_moveit_config:/home/student36/ws_moveit/install/kortex_description:/home/student36/ws_moveit/install/robotiq_description:/home/student36/ws_moveit/install/robotiq_controllers:/home/student36/ws_moveit/install/pilz_industrial_motion_planner_testutils:/home/student36/ws_moveit/install/mycobot_280_moveit2:/home/student36/ws_moveit/install/moveit_runtime:/home/student36/ws_moveit/install/moveit:/home/student36/ws_moveit/install/elephant_arm:/home/student36/ws_moveit/install/moveit_planners:/home/student36/ws_moveit/install/pilz_industrial_motion_planner:/home/student36/ws_moveit/install/mycobot_description:/home/student36/ws_moveit/install/moveit_task_constructor_msgs:/home/student36/ws_moveit/install/moveit_ros_control_interface:/home/student36/ws_moveit/install/moveit_plugins:/home/student36/ws_moveit/install/moveit_simple_controller_manager:/home/student36/ws_moveit/install/moveit_setup_assistant:/home/student36/ws_moveit/install/moveit_setup_srdf_plugins:/home/student36/ws_moveit/install/moveit_setup_core_plugins:/home/student36/ws_moveit/install/moveit_setup_controllers:/home/student36/ws_moveit/install/moveit_setup_app_plugins:/home/student36/ws_moveit/install/moveit_setup_framework:/home/student36/ws_moveit/install/moveit_servo:/home/student36/ws_moveit/install/moveit_ros_trajectory_cache:/home/student36/ws_moveit/install/moveit_ros:/home/student36/ws_moveit/install/moveit_ros_visualization:/home/student36/ws_moveit/install/moveit_py:/home/student36/ws_moveit/install/moveit_hybrid_planning:/home/student36/ws_moveit/install/moveit_ros_planning_interface:/home/student36/ws_moveit/install/moveit_ros_benchmarks:/home/student36/ws_moveit/install/moveit_ros_warehouse:/home/student36/ws_moveit/install/moveit_ros_robot_interaction:/home/student36/ws_moveit/install/moveit_ros_perception:/home/student36/ws_moveit/install/moveit_resources_prbt_pg70_support:/home/student36/ws_moveit/install/moveit_resources_prbt_moveit_config:/home/student36/ws_moveit/install/moveit_ros_move_group:/home/student36/ws_moveit/install/moveit_planners_ompl:/home/student36/ws_moveit/install/moveit_kinematics:/home/student36/ws_moveit/install/moveit_ros_planning:/home/student36/ws_moveit/install/moveit_ros_occupancy_map_monitor:/home/student36/ws_moveit/install/moveit_resources_prbt_support:/home/student36/ws_moveit/install/moveit_resources_prbt_ikfast_manipulator_plugin:/home/student36/ws_moveit/install/moveit_resources:/home/student36/ws_moveit/install/moveit_resources_pr2_description:/home/student36/ws_moveit/install/moveit_resources_panda_moveit_config:/home/student36/ws_moveit/install/dual_arm_panda_moveit_config:/home/student36/ws_moveit/install/moveit_resources_panda_description:/home/student36/ws_moveit/install/moveit_resources_fanuc_moveit_config:/home/student36/ws_moveit/install/moveit_resources_fanuc_description:/home/student36/ws_moveit/install/moveit_planners_stomp:/home/student36/ws_moveit/install/moveit_planners_chomp:/home/student36/ws_moveit/install/chomp_motion_planner:/home/student36/ws_moveit/install/moveit_core:/home/student36/ws_moveit/install/moveit_msgs:/home/student36/ws_moveit/install/moveit_common:/home/student36/ws_moveit/install/kortex_driver:/home/student36/ws_moveit/install/kortex_api:/home/student36/rplidar_ws/install/rplidar_ros:/home/student36/elephant_arm_ws/install/mycobot_280_moveit2:/opt/ros/jazzy/opt/gz_sim_vendor:/opt/ros/jazzy/opt/gz_sensors_vendor:/opt/ros/jazzy/opt/gz_physics_vendor:/opt/ros/jazzy/opt/sdformat_vendor:/opt/ros/jazzy/opt/gz_gui_vendor:/opt/ros/jazzy/opt/gz_transport_vendor:/opt/ros/jazzy/opt/gz_rendering_vendor:/opt/ros/jazzy/opt/gz_plugin_vendor:/opt/ros/jazzy/opt/gz_fuel_tools_vendor:/opt/ros/jazzy/opt/gz_msgs_vendor:/opt/ros/jazzy/opt/gz_common_vendor:/opt/ros/jazzy/opt/gz_math_vendor:/opt/ros/jazzy/opt/gz_utils_vendor:/opt/ros/jazzy/opt/gz_tools_vendor:/opt/ros/jazzy/opt/gz_ogre_next_vendor:/opt/ros/jazzy/opt/gz_dartsim_vendor:/opt/ros/jazzy/opt/gz_cmake_vendor:/home/student36/ros2_tutorial_workspace/install/the_simplest_python_package:/home/student36/ros2_tutorial_workspace/install/python_package_with_a_node:/home/student36/ros2_tutorial_workspace/install/python_package_that_uses_the_library:/home/student36/ros2_tutorial_workspace/install/python_package_with_a_library:/home/student36/ros2_tutorial_workspace/install/python_package_that_uses_the_services:/home/student36/ros2_tutorial_workspace/install/python_package_that_uses_the_actions:/home/student36/ros2_tutorial_workspace/install/python_package_that_uses_tf2:/home/student36/ros2_tutorial_workspace/install/python_package_that_uses_parameters_and_launch_files:/home/student36/ros2_tutorial_workspace/install/python_package_that_uses_nottf2:/home/student36/ros2_tutorial_workspace/install/python_package_that_uses_nav2:/home/student36/ros2_tutorial_workspace/install/python_package_that_uses_messages:/home/student36/ros2_tutorial_workspace/install/python_package_that_uses_geometry_msgs:/home/student36/ros2_tutorial_workspace/install/python_package_that_uses_gazebo:/home/student36/ws_moveit/install/moveit_configs_utils:/home/student36/elephant_arm_ws/install/mycobot_description:/opt/ros/jazzy DEBUGINFOD_URLS=https://debuginfod.ubuntu.com /usr/bin/cmake --install /home/student36/RoboticsDesignProject/Git-repos/LeoRover-Team7/elephant_arm_ws/build/mycobot_ros2
[1.434s] Level 1:colcon.colcon_core.shell:create_environment_hook('mycobot_ros2', 'cmake_prefix_path')
[1.434s] INFO:colcon.colcon_core.shell:Creating environment hook '/home/student36/RoboticsDesignProject/Git-repos/LeoRover-Team7/elephant_arm_ws/install/mycobot_ros2/share/mycobot_ros2/hook/cmake_prefix_path.ps1'
[1.435s] INFO:colcon.colcon_core.shell:Creating environment descriptor '/home/student36/RoboticsDesignProject/Git-repos/LeoRover-Team7/elephant_arm_ws/install/mycobot_ros2/share/mycobot_ros2/hook/cmake_prefix_path.dsv'
[1.435s] INFO:colcon.colcon_core.shell:Creating environment hook '/home/student36/RoboticsDesignProject/Git-repos/LeoRover-Team7/elephant_arm_ws/install/mycobot_ros2/share/mycobot_ros2/hook/cmake_prefix_path.sh'
[1.436s] Level 1:colcon.colcon_core.environment:checking '/home/student36/RoboticsDesignProject/Git-repos/LeoRover-Team7/elephant_arm_ws/install/mycobot_ros2/bin'
[1.436s] Level 1:colcon.colcon_core.environment:checking '/home/student36/RoboticsDesignProject/Git-repos/LeoRover-Team7/elephant_arm_ws/install/mycobot_ros2/lib/pkgconfig/mycobot_ros2.pc'
[1.436s] Level 1:colcon.colcon_core.environment:checking '/home/student36/RoboticsDesignProject/Git-repos/LeoRover-Team7/elephant_arm_ws/install/mycobot_ros2/lib/python3.12/site-packages'
[1.437s] Level 1:colcon.colcon_core.environment:checking '/home/student36/RoboticsDesignProject/Git-repos/LeoRover-Team7/elephant_arm_ws/install/mycobot_ros2/bin'
[1.437s] INFO:colcon.colcon_core.shell:Creating package script '/home/student36/RoboticsDesignProject/Git-repos/LeoRover-Team7/elephant_arm_ws/install/mycobot_ros2/share/mycobot_ros2/package.ps1'
[1.438s] INFO:colcon.colcon_core.shell:Creating package descriptor '/home/student36/RoboticsDesignProject/Git-repos/LeoRover-Team7/elephant_arm_ws/install/mycobot_ros2/share/mycobot_ros2/package.dsv'
[1.438s] INFO:colcon.colcon_core.shell:Creating package script '/home/student36/RoboticsDesignProject/Git-repos/LeoRover-Team7/elephant_arm_ws/install/mycobot_ros2/share/mycobot_ros2/package.sh'
[1.438s] INFO:colcon.colcon_core.shell:Creating package script '/home/student36/RoboticsDesignProject/Git-repos/LeoRover-Team7/elephant_arm_ws/install/mycobot_ros2/share/mycobot_ros2/package.bash'
[1.439s] INFO:colcon.colcon_core.shell:Creating package script '/home/student36/RoboticsDesignProject/Git-repos/LeoRover-Team7/elephant_arm_ws/install/mycobot_ros2/share/mycobot_ros2/package.zsh'
[1.439s] Level 1:colcon.colcon_core.environment:create_file_with_runtime_dependencies(/home/student36/RoboticsDesignProject/Git-repos/LeoRover-Team7/elephant_arm_ws/install/mycobot_ros2/share/colcon-core/packages/mycobot_ros2)
[1.440s] Level 1:colcon.colcon_core.environment:create_environment_scripts_only(mycobot_ros2)
[1.440s] Level 1:colcon.colcon_core.environment:checking '/home/student36/RoboticsDesignProject/Git-repos/LeoRover-Team7/elephant_arm_ws/install/mycobot_ros2' for CMake module files
[1.440s] Level 1:colcon.colcon_core.environment:checking '/home/student36/RoboticsDesignProject/Git-repos/LeoRover-Team7/elephant_arm_ws/install/mycobot_ros2' for CMake config files
[1.440s] Level 1:colcon.colcon_core.shell:create_environment_hook('mycobot_ros2', 'cmake_prefix_path')
[1.440s] INFO:colcon.colcon_core.shell:Creating environment hook '/home/student36/RoboticsDesignProject/Git-repos/LeoRover-Team7/elephant_arm_ws/install/mycobot_ros2/share/mycobot_ros2/hook/cmake_prefix_path.ps1'
[1.441s] INFO:colcon.colcon_core.shell:Creating environment descriptor '/home/student36/RoboticsDesignProject/Git-repos/LeoRover-Team7/elephant_arm_ws/install/mycobot_ros2/share/mycobot_ros2/hook/cmake_prefix_path.dsv'
[1.441s] INFO:colcon.colcon_core.shell:Creating environment hook '/home/student36/RoboticsDesignProject/Git-repos/LeoRover-Team7/elephant_arm_ws/install/mycobot_ros2/share/mycobot_ros2/hook/cmake_prefix_path.sh'
[1.442s] Level 1:colcon.colcon_core.environment:checking '/home/student36/RoboticsDesignProject/Git-repos/LeoRover-Team7/elephant_arm_ws/install/mycobot_ros2/bin'
[1.442s] Level 1:colcon.colcon_core.environment:checking '/home/student36/RoboticsDesignProject/Git-repos/LeoRover-Team7/elephant_arm_ws/install/mycobot_ros2/lib/pkgconfig/mycobot_ros2.pc'
[1.442s] Level 1:colcon.colcon_core.environment:checking '/home/student36/RoboticsDesignProject/Git-repos/LeoRover-Team7/elephant_arm_ws/install/mycobot_ros2/lib/python3.12/site-packages'
[1.443s] Level 1:colcon.colcon_core.environment:checking '/home/student36/RoboticsDesignProject/Git-repos/LeoRover-Team7/elephant_arm_ws/install/mycobot_ros2/bin'
[1.443s] INFO:colcon.colcon_core.shell:Creating package script '/home/student36/RoboticsDesignProject/Git-repos/LeoRover-Team7/elephant_arm_ws/install/mycobot_ros2/share/mycobot_ros2/package.ps1'
[1.443s] INFO:colcon.colcon_core.shell:Creating package descriptor '/home/student36/RoboticsDesignProject/Git-repos/LeoRover-Team7/elephant_arm_ws/install/mycobot_ros2/share/mycobot_ros2/package.dsv'
[1.444s] INFO:colcon.colcon_core.shell:Creating package script '/home/student36/RoboticsDesignProject/Git-repos/LeoRover-Team7/elephant_arm_ws/install/mycobot_ros2/share/mycobot_ros2/package.sh'
[1.444s] INFO:colcon.colcon_core.shell:Creating package script '/home/student36/RoboticsDesignProject/Git-repos/LeoRover-Team7/elephant_arm_ws/install/mycobot_ros2/share/mycobot_ros2/package.bash'
[1.445s] INFO:colcon.colcon_core.shell:Creating package script '/home/student36/RoboticsDesignProject/Git-repos/LeoRover-Team7/elephant_arm_ws/install/mycobot_ros2/share/mycobot_ros2/package.zsh'
[1.445s] Level 1:colcon.colcon_core.environment:create_file_with_runtime_dependencies(/home/student36/RoboticsDesignProject/Git-repos/LeoRover-Team7/elephant_arm_ws/install/mycobot_ros2/share/colcon-core/packages/mycobot_ros2)
[1.827s] DEBUG:colcon.colcon_core.event_handler.log_command:Invoked command in '/home/student36/RoboticsDesignProject/Git-repos/LeoRover-Team7/elephant_arm_ws/build/moveit_task_constructor_msgs' returned '0': CMAKE_PREFIX_PATH=${CMAKE_PREFIX_PATH}:/home/student36/ros2_tutorial_workspace/install/the_simplest_python_package:/home/student36/ros2_tutorial_workspace/install/python_package_with_a_node:/home/student36/ros2_tutorial_workspace/install/python_package_that_uses_the_library:/home/student36/ros2_tutorial_workspace/install/python_package_with_a_library:/home/student36/ros2_tutorial_workspace/install/python_package_that_uses_the_services:/home/student36/ros2_tutorial_workspace/install/python_package_that_uses_the_actions:/home/student36/ros2_tutorial_workspace/install/python_package_that_uses_tf2:/home/student36/ros2_tutorial_workspace/install/python_package_that_uses_parameters_and_launch_files:/home/student36/ros2_tutorial_workspace/install/python_package_that_uses_nottf2:/home/student36/ros2_tutorial_workspace/install/python_package_that_uses_nav2:/home/student36/ros2_tutorial_workspace/install/python_package_that_uses_messages:/home/student36/ros2_tutorial_workspace/install/python_package_that_uses_geometry_msgs:/home/student36/ros2_tutorial_workspace/install/python_package_that_uses_gazebo:/home/student36/ws_moveit/install/moveit_configs_utils:/home/student36/elephant_arm_ws/install/mycobot_description:/opt/ros/jazzy DEBUGINFOD_URLS=https://debuginfod.ubuntu.com /usr/bin/cmake --build /home/student36/RoboticsDesignProject/Git-repos/LeoRover-Team7/elephant_arm_ws/build/moveit_task_constructor_msgs -- -j12 -l12
[1.831s] DEBUG:colcon.colcon_core.event_handler.log_command:Invoking command in '/home/student36/RoboticsDesignProject/Git-repos/LeoRover-Team7/elephant_arm_ws/build/moveit_task_constructor_msgs': CMAKE_PREFIX_PATH=${CMAKE_PREFIX_PATH}:/home/student36/ros2_tutorial_workspace/install/the_simplest_python_package:/home/student36/ros2_tutorial_workspace/install/python_package_with_a_node:/home/student36/ros2_tutorial_workspace/install/python_package_that_uses_the_library:/home/student36/ros2_tutorial_workspace/install/python_package_with_a_library:/home/student36/ros2_tutorial_workspace/install/python_package_that_uses_the_services:/home/student36/ros2_tutorial_workspace/install/python_package_that_uses_the_actions:/home/student36/ros2_tutorial_workspace/install/python_package_that_uses_tf2:/home/student36/ros2_tutorial_workspace/install/python_package_that_uses_parameters_and_launch_files:/home/student36/ros2_tutorial_workspace/install/python_package_that_uses_nottf2:/home/student36/ros2_tutorial_workspace/install/python_package_that_uses_nav2:/home/student36/ros2_tutorial_workspace/install/python_package_that_uses_messages:/home/student36/ros2_tutorial_workspace/install/python_package_that_uses_geometry_msgs:/home/student36/ros2_tutorial_workspace/install/python_package_that_uses_gazebo:/home/student36/ws_moveit/install/moveit_configs_utils:/home/student36/elephant_arm_ws/install/mycobot_description:/opt/ros/jazzy DEBUGINFOD_URLS=https://debuginfod.ubuntu.com /usr/bin/cmake --install /home/student36/RoboticsDesignProject/Git-repos/LeoRover-Team7/elephant_arm_ws/build/moveit_task_constructor_msgs
[2.026s] Level 1:colcon.colcon_core.environment:create_environment_scripts_only(moveit_task_constructor_msgs)
[2.027s] Level 1:colcon.colcon_core.environment:checking '/home/student36/RoboticsDesignProject/Git-repos/LeoRover-Team7/elephant_arm_ws/install/moveit_task_constructor_msgs' for CMake module files
[2.028s] DEBUG:colcon.colcon_core.event_handler.log_command:Invoked command in '/home/student36/RoboticsDesignProject/Git-repos/LeoRover-Team7/elephant_arm_ws/build/moveit_task_constructor_msgs' returned '0': CMAKE_PREFIX_PATH=${CMAKE_PREFIX_PATH}:/home/student36/ros2_tutorial_workspace/install/the_simplest_python_package:/home/student36/ros2_tutorial_workspace/install/python_package_with_a_node:/home/student36/ros2_tutorial_workspace/install/python_package_that_uses_the_library:/home/student36/ros2_tutorial_workspace/install/python_package_with_a_library:/home/student36/ros2_tutorial_workspace/install/python_package_that_uses_the_services:/home/student36/ros2_tutorial_workspace/install/python_package_that_uses_the_actions:/home/student36/ros2_tutorial_workspace/install/python_package_that_uses_tf2:/home/student36/ros2_tutorial_workspace/install/python_package_that_uses_parameters_and_launch_files:/home/student36/ros2_tutorial_workspace/install/python_package_that_uses_nottf2:/home/student36/ros2_tutorial_workspace/install/python_package_that_uses_nav2:/home/student36/ros2_tutorial_workspace/install/python_package_that_uses_messages:/home/student36/ros2_tutorial_workspace/install/python_package_that_uses_geometry_msgs:/home/student36/ros2_tutorial_workspace/install/python_package_that_uses_gazebo:/home/student36/ws_moveit/install/moveit_configs_utils:/home/student36/elephant_arm_ws/install/mycobot_description:/opt/ros/jazzy DEBUGINFOD_URLS=https://debuginfod.ubuntu.com /usr/bin/cmake --install /home/student36/RoboticsDesignProject/Git-repos/LeoRover-Team7/elephant_arm_ws/build/moveit_task_constructor_msgs
[2.029s] Level 1:colcon.colcon_core.environment:checking '/home/student36/RoboticsDesignProject/Git-repos/LeoRover-Team7/elephant_arm_ws/install/moveit_task_constructor_msgs' for CMake config files
[2.031s] Level 1:colcon.colcon_core.shell:create_environment_hook('moveit_task_constructor_msgs', 'cmake_prefix_path')
[2.031s] INFO:colcon.colcon_core.shell:Creating environment hook '/home/student36/RoboticsDesignProject/Git-repos/LeoRover-Team7/elephant_arm_ws/install/moveit_task_constructor_msgs/share/moveit_task_constructor_msgs/hook/cmake_prefix_path.ps1'
[2.032s] INFO:colcon.colcon_core.shell:Creating environment descriptor '/home/student36/RoboticsDesignProject/Git-repos/LeoRover-Team7/elephant_arm_ws/install/moveit_task_constructor_msgs/share/moveit_task_constructor_msgs/hook/cmake_prefix_path.dsv'
[2.033s] INFO:colcon.colcon_core.shell:Creating environment hook '/home/student36/RoboticsDesignProject/Git-repos/LeoRover-Team7/elephant_arm_ws/install/moveit_task_constructor_msgs/share/moveit_task_constructor_msgs/hook/cmake_prefix_path.sh'
[2.034s] Level 1:colcon.colcon_core.environment:checking '/home/student36/RoboticsDesignProject/Git-repos/LeoRover-Team7/elephant_arm_ws/install/moveit_task_constructor_msgs/lib'
[2.034s] Level 1:colcon.colcon_core.shell:create_environment_hook('moveit_task_constructor_msgs', 'ld_library_path_lib')
[2.034s] INFO:colcon.colcon_core.shell:Creating environment hook '/home/student36/RoboticsDesignProject/Git-repos/LeoRover-Team7/elephant_arm_ws/install/moveit_task_constructor_msgs/share/moveit_task_constructor_msgs/hook/ld_library_path_lib.ps1'
[2.035s] INFO:colcon.colcon_core.shell:Creating environment descriptor '/home/student36/RoboticsDesignProject/Git-repos/LeoRover-Team7/elephant_arm_ws/install/moveit_task_constructor_msgs/share/moveit_task_constructor_msgs/hook/ld_library_path_lib.dsv'
[2.036s] INFO:colcon.colcon_core.shell:Creating environment hook '/home/student36/RoboticsDesignProject/Git-repos/LeoRover-Team7/elephant_arm_ws/install/moveit_task_constructor_msgs/share/moveit_task_constructor_msgs/hook/ld_library_path_lib.sh'
[2.037s] Level 1:colcon.colcon_core.environment:checking '/home/student36/RoboticsDesignProject/Git-repos/LeoRover-Team7/elephant_arm_ws/install/moveit_task_constructor_msgs/bin'
[2.037s] Level 1:colcon.colcon_core.environment:checking '/home/student36/RoboticsDesignProject/Git-repos/LeoRover-Team7/elephant_arm_ws/install/moveit_task_constructor_msgs/lib/pkgconfig/moveit_task_constructor_msgs.pc'
[2.037s] Level 1:colcon.colcon_core.environment:checking '/home/student36/RoboticsDesignProject/Git-repos/LeoRover-Team7/elephant_arm_ws/install/moveit_task_constructor_msgs/lib/python3.12/site-packages'
[2.037s] Level 1:colcon.colcon_core.shell:create_environment_hook('moveit_task_constructor_msgs', 'pythonpath')
[2.038s] INFO:colcon.colcon_core.shell:Creating environment hook '/home/student36/RoboticsDesignProject/Git-repos/LeoRover-Team7/elephant_arm_ws/install/moveit_task_constructor_msgs/share/moveit_task_constructor_msgs/hook/pythonpath.ps1'
[2.039s] INFO:colcon.colcon_core.shell:Creating environment descriptor '/home/student36/RoboticsDesignProject/Git-repos/LeoRover-Team7/elephant_arm_ws/install/moveit_task_constructor_msgs/share/moveit_task_constructor_msgs/hook/pythonpath.dsv'
[2.039s] INFO:colcon.colcon_core.shell:Creating environment hook '/home/student36/RoboticsDesignProject/Git-repos/LeoRover-Team7/elephant_arm_ws/install/moveit_task_constructor_msgs/share/moveit_task_constructor_msgs/hook/pythonpath.sh'
[2.040s] Level 1:colcon.colcon_core.environment:checking '/home/student36/RoboticsDesignProject/Git-repos/LeoRover-Team7/elephant_arm_ws/install/moveit_task_constructor_msgs/bin'
[2.041s] INFO:colcon.colcon_core.shell:Creating package script '/home/student36/RoboticsDesignProject/Git-repos/LeoRover-Team7/elephant_arm_ws/install/moveit_task_constructor_msgs/share/moveit_task_constructor_msgs/package.ps1'
[2.042s] INFO:colcon.colcon_core.shell:Creating package descriptor '/home/student36/RoboticsDesignProject/Git-repos/LeoRover-Team7/elephant_arm_ws/install/moveit_task_constructor_msgs/share/moveit_task_constructor_msgs/package.dsv'
[2.043s] INFO:colcon.colcon_core.shell:Creating package script '/home/student36/RoboticsDesignProject/Git-repos/LeoRover-Team7/elephant_arm_ws/install/moveit_task_constructor_msgs/share/moveit_task_constructor_msgs/package.sh'
[2.044s] INFO:colcon.colcon_core.shell:Creating package script '/home/student36/RoboticsDesignProject/Git-repos/LeoRover-Team7/elephant_arm_ws/install/moveit_task_constructor_msgs/share/moveit_task_constructor_msgs/package.bash'
[2.045s] INFO:colcon.colcon_core.shell:Creating package script '/home/student36/RoboticsDesignProject/Git-repos/LeoRover-Team7/elephant_arm_ws/install/moveit_task_constructor_msgs/share/moveit_task_constructor_msgs/package.zsh'
[2.045s] Level 1:colcon.colcon_core.environment:create_file_with_runtime_dependencies(/home/student36/RoboticsDesignProject/Git-repos/LeoRover-Team7/elephant_arm_ws/install/moveit_task_constructor_msgs/share/colcon-core/packages/moveit_task_constructor_msgs)
[2.046s] Level 1:colcon.colcon_core.environment:create_environment_scripts_only(moveit_task_constructor_msgs)
[2.047s] Level 1:colcon.colcon_core.environment:checking '/home/student36/RoboticsDesignProject/Git-repos/LeoRover-Team7/elephant_arm_ws/install/moveit_task_constructor_msgs' for CMake module files
[2.048s] Level 1:colcon.colcon_core.environment:checking '/home/student36/RoboticsDesignProject/Git-repos/LeoRover-Team7/elephant_arm_ws/install/moveit_task_constructor_msgs' for CMake config files
[2.050s] Level 1:colcon.colcon_core.shell:create_environment_hook('moveit_task_constructor_msgs', 'cmake_prefix_path')
[2.050s] INFO:colcon.colcon_core.shell:Creating environment hook '/home/student36/RoboticsDesignProject/Git-repos/LeoRover-Team7/elephant_arm_ws/install/moveit_task_constructor_msgs/share/moveit_task_constructor_msgs/hook/cmake_prefix_path.ps1'
[2.051s] INFO:colcon.colcon_core.shell:Creating environment descriptor '/home/student36/RoboticsDesignProject/Git-repos/LeoRover-Team7/elephant_arm_ws/install/moveit_task_constructor_msgs/share/moveit_task_constructor_msgs/hook/cmake_prefix_path.dsv'
[2.051s] INFO:colcon.colcon_core.shell:Creating environment hook '/home/student36/RoboticsDesignProject/Git-repos/LeoRover-Team7/elephant_arm_ws/install/moveit_task_constructor_msgs/share/moveit_task_constructor_msgs/hook/cmake_prefix_path.sh'
[2.053s] Level 1:colcon.colcon_core.environment:checking '/home/student36/RoboticsDesignProject/Git-repos/LeoRover-Team7/elephant_arm_ws/install/moveit_task_constructor_msgs/lib'
[2.053s] Level 1:colcon.colcon_core.shell:create_environment_hook('moveit_task_constructor_msgs', 'ld_library_path_lib')
[2.053s] INFO:colcon.colcon_core.shell:Creating environment hook '/home/student36/RoboticsDesignProject/Git-repos/LeoRover-Team7/elephant_arm_ws/install/moveit_task_constructor_msgs/share/moveit_task_constructor_msgs/hook/ld_library_path_lib.ps1'
[2.054s] INFO:colcon.colcon_core.shell:Creating environment descriptor '/home/student36/RoboticsDesignProject/Git-repos/LeoRover-Team7/elephant_arm_ws/install/moveit_task_constructor_msgs/share/moveit_task_constructor_msgs/hook/ld_library_path_lib.dsv'
[2.054s] INFO:colcon.colcon_core.shell:Creating environment hook '/home/student36/RoboticsDesignProject/Git-repos/LeoRover-Team7/elephant_arm_ws/install/moveit_task_constructor_msgs/share/moveit_task_constructor_msgs/hook/ld_library_path_lib.sh'
[2.055s] Level 1:colcon.colcon_core.environment:checking '/home/student36/RoboticsDesignProject/Git-repos/LeoRover-Team7/elephant_arm_ws/install/moveit_task_constructor_msgs/bin'
[2.055s] Level 1:colcon.colcon_core.environment:checking '/home/student36/RoboticsDesignProject/Git-repos/LeoRover-Team7/elephant_arm_ws/install/moveit_task_constructor_msgs/lib/pkgconfig/moveit_task_constructor_msgs.pc'
[2.056s] Level 1:colcon.colcon_core.environment:checking '/home/student36/RoboticsDesignProject/Git-repos/LeoRover-Team7/elephant_arm_ws/install/moveit_task_constructor_msgs/lib/python3.12/site-packages'
[2.056s] Level 1:colcon.colcon_core.shell:create_environment_hook('moveit_task_constructor_msgs', 'pythonpath')
[2.056s] INFO:colcon.colcon_core.shell:Creating environment hook '/home/student36/RoboticsDesignProject/Git-repos/LeoRover-Team7/elephant_arm_ws/install/moveit_task_constructor_msgs/share/moveit_task_constructor_msgs/hook/pythonpath.ps1'
[2.057s] INFO:colcon.colcon_core.shell:Creating environment descriptor '/home/student36/RoboticsDesignProject/Git-repos/LeoRover-Team7/elephant_arm_ws/install/moveit_task_constructor_msgs/share/moveit_task_constructor_msgs/hook/pythonpath.dsv'
[2.058s] INFO:colcon.colcon_core.shell:Creating environment hook '/home/student36/RoboticsDesignProject/Git-repos/LeoRover-Team7/elephant_arm_ws/install/moveit_task_constructor_msgs/share/moveit_task_constructor_msgs/hook/pythonpath.sh'
[2.059s] Level 1:colcon.colcon_core.environment:checking '/home/student36/RoboticsDesignProject/Git-repos/LeoRover-Team7/elephant_arm_ws/install/moveit_task_constructor_msgs/bin'
[2.059s] INFO:colcon.colcon_core.shell:Creating package script '/home/student36/RoboticsDesignProject/Git-repos/LeoRover-Team7/elephant_arm_ws/install/moveit_task_constructor_msgs/share/moveit_task_constructor_msgs/package.ps1'
[2.060s] INFO:colcon.colcon_core.shell:Creating package descriptor '/home/student36/RoboticsDesignProject/Git-repos/LeoRover-Team7/elephant_arm_ws/install/moveit_task_constructor_msgs/share/moveit_task_constructor_msgs/package.dsv'
[2.062s] INFO:colcon.colcon_core.shell:Creating package script '/home/student36/RoboticsDesignProject/Git-repos/LeoRover-Team7/elephant_arm_ws/install/moveit_task_constructor_msgs/share/moveit_task_constructor_msgs/package.sh'
[2.062s] INFO:colcon.colcon_core.shell:Creating package script '/home/student36/RoboticsDesignProject/Git-repos/LeoRover-Team7/elephant_arm_ws/install/moveit_task_constructor_msgs/share/moveit_task_constructor_msgs/package.bash'
[2.063s] INFO:colcon.colcon_core.shell:Creating package script '/home/student36/RoboticsDesignProject/Git-repos/LeoRover-Team7/elephant_arm_ws/install/moveit_task_constructor_msgs/share/moveit_task_constructor_msgs/package.zsh'
[2.064s] Level 1:colcon.colcon_core.environment:create_file_with_runtime_dependencies(/home/student36/RoboticsDesignProject/Git-repos/LeoRover-Team7/elephant_arm_ws/install/moveit_task_constructor_msgs/share/colcon-core/packages/moveit_task_constructor_msgs)
[2.064s] INFO:colcon.colcon_ros.task.ament_cmake.build:Building ROS package in '/home/student36/RoboticsDesignProject/Git-repos/LeoRover-Team7/elephant_arm_ws/src/moveit_task_constructor/core' with build type 'ament_cmake'
[2.065s] INFO:colcon.colcon_cmake.task.cmake.build:Building CMake package in '/home/student36/RoboticsDesignProject/Git-repos/LeoRover-Team7/elephant_arm_ws/src/moveit_task_constructor/core'
[2.065s] INFO:colcon.colcon_core.shell:Skip shell extension 'powershell' for command environment: Not usable outside of PowerShell
[2.066s] DEBUG:colcon.colcon_core.shell:Skip shell extension 'dsv' for command environment
[2.123s] DEBUG:colcon.colcon_core.event_handler.log_command:Invoking command in '/home/student36/RoboticsDesignProject/Git-repos/LeoRover-Team7/elephant_arm_ws/build/moveit_task_constructor_core': CMAKE_PREFIX_PATH=/home/student36/RoboticsDesignProject/Git-repos/LeoRover-Team7/elephant_arm_ws/install/rviz_marker_tools:/home/student36/RoboticsDesignProject/Git-repos/LeoRover-Team7/elephant_arm_ws/install/moveit_task_constructor_msgs:/home/student36/RoboticsDesignProject/Git-repos/LeoRover-Team7/elephant_arm_ws/install/mtc_tutorial:/home/student36/RoboticsDesignProject/Git-repos/LeoRover-Team7/elephant_arm_ws/install/moveit_task_constructor_demo:/home/student36/RoboticsDesignProject/Git-repos/LeoRover-Team7/elephant_arm_ws/install/moveit_task_constructor_visualization:/home/student36/RoboticsDesignProject/Git-repos/LeoRover-Team7/elephant_arm_ws/install/moveit_task_constructor_capabilities:/home/student36/RoboticsDesignProject/Git-repos/LeoRover-Team7/elephant_arm_ws/install/moveit_task_constructor_core:/home/student36/RoboticsDesignProject/Git-repos/LeoRover-Team7/elephant_arm_ws/install/mycobot_ros2:/home/student36/RoboticsDesignProject/Git-repos/LeoRover-Team7/elephant_arm_ws/install/mycobot_moveit_config:/home/student36/RoboticsDesignProject/Git-repos/LeoRover-Team7/elephant_arm_ws/install/mycobot_gazebo:/home/student36/RoboticsDesignProject/Git-repos/LeoRover-Team7/elephant_arm_ws/install/mycobot_description:/home/student36/RoboticsDesignProject/Git-repos/LeoRover-Team7/elephant_arm_ws/install/mycobot_bringup:/home/student36/RoboticsDesignProject/Git-repos/LeoRover-Team7/elephant_arm_ws/install/hello_moveit:/home/student36/ros2_tutorial_workspace/install/package_with_interfaces:/home/student36/ws_moveit/install/robotiq_hardware_tests:/home/student36/ws_moveit/install/robotiq_driver:/home/student36/ws_moveit/install/serial:/home/student36/ws_moveit/install/moveit2_tutorials:/home/student36/ws_moveit/install/hello_moveit:/home/student36/ws_moveit/install/moveit_visual_tools:/home/student36/ws_moveit/install/rviz_visual_tools:/home/student36/ws_moveit/install/mtc_tutorial:/home/student36/ws_moveit/install/moveit_task_constructor_demo:/home/student36/ws_moveit/install/moveit_task_constructor_visualization:/home/student36/ws_moveit/install/moveit_task_constructor_capabilities:/home/student36/ws_moveit/install/elephant:/home/student36/ws_moveit/install/moveit_task_constructor_core:/home/student36/ws_moveit/install/rviz_marker_tools:/home/student36/ws_moveit/install/kortex_bringup:/home/student36/ws_moveit/install/kinova_gen3_lite_moveit_config:/home/student36/ws_moveit/install/kinova_gen3_7dof_robotiq_2f_85_moveit_config:/home/student36/ws_moveit/install/kinova_gen3_6dof_robotiq_2f_85_moveit_config:/home/student36/ws_moveit/install/kortex_description:/home/student36/ws_moveit/install/robotiq_description:/home/student36/ws_moveit/install/robotiq_controllers:/home/student36/ws_moveit/install/pilz_industrial_motion_planner_testutils:/home/student36/ws_moveit/install/mycobot_280_moveit2:/home/student36/ws_moveit/install/moveit_runtime:/home/student36/ws_moveit/install/moveit:/home/student36/ws_moveit/install/elephant_arm:/home/student36/ws_moveit/install/moveit_planners:/home/student36/ws_moveit/install/pilz_industrial_motion_planner:/home/student36/ws_moveit/install/mycobot_description:/home/student36/ws_moveit/install/moveit_task_constructor_msgs:/home/student36/ws_moveit/install/moveit_ros_control_interface:/home/student36/ws_moveit/install/moveit_plugins:/home/student36/ws_moveit/install/moveit_simple_controller_manager:/home/student36/ws_moveit/install/moveit_setup_assistant:/home/student36/ws_moveit/install/moveit_setup_srdf_plugins:/home/student36/ws_moveit/install/moveit_setup_core_plugins:/home/student36/ws_moveit/install/moveit_setup_controllers:/home/student36/ws_moveit/install/moveit_setup_app_plugins:/home/student36/ws_moveit/install/moveit_setup_framework:/home/student36/ws_moveit/install/moveit_servo:/home/student36/ws_moveit/install/moveit_ros_trajectory_cache:/home/student36/ws_moveit/install/moveit_ros:/home/student36/ws_moveit/install/moveit_ros_visualization:/home/student36/ws_moveit/install/moveit_py:/home/student36/ws_moveit/install/moveit_hybrid_planning:/home/student36/ws_moveit/install/moveit_ros_planning_interface:/home/student36/ws_moveit/install/moveit_ros_benchmarks:/home/student36/ws_moveit/install/moveit_ros_warehouse:/home/student36/ws_moveit/install/moveit_ros_robot_interaction:/home/student36/ws_moveit/install/moveit_ros_perception:/home/student36/ws_moveit/install/moveit_resources_prbt_pg70_support:/home/student36/ws_moveit/install/moveit_resources_prbt_moveit_config:/home/student36/ws_moveit/install/moveit_ros_move_group:/home/student36/ws_moveit/install/moveit_planners_ompl:/home/student36/ws_moveit/install/moveit_kinematics:/home/student36/ws_moveit/install/moveit_ros_planning:/home/student36/ws_moveit/install/moveit_ros_occupancy_map_monitor:/home/student36/ws_moveit/install/moveit_resources_prbt_support:/home/student36/ws_moveit/install/moveit_resources_prbt_ikfast_manipulator_plugin:/home/student36/ws_moveit/install/moveit_resources:/home/student36/ws_moveit/install/moveit_resources_pr2_description:/home/student36/ws_moveit/install/moveit_resources_panda_moveit_config:/home/student36/ws_moveit/install/dual_arm_panda_moveit_config:/home/student36/ws_moveit/install/moveit_resources_panda_description:/home/student36/ws_moveit/install/moveit_resources_fanuc_moveit_config:/home/student36/ws_moveit/install/moveit_resources_fanuc_description:/home/student36/ws_moveit/install/moveit_planners_stomp:/home/student36/ws_moveit/install/moveit_planners_chomp:/home/student36/ws_moveit/install/chomp_motion_planner:/home/student36/ws_moveit/install/moveit_core:/home/student36/ws_moveit/install/moveit_msgs:/home/student36/ws_moveit/install/moveit_common:/home/student36/ws_moveit/install/kortex_driver:/home/student36/ws_moveit/install/kortex_api:/home/student36/rplidar_ws/install/rplidar_ros:/home/student36/elephant_arm_ws/install/mycobot_280_moveit2:/opt/ros/jazzy/opt/gz_sim_vendor:/opt/ros/jazzy/opt/gz_sensors_vendor:/opt/ros/jazzy/opt/gz_physics_vendor:/opt/ros/jazzy/opt/sdformat_vendor:/opt/ros/jazzy/opt/gz_gui_vendor:/opt/ros/jazzy/opt/gz_transport_vendor:/opt/ros/jazzy/opt/gz_rendering_vendor:/opt/ros/jazzy/opt/gz_plugin_vendor:/opt/ros/jazzy/opt/gz_fuel_tools_vendor:/opt/ros/jazzy/opt/gz_msgs_vendor:/opt/ros/jazzy/opt/gz_common_vendor:/opt/ros/jazzy/opt/gz_math_vendor:/opt/ros/jazzy/opt/gz_utils_vendor:/opt/ros/jazzy/opt/gz_tools_vendor:/opt/ros/jazzy/opt/gz_ogre_next_vendor:/opt/ros/jazzy/opt/gz_dartsim_vendor:/opt/ros/jazzy/opt/gz_cmake_vendor:/home/student36/ros2_tutorial_workspace/install/the_simplest_python_package:/home/student36/ros2_tutorial_workspace/install/python_package_with_a_node:/home/student36/ros2_tutorial_workspace/install/python_package_that_uses_the_library:/home/student36/ros2_tutorial_workspace/install/python_package_with_a_library:/home/student36/ros2_tutorial_workspace/install/python_package_that_uses_the_services:/home/student36/ros2_tutorial_workspace/install/python_package_that_uses_the_actions:/home/student36/ros2_tutorial_workspace/install/python_package_that_uses_tf2:/home/student36/ros2_tutorial_workspace/install/python_package_that_uses_parameters_and_launch_files:/home/student36/ros2_tutorial_workspace/install/python_package_that_uses_nottf2:/home/student36/ros2_tutorial_workspace/install/python_package_that_uses_nav2:/home/student36/ros2_tutorial_workspace/install/python_package_that_uses_messages:/home/student36/ros2_tutorial_workspace/install/python_package_that_uses_geometry_msgs:/home/student36/ros2_tutorial_workspace/install/python_package_that_uses_gazebo:/home/student36/ws_moveit/install/moveit_configs_utils:/home/student36/elephant_arm_ws/install/mycobot_description:/opt/ros/jazzy DEBUGINFOD_URLS=https://debuginfod.ubuntu.com LD_LIBRARY_PATH=/home/student36/RoboticsDesignProject/Git-repos/LeoRover-Team7/elephant_arm_ws/install/rviz_marker_tools/lib:/home/student36/RoboticsDesignProject/Git-repos/LeoRover-Team7/elephant_arm_ws/install/moveit_task_constructor_msgs/lib:/home/student36/RoboticsDesignProject/Git-repos/LeoRover-Team7/elephant_arm_ws/install/moveit_task_constructor_demo/lib:/home/student36/RoboticsDesignProject/Git-repos/LeoRover-Team7/elephant_arm_ws/install/moveit_task_constructor_visualization/lib:/home/student36/RoboticsDesignProject/Git-repos/LeoRover-Team7/elephant_arm_ws/install/moveit_task_constructor_capabilities/lib:/home/student36/RoboticsDesignProject/Git-repos/LeoRover-Team7/elephant_arm_ws/install/moveit_task_constructor_core/lib:/home/student36/ros2_tutorial_workspace/install/package_with_interfaces/lib:/home/student36/ws_moveit/install/robotiq_driver/lib:/home/student36/ws_moveit/install/serial/lib:/home/student36/ws_moveit/install/moveit_visual_tools/lib:/home/student36/ws_moveit/install/rviz_visual_tools/lib:/home/student36/ws_moveit/install/moveit_task_constructor_demo/lib:/home/student36/ws_moveit/install/moveit_task_constructor_visualization/lib:/home/student36/ws_moveit/install/moveit_task_constructor_capabilities/lib:/home/student36/ws_moveit/install/moveit_task_constructor_core/lib:/home/student36/ws_moveit/install/rviz_marker_tools/lib:/home/student36/ws_moveit/install/robotiq_controllers/lib:/home/student36/ws_moveit/install/pilz_industrial_motion_planner_testutils/lib:/home/student36/ws_moveit/install/pilz_industrial_motion_planner/lib:/home/student36/ws_moveit/install/moveit_task_constructor_msgs/lib:/home/student36/ws_moveit/install/moveit_ros_control_interface/lib:/home/student36/ws_moveit/install/moveit_simple_controller_manager/lib:/home/student36/ws_moveit/install/moveit_setup_assistant/lib:/home/student36/ws_moveit/install/moveit_setup_srdf_plugins/lib:/home/student36/ws_moveit/install/moveit_setup_core_plugins/lib:/home/student36/ws_moveit/install/moveit_setup_controllers/lib:/home/student36/ws_moveit/install/moveit_setup_app_plugins/lib:/home/student36/ws_moveit/install/moveit_setup_framework/lib:/home/student36/ws_moveit/install/moveit_servo/lib:/home/student36/ws_moveit/install/moveit_ros_trajectory_cache/lib:/home/student36/ws_moveit/install/moveit_ros_visualization/lib:/home/student36/ws_moveit/install/moveit_py/lib:/home/student36/ws_moveit/install/moveit_hybrid_planning/lib:/home/student36/ws_moveit/install/moveit_ros_planning_interface/lib:/home/student36/ws_moveit/install/moveit_ros_benchmarks/lib:/home/student36/ws_moveit/install/moveit_ros_warehouse/lib:/home/student36/ws_moveit/install/moveit_ros_robot_interaction/lib:/home/student36/ws_moveit/install/moveit_ros_perception/lib:/home/student36/ws_moveit/install/moveit_ros_move_group/lib:/home/student36/ws_moveit/install/moveit_planners_ompl/lib:/home/student36/ws_moveit/install/moveit_kinematics/lib:/home/student36/ws_moveit/install/moveit_ros_planning/lib:/home/student36/ws_moveit/install/moveit_ros_occupancy_map_monitor/lib:/home/student36/ws_moveit/install/moveit_resources_prbt_ikfast_manipulator_plugin/lib:/home/student36/ws_moveit/install/moveit_planners_stomp/lib:/home/student36/ws_moveit/install/moveit_planners_chomp/lib:/home/student36/ws_moveit/install/chomp_motion_planner/lib:/home/student36/ws_moveit/install/moveit_core/lib:/home/student36/ws_moveit/install/moveit_msgs/lib:/home/student36/ws_moveit/install/kortex_driver/lib:/opt/ros/jazzy/opt/gz_sim_vendor/lib:/opt/ros/jazzy/opt/gz_sensors_vendor/lib:/opt/ros/jazzy/opt/gz_physics_vendor/lib:/opt/ros/jazzy/opt/sdformat_vendor/lib:/opt/ros/jazzy/opt/rviz_ogre_vendor/lib:/opt/ros/jazzy/lib/x86_64-linux-gnu:/opt/ros/jazzy/opt/gz_gui_vendor/lib:/opt/ros/jazzy/opt/gz_transport_vendor/lib:/opt/ros/jazzy/opt/gz_rendering_vendor/lib:/opt/ros/jazzy/opt/gz_plugin_vendor/lib:/opt/ros/jazzy/opt/gz_fuel_tools_vendor/lib:/opt/ros/jazzy/opt/gz_msgs_vendor/lib:/opt/ros/jazzy/opt/gz_common_vendor/lib:/opt/ros/jazzy/opt/gz_math_vendor/lib:/opt/ros/jazzy/opt/gz_utils_vendor/lib:/opt/ros/jazzy/opt/gz_tools_vendor/lib:/opt/ros/jazzy/opt/gz_ogre_next_vendor/lib:/opt/ros/jazzy/opt/gz_dartsim_vendor/lib:/opt/ros/jazzy/opt/gz_cmake_vendor/lib:/opt/ros/jazzy/lib PYTHONPATH=/home/student36/RoboticsDesignProject/Git-repos/LeoRover-Team7/elephant_arm_ws/install/moveit_task_constructor_msgs/lib/python3.12/site-packages:/home/student36/RoboticsDesignProject/Git-repos/LeoRover-Team7/elephant_arm_ws/install/moveit_task_constructor_core/lib/python3.12/site-packages:/home/student36/ros2_tutorial_workspace/install/the_simplest_python_package/lib/python3.12/site-packages:/home/student36/ros2_tutorial_workspace/install/python_package_with_a_node/lib/python3.12/site-packages:/home/student36/ros2_tutorial_workspace/install/python_package_that_uses_the_library/lib/python3.12/site-packages:/home/student36/ros2_tutorial_workspace/install/python_package_with_a_library/lib/python3.12/site-packages:/home/student36/ros2_tutorial_workspace/install/python_package_that_uses_the_services/lib/python3.12/site-packages:/home/student36/ros2_tutorial_workspace/install/python_package_that_uses_the_actions/lib/python3.12/site-packages:/home/student36/ros2_tutorial_workspace/install/python_package_that_uses_tf2/lib/python3.12/site-packages:/home/student36/ros2_tutorial_workspace/install/python_package_that_uses_parameters_and_launch_files/lib/python3.12/site-packages:/home/student36/ros2_tutorial_workspace/install/python_package_that_uses_nottf2/lib/python3.12/site-packages:/home/student36/ros2_tutorial_workspace/install/python_package_that_uses_nav2/lib/python3.12/site-packages:/home/student36/ros2_tutorial_workspace/install/python_package_that_uses_messages/lib/python3.12/site-packages:/home/student36/ros2_tutorial_workspace/install/python_package_that_uses_geometry_msgs/lib/python3.12/site-packages:/home/student36/ros2_tutorial_workspace/install/python_package_that_uses_gazebo/lib/python3.12/site-packages:/home/student36/ros2_tutorial_workspace/install/package_with_interfaces/lib/python3.12/site-packages:/home/student36/ws_moveit/install/moveit_task_constructor_core/lib/python3.12/site-packages:/home/student36/ws_moveit/install/mycobot_description/lib/python3.12/site-packages:/home/student36/ws_moveit/install/moveit_task_constructor_msgs/lib/python3.12/site-packages:/home/student36/ws_moveit/install/moveit_py/lib/python3.12/site-packages:/home/student36/ws_moveit/install/moveit_msgs/lib/python3.12/site-packages:/home/student36/ws_moveit/install/moveit_configs_utils/lib/python3.12/site-packages:/home/student36/elephant_arm_ws/install/mycobot_description/lib/python3.12/site-packages:/opt/ros/jazzy/lib/python3.12/site-packages /usr/bin/cmake --build /home/student36/RoboticsDesignProject/Git-repos/LeoRover-Team7/elephant_arm_ws/build/moveit_task_constructor_core -- -j12 -l12
[3.271s] DEBUG:colcon.colcon_core.event_handler.log_command:Invoked command in '/home/student36/RoboticsDesignProject/Git-repos/LeoRover-Team7/elephant_arm_ws/build/moveit_task_constructor_core' returned '0': CMAKE_PREFIX_PATH=/home/student36/RoboticsDesignProject/Git-repos/LeoRover-Team7/elephant_arm_ws/install/rviz_marker_tools:/home/student36/RoboticsDesignProject/Git-repos/LeoRover-Team7/elephant_arm_ws/install/moveit_task_constructor_msgs:/home/student36/RoboticsDesignProject/Git-repos/LeoRover-Team7/elephant_arm_ws/install/mtc_tutorial:/home/student36/RoboticsDesignProject/Git-repos/LeoRover-Team7/elephant_arm_ws/install/moveit_task_constructor_demo:/home/student36/RoboticsDesignProject/Git-repos/LeoRover-Team7/elephant_arm_ws/install/moveit_task_constructor_visualization:/home/student36/RoboticsDesignProject/Git-repos/LeoRover-Team7/elephant_arm_ws/install/moveit_task_constructor_capabilities:/home/student36/RoboticsDesignProject/Git-repos/LeoRover-Team7/elephant_arm_ws/install/moveit_task_constructor_core:/home/student36/RoboticsDesignProject/Git-repos/LeoRover-Team7/elephant_arm_ws/install/mycobot_ros2:/home/student36/RoboticsDesignProject/Git-repos/LeoRover-Team7/elephant_arm_ws/install/mycobot_moveit_config:/home/student36/RoboticsDesignProject/Git-repos/LeoRover-Team7/elephant_arm_ws/install/mycobot_gazebo:/home/student36/RoboticsDesignProject/Git-repos/LeoRover-Team7/elephant_arm_ws/install/mycobot_description:/home/student36/RoboticsDesignProject/Git-repos/LeoRover-Team7/elephant_arm_ws/install/mycobot_bringup:/home/student36/RoboticsDesignProject/Git-repos/LeoRover-Team7/elephant_arm_ws/install/hello_moveit:/home/student36/ros2_tutorial_workspace/install/package_with_interfaces:/home/student36/ws_moveit/install/robotiq_hardware_tests:/home/student36/ws_moveit/install/robotiq_driver:/home/student36/ws_moveit/install/serial:/home/student36/ws_moveit/install/moveit2_tutorials:/home/student36/ws_moveit/install/hello_moveit:/home/student36/ws_moveit/install/moveit_visual_tools:/home/student36/ws_moveit/install/rviz_visual_tools:/home/student36/ws_moveit/install/mtc_tutorial:/home/student36/ws_moveit/install/moveit_task_constructor_demo:/home/student36/ws_moveit/install/moveit_task_constructor_visualization:/home/student36/ws_moveit/install/moveit_task_constructor_capabilities:/home/student36/ws_moveit/install/elephant:/home/student36/ws_moveit/install/moveit_task_constructor_core:/home/student36/ws_moveit/install/rviz_marker_tools:/home/student36/ws_moveit/install/kortex_bringup:/home/student36/ws_moveit/install/kinova_gen3_lite_moveit_config:/home/student36/ws_moveit/install/kinova_gen3_7dof_robotiq_2f_85_moveit_config:/home/student36/ws_moveit/install/kinova_gen3_6dof_robotiq_2f_85_moveit_config:/home/student36/ws_moveit/install/kortex_description:/home/student36/ws_moveit/install/robotiq_description:/home/student36/ws_moveit/install/robotiq_controllers:/home/student36/ws_moveit/install/pilz_industrial_motion_planner_testutils:/home/student36/ws_moveit/install/mycobot_280_moveit2:/home/student36/ws_moveit/install/moveit_runtime:/home/student36/ws_moveit/install/moveit:/home/student36/ws_moveit/install/elephant_arm:/home/student36/ws_moveit/install/moveit_planners:/home/student36/ws_moveit/install/pilz_industrial_motion_planner:/home/student36/ws_moveit/install/mycobot_description:/home/student36/ws_moveit/install/moveit_task_constructor_msgs:/home/student36/ws_moveit/install/moveit_ros_control_interface:/home/student36/ws_moveit/install/moveit_plugins:/home/student36/ws_moveit/install/moveit_simple_controller_manager:/home/student36/ws_moveit/install/moveit_setup_assistant:/home/student36/ws_moveit/install/moveit_setup_srdf_plugins:/home/student36/ws_moveit/install/moveit_setup_core_plugins:/home/student36/ws_moveit/install/moveit_setup_controllers:/home/student36/ws_moveit/install/moveit_setup_app_plugins:/home/student36/ws_moveit/install/moveit_setup_framework:/home/student36/ws_moveit/install/moveit_servo:/home/student36/ws_moveit/install/moveit_ros_trajectory_cache:/home/student36/ws_moveit/install/moveit_ros:/home/student36/ws_moveit/install/moveit_ros_visualization:/home/student36/ws_moveit/install/moveit_py:/home/student36/ws_moveit/install/moveit_hybrid_planning:/home/student36/ws_moveit/install/moveit_ros_planning_interface:/home/student36/ws_moveit/install/moveit_ros_benchmarks:/home/student36/ws_moveit/install/moveit_ros_warehouse:/home/student36/ws_moveit/install/moveit_ros_robot_interaction:/home/student36/ws_moveit/install/moveit_ros_perception:/home/student36/ws_moveit/install/moveit_resources_prbt_pg70_support:/home/student36/ws_moveit/install/moveit_resources_prbt_moveit_config:/home/student36/ws_moveit/install/moveit_ros_move_group:/home/student36/ws_moveit/install/moveit_planners_ompl:/home/student36/ws_moveit/install/moveit_kinematics:/home/student36/ws_moveit/install/moveit_ros_planning:/home/student36/ws_moveit/install/moveit_ros_occupancy_map_monitor:/home/student36/ws_moveit/install/moveit_resources_prbt_support:/home/student36/ws_moveit/install/moveit_resources_prbt_ikfast_manipulator_plugin:/home/student36/ws_moveit/install/moveit_resources:/home/student36/ws_moveit/install/moveit_resources_pr2_description:/home/student36/ws_moveit/install/moveit_resources_panda_moveit_config:/home/student36/ws_moveit/install/dual_arm_panda_moveit_config:/home/student36/ws_moveit/install/moveit_resources_panda_description:/home/student36/ws_moveit/install/moveit_resources_fanuc_moveit_config:/home/student36/ws_moveit/install/moveit_resources_fanuc_description:/home/student36/ws_moveit/install/moveit_planners_stomp:/home/student36/ws_moveit/install/moveit_planners_chomp:/home/student36/ws_moveit/install/chomp_motion_planner:/home/student36/ws_moveit/install/moveit_core:/home/student36/ws_moveit/install/moveit_msgs:/home/student36/ws_moveit/install/moveit_common:/home/student36/ws_moveit/install/kortex_driver:/home/student36/ws_moveit/install/kortex_api:/home/student36/rplidar_ws/install/rplidar_ros:/home/student36/elephant_arm_ws/install/mycobot_280_moveit2:/opt/ros/jazzy/opt/gz_sim_vendor:/opt/ros/jazzy/opt/gz_sensors_vendor:/opt/ros/jazzy/opt/gz_physics_vendor:/opt/ros/jazzy/opt/sdformat_vendor:/opt/ros/jazzy/opt/gz_gui_vendor:/opt/ros/jazzy/opt/gz_transport_vendor:/opt/ros/jazzy/opt/gz_rendering_vendor:/opt/ros/jazzy/opt/gz_plugin_vendor:/opt/ros/jazzy/opt/gz_fuel_tools_vendor:/opt/ros/jazzy/opt/gz_msgs_vendor:/opt/ros/jazzy/opt/gz_common_vendor:/opt/ros/jazzy/opt/gz_math_vendor:/opt/ros/jazzy/opt/gz_utils_vendor:/opt/ros/jazzy/opt/gz_tools_vendor:/opt/ros/jazzy/opt/gz_ogre_next_vendor:/opt/ros/jazzy/opt/gz_dartsim_vendor:/opt/ros/jazzy/opt/gz_cmake_vendor:/home/student36/ros2_tutorial_workspace/install/the_simplest_python_package:/home/student36/ros2_tutorial_workspace/install/python_package_with_a_node:/home/student36/ros2_tutorial_workspace/install/python_package_that_uses_the_library:/home/student36/ros2_tutorial_workspace/install/python_package_with_a_library:/home/student36/ros2_tutorial_workspace/install/python_package_that_uses_the_services:/home/student36/ros2_tutorial_workspace/install/python_package_that_uses_the_actions:/home/student36/ros2_tutorial_workspace/install/python_package_that_uses_tf2:/home/student36/ros2_tutorial_workspace/install/python_package_that_uses_parameters_and_launch_files:/home/student36/ros2_tutorial_workspace/install/python_package_that_uses_nottf2:/home/student36/ros2_tutorial_workspace/install/python_package_that_uses_nav2:/home/student36/ros2_tutorial_workspace/install/python_package_that_uses_messages:/home/student36/ros2_tutorial_workspace/install/python_package_that_uses_geometry_msgs:/home/student36/ros2_tutorial_workspace/install/python_package_that_uses_gazebo:/home/student36/ws_moveit/install/moveit_configs_utils:/home/student36/elephant_arm_ws/install/mycobot_description:/opt/ros/jazzy DEBUGINFOD_URLS=https://debuginfod.ubuntu.com LD_LIBRARY_PATH=/home/student36/RoboticsDesignProject/Git-repos/LeoRover-Team7/elephant_arm_ws/install/rviz_marker_tools/lib:/home/student36/RoboticsDesignProject/Git-repos/LeoRover-Team7/elephant_arm_ws/install/moveit_task_constructor_msgs/lib:/home/student36/RoboticsDesignProject/Git-repos/LeoRover-Team7/elephant_arm_ws/install/moveit_task_constructor_demo/lib:/home/student36/RoboticsDesignProject/Git-repos/LeoRover-Team7/elephant_arm_ws/install/moveit_task_constructor_visualization/lib:/home/student36/RoboticsDesignProject/Git-repos/LeoRover-Team7/elephant_arm_ws/install/moveit_task_constructor_capabilities/lib:/home/student36/RoboticsDesignProject/Git-repos/LeoRover-Team7/elephant_arm_ws/install/moveit_task_constructor_core/lib:/home/student36/ros2_tutorial_workspace/install/package_with_interfaces/lib:/home/student36/ws_moveit/install/robotiq_driver/lib:/home/student36/ws_moveit/install/serial/lib:/home/student36/ws_moveit/install/moveit_visual_tools/lib:/home/student36/ws_moveit/install/rviz_visual_tools/lib:/home/student36/ws_moveit/install/moveit_task_constructor_demo/lib:/home/student36/ws_moveit/install/moveit_task_constructor_visualization/lib:/home/student36/ws_moveit/install/moveit_task_constructor_capabilities/lib:/home/student36/ws_moveit/install/moveit_task_constructor_core/lib:/home/student36/ws_moveit/install/rviz_marker_tools/lib:/home/student36/ws_moveit/install/robotiq_controllers/lib:/home/student36/ws_moveit/install/pilz_industrial_motion_planner_testutils/lib:/home/student36/ws_moveit/install/pilz_industrial_motion_planner/lib:/home/student36/ws_moveit/install/moveit_task_constructor_msgs/lib:/home/student36/ws_moveit/install/moveit_ros_control_interface/lib:/home/student36/ws_moveit/install/moveit_simple_controller_manager/lib:/home/student36/ws_moveit/install/moveit_setup_assistant/lib:/home/student36/ws_moveit/install/moveit_setup_srdf_plugins/lib:/home/student36/ws_moveit/install/moveit_setup_core_plugins/lib:/home/student36/ws_moveit/install/moveit_setup_controllers/lib:/home/student36/ws_moveit/install/moveit_setup_app_plugins/lib:/home/student36/ws_moveit/install/moveit_setup_framework/lib:/home/student36/ws_moveit/install/moveit_servo/lib:/home/student36/ws_moveit/install/moveit_ros_trajectory_cache/lib:/home/student36/ws_moveit/install/moveit_ros_visualization/lib:/home/student36/ws_moveit/install/moveit_py/lib:/home/student36/ws_moveit/install/moveit_hybrid_planning/lib:/home/student36/ws_moveit/install/moveit_ros_planning_interface/lib:/home/student36/ws_moveit/install/moveit_ros_benchmarks/lib:/home/student36/ws_moveit/install/moveit_ros_warehouse/lib:/home/student36/ws_moveit/install/moveit_ros_robot_interaction/lib:/home/student36/ws_moveit/install/moveit_ros_perception/lib:/home/student36/ws_moveit/install/moveit_ros_move_group/lib:/home/student36/ws_moveit/install/moveit_planners_ompl/lib:/home/student36/ws_moveit/install/moveit_kinematics/lib:/home/student36/ws_moveit/install/moveit_ros_planning/lib:/home/student36/ws_moveit/install/moveit_ros_occupancy_map_monitor/lib:/home/student36/ws_moveit/install/moveit_resources_prbt_ikfast_manipulator_plugin/lib:/home/student36/ws_moveit/install/moveit_planners_stomp/lib:/home/student36/ws_moveit/install/moveit_planners_chomp/lib:/home/student36/ws_moveit/install/chomp_motion_planner/lib:/home/student36/ws_moveit/install/moveit_core/lib:/home/student36/ws_moveit/install/moveit_msgs/lib:/home/student36/ws_moveit/install/kortex_driver/lib:/opt/ros/jazzy/opt/gz_sim_vendor/lib:/opt/ros/jazzy/opt/gz_sensors_vendor/lib:/opt/ros/jazzy/opt/gz_physics_vendor/lib:/opt/ros/jazzy/opt/sdformat_vendor/lib:/opt/ros/jazzy/opt/rviz_ogre_vendor/lib:/opt/ros/jazzy/lib/x86_64-linux-gnu:/opt/ros/jazzy/opt/gz_gui_vendor/lib:/opt/ros/jazzy/opt/gz_transport_vendor/lib:/opt/ros/jazzy/opt/gz_rendering_vendor/lib:/opt/ros/jazzy/opt/gz_plugin_vendor/lib:/opt/ros/jazzy/opt/gz_fuel_tools_vendor/lib:/opt/ros/jazzy/opt/gz_msgs_vendor/lib:/opt/ros/jazzy/opt/gz_common_vendor/lib:/opt/ros/jazzy/opt/gz_math_vendor/lib:/opt/ros/jazzy/opt/gz_utils_vendor/lib:/opt/ros/jazzy/opt/gz_tools_vendor/lib:/opt/ros/jazzy/opt/gz_ogre_next_vendor/lib:/opt/ros/jazzy/opt/gz_dartsim_vendor/lib:/opt/ros/jazzy/opt/gz_cmake_vendor/lib:/opt/ros/jazzy/lib PYTHONPATH=/home/student36/RoboticsDesignProject/Git-repos/LeoRover-Team7/elephant_arm_ws/install/moveit_task_constructor_msgs/lib/python3.12/site-packages:/home/student36/RoboticsDesignProject/Git-repos/LeoRover-Team7/elephant_arm_ws/install/moveit_task_constructor_core/lib/python3.12/site-packages:/home/student36/ros2_tutorial_workspace/install/the_simplest_python_package/lib/python3.12/site-packages:/home/student36/ros2_tutorial_workspace/install/python_package_with_a_node/lib/python3.12/site-packages:/home/student36/ros2_tutorial_workspace/install/python_package_that_uses_the_library/lib/python3.12/site-packages:/home/student36/ros2_tutorial_workspace/install/python_package_with_a_library/lib/python3.12/site-packages:/home/student36/ros2_tutorial_workspace/install/python_package_that_uses_the_services/lib/python3.12/site-packages:/home/student36/ros2_tutorial_workspace/install/python_package_that_uses_the_actions/lib/python3.12/site-packages:/home/student36/ros2_tutorial_workspace/install/python_package_that_uses_tf2/lib/python3.12/site-packages:/home/student36/ros2_tutorial_workspace/install/python_package_that_uses_parameters_and_launch_files/lib/python3.12/site-packages:/home/student36/ros2_tutorial_workspace/install/python_package_that_uses_nottf2/lib/python3.12/site-packages:/home/student36/ros2_tutorial_workspace/install/python_package_that_uses_nav2/lib/python3.12/site-packages:/home/student36/ros2_tutorial_workspace/install/python_package_that_uses_messages/lib/python3.12/site-packages:/home/student36/ros2_tutorial_workspace/install/python_package_that_uses_geometry_msgs/lib/python3.12/site-packages:/home/student36/ros2_tutorial_workspace/install/python_package_that_uses_gazebo/lib/python3.12/site-packages:/home/student36/ros2_tutorial_workspace/install/package_with_interfaces/lib/python3.12/site-packages:/home/student36/ws_moveit/install/moveit_task_constructor_core/lib/python3.12/site-packages:/home/student36/ws_moveit/install/mycobot_description/lib/python3.12/site-packages:/home/student36/ws_moveit/install/moveit_task_constructor_msgs/lib/python3.12/site-packages:/home/student36/ws_moveit/install/moveit_py/lib/python3.12/site-packages:/home/student36/ws_moveit/install/moveit_msgs/lib/python3.12/site-packages:/home/student36/ws_moveit/install/moveit_configs_utils/lib/python3.12/site-packages:/home/student36/elephant_arm_ws/install/mycobot_description/lib/python3.12/site-packages:/opt/ros/jazzy/lib/python3.12/site-packages /usr/bin/cmake --build /home/student36/RoboticsDesignProject/Git-repos/LeoRover-Team7/elephant_arm_ws/build/moveit_task_constructor_core -- -j12 -l12
[3.275s] DEBUG:colcon.colcon_core.event_handler.log_command:Invoking command in '/home/student36/RoboticsDesignProject/Git-repos/LeoRover-Team7/elephant_arm_ws/build/moveit_task_constructor_core': CMAKE_PREFIX_PATH=/home/student36/RoboticsDesignProject/Git-repos/LeoRover-Team7/elephant_arm_ws/install/rviz_marker_tools:/home/student36/RoboticsDesignProject/Git-repos/LeoRover-Team7/elephant_arm_ws/install/moveit_task_constructor_msgs:/home/student36/RoboticsDesignProject/Git-repos/LeoRover-Team7/elephant_arm_ws/install/mtc_tutorial:/home/student36/RoboticsDesignProject/Git-repos/LeoRover-Team7/elephant_arm_ws/install/moveit_task_constructor_demo:/home/student36/RoboticsDesignProject/Git-repos/LeoRover-Team7/elephant_arm_ws/install/moveit_task_constructor_visualization:/home/student36/RoboticsDesignProject/Git-repos/LeoRover-Team7/elephant_arm_ws/install/moveit_task_constructor_capabilities:/home/student36/RoboticsDesignProject/Git-repos/LeoRover-Team7/elephant_arm_ws/install/moveit_task_constructor_core:/home/student36/RoboticsDesignProject/Git-repos/LeoRover-Team7/elephant_arm_ws/install/mycobot_ros2:/home/student36/RoboticsDesignProject/Git-repos/LeoRover-Team7/elephant_arm_ws/install/mycobot_moveit_config:/home/student36/RoboticsDesignProject/Git-repos/LeoRover-Team7/elephant_arm_ws/install/mycobot_gazebo:/home/student36/RoboticsDesignProject/Git-repos/LeoRover-Team7/elephant_arm_ws/install/mycobot_description:/home/student36/RoboticsDesignProject/Git-repos/LeoRover-Team7/elephant_arm_ws/install/mycobot_bringup:/home/student36/RoboticsDesignProject/Git-repos/LeoRover-Team7/elephant_arm_ws/install/hello_moveit:/home/student36/ros2_tutorial_workspace/install/package_with_interfaces:/home/student36/ws_moveit/install/robotiq_hardware_tests:/home/student36/ws_moveit/install/robotiq_driver:/home/student36/ws_moveit/install/serial:/home/student36/ws_moveit/install/moveit2_tutorials:/home/student36/ws_moveit/install/hello_moveit:/home/student36/ws_moveit/install/moveit_visual_tools:/home/student36/ws_moveit/install/rviz_visual_tools:/home/student36/ws_moveit/install/mtc_tutorial:/home/student36/ws_moveit/install/moveit_task_constructor_demo:/home/student36/ws_moveit/install/moveit_task_constructor_visualization:/home/student36/ws_moveit/install/moveit_task_constructor_capabilities:/home/student36/ws_moveit/install/elephant:/home/student36/ws_moveit/install/moveit_task_constructor_core:/home/student36/ws_moveit/install/rviz_marker_tools:/home/student36/ws_moveit/install/kortex_bringup:/home/student36/ws_moveit/install/kinova_gen3_lite_moveit_config:/home/student36/ws_moveit/install/kinova_gen3_7dof_robotiq_2f_85_moveit_config:/home/student36/ws_moveit/install/kinova_gen3_6dof_robotiq_2f_85_moveit_config:/home/student36/ws_moveit/install/kortex_description:/home/student36/ws_moveit/install/robotiq_description:/home/student36/ws_moveit/install/robotiq_controllers:/home/student36/ws_moveit/install/pilz_industrial_motion_planner_testutils:/home/student36/ws_moveit/install/mycobot_280_moveit2:/home/student36/ws_moveit/install/moveit_runtime:/home/student36/ws_moveit/install/moveit:/home/student36/ws_moveit/install/elephant_arm:/home/student36/ws_moveit/install/moveit_planners:/home/student36/ws_moveit/install/pilz_industrial_motion_planner:/home/student36/ws_moveit/install/mycobot_description:/home/student36/ws_moveit/install/moveit_task_constructor_msgs:/home/student36/ws_moveit/install/moveit_ros_control_interface:/home/student36/ws_moveit/install/moveit_plugins:/home/student36/ws_moveit/install/moveit_simple_controller_manager:/home/student36/ws_moveit/install/moveit_setup_assistant:/home/student36/ws_moveit/install/moveit_setup_srdf_plugins:/home/student36/ws_moveit/install/moveit_setup_core_plugins:/home/student36/ws_moveit/install/moveit_setup_controllers:/home/student36/ws_moveit/install/moveit_setup_app_plugins:/home/student36/ws_moveit/install/moveit_setup_framework:/home/student36/ws_moveit/install/moveit_servo:/home/student36/ws_moveit/install/moveit_ros_trajectory_cache:/home/student36/ws_moveit/install/moveit_ros:/home/student36/ws_moveit/install/moveit_ros_visualization:/home/student36/ws_moveit/install/moveit_py:/home/student36/ws_moveit/install/moveit_hybrid_planning:/home/student36/ws_moveit/install/moveit_ros_planning_interface:/home/student36/ws_moveit/install/moveit_ros_benchmarks:/home/student36/ws_moveit/install/moveit_ros_warehouse:/home/student36/ws_moveit/install/moveit_ros_robot_interaction:/home/student36/ws_moveit/install/moveit_ros_perception:/home/student36/ws_moveit/install/moveit_resources_prbt_pg70_support:/home/student36/ws_moveit/install/moveit_resources_prbt_moveit_config:/home/student36/ws_moveit/install/moveit_ros_move_group:/home/student36/ws_moveit/install/moveit_planners_ompl:/home/student36/ws_moveit/install/moveit_kinematics:/home/student36/ws_moveit/install/moveit_ros_planning:/home/student36/ws_moveit/install/moveit_ros_occupancy_map_monitor:/home/student36/ws_moveit/install/moveit_resources_prbt_support:/home/student36/ws_moveit/install/moveit_resources_prbt_ikfast_manipulator_plugin:/home/student36/ws_moveit/install/moveit_resources:/home/student36/ws_moveit/install/moveit_resources_pr2_description:/home/student36/ws_moveit/install/moveit_resources_panda_moveit_config:/home/student36/ws_moveit/install/dual_arm_panda_moveit_config:/home/student36/ws_moveit/install/moveit_resources_panda_description:/home/student36/ws_moveit/install/moveit_resources_fanuc_moveit_config:/home/student36/ws_moveit/install/moveit_resources_fanuc_description:/home/student36/ws_moveit/install/moveit_planners_stomp:/home/student36/ws_moveit/install/moveit_planners_chomp:/home/student36/ws_moveit/install/chomp_motion_planner:/home/student36/ws_moveit/install/moveit_core:/home/student36/ws_moveit/install/moveit_msgs:/home/student36/ws_moveit/install/moveit_common:/home/student36/ws_moveit/install/kortex_driver:/home/student36/ws_moveit/install/kortex_api:/home/student36/rplidar_ws/install/rplidar_ros:/home/student36/elephant_arm_ws/install/mycobot_280_moveit2:/opt/ros/jazzy/opt/gz_sim_vendor:/opt/ros/jazzy/opt/gz_sensors_vendor:/opt/ros/jazzy/opt/gz_physics_vendor:/opt/ros/jazzy/opt/sdformat_vendor:/opt/ros/jazzy/opt/gz_gui_vendor:/opt/ros/jazzy/opt/gz_transport_vendor:/opt/ros/jazzy/opt/gz_rendering_vendor:/opt/ros/jazzy/opt/gz_plugin_vendor:/opt/ros/jazzy/opt/gz_fuel_tools_vendor:/opt/ros/jazzy/opt/gz_msgs_vendor:/opt/ros/jazzy/opt/gz_common_vendor:/opt/ros/jazzy/opt/gz_math_vendor:/opt/ros/jazzy/opt/gz_utils_vendor:/opt/ros/jazzy/opt/gz_tools_vendor:/opt/ros/jazzy/opt/gz_ogre_next_vendor:/opt/ros/jazzy/opt/gz_dartsim_vendor:/opt/ros/jazzy/opt/gz_cmake_vendor:/home/student36/ros2_tutorial_workspace/install/the_simplest_python_package:/home/student36/ros2_tutorial_workspace/install/python_package_with_a_node:/home/student36/ros2_tutorial_workspace/install/python_package_that_uses_the_library:/home/student36/ros2_tutorial_workspace/install/python_package_with_a_library:/home/student36/ros2_tutorial_workspace/install/python_package_that_uses_the_services:/home/student36/ros2_tutorial_workspace/install/python_package_that_uses_the_actions:/home/student36/ros2_tutorial_workspace/install/python_package_that_uses_tf2:/home/student36/ros2_tutorial_workspace/install/python_package_that_uses_parameters_and_launch_files:/home/student36/ros2_tutorial_workspace/install/python_package_that_uses_nottf2:/home/student36/ros2_tutorial_workspace/install/python_package_that_uses_nav2:/home/student36/ros2_tutorial_workspace/install/python_package_that_uses_messages:/home/student36/ros2_tutorial_workspace/install/python_package_that_uses_geometry_msgs:/home/student36/ros2_tutorial_workspace/install/python_package_that_uses_gazebo:/home/student36/ws_moveit/install/moveit_configs_utils:/home/student36/elephant_arm_ws/install/mycobot_description:/opt/ros/jazzy DEBUGINFOD_URLS=https://debuginfod.ubuntu.com LD_LIBRARY_PATH=/home/student36/RoboticsDesignProject/Git-repos/LeoRover-Team7/elephant_arm_ws/install/rviz_marker_tools/lib:/home/student36/RoboticsDesignProject/Git-repos/LeoRover-Team7/elephant_arm_ws/install/moveit_task_constructor_msgs/lib:/home/student36/RoboticsDesignProject/Git-repos/LeoRover-Team7/elephant_arm_ws/install/moveit_task_constructor_demo/lib:/home/student36/RoboticsDesignProject/Git-repos/LeoRover-Team7/elephant_arm_ws/install/moveit_task_constructor_visualization/lib:/home/student36/RoboticsDesignProject/Git-repos/LeoRover-Team7/elephant_arm_ws/install/moveit_task_constructor_capabilities/lib:/home/student36/RoboticsDesignProject/Git-repos/LeoRover-Team7/elephant_arm_ws/install/moveit_task_constructor_core/lib:/home/student36/ros2_tutorial_workspace/install/package_with_interfaces/lib:/home/student36/ws_moveit/install/robotiq_driver/lib:/home/student36/ws_moveit/install/serial/lib:/home/student36/ws_moveit/install/moveit_visual_tools/lib:/home/student36/ws_moveit/install/rviz_visual_tools/lib:/home/student36/ws_moveit/install/moveit_task_constructor_demo/lib:/home/student36/ws_moveit/install/moveit_task_constructor_visualization/lib:/home/student36/ws_moveit/install/moveit_task_constructor_capabilities/lib:/home/student36/ws_moveit/install/moveit_task_constructor_core/lib:/home/student36/ws_moveit/install/rviz_marker_tools/lib:/home/student36/ws_moveit/install/robotiq_controllers/lib:/home/student36/ws_moveit/install/pilz_industrial_motion_planner_testutils/lib:/home/student36/ws_moveit/install/pilz_industrial_motion_planner/lib:/home/student36/ws_moveit/install/moveit_task_constructor_msgs/lib:/home/student36/ws_moveit/install/moveit_ros_control_interface/lib:/home/student36/ws_moveit/install/moveit_simple_controller_manager/lib:/home/student36/ws_moveit/install/moveit_setup_assistant/lib:/home/student36/ws_moveit/install/moveit_setup_srdf_plugins/lib:/home/student36/ws_moveit/install/moveit_setup_core_plugins/lib:/home/student36/ws_moveit/install/moveit_setup_controllers/lib:/home/student36/ws_moveit/install/moveit_setup_app_plugins/lib:/home/student36/ws_moveit/install/moveit_setup_framework/lib:/home/student36/ws_moveit/install/moveit_servo/lib:/home/student36/ws_moveit/install/moveit_ros_trajectory_cache/lib:/home/student36/ws_moveit/install/moveit_ros_visualization/lib:/home/student36/ws_moveit/install/moveit_py/lib:/home/student36/ws_moveit/install/moveit_hybrid_planning/lib:/home/student36/ws_moveit/install/moveit_ros_planning_interface/lib:/home/student36/ws_moveit/install/moveit_ros_benchmarks/lib:/home/student36/ws_moveit/install/moveit_ros_warehouse/lib:/home/student36/ws_moveit/install/moveit_ros_robot_interaction/lib:/home/student36/ws_moveit/install/moveit_ros_perception/lib:/home/student36/ws_moveit/install/moveit_ros_move_group/lib:/home/student36/ws_moveit/install/moveit_planners_ompl/lib:/home/student36/ws_moveit/install/moveit_kinematics/lib:/home/student36/ws_moveit/install/moveit_ros_planning/lib:/home/student36/ws_moveit/install/moveit_ros_occupancy_map_monitor/lib:/home/student36/ws_moveit/install/moveit_resources_prbt_ikfast_manipulator_plugin/lib:/home/student36/ws_moveit/install/moveit_planners_stomp/lib:/home/student36/ws_moveit/install/moveit_planners_chomp/lib:/home/student36/ws_moveit/install/chomp_motion_planner/lib:/home/student36/ws_moveit/install/moveit_core/lib:/home/student36/ws_moveit/install/moveit_msgs/lib:/home/student36/ws_moveit/install/kortex_driver/lib:/opt/ros/jazzy/opt/gz_sim_vendor/lib:/opt/ros/jazzy/opt/gz_sensors_vendor/lib:/opt/ros/jazzy/opt/gz_physics_vendor/lib:/opt/ros/jazzy/opt/sdformat_vendor/lib:/opt/ros/jazzy/opt/rviz_ogre_vendor/lib:/opt/ros/jazzy/lib/x86_64-linux-gnu:/opt/ros/jazzy/opt/gz_gui_vendor/lib:/opt/ros/jazzy/opt/gz_transport_vendor/lib:/opt/ros/jazzy/opt/gz_rendering_vendor/lib:/opt/ros/jazzy/opt/gz_plugin_vendor/lib:/opt/ros/jazzy/opt/gz_fuel_tools_vendor/lib:/opt/ros/jazzy/opt/gz_msgs_vendor/lib:/opt/ros/jazzy/opt/gz_common_vendor/lib:/opt/ros/jazzy/opt/gz_math_vendor/lib:/opt/ros/jazzy/opt/gz_utils_vendor/lib:/opt/ros/jazzy/opt/gz_tools_vendor/lib:/opt/ros/jazzy/opt/gz_ogre_next_vendor/lib:/opt/ros/jazzy/opt/gz_dartsim_vendor/lib:/opt/ros/jazzy/opt/gz_cmake_vendor/lib:/opt/ros/jazzy/lib PYTHONPATH=/home/student36/RoboticsDesignProject/Git-repos/LeoRover-Team7/elephant_arm_ws/install/moveit_task_constructor_msgs/lib/python3.12/site-packages:/home/student36/RoboticsDesignProject/Git-repos/LeoRover-Team7/elephant_arm_ws/install/moveit_task_constructor_core/lib/python3.12/site-packages:/home/student36/ros2_tutorial_workspace/install/the_simplest_python_package/lib/python3.12/site-packages:/home/student36/ros2_tutorial_workspace/install/python_package_with_a_node/lib/python3.12/site-packages:/home/student36/ros2_tutorial_workspace/install/python_package_that_uses_the_library/lib/python3.12/site-packages:/home/student36/ros2_tutorial_workspace/install/python_package_with_a_library/lib/python3.12/site-packages:/home/student36/ros2_tutorial_workspace/install/python_package_that_uses_the_services/lib/python3.12/site-packages:/home/student36/ros2_tutorial_workspace/install/python_package_that_uses_the_actions/lib/python3.12/site-packages:/home/student36/ros2_tutorial_workspace/install/python_package_that_uses_tf2/lib/python3.12/site-packages:/home/student36/ros2_tutorial_workspace/install/python_package_that_uses_parameters_and_launch_files/lib/python3.12/site-packages:/home/student36/ros2_tutorial_workspace/install/python_package_that_uses_nottf2/lib/python3.12/site-packages:/home/student36/ros2_tutorial_workspace/install/python_package_that_uses_nav2/lib/python3.12/site-packages:/home/student36/ros2_tutorial_workspace/install/python_package_that_uses_messages/lib/python3.12/site-packages:/home/student36/ros2_tutorial_workspace/install/python_package_that_uses_geometry_msgs/lib/python3.12/site-packages:/home/student36/ros2_tutorial_workspace/install/python_package_that_uses_gazebo/lib/python3.12/site-packages:/home/student36/ros2_tutorial_workspace/install/package_with_interfaces/lib/python3.12/site-packages:/home/student36/ws_moveit/install/moveit_task_constructor_core/lib/python3.12/site-packages:/home/student36/ws_moveit/install/mycobot_description/lib/python3.12/site-packages:/home/student36/ws_moveit/install/moveit_task_constructor_msgs/lib/python3.12/site-packages:/home/student36/ws_moveit/install/moveit_py/lib/python3.12/site-packages:/home/student36/ws_moveit/install/moveit_msgs/lib/python3.12/site-packages:/home/student36/ws_moveit/install/moveit_configs_utils/lib/python3.12/site-packages:/home/student36/elephant_arm_ws/install/mycobot_description/lib/python3.12/site-packages:/opt/ros/jazzy/lib/python3.12/site-packages /usr/bin/cmake --install /home/student36/RoboticsDesignProject/Git-repos/LeoRover-Team7/elephant_arm_ws/build/moveit_task_constructor_core
[3.383s] Level 1:colcon.colcon_core.environment:create_environment_scripts_only(moveit_task_constructor_core)
[3.384s] Level 1:colcon.colcon_core.environment:checking '/home/student36/RoboticsDesignProject/Git-repos/LeoRover-Team7/elephant_arm_ws/install/moveit_task_constructor_core' for CMake module files
[3.390s] Level 1:colcon.colcon_core.shell:create_environment_hook('moveit_task_constructor_core', 'cmake_module_path')
[3.391s] INFO:colcon.colcon_core.shell:Creating environment hook '/home/student36/RoboticsDesignProject/Git-repos/LeoRover-Team7/elephant_arm_ws/install/moveit_task_constructor_core/share/moveit_task_constructor_core/hook/cmake_module_path.ps1'
[3.394s] INFO:colcon.colcon_core.shell:Creating environment descriptor '/home/student36/RoboticsDesignProject/Git-repos/LeoRover-Team7/elephant_arm_ws/install/moveit_task_constructor_core/share/moveit_task_constructor_core/hook/cmake_module_path.dsv'
[3.398s] INFO:colcon.colcon_core.shell:Creating environment hook '/home/student36/RoboticsDesignProject/Git-repos/LeoRover-Team7/elephant_arm_ws/install/moveit_task_constructor_core/share/moveit_task_constructor_core/hook/cmake_module_path.sh'
[3.402s] Level 1:colcon.colcon_core.environment:checking '/home/student36/RoboticsDesignProject/Git-repos/LeoRover-Team7/elephant_arm_ws/install/moveit_task_constructor_core' for CMake config files
[3.416s] Level 1:colcon.colcon_core.shell:create_environment_hook('moveit_task_constructor_core', 'cmake_prefix_path')
[3.416s] INFO:colcon.colcon_core.shell:Creating environment hook '/home/student36/RoboticsDesignProject/Git-repos/LeoRover-Team7/elephant_arm_ws/install/moveit_task_constructor_core/share/moveit_task_constructor_core/hook/cmake_prefix_path.ps1'
[3.417s] INFO:colcon.colcon_core.shell:Creating environment descriptor '/home/student36/RoboticsDesignProject/Git-repos/LeoRover-Team7/elephant_arm_ws/install/moveit_task_constructor_core/share/moveit_task_constructor_core/hook/cmake_prefix_path.dsv'
[3.418s] INFO:colcon.colcon_core.shell:Creating environment hook '/home/student36/RoboticsDesignProject/Git-repos/LeoRover-Team7/elephant_arm_ws/install/moveit_task_constructor_core/share/moveit_task_constructor_core/hook/cmake_prefix_path.sh'
[3.419s] Level 1:colcon.colcon_core.environment:checking '/home/student36/RoboticsDesignProject/Git-repos/LeoRover-Team7/elephant_arm_ws/install/moveit_task_constructor_core/lib'
[3.419s] Level 1:colcon.colcon_core.shell:create_environment_hook('moveit_task_constructor_core', 'ld_library_path_lib')
[3.419s] INFO:colcon.colcon_core.shell:Creating environment hook '/home/student36/RoboticsDesignProject/Git-repos/LeoRover-Team7/elephant_arm_ws/install/moveit_task_constructor_core/share/moveit_task_constructor_core/hook/ld_library_path_lib.ps1'
[3.420s] INFO:colcon.colcon_core.shell:Creating environment descriptor '/home/student36/RoboticsDesignProject/Git-repos/LeoRover-Team7/elephant_arm_ws/install/moveit_task_constructor_core/share/moveit_task_constructor_core/hook/ld_library_path_lib.dsv'
[3.421s] INFO:colcon.colcon_core.shell:Creating environment hook '/home/student36/RoboticsDesignProject/Git-repos/LeoRover-Team7/elephant_arm_ws/install/moveit_task_constructor_core/share/moveit_task_constructor_core/hook/ld_library_path_lib.sh'
[3.421s] Level 1:colcon.colcon_core.environment:checking '/home/student36/RoboticsDesignProject/Git-repos/LeoRover-Team7/elephant_arm_ws/install/moveit_task_constructor_core/bin'
[3.421s] Level 1:colcon.colcon_core.environment:checking '/home/student36/RoboticsDesignProject/Git-repos/LeoRover-Team7/elephant_arm_ws/install/moveit_task_constructor_core/lib/pkgconfig/moveit_task_constructor_core.pc'
[3.422s] Level 1:colcon.colcon_core.environment:checking '/home/student36/RoboticsDesignProject/Git-repos/LeoRover-Team7/elephant_arm_ws/install/moveit_task_constructor_core/lib/python3.12/site-packages'
[3.422s] Level 1:colcon.colcon_core.shell:create_environment_hook('moveit_task_constructor_core', 'pythonpath')
[3.422s] INFO:colcon.colcon_core.shell:Creating environment hook '/home/student36/RoboticsDesignProject/Git-repos/LeoRover-Team7/elephant_arm_ws/install/moveit_task_constructor_core/share/moveit_task_constructor_core/hook/pythonpath.ps1'
[3.423s] INFO:colcon.colcon_core.shell:Creating environment descriptor '/home/student36/RoboticsDesignProject/Git-repos/LeoRover-Team7/elephant_arm_ws/install/moveit_task_constructor_core/share/moveit_task_constructor_core/hook/pythonpath.dsv'
[3.424s] INFO:colcon.colcon_core.shell:Creating environment hook '/home/student36/RoboticsDesignProject/Git-repos/LeoRover-Team7/elephant_arm_ws/install/moveit_task_constructor_core/share/moveit_task_constructor_core/hook/pythonpath.sh'
[3.425s] Level 1:colcon.colcon_core.environment:checking '/home/student36/RoboticsDesignProject/Git-repos/LeoRover-Team7/elephant_arm_ws/install/moveit_task_constructor_core/bin'
[3.425s] INFO:colcon.colcon_core.shell:Creating package script '/home/student36/RoboticsDesignProject/Git-repos/LeoRover-Team7/elephant_arm_ws/install/moveit_task_constructor_core/share/moveit_task_constructor_core/package.ps1'
[3.426s] INFO:colcon.colcon_core.shell:Creating package descriptor '/home/student36/RoboticsDesignProject/Git-repos/LeoRover-Team7/elephant_arm_ws/install/moveit_task_constructor_core/share/moveit_task_constructor_core/package.dsv'
[3.427s] INFO:colcon.colcon_core.shell:Creating package script '/home/student36/RoboticsDesignProject/Git-repos/LeoRover-Team7/elephant_arm_ws/install/moveit_task_constructor_core/share/moveit_task_constructor_core/package.sh'
[3.428s] INFO:colcon.colcon_core.shell:Creating package script '/home/student36/RoboticsDesignProject/Git-repos/LeoRover-Team7/elephant_arm_ws/install/moveit_task_constructor_core/share/moveit_task_constructor_core/package.bash'
[3.429s] INFO:colcon.colcon_core.shell:Creating package script '/home/student36/RoboticsDesignProject/Git-repos/LeoRover-Team7/elephant_arm_ws/install/moveit_task_constructor_core/share/moveit_task_constructor_core/package.zsh'
[3.429s] Level 1:colcon.colcon_core.environment:create_file_with_runtime_dependencies(/home/student36/RoboticsDesignProject/Git-repos/LeoRover-Team7/elephant_arm_ws/install/moveit_task_constructor_core/share/colcon-core/packages/moveit_task_constructor_core)
[3.431s] Level 1:colcon.colcon_core.environment:create_environment_scripts_only(moveit_task_constructor_core)
[3.431s] Level 1:colcon.colcon_core.environment:checking '/home/student36/RoboticsDesignProject/Git-repos/LeoRover-Team7/elephant_arm_ws/install/moveit_task_constructor_core' for CMake module files
[3.433s] Level 1:colcon.colcon_core.shell:create_environment_hook('moveit_task_constructor_core', 'cmake_module_path')
[3.433s] INFO:colcon.colcon_core.shell:Creating environment hook '/home/student36/RoboticsDesignProject/Git-repos/LeoRover-Team7/elephant_arm_ws/install/moveit_task_constructor_core/share/moveit_task_constructor_core/hook/cmake_module_path.ps1'
[3.435s] INFO:colcon.colcon_core.shell:Creating environment descriptor '/home/student36/RoboticsDesignProject/Git-repos/LeoRover-Team7/elephant_arm_ws/install/moveit_task_constructor_core/share/moveit_task_constructor_core/hook/cmake_module_path.dsv'
[3.435s] DEBUG:colcon.colcon_core.event_handler.log_command:Invoked command in '/home/student36/RoboticsDesignProject/Git-repos/LeoRover-Team7/elephant_arm_ws/build/moveit_task_constructor_core' returned '0': CMAKE_PREFIX_PATH=/home/student36/RoboticsDesignProject/Git-repos/LeoRover-Team7/elephant_arm_ws/install/rviz_marker_tools:/home/student36/RoboticsDesignProject/Git-repos/LeoRover-Team7/elephant_arm_ws/install/moveit_task_constructor_msgs:/home/student36/RoboticsDesignProject/Git-repos/LeoRover-Team7/elephant_arm_ws/install/mtc_tutorial:/home/student36/RoboticsDesignProject/Git-repos/LeoRover-Team7/elephant_arm_ws/install/moveit_task_constructor_demo:/home/student36/RoboticsDesignProject/Git-repos/LeoRover-Team7/elephant_arm_ws/install/moveit_task_constructor_visualization:/home/student36/RoboticsDesignProject/Git-repos/LeoRover-Team7/elephant_arm_ws/install/moveit_task_constructor_capabilities:/home/student36/RoboticsDesignProject/Git-repos/LeoRover-Team7/elephant_arm_ws/install/moveit_task_constructor_core:/home/student36/RoboticsDesignProject/Git-repos/LeoRover-Team7/elephant_arm_ws/install/mycobot_ros2:/home/student36/RoboticsDesignProject/Git-repos/LeoRover-Team7/elephant_arm_ws/install/mycobot_moveit_config:/home/student36/RoboticsDesignProject/Git-repos/LeoRover-Team7/elephant_arm_ws/install/mycobot_gazebo:/home/student36/RoboticsDesignProject/Git-repos/LeoRover-Team7/elephant_arm_ws/install/mycobot_description:/home/student36/RoboticsDesignProject/Git-repos/LeoRover-Team7/elephant_arm_ws/install/mycobot_bringup:/home/student36/RoboticsDesignProject/Git-repos/LeoRover-Team7/elephant_arm_ws/install/hello_moveit:/home/student36/ros2_tutorial_workspace/install/package_with_interfaces:/home/student36/ws_moveit/install/robotiq_hardware_tests:/home/student36/ws_moveit/install/robotiq_driver:/home/student36/ws_moveit/install/serial:/home/student36/ws_moveit/install/moveit2_tutorials:/home/student36/ws_moveit/install/hello_moveit:/home/student36/ws_moveit/install/moveit_visual_tools:/home/student36/ws_moveit/install/rviz_visual_tools:/home/student36/ws_moveit/install/mtc_tutorial:/home/student36/ws_moveit/install/moveit_task_constructor_demo:/home/student36/ws_moveit/install/moveit_task_constructor_visualization:/home/student36/ws_moveit/install/moveit_task_constructor_capabilities:/home/student36/ws_moveit/install/elephant:/home/student36/ws_moveit/install/moveit_task_constructor_core:/home/student36/ws_moveit/install/rviz_marker_tools:/home/student36/ws_moveit/install/kortex_bringup:/home/student36/ws_moveit/install/kinova_gen3_lite_moveit_config:/home/student36/ws_moveit/install/kinova_gen3_7dof_robotiq_2f_85_moveit_config:/home/student36/ws_moveit/install/kinova_gen3_6dof_robotiq_2f_85_moveit_config:/home/student36/ws_moveit/install/kortex_description:/home/student36/ws_moveit/install/robotiq_description:/home/student36/ws_moveit/install/robotiq_controllers:/home/student36/ws_moveit/install/pilz_industrial_motion_planner_testutils:/home/student36/ws_moveit/install/mycobot_280_moveit2:/home/student36/ws_moveit/install/moveit_runtime:/home/student36/ws_moveit/install/moveit:/home/student36/ws_moveit/install/elephant_arm:/home/student36/ws_moveit/install/moveit_planners:/home/student36/ws_moveit/install/pilz_industrial_motion_planner:/home/student36/ws_moveit/install/mycobot_description:/home/student36/ws_moveit/install/moveit_task_constructor_msgs:/home/student36/ws_moveit/install/moveit_ros_control_interface:/home/student36/ws_moveit/install/moveit_plugins:/home/student36/ws_moveit/install/moveit_simple_controller_manager:/home/student36/ws_moveit/install/moveit_setup_assistant:/home/student36/ws_moveit/install/moveit_setup_srdf_plugins:/home/student36/ws_moveit/install/moveit_setup_core_plugins:/home/student36/ws_moveit/install/moveit_setup_controllers:/home/student36/ws_moveit/install/moveit_setup_app_plugins:/home/student36/ws_moveit/install/moveit_setup_framework:/home/student36/ws_moveit/install/moveit_servo:/home/student36/ws_moveit/install/moveit_ros_trajectory_cache:/home/student36/ws_moveit/install/moveit_ros:/home/student36/ws_moveit/install/moveit_ros_visualization:/home/student36/ws_moveit/install/moveit_py:/home/student36/ws_moveit/install/moveit_hybrid_planning:/home/student36/ws_moveit/install/moveit_ros_planning_interface:/home/student36/ws_moveit/install/moveit_ros_benchmarks:/home/student36/ws_moveit/install/moveit_ros_warehouse:/home/student36/ws_moveit/install/moveit_ros_robot_interaction:/home/student36/ws_moveit/install/moveit_ros_perception:/home/student36/ws_moveit/install/moveit_resources_prbt_pg70_support:/home/student36/ws_moveit/install/moveit_resources_prbt_moveit_config:/home/student36/ws_moveit/install/moveit_ros_move_group:/home/student36/ws_moveit/install/moveit_planners_ompl:/home/student36/ws_moveit/install/moveit_kinematics:/home/student36/ws_moveit/install/moveit_ros_planning:/home/student36/ws_moveit/install/moveit_ros_occupancy_map_monitor:/home/student36/ws_moveit/install/moveit_resources_prbt_support:/home/student36/ws_moveit/install/moveit_resources_prbt_ikfast_manipulator_plugin:/home/student36/ws_moveit/install/moveit_resources:/home/student36/ws_moveit/install/moveit_resources_pr2_description:/home/student36/ws_moveit/install/moveit_resources_panda_moveit_config:/home/student36/ws_moveit/install/dual_arm_panda_moveit_config:/home/student36/ws_moveit/install/moveit_resources_panda_description:/home/student36/ws_moveit/install/moveit_resources_fanuc_moveit_config:/home/student36/ws_moveit/install/moveit_resources_fanuc_description:/home/student36/ws_moveit/install/moveit_planners_stomp:/home/student36/ws_moveit/install/moveit_planners_chomp:/home/student36/ws_moveit/install/chomp_motion_planner:/home/student36/ws_moveit/install/moveit_core:/home/student36/ws_moveit/install/moveit_msgs:/home/student36/ws_moveit/install/moveit_common:/home/student36/ws_moveit/install/kortex_driver:/home/student36/ws_moveit/install/kortex_api:/home/student36/rplidar_ws/install/rplidar_ros:/home/student36/elephant_arm_ws/install/mycobot_280_moveit2:/opt/ros/jazzy/opt/gz_sim_vendor:/opt/ros/jazzy/opt/gz_sensors_vendor:/opt/ros/jazzy/opt/gz_physics_vendor:/opt/ros/jazzy/opt/sdformat_vendor:/opt/ros/jazzy/opt/gz_gui_vendor:/opt/ros/jazzy/opt/gz_transport_vendor:/opt/ros/jazzy/opt/gz_rendering_vendor:/opt/ros/jazzy/opt/gz_plugin_vendor:/opt/ros/jazzy/opt/gz_fuel_tools_vendor:/opt/ros/jazzy/opt/gz_msgs_vendor:/opt/ros/jazzy/opt/gz_common_vendor:/opt/ros/jazzy/opt/gz_math_vendor:/opt/ros/jazzy/opt/gz_utils_vendor:/opt/ros/jazzy/opt/gz_tools_vendor:/opt/ros/jazzy/opt/gz_ogre_next_vendor:/opt/ros/jazzy/opt/gz_dartsim_vendor:/opt/ros/jazzy/opt/gz_cmake_vendor:/home/student36/ros2_tutorial_workspace/install/the_simplest_python_package:/home/student36/ros2_tutorial_workspace/install/python_package_with_a_node:/home/student36/ros2_tutorial_workspace/install/python_package_that_uses_the_library:/home/student36/ros2_tutorial_workspace/install/python_package_with_a_library:/home/student36/ros2_tutorial_workspace/install/python_package_that_uses_the_services:/home/student36/ros2_tutorial_workspace/install/python_package_that_uses_the_actions:/home/student36/ros2_tutorial_workspace/install/python_package_that_uses_tf2:/home/student36/ros2_tutorial_workspace/install/python_package_that_uses_parameters_and_launch_files:/home/student36/ros2_tutorial_workspace/install/python_package_that_uses_nottf2:/home/student36/ros2_tutorial_workspace/install/python_package_that_uses_nav2:/home/student36/ros2_tutorial_workspace/install/python_package_that_uses_messages:/home/student36/ros2_tutorial_workspace/install/python_package_that_uses_geometry_msgs:/home/student36/ros2_tutorial_workspace/install/python_package_that_uses_gazebo:/home/student36/ws_moveit/install/moveit_configs_utils:/home/student36/elephant_arm_ws/install/mycobot_description:/opt/ros/jazzy DEBUGINFOD_URLS=https://debuginfod.ubuntu.com LD_LIBRARY_PATH=/home/student36/RoboticsDesignProject/Git-repos/LeoRover-Team7/elephant_arm_ws/install/rviz_marker_tools/lib:/home/student36/RoboticsDesignProject/Git-repos/LeoRover-Team7/elephant_arm_ws/install/moveit_task_constructor_msgs/lib:/home/student36/RoboticsDesignProject/Git-repos/LeoRover-Team7/elephant_arm_ws/install/moveit_task_constructor_demo/lib:/home/student36/RoboticsDesignProject/Git-repos/LeoRover-Team7/elephant_arm_ws/install/moveit_task_constructor_visualization/lib:/home/student36/RoboticsDesignProject/Git-repos/LeoRover-Team7/elephant_arm_ws/install/moveit_task_constructor_capabilities/lib:/home/student36/RoboticsDesignProject/Git-repos/LeoRover-Team7/elephant_arm_ws/install/moveit_task_constructor_core/lib:/home/student36/ros2_tutorial_workspace/install/package_with_interfaces/lib:/home/student36/ws_moveit/install/robotiq_driver/lib:/home/student36/ws_moveit/install/serial/lib:/home/student36/ws_moveit/install/moveit_visual_tools/lib:/home/student36/ws_moveit/install/rviz_visual_tools/lib:/home/student36/ws_moveit/install/moveit_task_constructor_demo/lib:/home/student36/ws_moveit/install/moveit_task_constructor_visualization/lib:/home/student36/ws_moveit/install/moveit_task_constructor_capabilities/lib:/home/student36/ws_moveit/install/moveit_task_constructor_core/lib:/home/student36/ws_moveit/install/rviz_marker_tools/lib:/home/student36/ws_moveit/install/robotiq_controllers/lib:/home/student36/ws_moveit/install/pilz_industrial_motion_planner_testutils/lib:/home/student36/ws_moveit/install/pilz_industrial_motion_planner/lib:/home/student36/ws_moveit/install/moveit_task_constructor_msgs/lib:/home/student36/ws_moveit/install/moveit_ros_control_interface/lib:/home/student36/ws_moveit/install/moveit_simple_controller_manager/lib:/home/student36/ws_moveit/install/moveit_setup_assistant/lib:/home/student36/ws_moveit/install/moveit_setup_srdf_plugins/lib:/home/student36/ws_moveit/install/moveit_setup_core_plugins/lib:/home/student36/ws_moveit/install/moveit_setup_controllers/lib:/home/student36/ws_moveit/install/moveit_setup_app_plugins/lib:/home/student36/ws_moveit/install/moveit_setup_framework/lib:/home/student36/ws_moveit/install/moveit_servo/lib:/home/student36/ws_moveit/install/moveit_ros_trajectory_cache/lib:/home/student36/ws_moveit/install/moveit_ros_visualization/lib:/home/student36/ws_moveit/install/moveit_py/lib:/home/student36/ws_moveit/install/moveit_hybrid_planning/lib:/home/student36/ws_moveit/install/moveit_ros_planning_interface/lib:/home/student36/ws_moveit/install/moveit_ros_benchmarks/lib:/home/student36/ws_moveit/install/moveit_ros_warehouse/lib:/home/student36/ws_moveit/install/moveit_ros_robot_interaction/lib:/home/student36/ws_moveit/install/moveit_ros_perception/lib:/home/student36/ws_moveit/install/moveit_ros_move_group/lib:/home/student36/ws_moveit/install/moveit_planners_ompl/lib:/home/student36/ws_moveit/install/moveit_kinematics/lib:/home/student36/ws_moveit/install/moveit_ros_planning/lib:/home/student36/ws_moveit/install/moveit_ros_occupancy_map_monitor/lib:/home/student36/ws_moveit/install/moveit_resources_prbt_ikfast_manipulator_plugin/lib:/home/student36/ws_moveit/install/moveit_planners_stomp/lib:/home/student36/ws_moveit/install/moveit_planners_chomp/lib:/home/student36/ws_moveit/install/chomp_motion_planner/lib:/home/student36/ws_moveit/install/moveit_core/lib:/home/student36/ws_moveit/install/moveit_msgs/lib:/home/student36/ws_moveit/install/kortex_driver/lib:/opt/ros/jazzy/opt/gz_sim_vendor/lib:/opt/ros/jazzy/opt/gz_sensors_vendor/lib:/opt/ros/jazzy/opt/gz_physics_vendor/lib:/opt/ros/jazzy/opt/sdformat_vendor/lib:/opt/ros/jazzy/opt/rviz_ogre_vendor/lib:/opt/ros/jazzy/lib/x86_64-linux-gnu:/opt/ros/jazzy/opt/gz_gui_vendor/lib:/opt/ros/jazzy/opt/gz_transport_vendor/lib:/opt/ros/jazzy/opt/gz_rendering_vendor/lib:/opt/ros/jazzy/opt/gz_plugin_vendor/lib:/opt/ros/jazzy/opt/gz_fuel_tools_vendor/lib:/opt/ros/jazzy/opt/gz_msgs_vendor/lib:/opt/ros/jazzy/opt/gz_common_vendor/lib:/opt/ros/jazzy/opt/gz_math_vendor/lib:/opt/ros/jazzy/opt/gz_utils_vendor/lib:/opt/ros/jazzy/opt/gz_tools_vendor/lib:/opt/ros/jazzy/opt/gz_ogre_next_vendor/lib:/opt/ros/jazzy/opt/gz_dartsim_vendor/lib:/opt/ros/jazzy/opt/gz_cmake_vendor/lib:/opt/ros/jazzy/lib PYTHONPATH=/home/student36/RoboticsDesignProject/Git-repos/LeoRover-Team7/elephant_arm_ws/install/moveit_task_constructor_msgs/lib/python3.12/site-packages:/home/student36/RoboticsDesignProject/Git-repos/LeoRover-Team7/elephant_arm_ws/install/moveit_task_constructor_core/lib/python3.12/site-packages:/home/student36/ros2_tutorial_workspace/install/the_simplest_python_package/lib/python3.12/site-packages:/home/student36/ros2_tutorial_workspace/install/python_package_with_a_node/lib/python3.12/site-packages:/home/student36/ros2_tutorial_workspace/install/python_package_that_uses_the_library/lib/python3.12/site-packages:/home/student36/ros2_tutorial_workspace/install/python_package_with_a_library/lib/python3.12/site-packages:/home/student36/ros2_tutorial_workspace/install/python_package_that_uses_the_services/lib/python3.12/site-packages:/home/student36/ros2_tutorial_workspace/install/python_package_that_uses_the_actions/lib/python3.12/site-packages:/home/student36/ros2_tutorial_workspace/install/python_package_that_uses_tf2/lib/python3.12/site-packages:/home/student36/ros2_tutorial_workspace/install/python_package_that_uses_parameters_and_launch_files/lib/python3.12/site-packages:/home/student36/ros2_tutorial_workspace/install/python_package_that_uses_nottf2/lib/python3.12/site-packages:/home/student36/ros2_tutorial_workspace/install/python_package_that_uses_nav2/lib/python3.12/site-packages:/home/student36/ros2_tutorial_workspace/install/python_package_that_uses_messages/lib/python3.12/site-packages:/home/student36/ros2_tutorial_workspace/install/python_package_that_uses_geometry_msgs/lib/python3.12/site-packages:/home/student36/ros2_tutorial_workspace/install/python_package_that_uses_gazebo/lib/python3.12/site-packages:/home/student36/ros2_tutorial_workspace/install/package_with_interfaces/lib/python3.12/site-packages:/home/student36/ws_moveit/install/moveit_task_constructor_core/lib/python3.12/site-packages:/home/student36/ws_moveit/install/mycobot_description/lib/python3.12/site-packages:/home/student36/ws_moveit/install/moveit_task_constructor_msgs/lib/python3.12/site-packages:/home/student36/ws_moveit/install/moveit_py/lib/python3.12/site-packages:/home/student36/ws_moveit/install/moveit_msgs/lib/python3.12/site-packages:/home/student36/ws_moveit/install/moveit_configs_utils/lib/python3.12/site-packages:/home/student36/elephant_arm_ws/install/mycobot_description/lib/python3.12/site-packages:/opt/ros/jazzy/lib/python3.12/site-packages /usr/bin/cmake --install /home/student36/RoboticsDesignProject/Git-repos/LeoRover-Team7/elephant_arm_ws/build/moveit_task_constructor_core
[3.436s] INFO:colcon.colcon_core.shell:Creating environment hook '/home/student36/RoboticsDesignProject/Git-repos/LeoRover-Team7/elephant_arm_ws/install/moveit_task_constructor_core/share/moveit_task_constructor_core/hook/cmake_module_path.sh'
[3.437s] Level 1:colcon.colcon_core.environment:checking '/home/student36/RoboticsDesignProject/Git-repos/LeoRover-Team7/elephant_arm_ws/install/moveit_task_constructor_core' for CMake config files
[3.437s] Level 1:colcon.colcon_core.shell:create_environment_hook('moveit_task_constructor_core', 'cmake_prefix_path')
[3.438s] INFO:colcon.colcon_core.shell:Creating environment hook '/home/student36/RoboticsDesignProject/Git-repos/LeoRover-Team7/elephant_arm_ws/install/moveit_task_constructor_core/share/moveit_task_constructor_core/hook/cmake_prefix_path.ps1'
[3.438s] INFO:colcon.colcon_core.shell:Creating environment descriptor '/home/student36/RoboticsDesignProject/Git-repos/LeoRover-Team7/elephant_arm_ws/install/moveit_task_constructor_core/share/moveit_task_constructor_core/hook/cmake_prefix_path.dsv'
[3.438s] INFO:colcon.colcon_core.shell:Creating environment hook '/home/student36/RoboticsDesignProject/Git-repos/LeoRover-Team7/elephant_arm_ws/install/moveit_task_constructor_core/share/moveit_task_constructor_core/hook/cmake_prefix_path.sh'
[3.439s] Level 1:colcon.colcon_core.environment:checking '/home/student36/RoboticsDesignProject/Git-repos/LeoRover-Team7/elephant_arm_ws/install/moveit_task_constructor_core/lib'
[3.439s] Level 1:colcon.colcon_core.shell:create_environment_hook('moveit_task_constructor_core', 'ld_library_path_lib')
[3.439s] INFO:colcon.colcon_core.shell:Creating environment hook '/home/student36/RoboticsDesignProject/Git-repos/LeoRover-Team7/elephant_arm_ws/install/moveit_task_constructor_core/share/moveit_task_constructor_core/hook/ld_library_path_lib.ps1'
[3.440s] INFO:colcon.colcon_core.shell:Creating environment descriptor '/home/student36/RoboticsDesignProject/Git-repos/LeoRover-Team7/elephant_arm_ws/install/moveit_task_constructor_core/share/moveit_task_constructor_core/hook/ld_library_path_lib.dsv'
[3.440s] INFO:colcon.colcon_core.shell:Creating environment hook '/home/student36/RoboticsDesignProject/Git-repos/LeoRover-Team7/elephant_arm_ws/install/moveit_task_constructor_core/share/moveit_task_constructor_core/hook/ld_library_path_lib.sh'
[3.440s] Level 1:colcon.colcon_core.environment:checking '/home/student36/RoboticsDesignProject/Git-repos/LeoRover-Team7/elephant_arm_ws/install/moveit_task_constructor_core/bin'
[3.440s] Level 1:colcon.colcon_core.environment:checking '/home/student36/RoboticsDesignProject/Git-repos/LeoRover-Team7/elephant_arm_ws/install/moveit_task_constructor_core/lib/pkgconfig/moveit_task_constructor_core.pc'
[3.441s] Level 1:colcon.colcon_core.environment:checking '/home/student36/RoboticsDesignProject/Git-repos/LeoRover-Team7/elephant_arm_ws/install/moveit_task_constructor_core/lib/python3.12/site-packages'
[3.441s] Level 1:colcon.colcon_core.shell:create_environment_hook('moveit_task_constructor_core', 'pythonpath')
[3.441s] INFO:colcon.colcon_core.shell:Creating environment hook '/home/student36/RoboticsDesignProject/Git-repos/LeoRover-Team7/elephant_arm_ws/install/moveit_task_constructor_core/share/moveit_task_constructor_core/hook/pythonpath.ps1'
[3.441s] INFO:colcon.colcon_core.shell:Creating environment descriptor '/home/student36/RoboticsDesignProject/Git-repos/LeoRover-Team7/elephant_arm_ws/install/moveit_task_constructor_core/share/moveit_task_constructor_core/hook/pythonpath.dsv'
[3.442s] INFO:colcon.colcon_core.shell:Creating environment hook '/home/student36/RoboticsDesignProject/Git-repos/LeoRover-Team7/elephant_arm_ws/install/moveit_task_constructor_core/share/moveit_task_constructor_core/hook/pythonpath.sh'
[3.442s] Level 1:colcon.colcon_core.environment:checking '/home/student36/RoboticsDesignProject/Git-repos/LeoRover-Team7/elephant_arm_ws/install/moveit_task_constructor_core/bin'
[3.443s] INFO:colcon.colcon_core.shell:Creating package script '/home/student36/RoboticsDesignProject/Git-repos/LeoRover-Team7/elephant_arm_ws/install/moveit_task_constructor_core/share/moveit_task_constructor_core/package.ps1'
[3.443s] INFO:colcon.colcon_core.shell:Creating package descriptor '/home/student36/RoboticsDesignProject/Git-repos/LeoRover-Team7/elephant_arm_ws/install/moveit_task_constructor_core/share/moveit_task_constructor_core/package.dsv'
[3.444s] INFO:colcon.colcon_core.shell:Creating package script '/home/student36/RoboticsDesignProject/Git-repos/LeoRover-Team7/elephant_arm_ws/install/moveit_task_constructor_core/share/moveit_task_constructor_core/package.sh'
[3.444s] INFO:colcon.colcon_core.shell:Creating package script '/home/student36/RoboticsDesignProject/Git-repos/LeoRover-Team7/elephant_arm_ws/install/moveit_task_constructor_core/share/moveit_task_constructor_core/package.bash'
[3.445s] INFO:colcon.colcon_core.shell:Creating package script '/home/student36/RoboticsDesignProject/Git-repos/LeoRover-Team7/elephant_arm_ws/install/moveit_task_constructor_core/share/moveit_task_constructor_core/package.zsh'
[3.445s] Level 1:colcon.colcon_core.environment:create_file_with_runtime_dependencies(/home/student36/RoboticsDesignProject/Git-repos/LeoRover-Team7/elephant_arm_ws/install/moveit_task_constructor_core/share/colcon-core/packages/moveit_task_constructor_core)
[3.445s] INFO:colcon.colcon_ros.task.ament_cmake.build:Building ROS package in '/home/student36/RoboticsDesignProject/Git-repos/LeoRover-Team7/elephant_arm_ws/src/moveit_task_constructor/capabilities' with build type 'ament_cmake'
[3.446s] INFO:colcon.colcon_cmake.task.cmake.build:Building CMake package in '/home/student36/RoboticsDesignProject/Git-repos/LeoRover-Team7/elephant_arm_ws/src/moveit_task_constructor/capabilities'
[3.446s] INFO:colcon.colcon_core.shell:Skip shell extension 'powershell' for command environment: Not usable outside of PowerShell
[3.446s] DEBUG:colcon.colcon_core.shell:Skip shell extension 'dsv' for command environment
[3.459s] INFO:colcon.colcon_ros.task.ament_cmake.build:Building ROS package in '/home/student36/RoboticsDesignProject/Git-repos/LeoRover-Team7/elephant_arm_ws/src/moveit_task_constructor/visualization' with build type 'ament_cmake'
[3.459s] INFO:colcon.colcon_cmake.task.cmake.build:Building CMake package in '/home/student36/RoboticsDesignProject/Git-repos/LeoRover-Team7/elephant_arm_ws/src/moveit_task_constructor/visualization'
[3.459s] INFO:colcon.colcon_core.shell:Skip shell extension 'powershell' for command environment: Not usable outside of PowerShell
[3.459s] DEBUG:colcon.colcon_core.shell:Skip shell extension 'dsv' for command environment
[3.471s] INFO:colcon.colcon_ros.task.ament_cmake.build:Building ROS package in '/home/student36/RoboticsDesignProject/Git-repos/LeoRover-Team7/elephant_arm_ws/src/mtc_tutorial' with build type 'ament_cmake'
[3.471s] INFO:colcon.colcon_cmake.task.cmake.build:Building CMake package in '/home/student36/RoboticsDesignProject/Git-repos/LeoRover-Team7/elephant_arm_ws/src/mtc_tutorial'
[3.472s] INFO:colcon.colcon_core.shell:Skip shell extension 'powershell' for command environment: Not usable outside of PowerShell
[3.472s] DEBUG:colcon.colcon_core.shell:Skip shell extension 'dsv' for command environment
[3.513s] DEBUG:colcon.colcon_core.event_handler.log_command:Invoking command in '/home/student36/RoboticsDesignProject/Git-repos/LeoRover-Team7/elephant_arm_ws/build/moveit_task_constructor_capabilities': CMAKE_PREFIX_PATH=/home/student36/RoboticsDesignProject/Git-repos/LeoRover-Team7/elephant_arm_ws/install/moveit_task_constructor_core:/home/student36/RoboticsDesignProject/Git-repos/LeoRover-Team7/elephant_arm_ws/install/rviz_marker_tools:/home/student36/RoboticsDesignProject/Git-repos/LeoRover-Team7/elephant_arm_ws/install/moveit_task_constructor_msgs:/home/student36/RoboticsDesignProject/Git-repos/LeoRover-Team7/elephant_arm_ws/install/mtc_tutorial:/home/student36/RoboticsDesignProject/Git-repos/LeoRover-Team7/elephant_arm_ws/install/moveit_task_constructor_demo:/home/student36/RoboticsDesignProject/Git-repos/LeoRover-Team7/elephant_arm_ws/install/moveit_task_constructor_visualization:/home/student36/RoboticsDesignProject/Git-repos/LeoRover-Team7/elephant_arm_ws/install/moveit_task_constructor_capabilities:/home/student36/RoboticsDesignProject/Git-repos/LeoRover-Team7/elephant_arm_ws/install/mycobot_ros2:/home/student36/RoboticsDesignProject/Git-repos/LeoRover-Team7/elephant_arm_ws/install/mycobot_moveit_config:/home/student36/RoboticsDesignProject/Git-repos/LeoRover-Team7/elephant_arm_ws/install/mycobot_gazebo:/home/student36/RoboticsDesignProject/Git-repos/LeoRover-Team7/elephant_arm_ws/install/mycobot_description:/home/student36/RoboticsDesignProject/Git-repos/LeoRover-Team7/elephant_arm_ws/install/mycobot_bringup:/home/student36/RoboticsDesignProject/Git-repos/LeoRover-Team7/elephant_arm_ws/install/hello_moveit:/home/student36/ros2_tutorial_workspace/install/package_with_interfaces:/home/student36/ws_moveit/install/robotiq_hardware_tests:/home/student36/ws_moveit/install/robotiq_driver:/home/student36/ws_moveit/install/serial:/home/student36/ws_moveit/install/moveit2_tutorials:/home/student36/ws_moveit/install/hello_moveit:/home/student36/ws_moveit/install/moveit_visual_tools:/home/student36/ws_moveit/install/rviz_visual_tools:/home/student36/ws_moveit/install/mtc_tutorial:/home/student36/ws_moveit/install/moveit_task_constructor_demo:/home/student36/ws_moveit/install/moveit_task_constructor_visualization:/home/student36/ws_moveit/install/moveit_task_constructor_capabilities:/home/student36/ws_moveit/install/elephant:/home/student36/ws_moveit/install/moveit_task_constructor_core:/home/student36/ws_moveit/install/rviz_marker_tools:/home/student36/ws_moveit/install/kortex_bringup:/home/student36/ws_moveit/install/kinova_gen3_lite_moveit_config:/home/student36/ws_moveit/install/kinova_gen3_7dof_robotiq_2f_85_moveit_config:/home/student36/ws_moveit/install/kinova_gen3_6dof_robotiq_2f_85_moveit_config:/home/student36/ws_moveit/install/kortex_description:/home/student36/ws_moveit/install/robotiq_description:/home/student36/ws_moveit/install/robotiq_controllers:/home/student36/ws_moveit/install/pilz_industrial_motion_planner_testutils:/home/student36/ws_moveit/install/mycobot_280_moveit2:/home/student36/ws_moveit/install/moveit_runtime:/home/student36/ws_moveit/install/moveit:/home/student36/ws_moveit/install/elephant_arm:/home/student36/ws_moveit/install/moveit_planners:/home/student36/ws_moveit/install/pilz_industrial_motion_planner:/home/student36/ws_moveit/install/mycobot_description:/home/student36/ws_moveit/install/moveit_task_constructor_msgs:/home/student36/ws_moveit/install/moveit_ros_control_interface:/home/student36/ws_moveit/install/moveit_plugins:/home/student36/ws_moveit/install/moveit_simple_controller_manager:/home/student36/ws_moveit/install/moveit_setup_assistant:/home/student36/ws_moveit/install/moveit_setup_srdf_plugins:/home/student36/ws_moveit/install/moveit_setup_core_plugins:/home/student36/ws_moveit/install/moveit_setup_controllers:/home/student36/ws_moveit/install/moveit_setup_app_plugins:/home/student36/ws_moveit/install/moveit_setup_framework:/home/student36/ws_moveit/install/moveit_servo:/home/student36/ws_moveit/install/moveit_ros_trajectory_cache:/home/student36/ws_moveit/install/moveit_ros:/home/student36/ws_moveit/install/moveit_ros_visualization:/home/student36/ws_moveit/install/moveit_py:/home/student36/ws_moveit/install/moveit_hybrid_planning:/home/student36/ws_moveit/install/moveit_ros_planning_interface:/home/student36/ws_moveit/install/moveit_ros_benchmarks:/home/student36/ws_moveit/install/moveit_ros_warehouse:/home/student36/ws_moveit/install/moveit_ros_robot_interaction:/home/student36/ws_moveit/install/moveit_ros_perception:/home/student36/ws_moveit/install/moveit_resources_prbt_pg70_support:/home/student36/ws_moveit/install/moveit_resources_prbt_moveit_config:/home/student36/ws_moveit/install/moveit_ros_move_group:/home/student36/ws_moveit/install/moveit_planners_ompl:/home/student36/ws_moveit/install/moveit_kinematics:/home/student36/ws_moveit/install/moveit_ros_planning:/home/student36/ws_moveit/install/moveit_ros_occupancy_map_monitor:/home/student36/ws_moveit/install/moveit_resources_prbt_support:/home/student36/ws_moveit/install/moveit_resources_prbt_ikfast_manipulator_plugin:/home/student36/ws_moveit/install/moveit_resources:/home/student36/ws_moveit/install/moveit_resources_pr2_description:/home/student36/ws_moveit/install/moveit_resources_panda_moveit_config:/home/student36/ws_moveit/install/dual_arm_panda_moveit_config:/home/student36/ws_moveit/install/moveit_resources_panda_description:/home/student36/ws_moveit/install/moveit_resources_fanuc_moveit_config:/home/student36/ws_moveit/install/moveit_resources_fanuc_description:/home/student36/ws_moveit/install/moveit_planners_stomp:/home/student36/ws_moveit/install/moveit_planners_chomp:/home/student36/ws_moveit/install/chomp_motion_planner:/home/student36/ws_moveit/install/moveit_core:/home/student36/ws_moveit/install/moveit_msgs:/home/student36/ws_moveit/install/moveit_common:/home/student36/ws_moveit/install/kortex_driver:/home/student36/ws_moveit/install/kortex_api:/home/student36/rplidar_ws/install/rplidar_ros:/home/student36/elephant_arm_ws/install/mycobot_280_moveit2:/opt/ros/jazzy/opt/gz_sim_vendor:/opt/ros/jazzy/opt/gz_sensors_vendor:/opt/ros/jazzy/opt/gz_physics_vendor:/opt/ros/jazzy/opt/sdformat_vendor:/opt/ros/jazzy/opt/gz_gui_vendor:/opt/ros/jazzy/opt/gz_transport_vendor:/opt/ros/jazzy/opt/gz_rendering_vendor:/opt/ros/jazzy/opt/gz_plugin_vendor:/opt/ros/jazzy/opt/gz_fuel_tools_vendor:/opt/ros/jazzy/opt/gz_msgs_vendor:/opt/ros/jazzy/opt/gz_common_vendor:/opt/ros/jazzy/opt/gz_math_vendor:/opt/ros/jazzy/opt/gz_utils_vendor:/opt/ros/jazzy/opt/gz_tools_vendor:/opt/ros/jazzy/opt/gz_ogre_next_vendor:/opt/ros/jazzy/opt/gz_dartsim_vendor:/opt/ros/jazzy/opt/gz_cmake_vendor:/home/student36/ros2_tutorial_workspace/install/the_simplest_python_package:/home/student36/ros2_tutorial_workspace/install/python_package_with_a_node:/home/student36/ros2_tutorial_workspace/install/python_package_that_uses_the_library:/home/student36/ros2_tutorial_workspace/install/python_package_with_a_library:/home/student36/ros2_tutorial_workspace/install/python_package_that_uses_the_services:/home/student36/ros2_tutorial_workspace/install/python_package_that_uses_the_actions:/home/student36/ros2_tutorial_workspace/install/python_package_that_uses_tf2:/home/student36/ros2_tutorial_workspace/install/python_package_that_uses_parameters_and_launch_files:/home/student36/ros2_tutorial_workspace/install/python_package_that_uses_nottf2:/home/student36/ros2_tutorial_workspace/install/python_package_that_uses_nav2:/home/student36/ros2_tutorial_workspace/install/python_package_that_uses_messages:/home/student36/ros2_tutorial_workspace/install/python_package_that_uses_geometry_msgs:/home/student36/ros2_tutorial_workspace/install/python_package_that_uses_gazebo:/home/student36/ws_moveit/install/moveit_configs_utils:/home/student36/elephant_arm_ws/install/mycobot_description:/opt/ros/jazzy DEBUGINFOD_URLS=https://debuginfod.ubuntu.com LD_LIBRARY_PATH=/home/student36/RoboticsDesignProject/Git-repos/LeoRover-Team7/elephant_arm_ws/install/moveit_task_constructor_core/lib:/home/student36/RoboticsDesignProject/Git-repos/LeoRover-Team7/elephant_arm_ws/install/rviz_marker_tools/lib:/home/student36/RoboticsDesignProject/Git-repos/LeoRover-Team7/elephant_arm_ws/install/moveit_task_constructor_msgs/lib:/home/student36/RoboticsDesignProject/Git-repos/LeoRover-Team7/elephant_arm_ws/install/moveit_task_constructor_demo/lib:/home/student36/RoboticsDesignProject/Git-repos/LeoRover-Team7/elephant_arm_ws/install/moveit_task_constructor_visualization/lib:/home/student36/RoboticsDesignProject/Git-repos/LeoRover-Team7/elephant_arm_ws/install/moveit_task_constructor_capabilities/lib:/home/student36/ros2_tutorial_workspace/install/package_with_interfaces/lib:/home/student36/ws_moveit/install/robotiq_driver/lib:/home/student36/ws_moveit/install/serial/lib:/home/student36/ws_moveit/install/moveit_visual_tools/lib:/home/student36/ws_moveit/install/rviz_visual_tools/lib:/home/student36/ws_moveit/install/moveit_task_constructor_demo/lib:/home/student36/ws_moveit/install/moveit_task_constructor_visualization/lib:/home/student36/ws_moveit/install/moveit_task_constructor_capabilities/lib:/home/student36/ws_moveit/install/moveit_task_constructor_core/lib:/home/student36/ws_moveit/install/rviz_marker_tools/lib:/home/student36/ws_moveit/install/robotiq_controllers/lib:/home/student36/ws_moveit/install/pilz_industrial_motion_planner_testutils/lib:/home/student36/ws_moveit/install/pilz_industrial_motion_planner/lib:/home/student36/ws_moveit/install/moveit_task_constructor_msgs/lib:/home/student36/ws_moveit/install/moveit_ros_control_interface/lib:/home/student36/ws_moveit/install/moveit_simple_controller_manager/lib:/home/student36/ws_moveit/install/moveit_setup_assistant/lib:/home/student36/ws_moveit/install/moveit_setup_srdf_plugins/lib:/home/student36/ws_moveit/install/moveit_setup_core_plugins/lib:/home/student36/ws_moveit/install/moveit_setup_controllers/lib:/home/student36/ws_moveit/install/moveit_setup_app_plugins/lib:/home/student36/ws_moveit/install/moveit_setup_framework/lib:/home/student36/ws_moveit/install/moveit_servo/lib:/home/student36/ws_moveit/install/moveit_ros_trajectory_cache/lib:/home/student36/ws_moveit/install/moveit_ros_visualization/lib:/home/student36/ws_moveit/install/moveit_py/lib:/home/student36/ws_moveit/install/moveit_hybrid_planning/lib:/home/student36/ws_moveit/install/moveit_ros_planning_interface/lib:/home/student36/ws_moveit/install/moveit_ros_benchmarks/lib:/home/student36/ws_moveit/install/moveit_ros_warehouse/lib:/home/student36/ws_moveit/install/moveit_ros_robot_interaction/lib:/home/student36/ws_moveit/install/moveit_ros_perception/lib:/home/student36/ws_moveit/install/moveit_ros_move_group/lib:/home/student36/ws_moveit/install/moveit_planners_ompl/lib:/home/student36/ws_moveit/install/moveit_kinematics/lib:/home/student36/ws_moveit/install/moveit_ros_planning/lib:/home/student36/ws_moveit/install/moveit_ros_occupancy_map_monitor/lib:/home/student36/ws_moveit/install/moveit_resources_prbt_ikfast_manipulator_plugin/lib:/home/student36/ws_moveit/install/moveit_planners_stomp/lib:/home/student36/ws_moveit/install/moveit_planners_chomp/lib:/home/student36/ws_moveit/install/chomp_motion_planner/lib:/home/student36/ws_moveit/install/moveit_core/lib:/home/student36/ws_moveit/install/moveit_msgs/lib:/home/student36/ws_moveit/install/kortex_driver/lib:/opt/ros/jazzy/opt/gz_sim_vendor/lib:/opt/ros/jazzy/opt/gz_sensors_vendor/lib:/opt/ros/jazzy/opt/gz_physics_vendor/lib:/opt/ros/jazzy/opt/sdformat_vendor/lib:/opt/ros/jazzy/opt/rviz_ogre_vendor/lib:/opt/ros/jazzy/lib/x86_64-linux-gnu:/opt/ros/jazzy/opt/gz_gui_vendor/lib:/opt/ros/jazzy/opt/gz_transport_vendor/lib:/opt/ros/jazzy/opt/gz_rendering_vendor/lib:/opt/ros/jazzy/opt/gz_plugin_vendor/lib:/opt/ros/jazzy/opt/gz_fuel_tools_vendor/lib:/opt/ros/jazzy/opt/gz_msgs_vendor/lib:/opt/ros/jazzy/opt/gz_common_vendor/lib:/opt/ros/jazzy/opt/gz_math_vendor/lib:/opt/ros/jazzy/opt/gz_utils_vendor/lib:/opt/ros/jazzy/opt/gz_tools_vendor/lib:/opt/ros/jazzy/opt/gz_ogre_next_vendor/lib:/opt/ros/jazzy/opt/gz_dartsim_vendor/lib:/opt/ros/jazzy/opt/gz_cmake_vendor/lib:/opt/ros/jazzy/lib /usr/bin/cmake --build /home/student36/RoboticsDesignProject/Git-repos/LeoRover-Team7/elephant_arm_ws/build/moveit_task_constructor_capabilities -- -j12 -l12
[3.526s] DEBUG:colcon.colcon_core.event_handler.log_command:Invoking command in '/home/student36/RoboticsDesignProject/Git-repos/LeoRover-Team7/elephant_arm_ws/build/moveit_task_constructor_visualization': CMAKE_PREFIX_PATH=/home/student36/RoboticsDesignProject/Git-repos/LeoRover-Team7/elephant_arm_ws/install/moveit_task_constructor_core:/home/student36/RoboticsDesignProject/Git-repos/LeoRover-Team7/elephant_arm_ws/install/rviz_marker_tools:/home/student36/RoboticsDesignProject/Git-repos/LeoRover-Team7/elephant_arm_ws/install/moveit_task_constructor_msgs:/home/student36/RoboticsDesignProject/Git-repos/LeoRover-Team7/elephant_arm_ws/install/mtc_tutorial:/home/student36/RoboticsDesignProject/Git-repos/LeoRover-Team7/elephant_arm_ws/install/moveit_task_constructor_demo:/home/student36/RoboticsDesignProject/Git-repos/LeoRover-Team7/elephant_arm_ws/install/moveit_task_constructor_visualization:/home/student36/RoboticsDesignProject/Git-repos/LeoRover-Team7/elephant_arm_ws/install/moveit_task_constructor_capabilities:/home/student36/RoboticsDesignProject/Git-repos/LeoRover-Team7/elephant_arm_ws/install/mycobot_ros2:/home/student36/RoboticsDesignProject/Git-repos/LeoRover-Team7/elephant_arm_ws/install/mycobot_moveit_config:/home/student36/RoboticsDesignProject/Git-repos/LeoRover-Team7/elephant_arm_ws/install/mycobot_gazebo:/home/student36/RoboticsDesignProject/Git-repos/LeoRover-Team7/elephant_arm_ws/install/mycobot_description:/home/student36/RoboticsDesignProject/Git-repos/LeoRover-Team7/elephant_arm_ws/install/mycobot_bringup:/home/student36/RoboticsDesignProject/Git-repos/LeoRover-Team7/elephant_arm_ws/install/hello_moveit:/home/student36/ros2_tutorial_workspace/install/package_with_interfaces:/home/student36/ws_moveit/install/robotiq_hardware_tests:/home/student36/ws_moveit/install/robotiq_driver:/home/student36/ws_moveit/install/serial:/home/student36/ws_moveit/install/moveit2_tutorials:/home/student36/ws_moveit/install/hello_moveit:/home/student36/ws_moveit/install/moveit_visual_tools:/home/student36/ws_moveit/install/rviz_visual_tools:/home/student36/ws_moveit/install/mtc_tutorial:/home/student36/ws_moveit/install/moveit_task_constructor_demo:/home/student36/ws_moveit/install/moveit_task_constructor_visualization:/home/student36/ws_moveit/install/moveit_task_constructor_capabilities:/home/student36/ws_moveit/install/elephant:/home/student36/ws_moveit/install/moveit_task_constructor_core:/home/student36/ws_moveit/install/rviz_marker_tools:/home/student36/ws_moveit/install/kortex_bringup:/home/student36/ws_moveit/install/kinova_gen3_lite_moveit_config:/home/student36/ws_moveit/install/kinova_gen3_7dof_robotiq_2f_85_moveit_config:/home/student36/ws_moveit/install/kinova_gen3_6dof_robotiq_2f_85_moveit_config:/home/student36/ws_moveit/install/kortex_description:/home/student36/ws_moveit/install/robotiq_description:/home/student36/ws_moveit/install/robotiq_controllers:/home/student36/ws_moveit/install/pilz_industrial_motion_planner_testutils:/home/student36/ws_moveit/install/mycobot_280_moveit2:/home/student36/ws_moveit/install/moveit_runtime:/home/student36/ws_moveit/install/moveit:/home/student36/ws_moveit/install/elephant_arm:/home/student36/ws_moveit/install/moveit_planners:/home/student36/ws_moveit/install/pilz_industrial_motion_planner:/home/student36/ws_moveit/install/mycobot_description:/home/student36/ws_moveit/install/moveit_task_constructor_msgs:/home/student36/ws_moveit/install/moveit_ros_control_interface:/home/student36/ws_moveit/install/moveit_plugins:/home/student36/ws_moveit/install/moveit_simple_controller_manager:/home/student36/ws_moveit/install/moveit_setup_assistant:/home/student36/ws_moveit/install/moveit_setup_srdf_plugins:/home/student36/ws_moveit/install/moveit_setup_core_plugins:/home/student36/ws_moveit/install/moveit_setup_controllers:/home/student36/ws_moveit/install/moveit_setup_app_plugins:/home/student36/ws_moveit/install/moveit_setup_framework:/home/student36/ws_moveit/install/moveit_servo:/home/student36/ws_moveit/install/moveit_ros_trajectory_cache:/home/student36/ws_moveit/install/moveit_ros:/home/student36/ws_moveit/install/moveit_ros_visualization:/home/student36/ws_moveit/install/moveit_py:/home/student36/ws_moveit/install/moveit_hybrid_planning:/home/student36/ws_moveit/install/moveit_ros_planning_interface:/home/student36/ws_moveit/install/moveit_ros_benchmarks:/home/student36/ws_moveit/install/moveit_ros_warehouse:/home/student36/ws_moveit/install/moveit_ros_robot_interaction:/home/student36/ws_moveit/install/moveit_ros_perception:/home/student36/ws_moveit/install/moveit_resources_prbt_pg70_support:/home/student36/ws_moveit/install/moveit_resources_prbt_moveit_config:/home/student36/ws_moveit/install/moveit_ros_move_group:/home/student36/ws_moveit/install/moveit_planners_ompl:/home/student36/ws_moveit/install/moveit_kinematics:/home/student36/ws_moveit/install/moveit_ros_planning:/home/student36/ws_moveit/install/moveit_ros_occupancy_map_monitor:/home/student36/ws_moveit/install/moveit_resources_prbt_support:/home/student36/ws_moveit/install/moveit_resources_prbt_ikfast_manipulator_plugin:/home/student36/ws_moveit/install/moveit_resources:/home/student36/ws_moveit/install/moveit_resources_pr2_description:/home/student36/ws_moveit/install/moveit_resources_panda_moveit_config:/home/student36/ws_moveit/install/dual_arm_panda_moveit_config:/home/student36/ws_moveit/install/moveit_resources_panda_description:/home/student36/ws_moveit/install/moveit_resources_fanuc_moveit_config:/home/student36/ws_moveit/install/moveit_resources_fanuc_description:/home/student36/ws_moveit/install/moveit_planners_stomp:/home/student36/ws_moveit/install/moveit_planners_chomp:/home/student36/ws_moveit/install/chomp_motion_planner:/home/student36/ws_moveit/install/moveit_core:/home/student36/ws_moveit/install/moveit_msgs:/home/student36/ws_moveit/install/moveit_common:/home/student36/ws_moveit/install/kortex_driver:/home/student36/ws_moveit/install/kortex_api:/home/student36/rplidar_ws/install/rplidar_ros:/home/student36/elephant_arm_ws/install/mycobot_280_moveit2:/opt/ros/jazzy/opt/gz_sim_vendor:/opt/ros/jazzy/opt/gz_sensors_vendor:/opt/ros/jazzy/opt/gz_physics_vendor:/opt/ros/jazzy/opt/sdformat_vendor:/opt/ros/jazzy/opt/gz_gui_vendor:/opt/ros/jazzy/opt/gz_transport_vendor:/opt/ros/jazzy/opt/gz_rendering_vendor:/opt/ros/jazzy/opt/gz_plugin_vendor:/opt/ros/jazzy/opt/gz_fuel_tools_vendor:/opt/ros/jazzy/opt/gz_msgs_vendor:/opt/ros/jazzy/opt/gz_common_vendor:/opt/ros/jazzy/opt/gz_math_vendor:/opt/ros/jazzy/opt/gz_utils_vendor:/opt/ros/jazzy/opt/gz_tools_vendor:/opt/ros/jazzy/opt/gz_ogre_next_vendor:/opt/ros/jazzy/opt/gz_dartsim_vendor:/opt/ros/jazzy/opt/gz_cmake_vendor:/home/student36/ros2_tutorial_workspace/install/the_simplest_python_package:/home/student36/ros2_tutorial_workspace/install/python_package_with_a_node:/home/student36/ros2_tutorial_workspace/install/python_package_that_uses_the_library:/home/student36/ros2_tutorial_workspace/install/python_package_with_a_library:/home/student36/ros2_tutorial_workspace/install/python_package_that_uses_the_services:/home/student36/ros2_tutorial_workspace/install/python_package_that_uses_the_actions:/home/student36/ros2_tutorial_workspace/install/python_package_that_uses_tf2:/home/student36/ros2_tutorial_workspace/install/python_package_that_uses_parameters_and_launch_files:/home/student36/ros2_tutorial_workspace/install/python_package_that_uses_nottf2:/home/student36/ros2_tutorial_workspace/install/python_package_that_uses_nav2:/home/student36/ros2_tutorial_workspace/install/python_package_that_uses_messages:/home/student36/ros2_tutorial_workspace/install/python_package_that_uses_geometry_msgs:/home/student36/ros2_tutorial_workspace/install/python_package_that_uses_gazebo:/home/student36/ws_moveit/install/moveit_configs_utils:/home/student36/elephant_arm_ws/install/mycobot_description:/opt/ros/jazzy DEBUGINFOD_URLS=https://debuginfod.ubuntu.com LD_LIBRARY_PATH=/home/student36/RoboticsDesignProject/Git-repos/LeoRover-Team7/elephant_arm_ws/install/moveit_task_constructor_core/lib:/home/student36/RoboticsDesignProject/Git-repos/LeoRover-Team7/elephant_arm_ws/install/rviz_marker_tools/lib:/home/student36/RoboticsDesignProject/Git-repos/LeoRover-Team7/elephant_arm_ws/install/moveit_task_constructor_msgs/lib:/home/student36/RoboticsDesignProject/Git-repos/LeoRover-Team7/elephant_arm_ws/install/moveit_task_constructor_demo/lib:/home/student36/RoboticsDesignProject/Git-repos/LeoRover-Team7/elephant_arm_ws/install/moveit_task_constructor_visualization/lib:/home/student36/RoboticsDesignProject/Git-repos/LeoRover-Team7/elephant_arm_ws/install/moveit_task_constructor_capabilities/lib:/home/student36/ros2_tutorial_workspace/install/package_with_interfaces/lib:/home/student36/ws_moveit/install/robotiq_driver/lib:/home/student36/ws_moveit/install/serial/lib:/home/student36/ws_moveit/install/moveit_visual_tools/lib:/home/student36/ws_moveit/install/rviz_visual_tools/lib:/home/student36/ws_moveit/install/moveit_task_constructor_demo/lib:/home/student36/ws_moveit/install/moveit_task_constructor_visualization/lib:/home/student36/ws_moveit/install/moveit_task_constructor_capabilities/lib:/home/student36/ws_moveit/install/moveit_task_constructor_core/lib:/home/student36/ws_moveit/install/rviz_marker_tools/lib:/home/student36/ws_moveit/install/robotiq_controllers/lib:/home/student36/ws_moveit/install/pilz_industrial_motion_planner_testutils/lib:/home/student36/ws_moveit/install/pilz_industrial_motion_planner/lib:/home/student36/ws_moveit/install/moveit_task_constructor_msgs/lib:/home/student36/ws_moveit/install/moveit_ros_control_interface/lib:/home/student36/ws_moveit/install/moveit_simple_controller_manager/lib:/home/student36/ws_moveit/install/moveit_setup_assistant/lib:/home/student36/ws_moveit/install/moveit_setup_srdf_plugins/lib:/home/student36/ws_moveit/install/moveit_setup_core_plugins/lib:/home/student36/ws_moveit/install/moveit_setup_controllers/lib:/home/student36/ws_moveit/install/moveit_setup_app_plugins/lib:/home/student36/ws_moveit/install/moveit_setup_framework/lib:/home/student36/ws_moveit/install/moveit_servo/lib:/home/student36/ws_moveit/install/moveit_ros_trajectory_cache/lib:/home/student36/ws_moveit/install/moveit_ros_visualization/lib:/home/student36/ws_moveit/install/moveit_py/lib:/home/student36/ws_moveit/install/moveit_hybrid_planning/lib:/home/student36/ws_moveit/install/moveit_ros_planning_interface/lib:/home/student36/ws_moveit/install/moveit_ros_benchmarks/lib:/home/student36/ws_moveit/install/moveit_ros_warehouse/lib:/home/student36/ws_moveit/install/moveit_ros_robot_interaction/lib:/home/student36/ws_moveit/install/moveit_ros_perception/lib:/home/student36/ws_moveit/install/moveit_ros_move_group/lib:/home/student36/ws_moveit/install/moveit_planners_ompl/lib:/home/student36/ws_moveit/install/moveit_kinematics/lib:/home/student36/ws_moveit/install/moveit_ros_planning/lib:/home/student36/ws_moveit/install/moveit_ros_occupancy_map_monitor/lib:/home/student36/ws_moveit/install/moveit_resources_prbt_ikfast_manipulator_plugin/lib:/home/student36/ws_moveit/install/moveit_planners_stomp/lib:/home/student36/ws_moveit/install/moveit_planners_chomp/lib:/home/student36/ws_moveit/install/chomp_motion_planner/lib:/home/student36/ws_moveit/install/moveit_core/lib:/home/student36/ws_moveit/install/moveit_msgs/lib:/home/student36/ws_moveit/install/kortex_driver/lib:/opt/ros/jazzy/opt/gz_sim_vendor/lib:/opt/ros/jazzy/opt/gz_sensors_vendor/lib:/opt/ros/jazzy/opt/gz_physics_vendor/lib:/opt/ros/jazzy/opt/sdformat_vendor/lib:/opt/ros/jazzy/opt/rviz_ogre_vendor/lib:/opt/ros/jazzy/lib/x86_64-linux-gnu:/opt/ros/jazzy/opt/gz_gui_vendor/lib:/opt/ros/jazzy/opt/gz_transport_vendor/lib:/opt/ros/jazzy/opt/gz_rendering_vendor/lib:/opt/ros/jazzy/opt/gz_plugin_vendor/lib:/opt/ros/jazzy/opt/gz_fuel_tools_vendor/lib:/opt/ros/jazzy/opt/gz_msgs_vendor/lib:/opt/ros/jazzy/opt/gz_common_vendor/lib:/opt/ros/jazzy/opt/gz_math_vendor/lib:/opt/ros/jazzy/opt/gz_utils_vendor/lib:/opt/ros/jazzy/opt/gz_tools_vendor/lib:/opt/ros/jazzy/opt/gz_ogre_next_vendor/lib:/opt/ros/jazzy/opt/gz_dartsim_vendor/lib:/opt/ros/jazzy/opt/gz_cmake_vendor/lib:/opt/ros/jazzy/lib /usr/bin/cmake --build /home/student36/RoboticsDesignProject/Git-repos/LeoRover-Team7/elephant_arm_ws/build/moveit_task_constructor_visualization -- -j12 -l12
[3.552s] DEBUG:colcon.colcon_core.event_handler.log_command:Invoking command in '/home/student36/RoboticsDesignProject/Git-repos/LeoRover-Team7/elephant_arm_ws/build/mtc_tutorial': CMAKE_PREFIX_PATH=/home/student36/RoboticsDesignProject/Git-repos/LeoRover-Team7/elephant_arm_ws/install/moveit_task_constructor_core:/home/student36/RoboticsDesignProject/Git-repos/LeoRover-Team7/elephant_arm_ws/install/rviz_marker_tools:/home/student36/RoboticsDesignProject/Git-repos/LeoRover-Team7/elephant_arm_ws/install/moveit_task_constructor_msgs:/home/student36/RoboticsDesignProject/Git-repos/LeoRover-Team7/elephant_arm_ws/install/mtc_tutorial:/home/student36/RoboticsDesignProject/Git-repos/LeoRover-Team7/elephant_arm_ws/install/moveit_task_constructor_demo:/home/student36/RoboticsDesignProject/Git-repos/LeoRover-Team7/elephant_arm_ws/install/moveit_task_constructor_visualization:/home/student36/RoboticsDesignProject/Git-repos/LeoRover-Team7/elephant_arm_ws/install/moveit_task_constructor_capabilities:/home/student36/RoboticsDesignProject/Git-repos/LeoRover-Team7/elephant_arm_ws/install/mycobot_ros2:/home/student36/RoboticsDesignProject/Git-repos/LeoRover-Team7/elephant_arm_ws/install/mycobot_moveit_config:/home/student36/RoboticsDesignProject/Git-repos/LeoRover-Team7/elephant_arm_ws/install/mycobot_gazebo:/home/student36/RoboticsDesignProject/Git-repos/LeoRover-Team7/elephant_arm_ws/install/mycobot_description:/home/student36/RoboticsDesignProject/Git-repos/LeoRover-Team7/elephant_arm_ws/install/mycobot_bringup:/home/student36/RoboticsDesignProject/Git-repos/LeoRover-Team7/elephant_arm_ws/install/hello_moveit:/home/student36/ros2_tutorial_workspace/install/package_with_interfaces:/home/student36/ws_moveit/install/robotiq_hardware_tests:/home/student36/ws_moveit/install/robotiq_driver:/home/student36/ws_moveit/install/serial:/home/student36/ws_moveit/install/moveit2_tutorials:/home/student36/ws_moveit/install/hello_moveit:/home/student36/ws_moveit/install/moveit_visual_tools:/home/student36/ws_moveit/install/rviz_visual_tools:/home/student36/ws_moveit/install/mtc_tutorial:/home/student36/ws_moveit/install/moveit_task_constructor_demo:/home/student36/ws_moveit/install/moveit_task_constructor_visualization:/home/student36/ws_moveit/install/moveit_task_constructor_capabilities:/home/student36/ws_moveit/install/elephant:/home/student36/ws_moveit/install/moveit_task_constructor_core:/home/student36/ws_moveit/install/rviz_marker_tools:/home/student36/ws_moveit/install/kortex_bringup:/home/student36/ws_moveit/install/kinova_gen3_lite_moveit_config:/home/student36/ws_moveit/install/kinova_gen3_7dof_robotiq_2f_85_moveit_config:/home/student36/ws_moveit/install/kinova_gen3_6dof_robotiq_2f_85_moveit_config:/home/student36/ws_moveit/install/kortex_description:/home/student36/ws_moveit/install/robotiq_description:/home/student36/ws_moveit/install/robotiq_controllers:/home/student36/ws_moveit/install/pilz_industrial_motion_planner_testutils:/home/student36/ws_moveit/install/mycobot_280_moveit2:/home/student36/ws_moveit/install/moveit_runtime:/home/student36/ws_moveit/install/moveit:/home/student36/ws_moveit/install/elephant_arm:/home/student36/ws_moveit/install/moveit_planners:/home/student36/ws_moveit/install/pilz_industrial_motion_planner:/home/student36/ws_moveit/install/mycobot_description:/home/student36/ws_moveit/install/moveit_task_constructor_msgs:/home/student36/ws_moveit/install/moveit_ros_control_interface:/home/student36/ws_moveit/install/moveit_plugins:/home/student36/ws_moveit/install/moveit_simple_controller_manager:/home/student36/ws_moveit/install/moveit_setup_assistant:/home/student36/ws_moveit/install/moveit_setup_srdf_plugins:/home/student36/ws_moveit/install/moveit_setup_core_plugins:/home/student36/ws_moveit/install/moveit_setup_controllers:/home/student36/ws_moveit/install/moveit_setup_app_plugins:/home/student36/ws_moveit/install/moveit_setup_framework:/home/student36/ws_moveit/install/moveit_servo:/home/student36/ws_moveit/install/moveit_ros_trajectory_cache:/home/student36/ws_moveit/install/moveit_ros:/home/student36/ws_moveit/install/moveit_ros_visualization:/home/student36/ws_moveit/install/moveit_py:/home/student36/ws_moveit/install/moveit_hybrid_planning:/home/student36/ws_moveit/install/moveit_ros_planning_interface:/home/student36/ws_moveit/install/moveit_ros_benchmarks:/home/student36/ws_moveit/install/moveit_ros_warehouse:/home/student36/ws_moveit/install/moveit_ros_robot_interaction:/home/student36/ws_moveit/install/moveit_ros_perception:/home/student36/ws_moveit/install/moveit_resources_prbt_pg70_support:/home/student36/ws_moveit/install/moveit_resources_prbt_moveit_config:/home/student36/ws_moveit/install/moveit_ros_move_group:/home/student36/ws_moveit/install/moveit_planners_ompl:/home/student36/ws_moveit/install/moveit_kinematics:/home/student36/ws_moveit/install/moveit_ros_planning:/home/student36/ws_moveit/install/moveit_ros_occupancy_map_monitor:/home/student36/ws_moveit/install/moveit_resources_prbt_support:/home/student36/ws_moveit/install/moveit_resources_prbt_ikfast_manipulator_plugin:/home/student36/ws_moveit/install/moveit_resources:/home/student36/ws_moveit/install/moveit_resources_pr2_description:/home/student36/ws_moveit/install/moveit_resources_panda_moveit_config:/home/student36/ws_moveit/install/dual_arm_panda_moveit_config:/home/student36/ws_moveit/install/moveit_resources_panda_description:/home/student36/ws_moveit/install/moveit_resources_fanuc_moveit_config:/home/student36/ws_moveit/install/moveit_resources_fanuc_description:/home/student36/ws_moveit/install/moveit_planners_stomp:/home/student36/ws_moveit/install/moveit_planners_chomp:/home/student36/ws_moveit/install/chomp_motion_planner:/home/student36/ws_moveit/install/moveit_core:/home/student36/ws_moveit/install/moveit_msgs:/home/student36/ws_moveit/install/moveit_common:/home/student36/ws_moveit/install/kortex_driver:/home/student36/ws_moveit/install/kortex_api:/home/student36/rplidar_ws/install/rplidar_ros:/home/student36/elephant_arm_ws/install/mycobot_280_moveit2:/opt/ros/jazzy/opt/gz_sim_vendor:/opt/ros/jazzy/opt/gz_sensors_vendor:/opt/ros/jazzy/opt/gz_physics_vendor:/opt/ros/jazzy/opt/sdformat_vendor:/opt/ros/jazzy/opt/gz_gui_vendor:/opt/ros/jazzy/opt/gz_transport_vendor:/opt/ros/jazzy/opt/gz_rendering_vendor:/opt/ros/jazzy/opt/gz_plugin_vendor:/opt/ros/jazzy/opt/gz_fuel_tools_vendor:/opt/ros/jazzy/opt/gz_msgs_vendor:/opt/ros/jazzy/opt/gz_common_vendor:/opt/ros/jazzy/opt/gz_math_vendor:/opt/ros/jazzy/opt/gz_utils_vendor:/opt/ros/jazzy/opt/gz_tools_vendor:/opt/ros/jazzy/opt/gz_ogre_next_vendor:/opt/ros/jazzy/opt/gz_dartsim_vendor:/opt/ros/jazzy/opt/gz_cmake_vendor:/home/student36/ros2_tutorial_workspace/install/the_simplest_python_package:/home/student36/ros2_tutorial_workspace/install/python_package_with_a_node:/home/student36/ros2_tutorial_workspace/install/python_package_that_uses_the_library:/home/student36/ros2_tutorial_workspace/install/python_package_with_a_library:/home/student36/ros2_tutorial_workspace/install/python_package_that_uses_the_services:/home/student36/ros2_tutorial_workspace/install/python_package_that_uses_the_actions:/home/student36/ros2_tutorial_workspace/install/python_package_that_uses_tf2:/home/student36/ros2_tutorial_workspace/install/python_package_that_uses_parameters_and_launch_files:/home/student36/ros2_tutorial_workspace/install/python_package_that_uses_nottf2:/home/student36/ros2_tutorial_workspace/install/python_package_that_uses_nav2:/home/student36/ros2_tutorial_workspace/install/python_package_that_uses_messages:/home/student36/ros2_tutorial_workspace/install/python_package_that_uses_geometry_msgs:/home/student36/ros2_tutorial_workspace/install/python_package_that_uses_gazebo:/home/student36/ws_moveit/install/moveit_configs_utils:/home/student36/elephant_arm_ws/install/mycobot_description:/opt/ros/jazzy DEBUGINFOD_URLS=https://debuginfod.ubuntu.com LD_LIBRARY_PATH=/home/student36/RoboticsDesignProject/Git-repos/LeoRover-Team7/elephant_arm_ws/install/moveit_task_constructor_core/lib:/home/student36/RoboticsDesignProject/Git-repos/LeoRover-Team7/elephant_arm_ws/install/rviz_marker_tools/lib:/home/student36/RoboticsDesignProject/Git-repos/LeoRover-Team7/elephant_arm_ws/install/moveit_task_constructor_msgs/lib:/home/student36/RoboticsDesignProject/Git-repos/LeoRover-Team7/elephant_arm_ws/install/moveit_task_constructor_demo/lib:/home/student36/RoboticsDesignProject/Git-repos/LeoRover-Team7/elephant_arm_ws/install/moveit_task_constructor_visualization/lib:/home/student36/RoboticsDesignProject/Git-repos/LeoRover-Team7/elephant_arm_ws/install/moveit_task_constructor_capabilities/lib:/home/student36/ros2_tutorial_workspace/install/package_with_interfaces/lib:/home/student36/ws_moveit/install/robotiq_driver/lib:/home/student36/ws_moveit/install/serial/lib:/home/student36/ws_moveit/install/moveit_visual_tools/lib:/home/student36/ws_moveit/install/rviz_visual_tools/lib:/home/student36/ws_moveit/install/moveit_task_constructor_demo/lib:/home/student36/ws_moveit/install/moveit_task_constructor_visualization/lib:/home/student36/ws_moveit/install/moveit_task_constructor_capabilities/lib:/home/student36/ws_moveit/install/moveit_task_constructor_core/lib:/home/student36/ws_moveit/install/rviz_marker_tools/lib:/home/student36/ws_moveit/install/robotiq_controllers/lib:/home/student36/ws_moveit/install/pilz_industrial_motion_planner_testutils/lib:/home/student36/ws_moveit/install/pilz_industrial_motion_planner/lib:/home/student36/ws_moveit/install/moveit_task_constructor_msgs/lib:/home/student36/ws_moveit/install/moveit_ros_control_interface/lib:/home/student36/ws_moveit/install/moveit_simple_controller_manager/lib:/home/student36/ws_moveit/install/moveit_setup_assistant/lib:/home/student36/ws_moveit/install/moveit_setup_srdf_plugins/lib:/home/student36/ws_moveit/install/moveit_setup_core_plugins/lib:/home/student36/ws_moveit/install/moveit_setup_controllers/lib:/home/student36/ws_moveit/install/moveit_setup_app_plugins/lib:/home/student36/ws_moveit/install/moveit_setup_framework/lib:/home/student36/ws_moveit/install/moveit_servo/lib:/home/student36/ws_moveit/install/moveit_ros_trajectory_cache/lib:/home/student36/ws_moveit/install/moveit_ros_visualization/lib:/home/student36/ws_moveit/install/moveit_py/lib:/home/student36/ws_moveit/install/moveit_hybrid_planning/lib:/home/student36/ws_moveit/install/moveit_ros_planning_interface/lib:/home/student36/ws_moveit/install/moveit_ros_benchmarks/lib:/home/student36/ws_moveit/install/moveit_ros_warehouse/lib:/home/student36/ws_moveit/install/moveit_ros_robot_interaction/lib:/home/student36/ws_moveit/install/moveit_ros_perception/lib:/home/student36/ws_moveit/install/moveit_ros_move_group/lib:/home/student36/ws_moveit/install/moveit_planners_ompl/lib:/home/student36/ws_moveit/install/moveit_kinematics/lib:/home/student36/ws_moveit/install/moveit_ros_planning/lib:/home/student36/ws_moveit/install/moveit_ros_occupancy_map_monitor/lib:/home/student36/ws_moveit/install/moveit_resources_prbt_ikfast_manipulator_plugin/lib:/home/student36/ws_moveit/install/moveit_planners_stomp/lib:/home/student36/ws_moveit/install/moveit_planners_chomp/lib:/home/student36/ws_moveit/install/chomp_motion_planner/lib:/home/student36/ws_moveit/install/moveit_core/lib:/home/student36/ws_moveit/install/moveit_msgs/lib:/home/student36/ws_moveit/install/kortex_driver/lib:/opt/ros/jazzy/opt/gz_sim_vendor/lib:/opt/ros/jazzy/opt/gz_sensors_vendor/lib:/opt/ros/jazzy/opt/gz_physics_vendor/lib:/opt/ros/jazzy/opt/sdformat_vendor/lib:/opt/ros/jazzy/opt/rviz_ogre_vendor/lib:/opt/ros/jazzy/lib/x86_64-linux-gnu:/opt/ros/jazzy/opt/gz_gui_vendor/lib:/opt/ros/jazzy/opt/gz_transport_vendor/lib:/opt/ros/jazzy/opt/gz_rendering_vendor/lib:/opt/ros/jazzy/opt/gz_plugin_vendor/lib:/opt/ros/jazzy/opt/gz_fuel_tools_vendor/lib:/opt/ros/jazzy/opt/gz_msgs_vendor/lib:/opt/ros/jazzy/opt/gz_common_vendor/lib:/opt/ros/jazzy/opt/gz_math_vendor/lib:/opt/ros/jazzy/opt/gz_utils_vendor/lib:/opt/ros/jazzy/opt/gz_tools_vendor/lib:/opt/ros/jazzy/opt/gz_ogre_next_vendor/lib:/opt/ros/jazzy/opt/gz_dartsim_vendor/lib:/opt/ros/jazzy/opt/gz_cmake_vendor/lib:/opt/ros/jazzy/lib /usr/bin/cmake --build /home/student36/RoboticsDesignProject/Git-repos/LeoRover-Team7/elephant_arm_ws/build/mtc_tutorial -- -j12 -l12
[3.942s] DEBUG:colcon.colcon_core.event_handler.log_command:Invoked command in '/home/student36/RoboticsDesignProject/Git-repos/LeoRover-Team7/elephant_arm_ws/build/moveit_task_constructor_capabilities' returned '0': CMAKE_PREFIX_PATH=/home/student36/RoboticsDesignProject/Git-repos/LeoRover-Team7/elephant_arm_ws/install/moveit_task_constructor_core:/home/student36/RoboticsDesignProject/Git-repos/LeoRover-Team7/elephant_arm_ws/install/rviz_marker_tools:/home/student36/RoboticsDesignProject/Git-repos/LeoRover-Team7/elephant_arm_ws/install/moveit_task_constructor_msgs:/home/student36/RoboticsDesignProject/Git-repos/LeoRover-Team7/elephant_arm_ws/install/mtc_tutorial:/home/student36/RoboticsDesignProject/Git-repos/LeoRover-Team7/elephant_arm_ws/install/moveit_task_constructor_demo:/home/student36/RoboticsDesignProject/Git-repos/LeoRover-Team7/elephant_arm_ws/install/moveit_task_constructor_visualization:/home/student36/RoboticsDesignProject/Git-repos/LeoRover-Team7/elephant_arm_ws/install/moveit_task_constructor_capabilities:/home/student36/RoboticsDesignProject/Git-repos/LeoRover-Team7/elephant_arm_ws/install/mycobot_ros2:/home/student36/RoboticsDesignProject/Git-repos/LeoRover-Team7/elephant_arm_ws/install/mycobot_moveit_config:/home/student36/RoboticsDesignProject/Git-repos/LeoRover-Team7/elephant_arm_ws/install/mycobot_gazebo:/home/student36/RoboticsDesignProject/Git-repos/LeoRover-Team7/elephant_arm_ws/install/mycobot_description:/home/student36/RoboticsDesignProject/Git-repos/LeoRover-Team7/elephant_arm_ws/install/mycobot_bringup:/home/student36/RoboticsDesignProject/Git-repos/LeoRover-Team7/elephant_arm_ws/install/hello_moveit:/home/student36/ros2_tutorial_workspace/install/package_with_interfaces:/home/student36/ws_moveit/install/robotiq_hardware_tests:/home/student36/ws_moveit/install/robotiq_driver:/home/student36/ws_moveit/install/serial:/home/student36/ws_moveit/install/moveit2_tutorials:/home/student36/ws_moveit/install/hello_moveit:/home/student36/ws_moveit/install/moveit_visual_tools:/home/student36/ws_moveit/install/rviz_visual_tools:/home/student36/ws_moveit/install/mtc_tutorial:/home/student36/ws_moveit/install/moveit_task_constructor_demo:/home/student36/ws_moveit/install/moveit_task_constructor_visualization:/home/student36/ws_moveit/install/moveit_task_constructor_capabilities:/home/student36/ws_moveit/install/elephant:/home/student36/ws_moveit/install/moveit_task_constructor_core:/home/student36/ws_moveit/install/rviz_marker_tools:/home/student36/ws_moveit/install/kortex_bringup:/home/student36/ws_moveit/install/kinova_gen3_lite_moveit_config:/home/student36/ws_moveit/install/kinova_gen3_7dof_robotiq_2f_85_moveit_config:/home/student36/ws_moveit/install/kinova_gen3_6dof_robotiq_2f_85_moveit_config:/home/student36/ws_moveit/install/kortex_description:/home/student36/ws_moveit/install/robotiq_description:/home/student36/ws_moveit/install/robotiq_controllers:/home/student36/ws_moveit/install/pilz_industrial_motion_planner_testutils:/home/student36/ws_moveit/install/mycobot_280_moveit2:/home/student36/ws_moveit/install/moveit_runtime:/home/student36/ws_moveit/install/moveit:/home/student36/ws_moveit/install/elephant_arm:/home/student36/ws_moveit/install/moveit_planners:/home/student36/ws_moveit/install/pilz_industrial_motion_planner:/home/student36/ws_moveit/install/mycobot_description:/home/student36/ws_moveit/install/moveit_task_constructor_msgs:/home/student36/ws_moveit/install/moveit_ros_control_interface:/home/student36/ws_moveit/install/moveit_plugins:/home/student36/ws_moveit/install/moveit_simple_controller_manager:/home/student36/ws_moveit/install/moveit_setup_assistant:/home/student36/ws_moveit/install/moveit_setup_srdf_plugins:/home/student36/ws_moveit/install/moveit_setup_core_plugins:/home/student36/ws_moveit/install/moveit_setup_controllers:/home/student36/ws_moveit/install/moveit_setup_app_plugins:/home/student36/ws_moveit/install/moveit_setup_framework:/home/student36/ws_moveit/install/moveit_servo:/home/student36/ws_moveit/install/moveit_ros_trajectory_cache:/home/student36/ws_moveit/install/moveit_ros:/home/student36/ws_moveit/install/moveit_ros_visualization:/home/student36/ws_moveit/install/moveit_py:/home/student36/ws_moveit/install/moveit_hybrid_planning:/home/student36/ws_moveit/install/moveit_ros_planning_interface:/home/student36/ws_moveit/install/moveit_ros_benchmarks:/home/student36/ws_moveit/install/moveit_ros_warehouse:/home/student36/ws_moveit/install/moveit_ros_robot_interaction:/home/student36/ws_moveit/install/moveit_ros_perception:/home/student36/ws_moveit/install/moveit_resources_prbt_pg70_support:/home/student36/ws_moveit/install/moveit_resources_prbt_moveit_config:/home/student36/ws_moveit/install/moveit_ros_move_group:/home/student36/ws_moveit/install/moveit_planners_ompl:/home/student36/ws_moveit/install/moveit_kinematics:/home/student36/ws_moveit/install/moveit_ros_planning:/home/student36/ws_moveit/install/moveit_ros_occupancy_map_monitor:/home/student36/ws_moveit/install/moveit_resources_prbt_support:/home/student36/ws_moveit/install/moveit_resources_prbt_ikfast_manipulator_plugin:/home/student36/ws_moveit/install/moveit_resources:/home/student36/ws_moveit/install/moveit_resources_pr2_description:/home/student36/ws_moveit/install/moveit_resources_panda_moveit_config:/home/student36/ws_moveit/install/dual_arm_panda_moveit_config:/home/student36/ws_moveit/install/moveit_resources_panda_description:/home/student36/ws_moveit/install/moveit_resources_fanuc_moveit_config:/home/student36/ws_moveit/install/moveit_resources_fanuc_description:/home/student36/ws_moveit/install/moveit_planners_stomp:/home/student36/ws_moveit/install/moveit_planners_chomp:/home/student36/ws_moveit/install/chomp_motion_planner:/home/student36/ws_moveit/install/moveit_core:/home/student36/ws_moveit/install/moveit_msgs:/home/student36/ws_moveit/install/moveit_common:/home/student36/ws_moveit/install/kortex_driver:/home/student36/ws_moveit/install/kortex_api:/home/student36/rplidar_ws/install/rplidar_ros:/home/student36/elephant_arm_ws/install/mycobot_280_moveit2:/opt/ros/jazzy/opt/gz_sim_vendor:/opt/ros/jazzy/opt/gz_sensors_vendor:/opt/ros/jazzy/opt/gz_physics_vendor:/opt/ros/jazzy/opt/sdformat_vendor:/opt/ros/jazzy/opt/gz_gui_vendor:/opt/ros/jazzy/opt/gz_transport_vendor:/opt/ros/jazzy/opt/gz_rendering_vendor:/opt/ros/jazzy/opt/gz_plugin_vendor:/opt/ros/jazzy/opt/gz_fuel_tools_vendor:/opt/ros/jazzy/opt/gz_msgs_vendor:/opt/ros/jazzy/opt/gz_common_vendor:/opt/ros/jazzy/opt/gz_math_vendor:/opt/ros/jazzy/opt/gz_utils_vendor:/opt/ros/jazzy/opt/gz_tools_vendor:/opt/ros/jazzy/opt/gz_ogre_next_vendor:/opt/ros/jazzy/opt/gz_dartsim_vendor:/opt/ros/jazzy/opt/gz_cmake_vendor:/home/student36/ros2_tutorial_workspace/install/the_simplest_python_package:/home/student36/ros2_tutorial_workspace/install/python_package_with_a_node:/home/student36/ros2_tutorial_workspace/install/python_package_that_uses_the_library:/home/student36/ros2_tutorial_workspace/install/python_package_with_a_library:/home/student36/ros2_tutorial_workspace/install/python_package_that_uses_the_services:/home/student36/ros2_tutorial_workspace/install/python_package_that_uses_the_actions:/home/student36/ros2_tutorial_workspace/install/python_package_that_uses_tf2:/home/student36/ros2_tutorial_workspace/install/python_package_that_uses_parameters_and_launch_files:/home/student36/ros2_tutorial_workspace/install/python_package_that_uses_nottf2:/home/student36/ros2_tutorial_workspace/install/python_package_that_uses_nav2:/home/student36/ros2_tutorial_workspace/install/python_package_that_uses_messages:/home/student36/ros2_tutorial_workspace/install/python_package_that_uses_geometry_msgs:/home/student36/ros2_tutorial_workspace/install/python_package_that_uses_gazebo:/home/student36/ws_moveit/install/moveit_configs_utils:/home/student36/elephant_arm_ws/install/mycobot_description:/opt/ros/jazzy DEBUGINFOD_URLS=https://debuginfod.ubuntu.com LD_LIBRARY_PATH=/home/student36/RoboticsDesignProject/Git-repos/LeoRover-Team7/elephant_arm_ws/install/moveit_task_constructor_core/lib:/home/student36/RoboticsDesignProject/Git-repos/LeoRover-Team7/elephant_arm_ws/install/rviz_marker_tools/lib:/home/student36/RoboticsDesignProject/Git-repos/LeoRover-Team7/elephant_arm_ws/install/moveit_task_constructor_msgs/lib:/home/student36/RoboticsDesignProject/Git-repos/LeoRover-Team7/elephant_arm_ws/install/moveit_task_constructor_demo/lib:/home/student36/RoboticsDesignProject/Git-repos/LeoRover-Team7/elephant_arm_ws/install/moveit_task_constructor_visualization/lib:/home/student36/RoboticsDesignProject/Git-repos/LeoRover-Team7/elephant_arm_ws/install/moveit_task_constructor_capabilities/lib:/home/student36/ros2_tutorial_workspace/install/package_with_interfaces/lib:/home/student36/ws_moveit/install/robotiq_driver/lib:/home/student36/ws_moveit/install/serial/lib:/home/student36/ws_moveit/install/moveit_visual_tools/lib:/home/student36/ws_moveit/install/rviz_visual_tools/lib:/home/student36/ws_moveit/install/moveit_task_constructor_demo/lib:/home/student36/ws_moveit/install/moveit_task_constructor_visualization/lib:/home/student36/ws_moveit/install/moveit_task_constructor_capabilities/lib:/home/student36/ws_moveit/install/moveit_task_constructor_core/lib:/home/student36/ws_moveit/install/rviz_marker_tools/lib:/home/student36/ws_moveit/install/robotiq_controllers/lib:/home/student36/ws_moveit/install/pilz_industrial_motion_planner_testutils/lib:/home/student36/ws_moveit/install/pilz_industrial_motion_planner/lib:/home/student36/ws_moveit/install/moveit_task_constructor_msgs/lib:/home/student36/ws_moveit/install/moveit_ros_control_interface/lib:/home/student36/ws_moveit/install/moveit_simple_controller_manager/lib:/home/student36/ws_moveit/install/moveit_setup_assistant/lib:/home/student36/ws_moveit/install/moveit_setup_srdf_plugins/lib:/home/student36/ws_moveit/install/moveit_setup_core_plugins/lib:/home/student36/ws_moveit/install/moveit_setup_controllers/lib:/home/student36/ws_moveit/install/moveit_setup_app_plugins/lib:/home/student36/ws_moveit/install/moveit_setup_framework/lib:/home/student36/ws_moveit/install/moveit_servo/lib:/home/student36/ws_moveit/install/moveit_ros_trajectory_cache/lib:/home/student36/ws_moveit/install/moveit_ros_visualization/lib:/home/student36/ws_moveit/install/moveit_py/lib:/home/student36/ws_moveit/install/moveit_hybrid_planning/lib:/home/student36/ws_moveit/install/moveit_ros_planning_interface/lib:/home/student36/ws_moveit/install/moveit_ros_benchmarks/lib:/home/student36/ws_moveit/install/moveit_ros_warehouse/lib:/home/student36/ws_moveit/install/moveit_ros_robot_interaction/lib:/home/student36/ws_moveit/install/moveit_ros_perception/lib:/home/student36/ws_moveit/install/moveit_ros_move_group/lib:/home/student36/ws_moveit/install/moveit_planners_ompl/lib:/home/student36/ws_moveit/install/moveit_kinematics/lib:/home/student36/ws_moveit/install/moveit_ros_planning/lib:/home/student36/ws_moveit/install/moveit_ros_occupancy_map_monitor/lib:/home/student36/ws_moveit/install/moveit_resources_prbt_ikfast_manipulator_plugin/lib:/home/student36/ws_moveit/install/moveit_planners_stomp/lib:/home/student36/ws_moveit/install/moveit_planners_chomp/lib:/home/student36/ws_moveit/install/chomp_motion_planner/lib:/home/student36/ws_moveit/install/moveit_core/lib:/home/student36/ws_moveit/install/moveit_msgs/lib:/home/student36/ws_moveit/install/kortex_driver/lib:/opt/ros/jazzy/opt/gz_sim_vendor/lib:/opt/ros/jazzy/opt/gz_sensors_vendor/lib:/opt/ros/jazzy/opt/gz_physics_vendor/lib:/opt/ros/jazzy/opt/sdformat_vendor/lib:/opt/ros/jazzy/opt/rviz_ogre_vendor/lib:/opt/ros/jazzy/lib/x86_64-linux-gnu:/opt/ros/jazzy/opt/gz_gui_vendor/lib:/opt/ros/jazzy/opt/gz_transport_vendor/lib:/opt/ros/jazzy/opt/gz_rendering_vendor/lib:/opt/ros/jazzy/opt/gz_plugin_vendor/lib:/opt/ros/jazzy/opt/gz_fuel_tools_vendor/lib:/opt/ros/jazzy/opt/gz_msgs_vendor/lib:/opt/ros/jazzy/opt/gz_common_vendor/lib:/opt/ros/jazzy/opt/gz_math_vendor/lib:/opt/ros/jazzy/opt/gz_utils_vendor/lib:/opt/ros/jazzy/opt/gz_tools_vendor/lib:/opt/ros/jazzy/opt/gz_ogre_next_vendor/lib:/opt/ros/jazzy/opt/gz_dartsim_vendor/lib:/opt/ros/jazzy/opt/gz_cmake_vendor/lib:/opt/ros/jazzy/lib /usr/bin/cmake --build /home/student36/RoboticsDesignProject/Git-repos/LeoRover-Team7/elephant_arm_ws/build/moveit_task_constructor_capabilities -- -j12 -l12
[3.943s] DEBUG:colcon.colcon_core.event_handler.log_command:Invoking command in '/home/student36/RoboticsDesignProject/Git-repos/LeoRover-Team7/elephant_arm_ws/build/moveit_task_constructor_capabilities': CMAKE_PREFIX_PATH=/home/student36/RoboticsDesignProject/Git-repos/LeoRover-Team7/elephant_arm_ws/install/moveit_task_constructor_core:/home/student36/RoboticsDesignProject/Git-repos/LeoRover-Team7/elephant_arm_ws/install/rviz_marker_tools:/home/student36/RoboticsDesignProject/Git-repos/LeoRover-Team7/elephant_arm_ws/install/moveit_task_constructor_msgs:/home/student36/RoboticsDesignProject/Git-repos/LeoRover-Team7/elephant_arm_ws/install/mtc_tutorial:/home/student36/RoboticsDesignProject/Git-repos/LeoRover-Team7/elephant_arm_ws/install/moveit_task_constructor_demo:/home/student36/RoboticsDesignProject/Git-repos/LeoRover-Team7/elephant_arm_ws/install/moveit_task_constructor_visualization:/home/student36/RoboticsDesignProject/Git-repos/LeoRover-Team7/elephant_arm_ws/install/moveit_task_constructor_capabilities:/home/student36/RoboticsDesignProject/Git-repos/LeoRover-Team7/elephant_arm_ws/install/mycobot_ros2:/home/student36/RoboticsDesignProject/Git-repos/LeoRover-Team7/elephant_arm_ws/install/mycobot_moveit_config:/home/student36/RoboticsDesignProject/Git-repos/LeoRover-Team7/elephant_arm_ws/install/mycobot_gazebo:/home/student36/RoboticsDesignProject/Git-repos/LeoRover-Team7/elephant_arm_ws/install/mycobot_description:/home/student36/RoboticsDesignProject/Git-repos/LeoRover-Team7/elephant_arm_ws/install/mycobot_bringup:/home/student36/RoboticsDesignProject/Git-repos/LeoRover-Team7/elephant_arm_ws/install/hello_moveit:/home/student36/ros2_tutorial_workspace/install/package_with_interfaces:/home/student36/ws_moveit/install/robotiq_hardware_tests:/home/student36/ws_moveit/install/robotiq_driver:/home/student36/ws_moveit/install/serial:/home/student36/ws_moveit/install/moveit2_tutorials:/home/student36/ws_moveit/install/hello_moveit:/home/student36/ws_moveit/install/moveit_visual_tools:/home/student36/ws_moveit/install/rviz_visual_tools:/home/student36/ws_moveit/install/mtc_tutorial:/home/student36/ws_moveit/install/moveit_task_constructor_demo:/home/student36/ws_moveit/install/moveit_task_constructor_visualization:/home/student36/ws_moveit/install/moveit_task_constructor_capabilities:/home/student36/ws_moveit/install/elephant:/home/student36/ws_moveit/install/moveit_task_constructor_core:/home/student36/ws_moveit/install/rviz_marker_tools:/home/student36/ws_moveit/install/kortex_bringup:/home/student36/ws_moveit/install/kinova_gen3_lite_moveit_config:/home/student36/ws_moveit/install/kinova_gen3_7dof_robotiq_2f_85_moveit_config:/home/student36/ws_moveit/install/kinova_gen3_6dof_robotiq_2f_85_moveit_config:/home/student36/ws_moveit/install/kortex_description:/home/student36/ws_moveit/install/robotiq_description:/home/student36/ws_moveit/install/robotiq_controllers:/home/student36/ws_moveit/install/pilz_industrial_motion_planner_testutils:/home/student36/ws_moveit/install/mycobot_280_moveit2:/home/student36/ws_moveit/install/moveit_runtime:/home/student36/ws_moveit/install/moveit:/home/student36/ws_moveit/install/elephant_arm:/home/student36/ws_moveit/install/moveit_planners:/home/student36/ws_moveit/install/pilz_industrial_motion_planner:/home/student36/ws_moveit/install/mycobot_description:/home/student36/ws_moveit/install/moveit_task_constructor_msgs:/home/student36/ws_moveit/install/moveit_ros_control_interface:/home/student36/ws_moveit/install/moveit_plugins:/home/student36/ws_moveit/install/moveit_simple_controller_manager:/home/student36/ws_moveit/install/moveit_setup_assistant:/home/student36/ws_moveit/install/moveit_setup_srdf_plugins:/home/student36/ws_moveit/install/moveit_setup_core_plugins:/home/student36/ws_moveit/install/moveit_setup_controllers:/home/student36/ws_moveit/install/moveit_setup_app_plugins:/home/student36/ws_moveit/install/moveit_setup_framework:/home/student36/ws_moveit/install/moveit_servo:/home/student36/ws_moveit/install/moveit_ros_trajectory_cache:/home/student36/ws_moveit/install/moveit_ros:/home/student36/ws_moveit/install/moveit_ros_visualization:/home/student36/ws_moveit/install/moveit_py:/home/student36/ws_moveit/install/moveit_hybrid_planning:/home/student36/ws_moveit/install/moveit_ros_planning_interface:/home/student36/ws_moveit/install/moveit_ros_benchmarks:/home/student36/ws_moveit/install/moveit_ros_warehouse:/home/student36/ws_moveit/install/moveit_ros_robot_interaction:/home/student36/ws_moveit/install/moveit_ros_perception:/home/student36/ws_moveit/install/moveit_resources_prbt_pg70_support:/home/student36/ws_moveit/install/moveit_resources_prbt_moveit_config:/home/student36/ws_moveit/install/moveit_ros_move_group:/home/student36/ws_moveit/install/moveit_planners_ompl:/home/student36/ws_moveit/install/moveit_kinematics:/home/student36/ws_moveit/install/moveit_ros_planning:/home/student36/ws_moveit/install/moveit_ros_occupancy_map_monitor:/home/student36/ws_moveit/install/moveit_resources_prbt_support:/home/student36/ws_moveit/install/moveit_resources_prbt_ikfast_manipulator_plugin:/home/student36/ws_moveit/install/moveit_resources:/home/student36/ws_moveit/install/moveit_resources_pr2_description:/home/student36/ws_moveit/install/moveit_resources_panda_moveit_config:/home/student36/ws_moveit/install/dual_arm_panda_moveit_config:/home/student36/ws_moveit/install/moveit_resources_panda_description:/home/student36/ws_moveit/install/moveit_resources_fanuc_moveit_config:/home/student36/ws_moveit/install/moveit_resources_fanuc_description:/home/student36/ws_moveit/install/moveit_planners_stomp:/home/student36/ws_moveit/install/moveit_planners_chomp:/home/student36/ws_moveit/install/chomp_motion_planner:/home/student36/ws_moveit/install/moveit_core:/home/student36/ws_moveit/install/moveit_msgs:/home/student36/ws_moveit/install/moveit_common:/home/student36/ws_moveit/install/kortex_driver:/home/student36/ws_moveit/install/kortex_api:/home/student36/rplidar_ws/install/rplidar_ros:/home/student36/elephant_arm_ws/install/mycobot_280_moveit2:/opt/ros/jazzy/opt/gz_sim_vendor:/opt/ros/jazzy/opt/gz_sensors_vendor:/opt/ros/jazzy/opt/gz_physics_vendor:/opt/ros/jazzy/opt/sdformat_vendor:/opt/ros/jazzy/opt/gz_gui_vendor:/opt/ros/jazzy/opt/gz_transport_vendor:/opt/ros/jazzy/opt/gz_rendering_vendor:/opt/ros/jazzy/opt/gz_plugin_vendor:/opt/ros/jazzy/opt/gz_fuel_tools_vendor:/opt/ros/jazzy/opt/gz_msgs_vendor:/opt/ros/jazzy/opt/gz_common_vendor:/opt/ros/jazzy/opt/gz_math_vendor:/opt/ros/jazzy/opt/gz_utils_vendor:/opt/ros/jazzy/opt/gz_tools_vendor:/opt/ros/jazzy/opt/gz_ogre_next_vendor:/opt/ros/jazzy/opt/gz_dartsim_vendor:/opt/ros/jazzy/opt/gz_cmake_vendor:/home/student36/ros2_tutorial_workspace/install/the_simplest_python_package:/home/student36/ros2_tutorial_workspace/install/python_package_with_a_node:/home/student36/ros2_tutorial_workspace/install/python_package_that_uses_the_library:/home/student36/ros2_tutorial_workspace/install/python_package_with_a_library:/home/student36/ros2_tutorial_workspace/install/python_package_that_uses_the_services:/home/student36/ros2_tutorial_workspace/install/python_package_that_uses_the_actions:/home/student36/ros2_tutorial_workspace/install/python_package_that_uses_tf2:/home/student36/ros2_tutorial_workspace/install/python_package_that_uses_parameters_and_launch_files:/home/student36/ros2_tutorial_workspace/install/python_package_that_uses_nottf2:/home/student36/ros2_tutorial_workspace/install/python_package_that_uses_nav2:/home/student36/ros2_tutorial_workspace/install/python_package_that_uses_messages:/home/student36/ros2_tutorial_workspace/install/python_package_that_uses_geometry_msgs:/home/student36/ros2_tutorial_workspace/install/python_package_that_uses_gazebo:/home/student36/ws_moveit/install/moveit_configs_utils:/home/student36/elephant_arm_ws/install/mycobot_description:/opt/ros/jazzy DEBUGINFOD_URLS=https://debuginfod.ubuntu.com LD_LIBRARY_PATH=/home/student36/RoboticsDesignProject/Git-repos/LeoRover-Team7/elephant_arm_ws/install/moveit_task_constructor_core/lib:/home/student36/RoboticsDesignProject/Git-repos/LeoRover-Team7/elephant_arm_ws/install/rviz_marker_tools/lib:/home/student36/RoboticsDesignProject/Git-repos/LeoRover-Team7/elephant_arm_ws/install/moveit_task_constructor_msgs/lib:/home/student36/RoboticsDesignProject/Git-repos/LeoRover-Team7/elephant_arm_ws/install/moveit_task_constructor_demo/lib:/home/student36/RoboticsDesignProject/Git-repos/LeoRover-Team7/elephant_arm_ws/install/moveit_task_constructor_visualization/lib:/home/student36/RoboticsDesignProject/Git-repos/LeoRover-Team7/elephant_arm_ws/install/moveit_task_constructor_capabilities/lib:/home/student36/ros2_tutorial_workspace/install/package_with_interfaces/lib:/home/student36/ws_moveit/install/robotiq_driver/lib:/home/student36/ws_moveit/install/serial/lib:/home/student36/ws_moveit/install/moveit_visual_tools/lib:/home/student36/ws_moveit/install/rviz_visual_tools/lib:/home/student36/ws_moveit/install/moveit_task_constructor_demo/lib:/home/student36/ws_moveit/install/moveit_task_constructor_visualization/lib:/home/student36/ws_moveit/install/moveit_task_constructor_capabilities/lib:/home/student36/ws_moveit/install/moveit_task_constructor_core/lib:/home/student36/ws_moveit/install/rviz_marker_tools/lib:/home/student36/ws_moveit/install/robotiq_controllers/lib:/home/student36/ws_moveit/install/pilz_industrial_motion_planner_testutils/lib:/home/student36/ws_moveit/install/pilz_industrial_motion_planner/lib:/home/student36/ws_moveit/install/moveit_task_constructor_msgs/lib:/home/student36/ws_moveit/install/moveit_ros_control_interface/lib:/home/student36/ws_moveit/install/moveit_simple_controller_manager/lib:/home/student36/ws_moveit/install/moveit_setup_assistant/lib:/home/student36/ws_moveit/install/moveit_setup_srdf_plugins/lib:/home/student36/ws_moveit/install/moveit_setup_core_plugins/lib:/home/student36/ws_moveit/install/moveit_setup_controllers/lib:/home/student36/ws_moveit/install/moveit_setup_app_plugins/lib:/home/student36/ws_moveit/install/moveit_setup_framework/lib:/home/student36/ws_moveit/install/moveit_servo/lib:/home/student36/ws_moveit/install/moveit_ros_trajectory_cache/lib:/home/student36/ws_moveit/install/moveit_ros_visualization/lib:/home/student36/ws_moveit/install/moveit_py/lib:/home/student36/ws_moveit/install/moveit_hybrid_planning/lib:/home/student36/ws_moveit/install/moveit_ros_planning_interface/lib:/home/student36/ws_moveit/install/moveit_ros_benchmarks/lib:/home/student36/ws_moveit/install/moveit_ros_warehouse/lib:/home/student36/ws_moveit/install/moveit_ros_robot_interaction/lib:/home/student36/ws_moveit/install/moveit_ros_perception/lib:/home/student36/ws_moveit/install/moveit_ros_move_group/lib:/home/student36/ws_moveit/install/moveit_planners_ompl/lib:/home/student36/ws_moveit/install/moveit_kinematics/lib:/home/student36/ws_moveit/install/moveit_ros_planning/lib:/home/student36/ws_moveit/install/moveit_ros_occupancy_map_monitor/lib:/home/student36/ws_moveit/install/moveit_resources_prbt_ikfast_manipulator_plugin/lib:/home/student36/ws_moveit/install/moveit_planners_stomp/lib:/home/student36/ws_moveit/install/moveit_planners_chomp/lib:/home/student36/ws_moveit/install/chomp_motion_planner/lib:/home/student36/ws_moveit/install/moveit_core/lib:/home/student36/ws_moveit/install/moveit_msgs/lib:/home/student36/ws_moveit/install/kortex_driver/lib:/opt/ros/jazzy/opt/gz_sim_vendor/lib:/opt/ros/jazzy/opt/gz_sensors_vendor/lib:/opt/ros/jazzy/opt/gz_physics_vendor/lib:/opt/ros/jazzy/opt/sdformat_vendor/lib:/opt/ros/jazzy/opt/rviz_ogre_vendor/lib:/opt/ros/jazzy/lib/x86_64-linux-gnu:/opt/ros/jazzy/opt/gz_gui_vendor/lib:/opt/ros/jazzy/opt/gz_transport_vendor/lib:/opt/ros/jazzy/opt/gz_rendering_vendor/lib:/opt/ros/jazzy/opt/gz_plugin_vendor/lib:/opt/ros/jazzy/opt/gz_fuel_tools_vendor/lib:/opt/ros/jazzy/opt/gz_msgs_vendor/lib:/opt/ros/jazzy/opt/gz_common_vendor/lib:/opt/ros/jazzy/opt/gz_math_vendor/lib:/opt/ros/jazzy/opt/gz_utils_vendor/lib:/opt/ros/jazzy/opt/gz_tools_vendor/lib:/opt/ros/jazzy/opt/gz_ogre_next_vendor/lib:/opt/ros/jazzy/opt/gz_dartsim_vendor/lib:/opt/ros/jazzy/opt/gz_cmake_vendor/lib:/opt/ros/jazzy/lib /usr/bin/cmake --install /home/student36/RoboticsDesignProject/Git-repos/LeoRover-Team7/elephant_arm_ws/build/moveit_task_constructor_capabilities
[3.975s] Level 1:colcon.colcon_core.environment:create_environment_scripts_only(moveit_task_constructor_capabilities)
[3.976s] Level 1:colcon.colcon_core.environment:checking '/home/student36/RoboticsDesignProject/Git-repos/LeoRover-Team7/elephant_arm_ws/install/moveit_task_constructor_capabilities' for CMake module files
[3.977s] DEBUG:colcon.colcon_core.event_handler.log_command:Invoked command in '/home/student36/RoboticsDesignProject/Git-repos/LeoRover-Team7/elephant_arm_ws/build/moveit_task_constructor_capabilities' returned '0': CMAKE_PREFIX_PATH=/home/student36/RoboticsDesignProject/Git-repos/LeoRover-Team7/elephant_arm_ws/install/moveit_task_constructor_core:/home/student36/RoboticsDesignProject/Git-repos/LeoRover-Team7/elephant_arm_ws/install/rviz_marker_tools:/home/student36/RoboticsDesignProject/Git-repos/LeoRover-Team7/elephant_arm_ws/install/moveit_task_constructor_msgs:/home/student36/RoboticsDesignProject/Git-repos/LeoRover-Team7/elephant_arm_ws/install/mtc_tutorial:/home/student36/RoboticsDesignProject/Git-repos/LeoRover-Team7/elephant_arm_ws/install/moveit_task_constructor_demo:/home/student36/RoboticsDesignProject/Git-repos/LeoRover-Team7/elephant_arm_ws/install/moveit_task_constructor_visualization:/home/student36/RoboticsDesignProject/Git-repos/LeoRover-Team7/elephant_arm_ws/install/moveit_task_constructor_capabilities:/home/student36/RoboticsDesignProject/Git-repos/LeoRover-Team7/elephant_arm_ws/install/mycobot_ros2:/home/student36/RoboticsDesignProject/Git-repos/LeoRover-Team7/elephant_arm_ws/install/mycobot_moveit_config:/home/student36/RoboticsDesignProject/Git-repos/LeoRover-Team7/elephant_arm_ws/install/mycobot_gazebo:/home/student36/RoboticsDesignProject/Git-repos/LeoRover-Team7/elephant_arm_ws/install/mycobot_description:/home/student36/RoboticsDesignProject/Git-repos/LeoRover-Team7/elephant_arm_ws/install/mycobot_bringup:/home/student36/RoboticsDesignProject/Git-repos/LeoRover-Team7/elephant_arm_ws/install/hello_moveit:/home/student36/ros2_tutorial_workspace/install/package_with_interfaces:/home/student36/ws_moveit/install/robotiq_hardware_tests:/home/student36/ws_moveit/install/robotiq_driver:/home/student36/ws_moveit/install/serial:/home/student36/ws_moveit/install/moveit2_tutorials:/home/student36/ws_moveit/install/hello_moveit:/home/student36/ws_moveit/install/moveit_visual_tools:/home/student36/ws_moveit/install/rviz_visual_tools:/home/student36/ws_moveit/install/mtc_tutorial:/home/student36/ws_moveit/install/moveit_task_constructor_demo:/home/student36/ws_moveit/install/moveit_task_constructor_visualization:/home/student36/ws_moveit/install/moveit_task_constructor_capabilities:/home/student36/ws_moveit/install/elephant:/home/student36/ws_moveit/install/moveit_task_constructor_core:/home/student36/ws_moveit/install/rviz_marker_tools:/home/student36/ws_moveit/install/kortex_bringup:/home/student36/ws_moveit/install/kinova_gen3_lite_moveit_config:/home/student36/ws_moveit/install/kinova_gen3_7dof_robotiq_2f_85_moveit_config:/home/student36/ws_moveit/install/kinova_gen3_6dof_robotiq_2f_85_moveit_config:/home/student36/ws_moveit/install/kortex_description:/home/student36/ws_moveit/install/robotiq_description:/home/student36/ws_moveit/install/robotiq_controllers:/home/student36/ws_moveit/install/pilz_industrial_motion_planner_testutils:/home/student36/ws_moveit/install/mycobot_280_moveit2:/home/student36/ws_moveit/install/moveit_runtime:/home/student36/ws_moveit/install/moveit:/home/student36/ws_moveit/install/elephant_arm:/home/student36/ws_moveit/install/moveit_planners:/home/student36/ws_moveit/install/pilz_industrial_motion_planner:/home/student36/ws_moveit/install/mycobot_description:/home/student36/ws_moveit/install/moveit_task_constructor_msgs:/home/student36/ws_moveit/install/moveit_ros_control_interface:/home/student36/ws_moveit/install/moveit_plugins:/home/student36/ws_moveit/install/moveit_simple_controller_manager:/home/student36/ws_moveit/install/moveit_setup_assistant:/home/student36/ws_moveit/install/moveit_setup_srdf_plugins:/home/student36/ws_moveit/install/moveit_setup_core_plugins:/home/student36/ws_moveit/install/moveit_setup_controllers:/home/student36/ws_moveit/install/moveit_setup_app_plugins:/home/student36/ws_moveit/install/moveit_setup_framework:/home/student36/ws_moveit/install/moveit_servo:/home/student36/ws_moveit/install/moveit_ros_trajectory_cache:/home/student36/ws_moveit/install/moveit_ros:/home/student36/ws_moveit/install/moveit_ros_visualization:/home/student36/ws_moveit/install/moveit_py:/home/student36/ws_moveit/install/moveit_hybrid_planning:/home/student36/ws_moveit/install/moveit_ros_planning_interface:/home/student36/ws_moveit/install/moveit_ros_benchmarks:/home/student36/ws_moveit/install/moveit_ros_warehouse:/home/student36/ws_moveit/install/moveit_ros_robot_interaction:/home/student36/ws_moveit/install/moveit_ros_perception:/home/student36/ws_moveit/install/moveit_resources_prbt_pg70_support:/home/student36/ws_moveit/install/moveit_resources_prbt_moveit_config:/home/student36/ws_moveit/install/moveit_ros_move_group:/home/student36/ws_moveit/install/moveit_planners_ompl:/home/student36/ws_moveit/install/moveit_kinematics:/home/student36/ws_moveit/install/moveit_ros_planning:/home/student36/ws_moveit/install/moveit_ros_occupancy_map_monitor:/home/student36/ws_moveit/install/moveit_resources_prbt_support:/home/student36/ws_moveit/install/moveit_resources_prbt_ikfast_manipulator_plugin:/home/student36/ws_moveit/install/moveit_resources:/home/student36/ws_moveit/install/moveit_resources_pr2_description:/home/student36/ws_moveit/install/moveit_resources_panda_moveit_config:/home/student36/ws_moveit/install/dual_arm_panda_moveit_config:/home/student36/ws_moveit/install/moveit_resources_panda_description:/home/student36/ws_moveit/install/moveit_resources_fanuc_moveit_config:/home/student36/ws_moveit/install/moveit_resources_fanuc_description:/home/student36/ws_moveit/install/moveit_planners_stomp:/home/student36/ws_moveit/install/moveit_planners_chomp:/home/student36/ws_moveit/install/chomp_motion_planner:/home/student36/ws_moveit/install/moveit_core:/home/student36/ws_moveit/install/moveit_msgs:/home/student36/ws_moveit/install/moveit_common:/home/student36/ws_moveit/install/kortex_driver:/home/student36/ws_moveit/install/kortex_api:/home/student36/rplidar_ws/install/rplidar_ros:/home/student36/elephant_arm_ws/install/mycobot_280_moveit2:/opt/ros/jazzy/opt/gz_sim_vendor:/opt/ros/jazzy/opt/gz_sensors_vendor:/opt/ros/jazzy/opt/gz_physics_vendor:/opt/ros/jazzy/opt/sdformat_vendor:/opt/ros/jazzy/opt/gz_gui_vendor:/opt/ros/jazzy/opt/gz_transport_vendor:/opt/ros/jazzy/opt/gz_rendering_vendor:/opt/ros/jazzy/opt/gz_plugin_vendor:/opt/ros/jazzy/opt/gz_fuel_tools_vendor:/opt/ros/jazzy/opt/gz_msgs_vendor:/opt/ros/jazzy/opt/gz_common_vendor:/opt/ros/jazzy/opt/gz_math_vendor:/opt/ros/jazzy/opt/gz_utils_vendor:/opt/ros/jazzy/opt/gz_tools_vendor:/opt/ros/jazzy/opt/gz_ogre_next_vendor:/opt/ros/jazzy/opt/gz_dartsim_vendor:/opt/ros/jazzy/opt/gz_cmake_vendor:/home/student36/ros2_tutorial_workspace/install/the_simplest_python_package:/home/student36/ros2_tutorial_workspace/install/python_package_with_a_node:/home/student36/ros2_tutorial_workspace/install/python_package_that_uses_the_library:/home/student36/ros2_tutorial_workspace/install/python_package_with_a_library:/home/student36/ros2_tutorial_workspace/install/python_package_that_uses_the_services:/home/student36/ros2_tutorial_workspace/install/python_package_that_uses_the_actions:/home/student36/ros2_tutorial_workspace/install/python_package_that_uses_tf2:/home/student36/ros2_tutorial_workspace/install/python_package_that_uses_parameters_and_launch_files:/home/student36/ros2_tutorial_workspace/install/python_package_that_uses_nottf2:/home/student36/ros2_tutorial_workspace/install/python_package_that_uses_nav2:/home/student36/ros2_tutorial_workspace/install/python_package_that_uses_messages:/home/student36/ros2_tutorial_workspace/install/python_package_that_uses_geometry_msgs:/home/student36/ros2_tutorial_workspace/install/python_package_that_uses_gazebo:/home/student36/ws_moveit/install/moveit_configs_utils:/home/student36/elephant_arm_ws/install/mycobot_description:/opt/ros/jazzy DEBUGINFOD_URLS=https://debuginfod.ubuntu.com LD_LIBRARY_PATH=/home/student36/RoboticsDesignProject/Git-repos/LeoRover-Team7/elephant_arm_ws/install/moveit_task_constructor_core/lib:/home/student36/RoboticsDesignProject/Git-repos/LeoRover-Team7/elephant_arm_ws/install/rviz_marker_tools/lib:/home/student36/RoboticsDesignProject/Git-repos/LeoRover-Team7/elephant_arm_ws/install/moveit_task_constructor_msgs/lib:/home/student36/RoboticsDesignProject/Git-repos/LeoRover-Team7/elephant_arm_ws/install/moveit_task_constructor_demo/lib:/home/student36/RoboticsDesignProject/Git-repos/LeoRover-Team7/elephant_arm_ws/install/moveit_task_constructor_visualization/lib:/home/student36/RoboticsDesignProject/Git-repos/LeoRover-Team7/elephant_arm_ws/install/moveit_task_constructor_capabilities/lib:/home/student36/ros2_tutorial_workspace/install/package_with_interfaces/lib:/home/student36/ws_moveit/install/robotiq_driver/lib:/home/student36/ws_moveit/install/serial/lib:/home/student36/ws_moveit/install/moveit_visual_tools/lib:/home/student36/ws_moveit/install/rviz_visual_tools/lib:/home/student36/ws_moveit/install/moveit_task_constructor_demo/lib:/home/student36/ws_moveit/install/moveit_task_constructor_visualization/lib:/home/student36/ws_moveit/install/moveit_task_constructor_capabilities/lib:/home/student36/ws_moveit/install/moveit_task_constructor_core/lib:/home/student36/ws_moveit/install/rviz_marker_tools/lib:/home/student36/ws_moveit/install/robotiq_controllers/lib:/home/student36/ws_moveit/install/pilz_industrial_motion_planner_testutils/lib:/home/student36/ws_moveit/install/pilz_industrial_motion_planner/lib:/home/student36/ws_moveit/install/moveit_task_constructor_msgs/lib:/home/student36/ws_moveit/install/moveit_ros_control_interface/lib:/home/student36/ws_moveit/install/moveit_simple_controller_manager/lib:/home/student36/ws_moveit/install/moveit_setup_assistant/lib:/home/student36/ws_moveit/install/moveit_setup_srdf_plugins/lib:/home/student36/ws_moveit/install/moveit_setup_core_plugins/lib:/home/student36/ws_moveit/install/moveit_setup_controllers/lib:/home/student36/ws_moveit/install/moveit_setup_app_plugins/lib:/home/student36/ws_moveit/install/moveit_setup_framework/lib:/home/student36/ws_moveit/install/moveit_servo/lib:/home/student36/ws_moveit/install/moveit_ros_trajectory_cache/lib:/home/student36/ws_moveit/install/moveit_ros_visualization/lib:/home/student36/ws_moveit/install/moveit_py/lib:/home/student36/ws_moveit/install/moveit_hybrid_planning/lib:/home/student36/ws_moveit/install/moveit_ros_planning_interface/lib:/home/student36/ws_moveit/install/moveit_ros_benchmarks/lib:/home/student36/ws_moveit/install/moveit_ros_warehouse/lib:/home/student36/ws_moveit/install/moveit_ros_robot_interaction/lib:/home/student36/ws_moveit/install/moveit_ros_perception/lib:/home/student36/ws_moveit/install/moveit_ros_move_group/lib:/home/student36/ws_moveit/install/moveit_planners_ompl/lib:/home/student36/ws_moveit/install/moveit_kinematics/lib:/home/student36/ws_moveit/install/moveit_ros_planning/lib:/home/student36/ws_moveit/install/moveit_ros_occupancy_map_monitor/lib:/home/student36/ws_moveit/install/moveit_resources_prbt_ikfast_manipulator_plugin/lib:/home/student36/ws_moveit/install/moveit_planners_stomp/lib:/home/student36/ws_moveit/install/moveit_planners_chomp/lib:/home/student36/ws_moveit/install/chomp_motion_planner/lib:/home/student36/ws_moveit/install/moveit_core/lib:/home/student36/ws_moveit/install/moveit_msgs/lib:/home/student36/ws_moveit/install/kortex_driver/lib:/opt/ros/jazzy/opt/gz_sim_vendor/lib:/opt/ros/jazzy/opt/gz_sensors_vendor/lib:/opt/ros/jazzy/opt/gz_physics_vendor/lib:/opt/ros/jazzy/opt/sdformat_vendor/lib:/opt/ros/jazzy/opt/rviz_ogre_vendor/lib:/opt/ros/jazzy/lib/x86_64-linux-gnu:/opt/ros/jazzy/opt/gz_gui_vendor/lib:/opt/ros/jazzy/opt/gz_transport_vendor/lib:/opt/ros/jazzy/opt/gz_rendering_vendor/lib:/opt/ros/jazzy/opt/gz_plugin_vendor/lib:/opt/ros/jazzy/opt/gz_fuel_tools_vendor/lib:/opt/ros/jazzy/opt/gz_msgs_vendor/lib:/opt/ros/jazzy/opt/gz_common_vendor/lib:/opt/ros/jazzy/opt/gz_math_vendor/lib:/opt/ros/jazzy/opt/gz_utils_vendor/lib:/opt/ros/jazzy/opt/gz_tools_vendor/lib:/opt/ros/jazzy/opt/gz_ogre_next_vendor/lib:/opt/ros/jazzy/opt/gz_dartsim_vendor/lib:/opt/ros/jazzy/opt/gz_cmake_vendor/lib:/opt/ros/jazzy/lib /usr/bin/cmake --install /home/student36/RoboticsDesignProject/Git-repos/LeoRover-Team7/elephant_arm_ws/build/moveit_task_constructor_capabilities
[3.978s] Level 1:colcon.colcon_core.environment:checking '/home/student36/RoboticsDesignProject/Git-repos/LeoRover-Team7/elephant_arm_ws/install/moveit_task_constructor_capabilities' for CMake config files
[3.978s] Level 1:colcon.colcon_core.shell:create_environment_hook('moveit_task_constructor_capabilities', 'cmake_prefix_path')
[3.978s] INFO:colcon.colcon_core.shell:Creating environment hook '/home/student36/RoboticsDesignProject/Git-repos/LeoRover-Team7/elephant_arm_ws/install/moveit_task_constructor_capabilities/share/moveit_task_constructor_capabilities/hook/cmake_prefix_path.ps1'
[3.979s] INFO:colcon.colcon_core.shell:Creating environment descriptor '/home/student36/RoboticsDesignProject/Git-repos/LeoRover-Team7/elephant_arm_ws/install/moveit_task_constructor_capabilities/share/moveit_task_constructor_capabilities/hook/cmake_prefix_path.dsv'
[3.980s] INFO:colcon.colcon_core.shell:Creating environment hook '/home/student36/RoboticsDesignProject/Git-repos/LeoRover-Team7/elephant_arm_ws/install/moveit_task_constructor_capabilities/share/moveit_task_constructor_capabilities/hook/cmake_prefix_path.sh'
[3.981s] Level 1:colcon.colcon_core.environment:checking '/home/student36/RoboticsDesignProject/Git-repos/LeoRover-Team7/elephant_arm_ws/install/moveit_task_constructor_capabilities/lib'
[3.981s] Level 1:colcon.colcon_core.shell:create_environment_hook('moveit_task_constructor_capabilities', 'ld_library_path_lib')
[3.981s] INFO:colcon.colcon_core.shell:Creating environment hook '/home/student36/RoboticsDesignProject/Git-repos/LeoRover-Team7/elephant_arm_ws/install/moveit_task_constructor_capabilities/share/moveit_task_constructor_capabilities/hook/ld_library_path_lib.ps1'
[3.982s] INFO:colcon.colcon_core.shell:Creating environment descriptor '/home/student36/RoboticsDesignProject/Git-repos/LeoRover-Team7/elephant_arm_ws/install/moveit_task_constructor_capabilities/share/moveit_task_constructor_capabilities/hook/ld_library_path_lib.dsv'
[3.982s] INFO:colcon.colcon_core.shell:Creating environment hook '/home/student36/RoboticsDesignProject/Git-repos/LeoRover-Team7/elephant_arm_ws/install/moveit_task_constructor_capabilities/share/moveit_task_constructor_capabilities/hook/ld_library_path_lib.sh'
[3.982s] Level 1:colcon.colcon_core.environment:checking '/home/student36/RoboticsDesignProject/Git-repos/LeoRover-Team7/elephant_arm_ws/install/moveit_task_constructor_capabilities/bin'
[3.983s] Level 1:colcon.colcon_core.environment:checking '/home/student36/RoboticsDesignProject/Git-repos/LeoRover-Team7/elephant_arm_ws/install/moveit_task_constructor_capabilities/lib/pkgconfig/moveit_task_constructor_capabilities.pc'
[3.983s] Level 1:colcon.colcon_core.environment:checking '/home/student36/RoboticsDesignProject/Git-repos/LeoRover-Team7/elephant_arm_ws/install/moveit_task_constructor_capabilities/lib/python3.12/site-packages'
[3.983s] Level 1:colcon.colcon_core.environment:checking '/home/student36/RoboticsDesignProject/Git-repos/LeoRover-Team7/elephant_arm_ws/install/moveit_task_constructor_capabilities/bin'
[3.983s] INFO:colcon.colcon_core.shell:Creating package script '/home/student36/RoboticsDesignProject/Git-repos/LeoRover-Team7/elephant_arm_ws/install/moveit_task_constructor_capabilities/share/moveit_task_constructor_capabilities/package.ps1'
[3.985s] INFO:colcon.colcon_core.shell:Creating package descriptor '/home/student36/RoboticsDesignProject/Git-repos/LeoRover-Team7/elephant_arm_ws/install/moveit_task_constructor_capabilities/share/moveit_task_constructor_capabilities/package.dsv'
[3.986s] INFO:colcon.colcon_core.shell:Creating package script '/home/student36/RoboticsDesignProject/Git-repos/LeoRover-Team7/elephant_arm_ws/install/moveit_task_constructor_capabilities/share/moveit_task_constructor_capabilities/package.sh'
[3.987s] INFO:colcon.colcon_core.shell:Creating package script '/home/student36/RoboticsDesignProject/Git-repos/LeoRover-Team7/elephant_arm_ws/install/moveit_task_constructor_capabilities/share/moveit_task_constructor_capabilities/package.bash'
[3.988s] INFO:colcon.colcon_core.shell:Creating package script '/home/student36/RoboticsDesignProject/Git-repos/LeoRover-Team7/elephant_arm_ws/install/moveit_task_constructor_capabilities/share/moveit_task_constructor_capabilities/package.zsh'
[3.989s] Level 1:colcon.colcon_core.environment:create_file_with_runtime_dependencies(/home/student36/RoboticsDesignProject/Git-repos/LeoRover-Team7/elephant_arm_ws/install/moveit_task_constructor_capabilities/share/colcon-core/packages/moveit_task_constructor_capabilities)
[3.990s] Level 1:colcon.colcon_core.environment:create_environment_scripts_only(moveit_task_constructor_capabilities)
[3.990s] Level 1:colcon.colcon_core.environment:checking '/home/student36/RoboticsDesignProject/Git-repos/LeoRover-Team7/elephant_arm_ws/install/moveit_task_constructor_capabilities' for CMake module files
[3.992s] Level 1:colcon.colcon_core.environment:checking '/home/student36/RoboticsDesignProject/Git-repos/LeoRover-Team7/elephant_arm_ws/install/moveit_task_constructor_capabilities' for CMake config files
[3.992s] Level 1:colcon.colcon_core.shell:create_environment_hook('moveit_task_constructor_capabilities', 'cmake_prefix_path')
[3.992s] INFO:colcon.colcon_core.shell:Creating environment hook '/home/student36/RoboticsDesignProject/Git-repos/LeoRover-Team7/elephant_arm_ws/install/moveit_task_constructor_capabilities/share/moveit_task_constructor_capabilities/hook/cmake_prefix_path.ps1'
[3.993s] INFO:colcon.colcon_core.shell:Creating environment descriptor '/home/student36/RoboticsDesignProject/Git-repos/LeoRover-Team7/elephant_arm_ws/install/moveit_task_constructor_capabilities/share/moveit_task_constructor_capabilities/hook/cmake_prefix_path.dsv'
[3.994s] INFO:colcon.colcon_core.shell:Creating environment hook '/home/student36/RoboticsDesignProject/Git-repos/LeoRover-Team7/elephant_arm_ws/install/moveit_task_constructor_capabilities/share/moveit_task_constructor_capabilities/hook/cmake_prefix_path.sh'
[3.996s] Level 1:colcon.colcon_core.environment:checking '/home/student36/RoboticsDesignProject/Git-repos/LeoRover-Team7/elephant_arm_ws/install/moveit_task_constructor_capabilities/lib'
[3.996s] Level 1:colcon.colcon_core.shell:create_environment_hook('moveit_task_constructor_capabilities', 'ld_library_path_lib')
[3.997s] INFO:colcon.colcon_core.shell:Creating environment hook '/home/student36/RoboticsDesignProject/Git-repos/LeoRover-Team7/elephant_arm_ws/install/moveit_task_constructor_capabilities/share/moveit_task_constructor_capabilities/hook/ld_library_path_lib.ps1'
[3.998s] INFO:colcon.colcon_core.shell:Creating environment descriptor '/home/student36/RoboticsDesignProject/Git-repos/LeoRover-Team7/elephant_arm_ws/install/moveit_task_constructor_capabilities/share/moveit_task_constructor_capabilities/hook/ld_library_path_lib.dsv'
[3.999s] INFO:colcon.colcon_core.shell:Creating environment hook '/home/student36/RoboticsDesignProject/Git-repos/LeoRover-Team7/elephant_arm_ws/install/moveit_task_constructor_capabilities/share/moveit_task_constructor_capabilities/hook/ld_library_path_lib.sh'
[4.000s] Level 1:colcon.colcon_core.environment:checking '/home/student36/RoboticsDesignProject/Git-repos/LeoRover-Team7/elephant_arm_ws/install/moveit_task_constructor_capabilities/bin'
[4.000s] Level 1:colcon.colcon_core.environment:checking '/home/student36/RoboticsDesignProject/Git-repos/LeoRover-Team7/elephant_arm_ws/install/moveit_task_constructor_capabilities/lib/pkgconfig/moveit_task_constructor_capabilities.pc'
[4.001s] Level 1:colcon.colcon_core.environment:checking '/home/student36/RoboticsDesignProject/Git-repos/LeoRover-Team7/elephant_arm_ws/install/moveit_task_constructor_capabilities/lib/python3.12/site-packages'
[4.002s] Level 1:colcon.colcon_core.environment:checking '/home/student36/RoboticsDesignProject/Git-repos/LeoRover-Team7/elephant_arm_ws/install/moveit_task_constructor_capabilities/bin'
[4.003s] INFO:colcon.colcon_core.shell:Creating package script '/home/student36/RoboticsDesignProject/Git-repos/LeoRover-Team7/elephant_arm_ws/install/moveit_task_constructor_capabilities/share/moveit_task_constructor_capabilities/package.ps1'
[4.004s] INFO:colcon.colcon_core.shell:Creating package descriptor '/home/student36/RoboticsDesignProject/Git-repos/LeoRover-Team7/elephant_arm_ws/install/moveit_task_constructor_capabilities/share/moveit_task_constructor_capabilities/package.dsv'
[4.006s] INFO:colcon.colcon_core.shell:Creating package script '/home/student36/RoboticsDesignProject/Git-repos/LeoRover-Team7/elephant_arm_ws/install/moveit_task_constructor_capabilities/share/moveit_task_constructor_capabilities/package.sh'
[4.007s] INFO:colcon.colcon_core.shell:Creating package script '/home/student36/RoboticsDesignProject/Git-repos/LeoRover-Team7/elephant_arm_ws/install/moveit_task_constructor_capabilities/share/moveit_task_constructor_capabilities/package.bash'
[4.009s] INFO:colcon.colcon_core.shell:Creating package script '/home/student36/RoboticsDesignProject/Git-repos/LeoRover-Team7/elephant_arm_ws/install/moveit_task_constructor_capabilities/share/moveit_task_constructor_capabilities/package.zsh'
[4.010s] Level 1:colcon.colcon_core.environment:create_file_with_runtime_dependencies(/home/student36/RoboticsDesignProject/Git-repos/LeoRover-Team7/elephant_arm_ws/install/moveit_task_constructor_capabilities/share/colcon-core/packages/moveit_task_constructor_capabilities)
[4.538s] DEBUG:colcon.colcon_core.event_handler.log_command:Invoked command in '/home/student36/RoboticsDesignProject/Git-repos/LeoRover-Team7/elephant_arm_ws/build/moveit_task_constructor_visualization' returned '0': CMAKE_PREFIX_PATH=/home/student36/RoboticsDesignProject/Git-repos/LeoRover-Team7/elephant_arm_ws/install/moveit_task_constructor_core:/home/student36/RoboticsDesignProject/Git-repos/LeoRover-Team7/elephant_arm_ws/install/rviz_marker_tools:/home/student36/RoboticsDesignProject/Git-repos/LeoRover-Team7/elephant_arm_ws/install/moveit_task_constructor_msgs:/home/student36/RoboticsDesignProject/Git-repos/LeoRover-Team7/elephant_arm_ws/install/mtc_tutorial:/home/student36/RoboticsDesignProject/Git-repos/LeoRover-Team7/elephant_arm_ws/install/moveit_task_constructor_demo:/home/student36/RoboticsDesignProject/Git-repos/LeoRover-Team7/elephant_arm_ws/install/moveit_task_constructor_visualization:/home/student36/RoboticsDesignProject/Git-repos/LeoRover-Team7/elephant_arm_ws/install/moveit_task_constructor_capabilities:/home/student36/RoboticsDesignProject/Git-repos/LeoRover-Team7/elephant_arm_ws/install/mycobot_ros2:/home/student36/RoboticsDesignProject/Git-repos/LeoRover-Team7/elephant_arm_ws/install/mycobot_moveit_config:/home/student36/RoboticsDesignProject/Git-repos/LeoRover-Team7/elephant_arm_ws/install/mycobot_gazebo:/home/student36/RoboticsDesignProject/Git-repos/LeoRover-Team7/elephant_arm_ws/install/mycobot_description:/home/student36/RoboticsDesignProject/Git-repos/LeoRover-Team7/elephant_arm_ws/install/mycobot_bringup:/home/student36/RoboticsDesignProject/Git-repos/LeoRover-Team7/elephant_arm_ws/install/hello_moveit:/home/student36/ros2_tutorial_workspace/install/package_with_interfaces:/home/student36/ws_moveit/install/robotiq_hardware_tests:/home/student36/ws_moveit/install/robotiq_driver:/home/student36/ws_moveit/install/serial:/home/student36/ws_moveit/install/moveit2_tutorials:/home/student36/ws_moveit/install/hello_moveit:/home/student36/ws_moveit/install/moveit_visual_tools:/home/student36/ws_moveit/install/rviz_visual_tools:/home/student36/ws_moveit/install/mtc_tutorial:/home/student36/ws_moveit/install/moveit_task_constructor_demo:/home/student36/ws_moveit/install/moveit_task_constructor_visualization:/home/student36/ws_moveit/install/moveit_task_constructor_capabilities:/home/student36/ws_moveit/install/elephant:/home/student36/ws_moveit/install/moveit_task_constructor_core:/home/student36/ws_moveit/install/rviz_marker_tools:/home/student36/ws_moveit/install/kortex_bringup:/home/student36/ws_moveit/install/kinova_gen3_lite_moveit_config:/home/student36/ws_moveit/install/kinova_gen3_7dof_robotiq_2f_85_moveit_config:/home/student36/ws_moveit/install/kinova_gen3_6dof_robotiq_2f_85_moveit_config:/home/student36/ws_moveit/install/kortex_description:/home/student36/ws_moveit/install/robotiq_description:/home/student36/ws_moveit/install/robotiq_controllers:/home/student36/ws_moveit/install/pilz_industrial_motion_planner_testutils:/home/student36/ws_moveit/install/mycobot_280_moveit2:/home/student36/ws_moveit/install/moveit_runtime:/home/student36/ws_moveit/install/moveit:/home/student36/ws_moveit/install/elephant_arm:/home/student36/ws_moveit/install/moveit_planners:/home/student36/ws_moveit/install/pilz_industrial_motion_planner:/home/student36/ws_moveit/install/mycobot_description:/home/student36/ws_moveit/install/moveit_task_constructor_msgs:/home/student36/ws_moveit/install/moveit_ros_control_interface:/home/student36/ws_moveit/install/moveit_plugins:/home/student36/ws_moveit/install/moveit_simple_controller_manager:/home/student36/ws_moveit/install/moveit_setup_assistant:/home/student36/ws_moveit/install/moveit_setup_srdf_plugins:/home/student36/ws_moveit/install/moveit_setup_core_plugins:/home/student36/ws_moveit/install/moveit_setup_controllers:/home/student36/ws_moveit/install/moveit_setup_app_plugins:/home/student36/ws_moveit/install/moveit_setup_framework:/home/student36/ws_moveit/install/moveit_servo:/home/student36/ws_moveit/install/moveit_ros_trajectory_cache:/home/student36/ws_moveit/install/moveit_ros:/home/student36/ws_moveit/install/moveit_ros_visualization:/home/student36/ws_moveit/install/moveit_py:/home/student36/ws_moveit/install/moveit_hybrid_planning:/home/student36/ws_moveit/install/moveit_ros_planning_interface:/home/student36/ws_moveit/install/moveit_ros_benchmarks:/home/student36/ws_moveit/install/moveit_ros_warehouse:/home/student36/ws_moveit/install/moveit_ros_robot_interaction:/home/student36/ws_moveit/install/moveit_ros_perception:/home/student36/ws_moveit/install/moveit_resources_prbt_pg70_support:/home/student36/ws_moveit/install/moveit_resources_prbt_moveit_config:/home/student36/ws_moveit/install/moveit_ros_move_group:/home/student36/ws_moveit/install/moveit_planners_ompl:/home/student36/ws_moveit/install/moveit_kinematics:/home/student36/ws_moveit/install/moveit_ros_planning:/home/student36/ws_moveit/install/moveit_ros_occupancy_map_monitor:/home/student36/ws_moveit/install/moveit_resources_prbt_support:/home/student36/ws_moveit/install/moveit_resources_prbt_ikfast_manipulator_plugin:/home/student36/ws_moveit/install/moveit_resources:/home/student36/ws_moveit/install/moveit_resources_pr2_description:/home/student36/ws_moveit/install/moveit_resources_panda_moveit_config:/home/student36/ws_moveit/install/dual_arm_panda_moveit_config:/home/student36/ws_moveit/install/moveit_resources_panda_description:/home/student36/ws_moveit/install/moveit_resources_fanuc_moveit_config:/home/student36/ws_moveit/install/moveit_resources_fanuc_description:/home/student36/ws_moveit/install/moveit_planners_stomp:/home/student36/ws_moveit/install/moveit_planners_chomp:/home/student36/ws_moveit/install/chomp_motion_planner:/home/student36/ws_moveit/install/moveit_core:/home/student36/ws_moveit/install/moveit_msgs:/home/student36/ws_moveit/install/moveit_common:/home/student36/ws_moveit/install/kortex_driver:/home/student36/ws_moveit/install/kortex_api:/home/student36/rplidar_ws/install/rplidar_ros:/home/student36/elephant_arm_ws/install/mycobot_280_moveit2:/opt/ros/jazzy/opt/gz_sim_vendor:/opt/ros/jazzy/opt/gz_sensors_vendor:/opt/ros/jazzy/opt/gz_physics_vendor:/opt/ros/jazzy/opt/sdformat_vendor:/opt/ros/jazzy/opt/gz_gui_vendor:/opt/ros/jazzy/opt/gz_transport_vendor:/opt/ros/jazzy/opt/gz_rendering_vendor:/opt/ros/jazzy/opt/gz_plugin_vendor:/opt/ros/jazzy/opt/gz_fuel_tools_vendor:/opt/ros/jazzy/opt/gz_msgs_vendor:/opt/ros/jazzy/opt/gz_common_vendor:/opt/ros/jazzy/opt/gz_math_vendor:/opt/ros/jazzy/opt/gz_utils_vendor:/opt/ros/jazzy/opt/gz_tools_vendor:/opt/ros/jazzy/opt/gz_ogre_next_vendor:/opt/ros/jazzy/opt/gz_dartsim_vendor:/opt/ros/jazzy/opt/gz_cmake_vendor:/home/student36/ros2_tutorial_workspace/install/the_simplest_python_package:/home/student36/ros2_tutorial_workspace/install/python_package_with_a_node:/home/student36/ros2_tutorial_workspace/install/python_package_that_uses_the_library:/home/student36/ros2_tutorial_workspace/install/python_package_with_a_library:/home/student36/ros2_tutorial_workspace/install/python_package_that_uses_the_services:/home/student36/ros2_tutorial_workspace/install/python_package_that_uses_the_actions:/home/student36/ros2_tutorial_workspace/install/python_package_that_uses_tf2:/home/student36/ros2_tutorial_workspace/install/python_package_that_uses_parameters_and_launch_files:/home/student36/ros2_tutorial_workspace/install/python_package_that_uses_nottf2:/home/student36/ros2_tutorial_workspace/install/python_package_that_uses_nav2:/home/student36/ros2_tutorial_workspace/install/python_package_that_uses_messages:/home/student36/ros2_tutorial_workspace/install/python_package_that_uses_geometry_msgs:/home/student36/ros2_tutorial_workspace/install/python_package_that_uses_gazebo:/home/student36/ws_moveit/install/moveit_configs_utils:/home/student36/elephant_arm_ws/install/mycobot_description:/opt/ros/jazzy DEBUGINFOD_URLS=https://debuginfod.ubuntu.com LD_LIBRARY_PATH=/home/student36/RoboticsDesignProject/Git-repos/LeoRover-Team7/elephant_arm_ws/install/moveit_task_constructor_core/lib:/home/student36/RoboticsDesignProject/Git-repos/LeoRover-Team7/elephant_arm_ws/install/rviz_marker_tools/lib:/home/student36/RoboticsDesignProject/Git-repos/LeoRover-Team7/elephant_arm_ws/install/moveit_task_constructor_msgs/lib:/home/student36/RoboticsDesignProject/Git-repos/LeoRover-Team7/elephant_arm_ws/install/moveit_task_constructor_demo/lib:/home/student36/RoboticsDesignProject/Git-repos/LeoRover-Team7/elephant_arm_ws/install/moveit_task_constructor_visualization/lib:/home/student36/RoboticsDesignProject/Git-repos/LeoRover-Team7/elephant_arm_ws/install/moveit_task_constructor_capabilities/lib:/home/student36/ros2_tutorial_workspace/install/package_with_interfaces/lib:/home/student36/ws_moveit/install/robotiq_driver/lib:/home/student36/ws_moveit/install/serial/lib:/home/student36/ws_moveit/install/moveit_visual_tools/lib:/home/student36/ws_moveit/install/rviz_visual_tools/lib:/home/student36/ws_moveit/install/moveit_task_constructor_demo/lib:/home/student36/ws_moveit/install/moveit_task_constructor_visualization/lib:/home/student36/ws_moveit/install/moveit_task_constructor_capabilities/lib:/home/student36/ws_moveit/install/moveit_task_constructor_core/lib:/home/student36/ws_moveit/install/rviz_marker_tools/lib:/home/student36/ws_moveit/install/robotiq_controllers/lib:/home/student36/ws_moveit/install/pilz_industrial_motion_planner_testutils/lib:/home/student36/ws_moveit/install/pilz_industrial_motion_planner/lib:/home/student36/ws_moveit/install/moveit_task_constructor_msgs/lib:/home/student36/ws_moveit/install/moveit_ros_control_interface/lib:/home/student36/ws_moveit/install/moveit_simple_controller_manager/lib:/home/student36/ws_moveit/install/moveit_setup_assistant/lib:/home/student36/ws_moveit/install/moveit_setup_srdf_plugins/lib:/home/student36/ws_moveit/install/moveit_setup_core_plugins/lib:/home/student36/ws_moveit/install/moveit_setup_controllers/lib:/home/student36/ws_moveit/install/moveit_setup_app_plugins/lib:/home/student36/ws_moveit/install/moveit_setup_framework/lib:/home/student36/ws_moveit/install/moveit_servo/lib:/home/student36/ws_moveit/install/moveit_ros_trajectory_cache/lib:/home/student36/ws_moveit/install/moveit_ros_visualization/lib:/home/student36/ws_moveit/install/moveit_py/lib:/home/student36/ws_moveit/install/moveit_hybrid_planning/lib:/home/student36/ws_moveit/install/moveit_ros_planning_interface/lib:/home/student36/ws_moveit/install/moveit_ros_benchmarks/lib:/home/student36/ws_moveit/install/moveit_ros_warehouse/lib:/home/student36/ws_moveit/install/moveit_ros_robot_interaction/lib:/home/student36/ws_moveit/install/moveit_ros_perception/lib:/home/student36/ws_moveit/install/moveit_ros_move_group/lib:/home/student36/ws_moveit/install/moveit_planners_ompl/lib:/home/student36/ws_moveit/install/moveit_kinematics/lib:/home/student36/ws_moveit/install/moveit_ros_planning/lib:/home/student36/ws_moveit/install/moveit_ros_occupancy_map_monitor/lib:/home/student36/ws_moveit/install/moveit_resources_prbt_ikfast_manipulator_plugin/lib:/home/student36/ws_moveit/install/moveit_planners_stomp/lib:/home/student36/ws_moveit/install/moveit_planners_chomp/lib:/home/student36/ws_moveit/install/chomp_motion_planner/lib:/home/student36/ws_moveit/install/moveit_core/lib:/home/student36/ws_moveit/install/moveit_msgs/lib:/home/student36/ws_moveit/install/kortex_driver/lib:/opt/ros/jazzy/opt/gz_sim_vendor/lib:/opt/ros/jazzy/opt/gz_sensors_vendor/lib:/opt/ros/jazzy/opt/gz_physics_vendor/lib:/opt/ros/jazzy/opt/sdformat_vendor/lib:/opt/ros/jazzy/opt/rviz_ogre_vendor/lib:/opt/ros/jazzy/lib/x86_64-linux-gnu:/opt/ros/jazzy/opt/gz_gui_vendor/lib:/opt/ros/jazzy/opt/gz_transport_vendor/lib:/opt/ros/jazzy/opt/gz_rendering_vendor/lib:/opt/ros/jazzy/opt/gz_plugin_vendor/lib:/opt/ros/jazzy/opt/gz_fuel_tools_vendor/lib:/opt/ros/jazzy/opt/gz_msgs_vendor/lib:/opt/ros/jazzy/opt/gz_common_vendor/lib:/opt/ros/jazzy/opt/gz_math_vendor/lib:/opt/ros/jazzy/opt/gz_utils_vendor/lib:/opt/ros/jazzy/opt/gz_tools_vendor/lib:/opt/ros/jazzy/opt/gz_ogre_next_vendor/lib:/opt/ros/jazzy/opt/gz_dartsim_vendor/lib:/opt/ros/jazzy/opt/gz_cmake_vendor/lib:/opt/ros/jazzy/lib /usr/bin/cmake --build /home/student36/RoboticsDesignProject/Git-repos/LeoRover-Team7/elephant_arm_ws/build/moveit_task_constructor_visualization -- -j12 -l12
[4.543s] DEBUG:colcon.colcon_core.event_handler.log_command:Invoking command in '/home/student36/RoboticsDesignProject/Git-repos/LeoRover-Team7/elephant_arm_ws/build/moveit_task_constructor_visualization': CMAKE_PREFIX_PATH=/home/student36/RoboticsDesignProject/Git-repos/LeoRover-Team7/elephant_arm_ws/install/moveit_task_constructor_core:/home/student36/RoboticsDesignProject/Git-repos/LeoRover-Team7/elephant_arm_ws/install/rviz_marker_tools:/home/student36/RoboticsDesignProject/Git-repos/LeoRover-Team7/elephant_arm_ws/install/moveit_task_constructor_msgs:/home/student36/RoboticsDesignProject/Git-repos/LeoRover-Team7/elephant_arm_ws/install/mtc_tutorial:/home/student36/RoboticsDesignProject/Git-repos/LeoRover-Team7/elephant_arm_ws/install/moveit_task_constructor_demo:/home/student36/RoboticsDesignProject/Git-repos/LeoRover-Team7/elephant_arm_ws/install/moveit_task_constructor_visualization:/home/student36/RoboticsDesignProject/Git-repos/LeoRover-Team7/elephant_arm_ws/install/moveit_task_constructor_capabilities:/home/student36/RoboticsDesignProject/Git-repos/LeoRover-Team7/elephant_arm_ws/install/mycobot_ros2:/home/student36/RoboticsDesignProject/Git-repos/LeoRover-Team7/elephant_arm_ws/install/mycobot_moveit_config:/home/student36/RoboticsDesignProject/Git-repos/LeoRover-Team7/elephant_arm_ws/install/mycobot_gazebo:/home/student36/RoboticsDesignProject/Git-repos/LeoRover-Team7/elephant_arm_ws/install/mycobot_description:/home/student36/RoboticsDesignProject/Git-repos/LeoRover-Team7/elephant_arm_ws/install/mycobot_bringup:/home/student36/RoboticsDesignProject/Git-repos/LeoRover-Team7/elephant_arm_ws/install/hello_moveit:/home/student36/ros2_tutorial_workspace/install/package_with_interfaces:/home/student36/ws_moveit/install/robotiq_hardware_tests:/home/student36/ws_moveit/install/robotiq_driver:/home/student36/ws_moveit/install/serial:/home/student36/ws_moveit/install/moveit2_tutorials:/home/student36/ws_moveit/install/hello_moveit:/home/student36/ws_moveit/install/moveit_visual_tools:/home/student36/ws_moveit/install/rviz_visual_tools:/home/student36/ws_moveit/install/mtc_tutorial:/home/student36/ws_moveit/install/moveit_task_constructor_demo:/home/student36/ws_moveit/install/moveit_task_constructor_visualization:/home/student36/ws_moveit/install/moveit_task_constructor_capabilities:/home/student36/ws_moveit/install/elephant:/home/student36/ws_moveit/install/moveit_task_constructor_core:/home/student36/ws_moveit/install/rviz_marker_tools:/home/student36/ws_moveit/install/kortex_bringup:/home/student36/ws_moveit/install/kinova_gen3_lite_moveit_config:/home/student36/ws_moveit/install/kinova_gen3_7dof_robotiq_2f_85_moveit_config:/home/student36/ws_moveit/install/kinova_gen3_6dof_robotiq_2f_85_moveit_config:/home/student36/ws_moveit/install/kortex_description:/home/student36/ws_moveit/install/robotiq_description:/home/student36/ws_moveit/install/robotiq_controllers:/home/student36/ws_moveit/install/pilz_industrial_motion_planner_testutils:/home/student36/ws_moveit/install/mycobot_280_moveit2:/home/student36/ws_moveit/install/moveit_runtime:/home/student36/ws_moveit/install/moveit:/home/student36/ws_moveit/install/elephant_arm:/home/student36/ws_moveit/install/moveit_planners:/home/student36/ws_moveit/install/pilz_industrial_motion_planner:/home/student36/ws_moveit/install/mycobot_description:/home/student36/ws_moveit/install/moveit_task_constructor_msgs:/home/student36/ws_moveit/install/moveit_ros_control_interface:/home/student36/ws_moveit/install/moveit_plugins:/home/student36/ws_moveit/install/moveit_simple_controller_manager:/home/student36/ws_moveit/install/moveit_setup_assistant:/home/student36/ws_moveit/install/moveit_setup_srdf_plugins:/home/student36/ws_moveit/install/moveit_setup_core_plugins:/home/student36/ws_moveit/install/moveit_setup_controllers:/home/student36/ws_moveit/install/moveit_setup_app_plugins:/home/student36/ws_moveit/install/moveit_setup_framework:/home/student36/ws_moveit/install/moveit_servo:/home/student36/ws_moveit/install/moveit_ros_trajectory_cache:/home/student36/ws_moveit/install/moveit_ros:/home/student36/ws_moveit/install/moveit_ros_visualization:/home/student36/ws_moveit/install/moveit_py:/home/student36/ws_moveit/install/moveit_hybrid_planning:/home/student36/ws_moveit/install/moveit_ros_planning_interface:/home/student36/ws_moveit/install/moveit_ros_benchmarks:/home/student36/ws_moveit/install/moveit_ros_warehouse:/home/student36/ws_moveit/install/moveit_ros_robot_interaction:/home/student36/ws_moveit/install/moveit_ros_perception:/home/student36/ws_moveit/install/moveit_resources_prbt_pg70_support:/home/student36/ws_moveit/install/moveit_resources_prbt_moveit_config:/home/student36/ws_moveit/install/moveit_ros_move_group:/home/student36/ws_moveit/install/moveit_planners_ompl:/home/student36/ws_moveit/install/moveit_kinematics:/home/student36/ws_moveit/install/moveit_ros_planning:/home/student36/ws_moveit/install/moveit_ros_occupancy_map_monitor:/home/student36/ws_moveit/install/moveit_resources_prbt_support:/home/student36/ws_moveit/install/moveit_resources_prbt_ikfast_manipulator_plugin:/home/student36/ws_moveit/install/moveit_resources:/home/student36/ws_moveit/install/moveit_resources_pr2_description:/home/student36/ws_moveit/install/moveit_resources_panda_moveit_config:/home/student36/ws_moveit/install/dual_arm_panda_moveit_config:/home/student36/ws_moveit/install/moveit_resources_panda_description:/home/student36/ws_moveit/install/moveit_resources_fanuc_moveit_config:/home/student36/ws_moveit/install/moveit_resources_fanuc_description:/home/student36/ws_moveit/install/moveit_planners_stomp:/home/student36/ws_moveit/install/moveit_planners_chomp:/home/student36/ws_moveit/install/chomp_motion_planner:/home/student36/ws_moveit/install/moveit_core:/home/student36/ws_moveit/install/moveit_msgs:/home/student36/ws_moveit/install/moveit_common:/home/student36/ws_moveit/install/kortex_driver:/home/student36/ws_moveit/install/kortex_api:/home/student36/rplidar_ws/install/rplidar_ros:/home/student36/elephant_arm_ws/install/mycobot_280_moveit2:/opt/ros/jazzy/opt/gz_sim_vendor:/opt/ros/jazzy/opt/gz_sensors_vendor:/opt/ros/jazzy/opt/gz_physics_vendor:/opt/ros/jazzy/opt/sdformat_vendor:/opt/ros/jazzy/opt/gz_gui_vendor:/opt/ros/jazzy/opt/gz_transport_vendor:/opt/ros/jazzy/opt/gz_rendering_vendor:/opt/ros/jazzy/opt/gz_plugin_vendor:/opt/ros/jazzy/opt/gz_fuel_tools_vendor:/opt/ros/jazzy/opt/gz_msgs_vendor:/opt/ros/jazzy/opt/gz_common_vendor:/opt/ros/jazzy/opt/gz_math_vendor:/opt/ros/jazzy/opt/gz_utils_vendor:/opt/ros/jazzy/opt/gz_tools_vendor:/opt/ros/jazzy/opt/gz_ogre_next_vendor:/opt/ros/jazzy/opt/gz_dartsim_vendor:/opt/ros/jazzy/opt/gz_cmake_vendor:/home/student36/ros2_tutorial_workspace/install/the_simplest_python_package:/home/student36/ros2_tutorial_workspace/install/python_package_with_a_node:/home/student36/ros2_tutorial_workspace/install/python_package_that_uses_the_library:/home/student36/ros2_tutorial_workspace/install/python_package_with_a_library:/home/student36/ros2_tutorial_workspace/install/python_package_that_uses_the_services:/home/student36/ros2_tutorial_workspace/install/python_package_that_uses_the_actions:/home/student36/ros2_tutorial_workspace/install/python_package_that_uses_tf2:/home/student36/ros2_tutorial_workspace/install/python_package_that_uses_parameters_and_launch_files:/home/student36/ros2_tutorial_workspace/install/python_package_that_uses_nottf2:/home/student36/ros2_tutorial_workspace/install/python_package_that_uses_nav2:/home/student36/ros2_tutorial_workspace/install/python_package_that_uses_messages:/home/student36/ros2_tutorial_workspace/install/python_package_that_uses_geometry_msgs:/home/student36/ros2_tutorial_workspace/install/python_package_that_uses_gazebo:/home/student36/ws_moveit/install/moveit_configs_utils:/home/student36/elephant_arm_ws/install/mycobot_description:/opt/ros/jazzy DEBUGINFOD_URLS=https://debuginfod.ubuntu.com LD_LIBRARY_PATH=/home/student36/RoboticsDesignProject/Git-repos/LeoRover-Team7/elephant_arm_ws/install/moveit_task_constructor_core/lib:/home/student36/RoboticsDesignProject/Git-repos/LeoRover-Team7/elephant_arm_ws/install/rviz_marker_tools/lib:/home/student36/RoboticsDesignProject/Git-repos/LeoRover-Team7/elephant_arm_ws/install/moveit_task_constructor_msgs/lib:/home/student36/RoboticsDesignProject/Git-repos/LeoRover-Team7/elephant_arm_ws/install/moveit_task_constructor_demo/lib:/home/student36/RoboticsDesignProject/Git-repos/LeoRover-Team7/elephant_arm_ws/install/moveit_task_constructor_visualization/lib:/home/student36/RoboticsDesignProject/Git-repos/LeoRover-Team7/elephant_arm_ws/install/moveit_task_constructor_capabilities/lib:/home/student36/ros2_tutorial_workspace/install/package_with_interfaces/lib:/home/student36/ws_moveit/install/robotiq_driver/lib:/home/student36/ws_moveit/install/serial/lib:/home/student36/ws_moveit/install/moveit_visual_tools/lib:/home/student36/ws_moveit/install/rviz_visual_tools/lib:/home/student36/ws_moveit/install/moveit_task_constructor_demo/lib:/home/student36/ws_moveit/install/moveit_task_constructor_visualization/lib:/home/student36/ws_moveit/install/moveit_task_constructor_capabilities/lib:/home/student36/ws_moveit/install/moveit_task_constructor_core/lib:/home/student36/ws_moveit/install/rviz_marker_tools/lib:/home/student36/ws_moveit/install/robotiq_controllers/lib:/home/student36/ws_moveit/install/pilz_industrial_motion_planner_testutils/lib:/home/student36/ws_moveit/install/pilz_industrial_motion_planner/lib:/home/student36/ws_moveit/install/moveit_task_constructor_msgs/lib:/home/student36/ws_moveit/install/moveit_ros_control_interface/lib:/home/student36/ws_moveit/install/moveit_simple_controller_manager/lib:/home/student36/ws_moveit/install/moveit_setup_assistant/lib:/home/student36/ws_moveit/install/moveit_setup_srdf_plugins/lib:/home/student36/ws_moveit/install/moveit_setup_core_plugins/lib:/home/student36/ws_moveit/install/moveit_setup_controllers/lib:/home/student36/ws_moveit/install/moveit_setup_app_plugins/lib:/home/student36/ws_moveit/install/moveit_setup_framework/lib:/home/student36/ws_moveit/install/moveit_servo/lib:/home/student36/ws_moveit/install/moveit_ros_trajectory_cache/lib:/home/student36/ws_moveit/install/moveit_ros_visualization/lib:/home/student36/ws_moveit/install/moveit_py/lib:/home/student36/ws_moveit/install/moveit_hybrid_planning/lib:/home/student36/ws_moveit/install/moveit_ros_planning_interface/lib:/home/student36/ws_moveit/install/moveit_ros_benchmarks/lib:/home/student36/ws_moveit/install/moveit_ros_warehouse/lib:/home/student36/ws_moveit/install/moveit_ros_robot_interaction/lib:/home/student36/ws_moveit/install/moveit_ros_perception/lib:/home/student36/ws_moveit/install/moveit_ros_move_group/lib:/home/student36/ws_moveit/install/moveit_planners_ompl/lib:/home/student36/ws_moveit/install/moveit_kinematics/lib:/home/student36/ws_moveit/install/moveit_ros_planning/lib:/home/student36/ws_moveit/install/moveit_ros_occupancy_map_monitor/lib:/home/student36/ws_moveit/install/moveit_resources_prbt_ikfast_manipulator_plugin/lib:/home/student36/ws_moveit/install/moveit_planners_stomp/lib:/home/student36/ws_moveit/install/moveit_planners_chomp/lib:/home/student36/ws_moveit/install/chomp_motion_planner/lib:/home/student36/ws_moveit/install/moveit_core/lib:/home/student36/ws_moveit/install/moveit_msgs/lib:/home/student36/ws_moveit/install/kortex_driver/lib:/opt/ros/jazzy/opt/gz_sim_vendor/lib:/opt/ros/jazzy/opt/gz_sensors_vendor/lib:/opt/ros/jazzy/opt/gz_physics_vendor/lib:/opt/ros/jazzy/opt/sdformat_vendor/lib:/opt/ros/jazzy/opt/rviz_ogre_vendor/lib:/opt/ros/jazzy/lib/x86_64-linux-gnu:/opt/ros/jazzy/opt/gz_gui_vendor/lib:/opt/ros/jazzy/opt/gz_transport_vendor/lib:/opt/ros/jazzy/opt/gz_rendering_vendor/lib:/opt/ros/jazzy/opt/gz_plugin_vendor/lib:/opt/ros/jazzy/opt/gz_fuel_tools_vendor/lib:/opt/ros/jazzy/opt/gz_msgs_vendor/lib:/opt/ros/jazzy/opt/gz_common_vendor/lib:/opt/ros/jazzy/opt/gz_math_vendor/lib:/opt/ros/jazzy/opt/gz_utils_vendor/lib:/opt/ros/jazzy/opt/gz_tools_vendor/lib:/opt/ros/jazzy/opt/gz_ogre_next_vendor/lib:/opt/ros/jazzy/opt/gz_dartsim_vendor/lib:/opt/ros/jazzy/opt/gz_cmake_vendor/lib:/opt/ros/jazzy/lib /usr/bin/cmake --install /home/student36/RoboticsDesignProject/Git-repos/LeoRover-Team7/elephant_arm_ws/build/moveit_task_constructor_visualization
[4.569s] Level 1:colcon.colcon_core.environment:create_environment_scripts_only(moveit_task_constructor_visualization)
[4.572s] Level 1:colcon.colcon_core.environment:checking '/home/student36/RoboticsDesignProject/Git-repos/LeoRover-Team7/elephant_arm_ws/install/moveit_task_constructor_visualization' for CMake module files
[4.575s] Level 1:colcon.colcon_core.environment:checking '/home/student36/RoboticsDesignProject/Git-repos/LeoRover-Team7/elephant_arm_ws/install/moveit_task_constructor_visualization' for CMake config files
[4.578s] DEBUG:colcon.colcon_core.event_handler.log_command:Invoked command in '/home/student36/RoboticsDesignProject/Git-repos/LeoRover-Team7/elephant_arm_ws/build/moveit_task_constructor_visualization' returned '0': CMAKE_PREFIX_PATH=/home/student36/RoboticsDesignProject/Git-repos/LeoRover-Team7/elephant_arm_ws/install/moveit_task_constructor_core:/home/student36/RoboticsDesignProject/Git-repos/LeoRover-Team7/elephant_arm_ws/install/rviz_marker_tools:/home/student36/RoboticsDesignProject/Git-repos/LeoRover-Team7/elephant_arm_ws/install/moveit_task_constructor_msgs:/home/student36/RoboticsDesignProject/Git-repos/LeoRover-Team7/elephant_arm_ws/install/mtc_tutorial:/home/student36/RoboticsDesignProject/Git-repos/LeoRover-Team7/elephant_arm_ws/install/moveit_task_constructor_demo:/home/student36/RoboticsDesignProject/Git-repos/LeoRover-Team7/elephant_arm_ws/install/moveit_task_constructor_visualization:/home/student36/RoboticsDesignProject/Git-repos/LeoRover-Team7/elephant_arm_ws/install/moveit_task_constructor_capabilities:/home/student36/RoboticsDesignProject/Git-repos/LeoRover-Team7/elephant_arm_ws/install/mycobot_ros2:/home/student36/RoboticsDesignProject/Git-repos/LeoRover-Team7/elephant_arm_ws/install/mycobot_moveit_config:/home/student36/RoboticsDesignProject/Git-repos/LeoRover-Team7/elephant_arm_ws/install/mycobot_gazebo:/home/student36/RoboticsDesignProject/Git-repos/LeoRover-Team7/elephant_arm_ws/install/mycobot_description:/home/student36/RoboticsDesignProject/Git-repos/LeoRover-Team7/elephant_arm_ws/install/mycobot_bringup:/home/student36/RoboticsDesignProject/Git-repos/LeoRover-Team7/elephant_arm_ws/install/hello_moveit:/home/student36/ros2_tutorial_workspace/install/package_with_interfaces:/home/student36/ws_moveit/install/robotiq_hardware_tests:/home/student36/ws_moveit/install/robotiq_driver:/home/student36/ws_moveit/install/serial:/home/student36/ws_moveit/install/moveit2_tutorials:/home/student36/ws_moveit/install/hello_moveit:/home/student36/ws_moveit/install/moveit_visual_tools:/home/student36/ws_moveit/install/rviz_visual_tools:/home/student36/ws_moveit/install/mtc_tutorial:/home/student36/ws_moveit/install/moveit_task_constructor_demo:/home/student36/ws_moveit/install/moveit_task_constructor_visualization:/home/student36/ws_moveit/install/moveit_task_constructor_capabilities:/home/student36/ws_moveit/install/elephant:/home/student36/ws_moveit/install/moveit_task_constructor_core:/home/student36/ws_moveit/install/rviz_marker_tools:/home/student36/ws_moveit/install/kortex_bringup:/home/student36/ws_moveit/install/kinova_gen3_lite_moveit_config:/home/student36/ws_moveit/install/kinova_gen3_7dof_robotiq_2f_85_moveit_config:/home/student36/ws_moveit/install/kinova_gen3_6dof_robotiq_2f_85_moveit_config:/home/student36/ws_moveit/install/kortex_description:/home/student36/ws_moveit/install/robotiq_description:/home/student36/ws_moveit/install/robotiq_controllers:/home/student36/ws_moveit/install/pilz_industrial_motion_planner_testutils:/home/student36/ws_moveit/install/mycobot_280_moveit2:/home/student36/ws_moveit/install/moveit_runtime:/home/student36/ws_moveit/install/moveit:/home/student36/ws_moveit/install/elephant_arm:/home/student36/ws_moveit/install/moveit_planners:/home/student36/ws_moveit/install/pilz_industrial_motion_planner:/home/student36/ws_moveit/install/mycobot_description:/home/student36/ws_moveit/install/moveit_task_constructor_msgs:/home/student36/ws_moveit/install/moveit_ros_control_interface:/home/student36/ws_moveit/install/moveit_plugins:/home/student36/ws_moveit/install/moveit_simple_controller_manager:/home/student36/ws_moveit/install/moveit_setup_assistant:/home/student36/ws_moveit/install/moveit_setup_srdf_plugins:/home/student36/ws_moveit/install/moveit_setup_core_plugins:/home/student36/ws_moveit/install/moveit_setup_controllers:/home/student36/ws_moveit/install/moveit_setup_app_plugins:/home/student36/ws_moveit/install/moveit_setup_framework:/home/student36/ws_moveit/install/moveit_servo:/home/student36/ws_moveit/install/moveit_ros_trajectory_cache:/home/student36/ws_moveit/install/moveit_ros:/home/student36/ws_moveit/install/moveit_ros_visualization:/home/student36/ws_moveit/install/moveit_py:/home/student36/ws_moveit/install/moveit_hybrid_planning:/home/student36/ws_moveit/install/moveit_ros_planning_interface:/home/student36/ws_moveit/install/moveit_ros_benchmarks:/home/student36/ws_moveit/install/moveit_ros_warehouse:/home/student36/ws_moveit/install/moveit_ros_robot_interaction:/home/student36/ws_moveit/install/moveit_ros_perception:/home/student36/ws_moveit/install/moveit_resources_prbt_pg70_support:/home/student36/ws_moveit/install/moveit_resources_prbt_moveit_config:/home/student36/ws_moveit/install/moveit_ros_move_group:/home/student36/ws_moveit/install/moveit_planners_ompl:/home/student36/ws_moveit/install/moveit_kinematics:/home/student36/ws_moveit/install/moveit_ros_planning:/home/student36/ws_moveit/install/moveit_ros_occupancy_map_monitor:/home/student36/ws_moveit/install/moveit_resources_prbt_support:/home/student36/ws_moveit/install/moveit_resources_prbt_ikfast_manipulator_plugin:/home/student36/ws_moveit/install/moveit_resources:/home/student36/ws_moveit/install/moveit_resources_pr2_description:/home/student36/ws_moveit/install/moveit_resources_panda_moveit_config:/home/student36/ws_moveit/install/dual_arm_panda_moveit_config:/home/student36/ws_moveit/install/moveit_resources_panda_description:/home/student36/ws_moveit/install/moveit_resources_fanuc_moveit_config:/home/student36/ws_moveit/install/moveit_resources_fanuc_description:/home/student36/ws_moveit/install/moveit_planners_stomp:/home/student36/ws_moveit/install/moveit_planners_chomp:/home/student36/ws_moveit/install/chomp_motion_planner:/home/student36/ws_moveit/install/moveit_core:/home/student36/ws_moveit/install/moveit_msgs:/home/student36/ws_moveit/install/moveit_common:/home/student36/ws_moveit/install/kortex_driver:/home/student36/ws_moveit/install/kortex_api:/home/student36/rplidar_ws/install/rplidar_ros:/home/student36/elephant_arm_ws/install/mycobot_280_moveit2:/opt/ros/jazzy/opt/gz_sim_vendor:/opt/ros/jazzy/opt/gz_sensors_vendor:/opt/ros/jazzy/opt/gz_physics_vendor:/opt/ros/jazzy/opt/sdformat_vendor:/opt/ros/jazzy/opt/gz_gui_vendor:/opt/ros/jazzy/opt/gz_transport_vendor:/opt/ros/jazzy/opt/gz_rendering_vendor:/opt/ros/jazzy/opt/gz_plugin_vendor:/opt/ros/jazzy/opt/gz_fuel_tools_vendor:/opt/ros/jazzy/opt/gz_msgs_vendor:/opt/ros/jazzy/opt/gz_common_vendor:/opt/ros/jazzy/opt/gz_math_vendor:/opt/ros/jazzy/opt/gz_utils_vendor:/opt/ros/jazzy/opt/gz_tools_vendor:/opt/ros/jazzy/opt/gz_ogre_next_vendor:/opt/ros/jazzy/opt/gz_dartsim_vendor:/opt/ros/jazzy/opt/gz_cmake_vendor:/home/student36/ros2_tutorial_workspace/install/the_simplest_python_package:/home/student36/ros2_tutorial_workspace/install/python_package_with_a_node:/home/student36/ros2_tutorial_workspace/install/python_package_that_uses_the_library:/home/student36/ros2_tutorial_workspace/install/python_package_with_a_library:/home/student36/ros2_tutorial_workspace/install/python_package_that_uses_the_services:/home/student36/ros2_tutorial_workspace/install/python_package_that_uses_the_actions:/home/student36/ros2_tutorial_workspace/install/python_package_that_uses_tf2:/home/student36/ros2_tutorial_workspace/install/python_package_that_uses_parameters_and_launch_files:/home/student36/ros2_tutorial_workspace/install/python_package_that_uses_nottf2:/home/student36/ros2_tutorial_workspace/install/python_package_that_uses_nav2:/home/student36/ros2_tutorial_workspace/install/python_package_that_uses_messages:/home/student36/ros2_tutorial_workspace/install/python_package_that_uses_geometry_msgs:/home/student36/ros2_tutorial_workspace/install/python_package_that_uses_gazebo:/home/student36/ws_moveit/install/moveit_configs_utils:/home/student36/elephant_arm_ws/install/mycobot_description:/opt/ros/jazzy DEBUGINFOD_URLS=https://debuginfod.ubuntu.com LD_LIBRARY_PATH=/home/student36/RoboticsDesignProject/Git-repos/LeoRover-Team7/elephant_arm_ws/install/moveit_task_constructor_core/lib:/home/student36/RoboticsDesignProject/Git-repos/LeoRover-Team7/elephant_arm_ws/install/rviz_marker_tools/lib:/home/student36/RoboticsDesignProject/Git-repos/LeoRover-Team7/elephant_arm_ws/install/moveit_task_constructor_msgs/lib:/home/student36/RoboticsDesignProject/Git-repos/LeoRover-Team7/elephant_arm_ws/install/moveit_task_constructor_demo/lib:/home/student36/RoboticsDesignProject/Git-repos/LeoRover-Team7/elephant_arm_ws/install/moveit_task_constructor_visualization/lib:/home/student36/RoboticsDesignProject/Git-repos/LeoRover-Team7/elephant_arm_ws/install/moveit_task_constructor_capabilities/lib:/home/student36/ros2_tutorial_workspace/install/package_with_interfaces/lib:/home/student36/ws_moveit/install/robotiq_driver/lib:/home/student36/ws_moveit/install/serial/lib:/home/student36/ws_moveit/install/moveit_visual_tools/lib:/home/student36/ws_moveit/install/rviz_visual_tools/lib:/home/student36/ws_moveit/install/moveit_task_constructor_demo/lib:/home/student36/ws_moveit/install/moveit_task_constructor_visualization/lib:/home/student36/ws_moveit/install/moveit_task_constructor_capabilities/lib:/home/student36/ws_moveit/install/moveit_task_constructor_core/lib:/home/student36/ws_moveit/install/rviz_marker_tools/lib:/home/student36/ws_moveit/install/robotiq_controllers/lib:/home/student36/ws_moveit/install/pilz_industrial_motion_planner_testutils/lib:/home/student36/ws_moveit/install/pilz_industrial_motion_planner/lib:/home/student36/ws_moveit/install/moveit_task_constructor_msgs/lib:/home/student36/ws_moveit/install/moveit_ros_control_interface/lib:/home/student36/ws_moveit/install/moveit_simple_controller_manager/lib:/home/student36/ws_moveit/install/moveit_setup_assistant/lib:/home/student36/ws_moveit/install/moveit_setup_srdf_plugins/lib:/home/student36/ws_moveit/install/moveit_setup_core_plugins/lib:/home/student36/ws_moveit/install/moveit_setup_controllers/lib:/home/student36/ws_moveit/install/moveit_setup_app_plugins/lib:/home/student36/ws_moveit/install/moveit_setup_framework/lib:/home/student36/ws_moveit/install/moveit_servo/lib:/home/student36/ws_moveit/install/moveit_ros_trajectory_cache/lib:/home/student36/ws_moveit/install/moveit_ros_visualization/lib:/home/student36/ws_moveit/install/moveit_py/lib:/home/student36/ws_moveit/install/moveit_hybrid_planning/lib:/home/student36/ws_moveit/install/moveit_ros_planning_interface/lib:/home/student36/ws_moveit/install/moveit_ros_benchmarks/lib:/home/student36/ws_moveit/install/moveit_ros_warehouse/lib:/home/student36/ws_moveit/install/moveit_ros_robot_interaction/lib:/home/student36/ws_moveit/install/moveit_ros_perception/lib:/home/student36/ws_moveit/install/moveit_ros_move_group/lib:/home/student36/ws_moveit/install/moveit_planners_ompl/lib:/home/student36/ws_moveit/install/moveit_kinematics/lib:/home/student36/ws_moveit/install/moveit_ros_planning/lib:/home/student36/ws_moveit/install/moveit_ros_occupancy_map_monitor/lib:/home/student36/ws_moveit/install/moveit_resources_prbt_ikfast_manipulator_plugin/lib:/home/student36/ws_moveit/install/moveit_planners_stomp/lib:/home/student36/ws_moveit/install/moveit_planners_chomp/lib:/home/student36/ws_moveit/install/chomp_motion_planner/lib:/home/student36/ws_moveit/install/moveit_core/lib:/home/student36/ws_moveit/install/moveit_msgs/lib:/home/student36/ws_moveit/install/kortex_driver/lib:/opt/ros/jazzy/opt/gz_sim_vendor/lib:/opt/ros/jazzy/opt/gz_sensors_vendor/lib:/opt/ros/jazzy/opt/gz_physics_vendor/lib:/opt/ros/jazzy/opt/sdformat_vendor/lib:/opt/ros/jazzy/opt/rviz_ogre_vendor/lib:/opt/ros/jazzy/lib/x86_64-linux-gnu:/opt/ros/jazzy/opt/gz_gui_vendor/lib:/opt/ros/jazzy/opt/gz_transport_vendor/lib:/opt/ros/jazzy/opt/gz_rendering_vendor/lib:/opt/ros/jazzy/opt/gz_plugin_vendor/lib:/opt/ros/jazzy/opt/gz_fuel_tools_vendor/lib:/opt/ros/jazzy/opt/gz_msgs_vendor/lib:/opt/ros/jazzy/opt/gz_common_vendor/lib:/opt/ros/jazzy/opt/gz_math_vendor/lib:/opt/ros/jazzy/opt/gz_utils_vendor/lib:/opt/ros/jazzy/opt/gz_tools_vendor/lib:/opt/ros/jazzy/opt/gz_ogre_next_vendor/lib:/opt/ros/jazzy/opt/gz_dartsim_vendor/lib:/opt/ros/jazzy/opt/gz_cmake_vendor/lib:/opt/ros/jazzy/lib /usr/bin/cmake --install /home/student36/RoboticsDesignProject/Git-repos/LeoRover-Team7/elephant_arm_ws/build/moveit_task_constructor_visualization
[4.579s] Level 1:colcon.colcon_core.shell:create_environment_hook('moveit_task_constructor_visualization', 'cmake_prefix_path')
[4.579s] INFO:colcon.colcon_core.shell:Creating environment hook '/home/student36/RoboticsDesignProject/Git-repos/LeoRover-Team7/elephant_arm_ws/install/moveit_task_constructor_visualization/share/moveit_task_constructor_visualization/hook/cmake_prefix_path.ps1'
[4.580s] INFO:colcon.colcon_core.shell:Creating environment descriptor '/home/student36/RoboticsDesignProject/Git-repos/LeoRover-Team7/elephant_arm_ws/install/moveit_task_constructor_visualization/share/moveit_task_constructor_visualization/hook/cmake_prefix_path.dsv'
[4.581s] INFO:colcon.colcon_core.shell:Creating environment hook '/home/student36/RoboticsDesignProject/Git-repos/LeoRover-Team7/elephant_arm_ws/install/moveit_task_constructor_visualization/share/moveit_task_constructor_visualization/hook/cmake_prefix_path.sh'
[4.583s] Level 1:colcon.colcon_core.environment:checking '/home/student36/RoboticsDesignProject/Git-repos/LeoRover-Team7/elephant_arm_ws/install/moveit_task_constructor_visualization/lib'
[4.583s] Level 1:colcon.colcon_core.shell:create_environment_hook('moveit_task_constructor_visualization', 'ld_library_path_lib')
[4.583s] INFO:colcon.colcon_core.shell:Creating environment hook '/home/student36/RoboticsDesignProject/Git-repos/LeoRover-Team7/elephant_arm_ws/install/moveit_task_constructor_visualization/share/moveit_task_constructor_visualization/hook/ld_library_path_lib.ps1'
[4.584s] INFO:colcon.colcon_core.shell:Creating environment descriptor '/home/student36/RoboticsDesignProject/Git-repos/LeoRover-Team7/elephant_arm_ws/install/moveit_task_constructor_visualization/share/moveit_task_constructor_visualization/hook/ld_library_path_lib.dsv'
[4.585s] INFO:colcon.colcon_core.shell:Creating environment hook '/home/student36/RoboticsDesignProject/Git-repos/LeoRover-Team7/elephant_arm_ws/install/moveit_task_constructor_visualization/share/moveit_task_constructor_visualization/hook/ld_library_path_lib.sh'
[4.586s] Level 1:colcon.colcon_core.environment:checking '/home/student36/RoboticsDesignProject/Git-repos/LeoRover-Team7/elephant_arm_ws/install/moveit_task_constructor_visualization/bin'
[4.586s] Level 1:colcon.colcon_core.environment:checking '/home/student36/RoboticsDesignProject/Git-repos/LeoRover-Team7/elephant_arm_ws/install/moveit_task_constructor_visualization/lib/pkgconfig/moveit_task_constructor_visualization.pc'
[4.586s] Level 1:colcon.colcon_core.environment:checking '/home/student36/RoboticsDesignProject/Git-repos/LeoRover-Team7/elephant_arm_ws/install/moveit_task_constructor_visualization/lib/python3.12/site-packages'
[4.590s] Level 1:colcon.colcon_core.environment:checking '/home/student36/RoboticsDesignProject/Git-repos/LeoRover-Team7/elephant_arm_ws/install/moveit_task_constructor_visualization/bin'
[4.591s] INFO:colcon.colcon_core.shell:Creating package script '/home/student36/RoboticsDesignProject/Git-repos/LeoRover-Team7/elephant_arm_ws/install/moveit_task_constructor_visualization/share/moveit_task_constructor_visualization/package.ps1'
[4.594s] INFO:colcon.colcon_core.shell:Creating package descriptor '/home/student36/RoboticsDesignProject/Git-repos/LeoRover-Team7/elephant_arm_ws/install/moveit_task_constructor_visualization/share/moveit_task_constructor_visualization/package.dsv'
[4.596s] INFO:colcon.colcon_core.shell:Creating package script '/home/student36/RoboticsDesignProject/Git-repos/LeoRover-Team7/elephant_arm_ws/install/moveit_task_constructor_visualization/share/moveit_task_constructor_visualization/package.sh'
[4.599s] INFO:colcon.colcon_core.shell:Creating package script '/home/student36/RoboticsDesignProject/Git-repos/LeoRover-Team7/elephant_arm_ws/install/moveit_task_constructor_visualization/share/moveit_task_constructor_visualization/package.bash'
[4.601s] INFO:colcon.colcon_core.shell:Creating package script '/home/student36/RoboticsDesignProject/Git-repos/LeoRover-Team7/elephant_arm_ws/install/moveit_task_constructor_visualization/share/moveit_task_constructor_visualization/package.zsh'
[4.603s] Level 1:colcon.colcon_core.environment:create_file_with_runtime_dependencies(/home/student36/RoboticsDesignProject/Git-repos/LeoRover-Team7/elephant_arm_ws/install/moveit_task_constructor_visualization/share/colcon-core/packages/moveit_task_constructor_visualization)
[4.606s] Level 1:colcon.colcon_core.environment:create_environment_scripts_only(moveit_task_constructor_visualization)
[4.607s] Level 1:colcon.colcon_core.environment:checking '/home/student36/RoboticsDesignProject/Git-repos/LeoRover-Team7/elephant_arm_ws/install/moveit_task_constructor_visualization' for CMake module files
[4.610s] Level 1:colcon.colcon_core.environment:checking '/home/student36/RoboticsDesignProject/Git-repos/LeoRover-Team7/elephant_arm_ws/install/moveit_task_constructor_visualization' for CMake config files
[4.611s] Level 1:colcon.colcon_core.shell:create_environment_hook('moveit_task_constructor_visualization', 'cmake_prefix_path')
[4.612s] INFO:colcon.colcon_core.shell:Creating environment hook '/home/student36/RoboticsDesignProject/Git-repos/LeoRover-Team7/elephant_arm_ws/install/moveit_task_constructor_visualization/share/moveit_task_constructor_visualization/hook/cmake_prefix_path.ps1'
[4.613s] INFO:colcon.colcon_core.shell:Creating environment descriptor '/home/student36/RoboticsDesignProject/Git-repos/LeoRover-Team7/elephant_arm_ws/install/moveit_task_constructor_visualization/share/moveit_task_constructor_visualization/hook/cmake_prefix_path.dsv'
[4.614s] INFO:colcon.colcon_core.shell:Creating environment hook '/home/student36/RoboticsDesignProject/Git-repos/LeoRover-Team7/elephant_arm_ws/install/moveit_task_constructor_visualization/share/moveit_task_constructor_visualization/hook/cmake_prefix_path.sh'
[4.615s] Level 1:colcon.colcon_core.environment:checking '/home/student36/RoboticsDesignProject/Git-repos/LeoRover-Team7/elephant_arm_ws/install/moveit_task_constructor_visualization/lib'
[4.615s] Level 1:colcon.colcon_core.shell:create_environment_hook('moveit_task_constructor_visualization', 'ld_library_path_lib')
[4.616s] INFO:colcon.colcon_core.shell:Creating environment hook '/home/student36/RoboticsDesignProject/Git-repos/LeoRover-Team7/elephant_arm_ws/install/moveit_task_constructor_visualization/share/moveit_task_constructor_visualization/hook/ld_library_path_lib.ps1'
[4.617s] INFO:colcon.colcon_core.shell:Creating environment descriptor '/home/student36/RoboticsDesignProject/Git-repos/LeoRover-Team7/elephant_arm_ws/install/moveit_task_constructor_visualization/share/moveit_task_constructor_visualization/hook/ld_library_path_lib.dsv'
[4.617s] INFO:colcon.colcon_core.shell:Creating environment hook '/home/student36/RoboticsDesignProject/Git-repos/LeoRover-Team7/elephant_arm_ws/install/moveit_task_constructor_visualization/share/moveit_task_constructor_visualization/hook/ld_library_path_lib.sh'
[4.618s] Level 1:colcon.colcon_core.environment:checking '/home/student36/RoboticsDesignProject/Git-repos/LeoRover-Team7/elephant_arm_ws/install/moveit_task_constructor_visualization/bin'
[4.619s] Level 1:colcon.colcon_core.environment:checking '/home/student36/RoboticsDesignProject/Git-repos/LeoRover-Team7/elephant_arm_ws/install/moveit_task_constructor_visualization/lib/pkgconfig/moveit_task_constructor_visualization.pc'
[4.619s] Level 1:colcon.colcon_core.environment:checking '/home/student36/RoboticsDesignProject/Git-repos/LeoRover-Team7/elephant_arm_ws/install/moveit_task_constructor_visualization/lib/python3.12/site-packages'
[4.621s] Level 1:colcon.colcon_core.environment:checking '/home/student36/RoboticsDesignProject/Git-repos/LeoRover-Team7/elephant_arm_ws/install/moveit_task_constructor_visualization/bin'
[4.621s] INFO:colcon.colcon_core.shell:Creating package script '/home/student36/RoboticsDesignProject/Git-repos/LeoRover-Team7/elephant_arm_ws/install/moveit_task_constructor_visualization/share/moveit_task_constructor_visualization/package.ps1'
[4.623s] INFO:colcon.colcon_core.shell:Creating package descriptor '/home/student36/RoboticsDesignProject/Git-repos/LeoRover-Team7/elephant_arm_ws/install/moveit_task_constructor_visualization/share/moveit_task_constructor_visualization/package.dsv'
[4.625s] INFO:colcon.colcon_core.shell:Creating package script '/home/student36/RoboticsDesignProject/Git-repos/LeoRover-Team7/elephant_arm_ws/install/moveit_task_constructor_visualization/share/moveit_task_constructor_visualization/package.sh'
[4.626s] INFO:colcon.colcon_core.shell:Creating package script '/home/student36/RoboticsDesignProject/Git-repos/LeoRover-Team7/elephant_arm_ws/install/moveit_task_constructor_visualization/share/moveit_task_constructor_visualization/package.bash'
[4.627s] INFO:colcon.colcon_core.shell:Creating package script '/home/student36/RoboticsDesignProject/Git-repos/LeoRover-Team7/elephant_arm_ws/install/moveit_task_constructor_visualization/share/moveit_task_constructor_visualization/package.zsh'
[4.628s] Level 1:colcon.colcon_core.environment:create_file_with_runtime_dependencies(/home/student36/RoboticsDesignProject/Git-repos/LeoRover-Team7/elephant_arm_ws/install/moveit_task_constructor_visualization/share/colcon-core/packages/moveit_task_constructor_visualization)
[4.629s] INFO:colcon.colcon_ros.task.ament_cmake.build:Building ROS package in '/home/student36/RoboticsDesignProject/Git-repos/LeoRover-Team7/elephant_arm_ws/src/moveit_task_constructor/demo' with build type 'ament_cmake'
[4.629s] INFO:colcon.colcon_cmake.task.cmake.build:Building CMake package in '/home/student36/RoboticsDesignProject/Git-repos/LeoRover-Team7/elephant_arm_ws/src/moveit_task_constructor/demo'
[4.630s] INFO:colcon.colcon_core.shell:Skip shell extension 'powershell' for command environment: Not usable outside of PowerShell
[4.630s] DEBUG:colcon.colcon_core.shell:Skip shell extension 'dsv' for command environment
[4.731s] DEBUG:colcon.colcon_core.event_handler.log_command:Invoking command in '/home/student36/RoboticsDesignProject/Git-repos/LeoRover-Team7/elephant_arm_ws/build/moveit_task_constructor_demo': CMAKE_PREFIX_PATH=/home/student36/RoboticsDesignProject/Git-repos/LeoRover-Team7/elephant_arm_ws/install/moveit_task_constructor_visualization:/home/student36/RoboticsDesignProject/Git-repos/LeoRover-Team7/elephant_arm_ws/install/moveit_task_constructor_capabilities:/home/student36/RoboticsDesignProject/Git-repos/LeoRover-Team7/elephant_arm_ws/install/moveit_task_constructor_core:/home/student36/RoboticsDesignProject/Git-repos/LeoRover-Team7/elephant_arm_ws/install/rviz_marker_tools:/home/student36/RoboticsDesignProject/Git-repos/LeoRover-Team7/elephant_arm_ws/install/moveit_task_constructor_msgs:/home/student36/RoboticsDesignProject/Git-repos/LeoRover-Team7/elephant_arm_ws/install/mtc_tutorial:/home/student36/RoboticsDesignProject/Git-repos/LeoRover-Team7/elephant_arm_ws/install/moveit_task_constructor_demo:/home/student36/RoboticsDesignProject/Git-repos/LeoRover-Team7/elephant_arm_ws/install/mycobot_ros2:/home/student36/RoboticsDesignProject/Git-repos/LeoRover-Team7/elephant_arm_ws/install/mycobot_moveit_config:/home/student36/RoboticsDesignProject/Git-repos/LeoRover-Team7/elephant_arm_ws/install/mycobot_gazebo:/home/student36/RoboticsDesignProject/Git-repos/LeoRover-Team7/elephant_arm_ws/install/mycobot_description:/home/student36/RoboticsDesignProject/Git-repos/LeoRover-Team7/elephant_arm_ws/install/mycobot_bringup:/home/student36/RoboticsDesignProject/Git-repos/LeoRover-Team7/elephant_arm_ws/install/hello_moveit:/home/student36/ros2_tutorial_workspace/install/package_with_interfaces:/home/student36/ws_moveit/install/robotiq_hardware_tests:/home/student36/ws_moveit/install/robotiq_driver:/home/student36/ws_moveit/install/serial:/home/student36/ws_moveit/install/moveit2_tutorials:/home/student36/ws_moveit/install/hello_moveit:/home/student36/ws_moveit/install/moveit_visual_tools:/home/student36/ws_moveit/install/rviz_visual_tools:/home/student36/ws_moveit/install/mtc_tutorial:/home/student36/ws_moveit/install/moveit_task_constructor_demo:/home/student36/ws_moveit/install/moveit_task_constructor_visualization:/home/student36/ws_moveit/install/moveit_task_constructor_capabilities:/home/student36/ws_moveit/install/elephant:/home/student36/ws_moveit/install/moveit_task_constructor_core:/home/student36/ws_moveit/install/rviz_marker_tools:/home/student36/ws_moveit/install/kortex_bringup:/home/student36/ws_moveit/install/kinova_gen3_lite_moveit_config:/home/student36/ws_moveit/install/kinova_gen3_7dof_robotiq_2f_85_moveit_config:/home/student36/ws_moveit/install/kinova_gen3_6dof_robotiq_2f_85_moveit_config:/home/student36/ws_moveit/install/kortex_description:/home/student36/ws_moveit/install/robotiq_description:/home/student36/ws_moveit/install/robotiq_controllers:/home/student36/ws_moveit/install/pilz_industrial_motion_planner_testutils:/home/student36/ws_moveit/install/mycobot_280_moveit2:/home/student36/ws_moveit/install/moveit_runtime:/home/student36/ws_moveit/install/moveit:/home/student36/ws_moveit/install/elephant_arm:/home/student36/ws_moveit/install/moveit_planners:/home/student36/ws_moveit/install/pilz_industrial_motion_planner:/home/student36/ws_moveit/install/mycobot_description:/home/student36/ws_moveit/install/moveit_task_constructor_msgs:/home/student36/ws_moveit/install/moveit_ros_control_interface:/home/student36/ws_moveit/install/moveit_plugins:/home/student36/ws_moveit/install/moveit_simple_controller_manager:/home/student36/ws_moveit/install/moveit_setup_assistant:/home/student36/ws_moveit/install/moveit_setup_srdf_plugins:/home/student36/ws_moveit/install/moveit_setup_core_plugins:/home/student36/ws_moveit/install/moveit_setup_controllers:/home/student36/ws_moveit/install/moveit_setup_app_plugins:/home/student36/ws_moveit/install/moveit_setup_framework:/home/student36/ws_moveit/install/moveit_servo:/home/student36/ws_moveit/install/moveit_ros_trajectory_cache:/home/student36/ws_moveit/install/moveit_ros:/home/student36/ws_moveit/install/moveit_ros_visualization:/home/student36/ws_moveit/install/moveit_py:/home/student36/ws_moveit/install/moveit_hybrid_planning:/home/student36/ws_moveit/install/moveit_ros_planning_interface:/home/student36/ws_moveit/install/moveit_ros_benchmarks:/home/student36/ws_moveit/install/moveit_ros_warehouse:/home/student36/ws_moveit/install/moveit_ros_robot_interaction:/home/student36/ws_moveit/install/moveit_ros_perception:/home/student36/ws_moveit/install/moveit_resources_prbt_pg70_support:/home/student36/ws_moveit/install/moveit_resources_prbt_moveit_config:/home/student36/ws_moveit/install/moveit_ros_move_group:/home/student36/ws_moveit/install/moveit_planners_ompl:/home/student36/ws_moveit/install/moveit_kinematics:/home/student36/ws_moveit/install/moveit_ros_planning:/home/student36/ws_moveit/install/moveit_ros_occupancy_map_monitor:/home/student36/ws_moveit/install/moveit_resources_prbt_support:/home/student36/ws_moveit/install/moveit_resources_prbt_ikfast_manipulator_plugin:/home/student36/ws_moveit/install/moveit_resources:/home/student36/ws_moveit/install/moveit_resources_pr2_description:/home/student36/ws_moveit/install/moveit_resources_panda_moveit_config:/home/student36/ws_moveit/install/dual_arm_panda_moveit_config:/home/student36/ws_moveit/install/moveit_resources_panda_description:/home/student36/ws_moveit/install/moveit_resources_fanuc_moveit_config:/home/student36/ws_moveit/install/moveit_resources_fanuc_description:/home/student36/ws_moveit/install/moveit_planners_stomp:/home/student36/ws_moveit/install/moveit_planners_chomp:/home/student36/ws_moveit/install/chomp_motion_planner:/home/student36/ws_moveit/install/moveit_core:/home/student36/ws_moveit/install/moveit_msgs:/home/student36/ws_moveit/install/moveit_common:/home/student36/ws_moveit/install/kortex_driver:/home/student36/ws_moveit/install/kortex_api:/home/student36/rplidar_ws/install/rplidar_ros:/home/student36/elephant_arm_ws/install/mycobot_280_moveit2:/opt/ros/jazzy/opt/gz_sim_vendor:/opt/ros/jazzy/opt/gz_sensors_vendor:/opt/ros/jazzy/opt/gz_physics_vendor:/opt/ros/jazzy/opt/sdformat_vendor:/opt/ros/jazzy/opt/gz_gui_vendor:/opt/ros/jazzy/opt/gz_transport_vendor:/opt/ros/jazzy/opt/gz_rendering_vendor:/opt/ros/jazzy/opt/gz_plugin_vendor:/opt/ros/jazzy/opt/gz_fuel_tools_vendor:/opt/ros/jazzy/opt/gz_msgs_vendor:/opt/ros/jazzy/opt/gz_common_vendor:/opt/ros/jazzy/opt/gz_math_vendor:/opt/ros/jazzy/opt/gz_utils_vendor:/opt/ros/jazzy/opt/gz_tools_vendor:/opt/ros/jazzy/opt/gz_ogre_next_vendor:/opt/ros/jazzy/opt/gz_dartsim_vendor:/opt/ros/jazzy/opt/gz_cmake_vendor:/home/student36/ros2_tutorial_workspace/install/the_simplest_python_package:/home/student36/ros2_tutorial_workspace/install/python_package_with_a_node:/home/student36/ros2_tutorial_workspace/install/python_package_that_uses_the_library:/home/student36/ros2_tutorial_workspace/install/python_package_with_a_library:/home/student36/ros2_tutorial_workspace/install/python_package_that_uses_the_services:/home/student36/ros2_tutorial_workspace/install/python_package_that_uses_the_actions:/home/student36/ros2_tutorial_workspace/install/python_package_that_uses_tf2:/home/student36/ros2_tutorial_workspace/install/python_package_that_uses_parameters_and_launch_files:/home/student36/ros2_tutorial_workspace/install/python_package_that_uses_nottf2:/home/student36/ros2_tutorial_workspace/install/python_package_that_uses_nav2:/home/student36/ros2_tutorial_workspace/install/python_package_that_uses_messages:/home/student36/ros2_tutorial_workspace/install/python_package_that_uses_geometry_msgs:/home/student36/ros2_tutorial_workspace/install/python_package_that_uses_gazebo:/home/student36/ws_moveit/install/moveit_configs_utils:/home/student36/elephant_arm_ws/install/mycobot_description:/opt/ros/jazzy DEBUGINFOD_URLS=https://debuginfod.ubuntu.com LD_LIBRARY_PATH=/home/student36/RoboticsDesignProject/Git-repos/LeoRover-Team7/elephant_arm_ws/install/moveit_task_constructor_visualization/lib:/home/student36/RoboticsDesignProject/Git-repos/LeoRover-Team7/elephant_arm_ws/install/moveit_task_constructor_capabilities/lib:/home/student36/RoboticsDesignProject/Git-repos/LeoRover-Team7/elephant_arm_ws/install/moveit_task_constructor_core/lib:/home/student36/RoboticsDesignProject/Git-repos/LeoRover-Team7/elephant_arm_ws/install/rviz_marker_tools/lib:/home/student36/RoboticsDesignProject/Git-repos/LeoRover-Team7/elephant_arm_ws/install/moveit_task_constructor_msgs/lib:/home/student36/RoboticsDesignProject/Git-repos/LeoRover-Team7/elephant_arm_ws/install/moveit_task_constructor_demo/lib:/home/student36/ros2_tutorial_workspace/install/package_with_interfaces/lib:/home/student36/ws_moveit/install/robotiq_driver/lib:/home/student36/ws_moveit/install/serial/lib:/home/student36/ws_moveit/install/moveit_visual_tools/lib:/home/student36/ws_moveit/install/rviz_visual_tools/lib:/home/student36/ws_moveit/install/moveit_task_constructor_demo/lib:/home/student36/ws_moveit/install/moveit_task_constructor_visualization/lib:/home/student36/ws_moveit/install/moveit_task_constructor_capabilities/lib:/home/student36/ws_moveit/install/moveit_task_constructor_core/lib:/home/student36/ws_moveit/install/rviz_marker_tools/lib:/home/student36/ws_moveit/install/robotiq_controllers/lib:/home/student36/ws_moveit/install/pilz_industrial_motion_planner_testutils/lib:/home/student36/ws_moveit/install/pilz_industrial_motion_planner/lib:/home/student36/ws_moveit/install/moveit_task_constructor_msgs/lib:/home/student36/ws_moveit/install/moveit_ros_control_interface/lib:/home/student36/ws_moveit/install/moveit_simple_controller_manager/lib:/home/student36/ws_moveit/install/moveit_setup_assistant/lib:/home/student36/ws_moveit/install/moveit_setup_srdf_plugins/lib:/home/student36/ws_moveit/install/moveit_setup_core_plugins/lib:/home/student36/ws_moveit/install/moveit_setup_controllers/lib:/home/student36/ws_moveit/install/moveit_setup_app_plugins/lib:/home/student36/ws_moveit/install/moveit_setup_framework/lib:/home/student36/ws_moveit/install/moveit_servo/lib:/home/student36/ws_moveit/install/moveit_ros_trajectory_cache/lib:/home/student36/ws_moveit/install/moveit_ros_visualization/lib:/home/student36/ws_moveit/install/moveit_py/lib:/home/student36/ws_moveit/install/moveit_hybrid_planning/lib:/home/student36/ws_moveit/install/moveit_ros_planning_interface/lib:/home/student36/ws_moveit/install/moveit_ros_benchmarks/lib:/home/student36/ws_moveit/install/moveit_ros_warehouse/lib:/home/student36/ws_moveit/install/moveit_ros_robot_interaction/lib:/home/student36/ws_moveit/install/moveit_ros_perception/lib:/home/student36/ws_moveit/install/moveit_ros_move_group/lib:/home/student36/ws_moveit/install/moveit_planners_ompl/lib:/home/student36/ws_moveit/install/moveit_kinematics/lib:/home/student36/ws_moveit/install/moveit_ros_planning/lib:/home/student36/ws_moveit/install/moveit_ros_occupancy_map_monitor/lib:/home/student36/ws_moveit/install/moveit_resources_prbt_ikfast_manipulator_plugin/lib:/home/student36/ws_moveit/install/moveit_planners_stomp/lib:/home/student36/ws_moveit/install/moveit_planners_chomp/lib:/home/student36/ws_moveit/install/chomp_motion_planner/lib:/home/student36/ws_moveit/install/moveit_core/lib:/home/student36/ws_moveit/install/moveit_msgs/lib:/home/student36/ws_moveit/install/kortex_driver/lib:/opt/ros/jazzy/opt/gz_sim_vendor/lib:/opt/ros/jazzy/opt/gz_sensors_vendor/lib:/opt/ros/jazzy/opt/gz_physics_vendor/lib:/opt/ros/jazzy/opt/sdformat_vendor/lib:/opt/ros/jazzy/opt/rviz_ogre_vendor/lib:/opt/ros/jazzy/lib/x86_64-linux-gnu:/opt/ros/jazzy/opt/gz_gui_vendor/lib:/opt/ros/jazzy/opt/gz_transport_vendor/lib:/opt/ros/jazzy/opt/gz_rendering_vendor/lib:/opt/ros/jazzy/opt/gz_plugin_vendor/lib:/opt/ros/jazzy/opt/gz_fuel_tools_vendor/lib:/opt/ros/jazzy/opt/gz_msgs_vendor/lib:/opt/ros/jazzy/opt/gz_common_vendor/lib:/opt/ros/jazzy/opt/gz_math_vendor/lib:/opt/ros/jazzy/opt/gz_utils_vendor/lib:/opt/ros/jazzy/opt/gz_tools_vendor/lib:/opt/ros/jazzy/opt/gz_ogre_next_vendor/lib:/opt/ros/jazzy/opt/gz_dartsim_vendor/lib:/opt/ros/jazzy/opt/gz_cmake_vendor/lib:/opt/ros/jazzy/lib /usr/bin/cmake --build /home/student36/RoboticsDesignProject/Git-repos/LeoRover-Team7/elephant_arm_ws/build/moveit_task_constructor_demo -- -j12 -l12
[5.068s] DEBUG:colcon.colcon_core.event_handler.log_command:Invoked command in '/home/student36/RoboticsDesignProject/Git-repos/LeoRover-Team7/elephant_arm_ws/build/moveit_task_constructor_demo' returned '0': CMAKE_PREFIX_PATH=/home/student36/RoboticsDesignProject/Git-repos/LeoRover-Team7/elephant_arm_ws/install/moveit_task_constructor_visualization:/home/student36/RoboticsDesignProject/Git-repos/LeoRover-Team7/elephant_arm_ws/install/moveit_task_constructor_capabilities:/home/student36/RoboticsDesignProject/Git-repos/LeoRover-Team7/elephant_arm_ws/install/moveit_task_constructor_core:/home/student36/RoboticsDesignProject/Git-repos/LeoRover-Team7/elephant_arm_ws/install/rviz_marker_tools:/home/student36/RoboticsDesignProject/Git-repos/LeoRover-Team7/elephant_arm_ws/install/moveit_task_constructor_msgs:/home/student36/RoboticsDesignProject/Git-repos/LeoRover-Team7/elephant_arm_ws/install/mtc_tutorial:/home/student36/RoboticsDesignProject/Git-repos/LeoRover-Team7/elephant_arm_ws/install/moveit_task_constructor_demo:/home/student36/RoboticsDesignProject/Git-repos/LeoRover-Team7/elephant_arm_ws/install/mycobot_ros2:/home/student36/RoboticsDesignProject/Git-repos/LeoRover-Team7/elephant_arm_ws/install/mycobot_moveit_config:/home/student36/RoboticsDesignProject/Git-repos/LeoRover-Team7/elephant_arm_ws/install/mycobot_gazebo:/home/student36/RoboticsDesignProject/Git-repos/LeoRover-Team7/elephant_arm_ws/install/mycobot_description:/home/student36/RoboticsDesignProject/Git-repos/LeoRover-Team7/elephant_arm_ws/install/mycobot_bringup:/home/student36/RoboticsDesignProject/Git-repos/LeoRover-Team7/elephant_arm_ws/install/hello_moveit:/home/student36/ros2_tutorial_workspace/install/package_with_interfaces:/home/student36/ws_moveit/install/robotiq_hardware_tests:/home/student36/ws_moveit/install/robotiq_driver:/home/student36/ws_moveit/install/serial:/home/student36/ws_moveit/install/moveit2_tutorials:/home/student36/ws_moveit/install/hello_moveit:/home/student36/ws_moveit/install/moveit_visual_tools:/home/student36/ws_moveit/install/rviz_visual_tools:/home/student36/ws_moveit/install/mtc_tutorial:/home/student36/ws_moveit/install/moveit_task_constructor_demo:/home/student36/ws_moveit/install/moveit_task_constructor_visualization:/home/student36/ws_moveit/install/moveit_task_constructor_capabilities:/home/student36/ws_moveit/install/elephant:/home/student36/ws_moveit/install/moveit_task_constructor_core:/home/student36/ws_moveit/install/rviz_marker_tools:/home/student36/ws_moveit/install/kortex_bringup:/home/student36/ws_moveit/install/kinova_gen3_lite_moveit_config:/home/student36/ws_moveit/install/kinova_gen3_7dof_robotiq_2f_85_moveit_config:/home/student36/ws_moveit/install/kinova_gen3_6dof_robotiq_2f_85_moveit_config:/home/student36/ws_moveit/install/kortex_description:/home/student36/ws_moveit/install/robotiq_description:/home/student36/ws_moveit/install/robotiq_controllers:/home/student36/ws_moveit/install/pilz_industrial_motion_planner_testutils:/home/student36/ws_moveit/install/mycobot_280_moveit2:/home/student36/ws_moveit/install/moveit_runtime:/home/student36/ws_moveit/install/moveit:/home/student36/ws_moveit/install/elephant_arm:/home/student36/ws_moveit/install/moveit_planners:/home/student36/ws_moveit/install/pilz_industrial_motion_planner:/home/student36/ws_moveit/install/mycobot_description:/home/student36/ws_moveit/install/moveit_task_constructor_msgs:/home/student36/ws_moveit/install/moveit_ros_control_interface:/home/student36/ws_moveit/install/moveit_plugins:/home/student36/ws_moveit/install/moveit_simple_controller_manager:/home/student36/ws_moveit/install/moveit_setup_assistant:/home/student36/ws_moveit/install/moveit_setup_srdf_plugins:/home/student36/ws_moveit/install/moveit_setup_core_plugins:/home/student36/ws_moveit/install/moveit_setup_controllers:/home/student36/ws_moveit/install/moveit_setup_app_plugins:/home/student36/ws_moveit/install/moveit_setup_framework:/home/student36/ws_moveit/install/moveit_servo:/home/student36/ws_moveit/install/moveit_ros_trajectory_cache:/home/student36/ws_moveit/install/moveit_ros:/home/student36/ws_moveit/install/moveit_ros_visualization:/home/student36/ws_moveit/install/moveit_py:/home/student36/ws_moveit/install/moveit_hybrid_planning:/home/student36/ws_moveit/install/moveit_ros_planning_interface:/home/student36/ws_moveit/install/moveit_ros_benchmarks:/home/student36/ws_moveit/install/moveit_ros_warehouse:/home/student36/ws_moveit/install/moveit_ros_robot_interaction:/home/student36/ws_moveit/install/moveit_ros_perception:/home/student36/ws_moveit/install/moveit_resources_prbt_pg70_support:/home/student36/ws_moveit/install/moveit_resources_prbt_moveit_config:/home/student36/ws_moveit/install/moveit_ros_move_group:/home/student36/ws_moveit/install/moveit_planners_ompl:/home/student36/ws_moveit/install/moveit_kinematics:/home/student36/ws_moveit/install/moveit_ros_planning:/home/student36/ws_moveit/install/moveit_ros_occupancy_map_monitor:/home/student36/ws_moveit/install/moveit_resources_prbt_support:/home/student36/ws_moveit/install/moveit_resources_prbt_ikfast_manipulator_plugin:/home/student36/ws_moveit/install/moveit_resources:/home/student36/ws_moveit/install/moveit_resources_pr2_description:/home/student36/ws_moveit/install/moveit_resources_panda_moveit_config:/home/student36/ws_moveit/install/dual_arm_panda_moveit_config:/home/student36/ws_moveit/install/moveit_resources_panda_description:/home/student36/ws_moveit/install/moveit_resources_fanuc_moveit_config:/home/student36/ws_moveit/install/moveit_resources_fanuc_description:/home/student36/ws_moveit/install/moveit_planners_stomp:/home/student36/ws_moveit/install/moveit_planners_chomp:/home/student36/ws_moveit/install/chomp_motion_planner:/home/student36/ws_moveit/install/moveit_core:/home/student36/ws_moveit/install/moveit_msgs:/home/student36/ws_moveit/install/moveit_common:/home/student36/ws_moveit/install/kortex_driver:/home/student36/ws_moveit/install/kortex_api:/home/student36/rplidar_ws/install/rplidar_ros:/home/student36/elephant_arm_ws/install/mycobot_280_moveit2:/opt/ros/jazzy/opt/gz_sim_vendor:/opt/ros/jazzy/opt/gz_sensors_vendor:/opt/ros/jazzy/opt/gz_physics_vendor:/opt/ros/jazzy/opt/sdformat_vendor:/opt/ros/jazzy/opt/gz_gui_vendor:/opt/ros/jazzy/opt/gz_transport_vendor:/opt/ros/jazzy/opt/gz_rendering_vendor:/opt/ros/jazzy/opt/gz_plugin_vendor:/opt/ros/jazzy/opt/gz_fuel_tools_vendor:/opt/ros/jazzy/opt/gz_msgs_vendor:/opt/ros/jazzy/opt/gz_common_vendor:/opt/ros/jazzy/opt/gz_math_vendor:/opt/ros/jazzy/opt/gz_utils_vendor:/opt/ros/jazzy/opt/gz_tools_vendor:/opt/ros/jazzy/opt/gz_ogre_next_vendor:/opt/ros/jazzy/opt/gz_dartsim_vendor:/opt/ros/jazzy/opt/gz_cmake_vendor:/home/student36/ros2_tutorial_workspace/install/the_simplest_python_package:/home/student36/ros2_tutorial_workspace/install/python_package_with_a_node:/home/student36/ros2_tutorial_workspace/install/python_package_that_uses_the_library:/home/student36/ros2_tutorial_workspace/install/python_package_with_a_library:/home/student36/ros2_tutorial_workspace/install/python_package_that_uses_the_services:/home/student36/ros2_tutorial_workspace/install/python_package_that_uses_the_actions:/home/student36/ros2_tutorial_workspace/install/python_package_that_uses_tf2:/home/student36/ros2_tutorial_workspace/install/python_package_that_uses_parameters_and_launch_files:/home/student36/ros2_tutorial_workspace/install/python_package_that_uses_nottf2:/home/student36/ros2_tutorial_workspace/install/python_package_that_uses_nav2:/home/student36/ros2_tutorial_workspace/install/python_package_that_uses_messages:/home/student36/ros2_tutorial_workspace/install/python_package_that_uses_geometry_msgs:/home/student36/ros2_tutorial_workspace/install/python_package_that_uses_gazebo:/home/student36/ws_moveit/install/moveit_configs_utils:/home/student36/elephant_arm_ws/install/mycobot_description:/opt/ros/jazzy DEBUGINFOD_URLS=https://debuginfod.ubuntu.com LD_LIBRARY_PATH=/home/student36/RoboticsDesignProject/Git-repos/LeoRover-Team7/elephant_arm_ws/install/moveit_task_constructor_visualization/lib:/home/student36/RoboticsDesignProject/Git-repos/LeoRover-Team7/elephant_arm_ws/install/moveit_task_constructor_capabilities/lib:/home/student36/RoboticsDesignProject/Git-repos/LeoRover-Team7/elephant_arm_ws/install/moveit_task_constructor_core/lib:/home/student36/RoboticsDesignProject/Git-repos/LeoRover-Team7/elephant_arm_ws/install/rviz_marker_tools/lib:/home/student36/RoboticsDesignProject/Git-repos/LeoRover-Team7/elephant_arm_ws/install/moveit_task_constructor_msgs/lib:/home/student36/RoboticsDesignProject/Git-repos/LeoRover-Team7/elephant_arm_ws/install/moveit_task_constructor_demo/lib:/home/student36/ros2_tutorial_workspace/install/package_with_interfaces/lib:/home/student36/ws_moveit/install/robotiq_driver/lib:/home/student36/ws_moveit/install/serial/lib:/home/student36/ws_moveit/install/moveit_visual_tools/lib:/home/student36/ws_moveit/install/rviz_visual_tools/lib:/home/student36/ws_moveit/install/moveit_task_constructor_demo/lib:/home/student36/ws_moveit/install/moveit_task_constructor_visualization/lib:/home/student36/ws_moveit/install/moveit_task_constructor_capabilities/lib:/home/student36/ws_moveit/install/moveit_task_constructor_core/lib:/home/student36/ws_moveit/install/rviz_marker_tools/lib:/home/student36/ws_moveit/install/robotiq_controllers/lib:/home/student36/ws_moveit/install/pilz_industrial_motion_planner_testutils/lib:/home/student36/ws_moveit/install/pilz_industrial_motion_planner/lib:/home/student36/ws_moveit/install/moveit_task_constructor_msgs/lib:/home/student36/ws_moveit/install/moveit_ros_control_interface/lib:/home/student36/ws_moveit/install/moveit_simple_controller_manager/lib:/home/student36/ws_moveit/install/moveit_setup_assistant/lib:/home/student36/ws_moveit/install/moveit_setup_srdf_plugins/lib:/home/student36/ws_moveit/install/moveit_setup_core_plugins/lib:/home/student36/ws_moveit/install/moveit_setup_controllers/lib:/home/student36/ws_moveit/install/moveit_setup_app_plugins/lib:/home/student36/ws_moveit/install/moveit_setup_framework/lib:/home/student36/ws_moveit/install/moveit_servo/lib:/home/student36/ws_moveit/install/moveit_ros_trajectory_cache/lib:/home/student36/ws_moveit/install/moveit_ros_visualization/lib:/home/student36/ws_moveit/install/moveit_py/lib:/home/student36/ws_moveit/install/moveit_hybrid_planning/lib:/home/student36/ws_moveit/install/moveit_ros_planning_interface/lib:/home/student36/ws_moveit/install/moveit_ros_benchmarks/lib:/home/student36/ws_moveit/install/moveit_ros_warehouse/lib:/home/student36/ws_moveit/install/moveit_ros_robot_interaction/lib:/home/student36/ws_moveit/install/moveit_ros_perception/lib:/home/student36/ws_moveit/install/moveit_ros_move_group/lib:/home/student36/ws_moveit/install/moveit_planners_ompl/lib:/home/student36/ws_moveit/install/moveit_kinematics/lib:/home/student36/ws_moveit/install/moveit_ros_planning/lib:/home/student36/ws_moveit/install/moveit_ros_occupancy_map_monitor/lib:/home/student36/ws_moveit/install/moveit_resources_prbt_ikfast_manipulator_plugin/lib:/home/student36/ws_moveit/install/moveit_planners_stomp/lib:/home/student36/ws_moveit/install/moveit_planners_chomp/lib:/home/student36/ws_moveit/install/chomp_motion_planner/lib:/home/student36/ws_moveit/install/moveit_core/lib:/home/student36/ws_moveit/install/moveit_msgs/lib:/home/student36/ws_moveit/install/kortex_driver/lib:/opt/ros/jazzy/opt/gz_sim_vendor/lib:/opt/ros/jazzy/opt/gz_sensors_vendor/lib:/opt/ros/jazzy/opt/gz_physics_vendor/lib:/opt/ros/jazzy/opt/sdformat_vendor/lib:/opt/ros/jazzy/opt/rviz_ogre_vendor/lib:/opt/ros/jazzy/lib/x86_64-linux-gnu:/opt/ros/jazzy/opt/gz_gui_vendor/lib:/opt/ros/jazzy/opt/gz_transport_vendor/lib:/opt/ros/jazzy/opt/gz_rendering_vendor/lib:/opt/ros/jazzy/opt/gz_plugin_vendor/lib:/opt/ros/jazzy/opt/gz_fuel_tools_vendor/lib:/opt/ros/jazzy/opt/gz_msgs_vendor/lib:/opt/ros/jazzy/opt/gz_common_vendor/lib:/opt/ros/jazzy/opt/gz_math_vendor/lib:/opt/ros/jazzy/opt/gz_utils_vendor/lib:/opt/ros/jazzy/opt/gz_tools_vendor/lib:/opt/ros/jazzy/opt/gz_ogre_next_vendor/lib:/opt/ros/jazzy/opt/gz_dartsim_vendor/lib:/opt/ros/jazzy/opt/gz_cmake_vendor/lib:/opt/ros/jazzy/lib /usr/bin/cmake --build /home/student36/RoboticsDesignProject/Git-repos/LeoRover-Team7/elephant_arm_ws/build/moveit_task_constructor_demo -- -j12 -l12
[5.071s] DEBUG:colcon.colcon_core.event_handler.log_command:Invoking command in '/home/student36/RoboticsDesignProject/Git-repos/LeoRover-Team7/elephant_arm_ws/build/moveit_task_constructor_demo': CMAKE_PREFIX_PATH=/home/student36/RoboticsDesignProject/Git-repos/LeoRover-Team7/elephant_arm_ws/install/moveit_task_constructor_visualization:/home/student36/RoboticsDesignProject/Git-repos/LeoRover-Team7/elephant_arm_ws/install/moveit_task_constructor_capabilities:/home/student36/RoboticsDesignProject/Git-repos/LeoRover-Team7/elephant_arm_ws/install/moveit_task_constructor_core:/home/student36/RoboticsDesignProject/Git-repos/LeoRover-Team7/elephant_arm_ws/install/rviz_marker_tools:/home/student36/RoboticsDesignProject/Git-repos/LeoRover-Team7/elephant_arm_ws/install/moveit_task_constructor_msgs:/home/student36/RoboticsDesignProject/Git-repos/LeoRover-Team7/elephant_arm_ws/install/mtc_tutorial:/home/student36/RoboticsDesignProject/Git-repos/LeoRover-Team7/elephant_arm_ws/install/moveit_task_constructor_demo:/home/student36/RoboticsDesignProject/Git-repos/LeoRover-Team7/elephant_arm_ws/install/mycobot_ros2:/home/student36/RoboticsDesignProject/Git-repos/LeoRover-Team7/elephant_arm_ws/install/mycobot_moveit_config:/home/student36/RoboticsDesignProject/Git-repos/LeoRover-Team7/elephant_arm_ws/install/mycobot_gazebo:/home/student36/RoboticsDesignProject/Git-repos/LeoRover-Team7/elephant_arm_ws/install/mycobot_description:/home/student36/RoboticsDesignProject/Git-repos/LeoRover-Team7/elephant_arm_ws/install/mycobot_bringup:/home/student36/RoboticsDesignProject/Git-repos/LeoRover-Team7/elephant_arm_ws/install/hello_moveit:/home/student36/ros2_tutorial_workspace/install/package_with_interfaces:/home/student36/ws_moveit/install/robotiq_hardware_tests:/home/student36/ws_moveit/install/robotiq_driver:/home/student36/ws_moveit/install/serial:/home/student36/ws_moveit/install/moveit2_tutorials:/home/student36/ws_moveit/install/hello_moveit:/home/student36/ws_moveit/install/moveit_visual_tools:/home/student36/ws_moveit/install/rviz_visual_tools:/home/student36/ws_moveit/install/mtc_tutorial:/home/student36/ws_moveit/install/moveit_task_constructor_demo:/home/student36/ws_moveit/install/moveit_task_constructor_visualization:/home/student36/ws_moveit/install/moveit_task_constructor_capabilities:/home/student36/ws_moveit/install/elephant:/home/student36/ws_moveit/install/moveit_task_constructor_core:/home/student36/ws_moveit/install/rviz_marker_tools:/home/student36/ws_moveit/install/kortex_bringup:/home/student36/ws_moveit/install/kinova_gen3_lite_moveit_config:/home/student36/ws_moveit/install/kinova_gen3_7dof_robotiq_2f_85_moveit_config:/home/student36/ws_moveit/install/kinova_gen3_6dof_robotiq_2f_85_moveit_config:/home/student36/ws_moveit/install/kortex_description:/home/student36/ws_moveit/install/robotiq_description:/home/student36/ws_moveit/install/robotiq_controllers:/home/student36/ws_moveit/install/pilz_industrial_motion_planner_testutils:/home/student36/ws_moveit/install/mycobot_280_moveit2:/home/student36/ws_moveit/install/moveit_runtime:/home/student36/ws_moveit/install/moveit:/home/student36/ws_moveit/install/elephant_arm:/home/student36/ws_moveit/install/moveit_planners:/home/student36/ws_moveit/install/pilz_industrial_motion_planner:/home/student36/ws_moveit/install/mycobot_description:/home/student36/ws_moveit/install/moveit_task_constructor_msgs:/home/student36/ws_moveit/install/moveit_ros_control_interface:/home/student36/ws_moveit/install/moveit_plugins:/home/student36/ws_moveit/install/moveit_simple_controller_manager:/home/student36/ws_moveit/install/moveit_setup_assistant:/home/student36/ws_moveit/install/moveit_setup_srdf_plugins:/home/student36/ws_moveit/install/moveit_setup_core_plugins:/home/student36/ws_moveit/install/moveit_setup_controllers:/home/student36/ws_moveit/install/moveit_setup_app_plugins:/home/student36/ws_moveit/install/moveit_setup_framework:/home/student36/ws_moveit/install/moveit_servo:/home/student36/ws_moveit/install/moveit_ros_trajectory_cache:/home/student36/ws_moveit/install/moveit_ros:/home/student36/ws_moveit/install/moveit_ros_visualization:/home/student36/ws_moveit/install/moveit_py:/home/student36/ws_moveit/install/moveit_hybrid_planning:/home/student36/ws_moveit/install/moveit_ros_planning_interface:/home/student36/ws_moveit/install/moveit_ros_benchmarks:/home/student36/ws_moveit/install/moveit_ros_warehouse:/home/student36/ws_moveit/install/moveit_ros_robot_interaction:/home/student36/ws_moveit/install/moveit_ros_perception:/home/student36/ws_moveit/install/moveit_resources_prbt_pg70_support:/home/student36/ws_moveit/install/moveit_resources_prbt_moveit_config:/home/student36/ws_moveit/install/moveit_ros_move_group:/home/student36/ws_moveit/install/moveit_planners_ompl:/home/student36/ws_moveit/install/moveit_kinematics:/home/student36/ws_moveit/install/moveit_ros_planning:/home/student36/ws_moveit/install/moveit_ros_occupancy_map_monitor:/home/student36/ws_moveit/install/moveit_resources_prbt_support:/home/student36/ws_moveit/install/moveit_resources_prbt_ikfast_manipulator_plugin:/home/student36/ws_moveit/install/moveit_resources:/home/student36/ws_moveit/install/moveit_resources_pr2_description:/home/student36/ws_moveit/install/moveit_resources_panda_moveit_config:/home/student36/ws_moveit/install/dual_arm_panda_moveit_config:/home/student36/ws_moveit/install/moveit_resources_panda_description:/home/student36/ws_moveit/install/moveit_resources_fanuc_moveit_config:/home/student36/ws_moveit/install/moveit_resources_fanuc_description:/home/student36/ws_moveit/install/moveit_planners_stomp:/home/student36/ws_moveit/install/moveit_planners_chomp:/home/student36/ws_moveit/install/chomp_motion_planner:/home/student36/ws_moveit/install/moveit_core:/home/student36/ws_moveit/install/moveit_msgs:/home/student36/ws_moveit/install/moveit_common:/home/student36/ws_moveit/install/kortex_driver:/home/student36/ws_moveit/install/kortex_api:/home/student36/rplidar_ws/install/rplidar_ros:/home/student36/elephant_arm_ws/install/mycobot_280_moveit2:/opt/ros/jazzy/opt/gz_sim_vendor:/opt/ros/jazzy/opt/gz_sensors_vendor:/opt/ros/jazzy/opt/gz_physics_vendor:/opt/ros/jazzy/opt/sdformat_vendor:/opt/ros/jazzy/opt/gz_gui_vendor:/opt/ros/jazzy/opt/gz_transport_vendor:/opt/ros/jazzy/opt/gz_rendering_vendor:/opt/ros/jazzy/opt/gz_plugin_vendor:/opt/ros/jazzy/opt/gz_fuel_tools_vendor:/opt/ros/jazzy/opt/gz_msgs_vendor:/opt/ros/jazzy/opt/gz_common_vendor:/opt/ros/jazzy/opt/gz_math_vendor:/opt/ros/jazzy/opt/gz_utils_vendor:/opt/ros/jazzy/opt/gz_tools_vendor:/opt/ros/jazzy/opt/gz_ogre_next_vendor:/opt/ros/jazzy/opt/gz_dartsim_vendor:/opt/ros/jazzy/opt/gz_cmake_vendor:/home/student36/ros2_tutorial_workspace/install/the_simplest_python_package:/home/student36/ros2_tutorial_workspace/install/python_package_with_a_node:/home/student36/ros2_tutorial_workspace/install/python_package_that_uses_the_library:/home/student36/ros2_tutorial_workspace/install/python_package_with_a_library:/home/student36/ros2_tutorial_workspace/install/python_package_that_uses_the_services:/home/student36/ros2_tutorial_workspace/install/python_package_that_uses_the_actions:/home/student36/ros2_tutorial_workspace/install/python_package_that_uses_tf2:/home/student36/ros2_tutorial_workspace/install/python_package_that_uses_parameters_and_launch_files:/home/student36/ros2_tutorial_workspace/install/python_package_that_uses_nottf2:/home/student36/ros2_tutorial_workspace/install/python_package_that_uses_nav2:/home/student36/ros2_tutorial_workspace/install/python_package_that_uses_messages:/home/student36/ros2_tutorial_workspace/install/python_package_that_uses_geometry_msgs:/home/student36/ros2_tutorial_workspace/install/python_package_that_uses_gazebo:/home/student36/ws_moveit/install/moveit_configs_utils:/home/student36/elephant_arm_ws/install/mycobot_description:/opt/ros/jazzy DEBUGINFOD_URLS=https://debuginfod.ubuntu.com LD_LIBRARY_PATH=/home/student36/RoboticsDesignProject/Git-repos/LeoRover-Team7/elephant_arm_ws/install/moveit_task_constructor_visualization/lib:/home/student36/RoboticsDesignProject/Git-repos/LeoRover-Team7/elephant_arm_ws/install/moveit_task_constructor_capabilities/lib:/home/student36/RoboticsDesignProject/Git-repos/LeoRover-Team7/elephant_arm_ws/install/moveit_task_constructor_core/lib:/home/student36/RoboticsDesignProject/Git-repos/LeoRover-Team7/elephant_arm_ws/install/rviz_marker_tools/lib:/home/student36/RoboticsDesignProject/Git-repos/LeoRover-Team7/elephant_arm_ws/install/moveit_task_constructor_msgs/lib:/home/student36/RoboticsDesignProject/Git-repos/LeoRover-Team7/elephant_arm_ws/install/moveit_task_constructor_demo/lib:/home/student36/ros2_tutorial_workspace/install/package_with_interfaces/lib:/home/student36/ws_moveit/install/robotiq_driver/lib:/home/student36/ws_moveit/install/serial/lib:/home/student36/ws_moveit/install/moveit_visual_tools/lib:/home/student36/ws_moveit/install/rviz_visual_tools/lib:/home/student36/ws_moveit/install/moveit_task_constructor_demo/lib:/home/student36/ws_moveit/install/moveit_task_constructor_visualization/lib:/home/student36/ws_moveit/install/moveit_task_constructor_capabilities/lib:/home/student36/ws_moveit/install/moveit_task_constructor_core/lib:/home/student36/ws_moveit/install/rviz_marker_tools/lib:/home/student36/ws_moveit/install/robotiq_controllers/lib:/home/student36/ws_moveit/install/pilz_industrial_motion_planner_testutils/lib:/home/student36/ws_moveit/install/pilz_industrial_motion_planner/lib:/home/student36/ws_moveit/install/moveit_task_constructor_msgs/lib:/home/student36/ws_moveit/install/moveit_ros_control_interface/lib:/home/student36/ws_moveit/install/moveit_simple_controller_manager/lib:/home/student36/ws_moveit/install/moveit_setup_assistant/lib:/home/student36/ws_moveit/install/moveit_setup_srdf_plugins/lib:/home/student36/ws_moveit/install/moveit_setup_core_plugins/lib:/home/student36/ws_moveit/install/moveit_setup_controllers/lib:/home/student36/ws_moveit/install/moveit_setup_app_plugins/lib:/home/student36/ws_moveit/install/moveit_setup_framework/lib:/home/student36/ws_moveit/install/moveit_servo/lib:/home/student36/ws_moveit/install/moveit_ros_trajectory_cache/lib:/home/student36/ws_moveit/install/moveit_ros_visualization/lib:/home/student36/ws_moveit/install/moveit_py/lib:/home/student36/ws_moveit/install/moveit_hybrid_planning/lib:/home/student36/ws_moveit/install/moveit_ros_planning_interface/lib:/home/student36/ws_moveit/install/moveit_ros_benchmarks/lib:/home/student36/ws_moveit/install/moveit_ros_warehouse/lib:/home/student36/ws_moveit/install/moveit_ros_robot_interaction/lib:/home/student36/ws_moveit/install/moveit_ros_perception/lib:/home/student36/ws_moveit/install/moveit_ros_move_group/lib:/home/student36/ws_moveit/install/moveit_planners_ompl/lib:/home/student36/ws_moveit/install/moveit_kinematics/lib:/home/student36/ws_moveit/install/moveit_ros_planning/lib:/home/student36/ws_moveit/install/moveit_ros_occupancy_map_monitor/lib:/home/student36/ws_moveit/install/moveit_resources_prbt_ikfast_manipulator_plugin/lib:/home/student36/ws_moveit/install/moveit_planners_stomp/lib:/home/student36/ws_moveit/install/moveit_planners_chomp/lib:/home/student36/ws_moveit/install/chomp_motion_planner/lib:/home/student36/ws_moveit/install/moveit_core/lib:/home/student36/ws_moveit/install/moveit_msgs/lib:/home/student36/ws_moveit/install/kortex_driver/lib:/opt/ros/jazzy/opt/gz_sim_vendor/lib:/opt/ros/jazzy/opt/gz_sensors_vendor/lib:/opt/ros/jazzy/opt/gz_physics_vendor/lib:/opt/ros/jazzy/opt/sdformat_vendor/lib:/opt/ros/jazzy/opt/rviz_ogre_vendor/lib:/opt/ros/jazzy/lib/x86_64-linux-gnu:/opt/ros/jazzy/opt/gz_gui_vendor/lib:/opt/ros/jazzy/opt/gz_transport_vendor/lib:/opt/ros/jazzy/opt/gz_rendering_vendor/lib:/opt/ros/jazzy/opt/gz_plugin_vendor/lib:/opt/ros/jazzy/opt/gz_fuel_tools_vendor/lib:/opt/ros/jazzy/opt/gz_msgs_vendor/lib:/opt/ros/jazzy/opt/gz_common_vendor/lib:/opt/ros/jazzy/opt/gz_math_vendor/lib:/opt/ros/jazzy/opt/gz_utils_vendor/lib:/opt/ros/jazzy/opt/gz_tools_vendor/lib:/opt/ros/jazzy/opt/gz_ogre_next_vendor/lib:/opt/ros/jazzy/opt/gz_dartsim_vendor/lib:/opt/ros/jazzy/opt/gz_cmake_vendor/lib:/opt/ros/jazzy/lib /usr/bin/cmake --install /home/student36/RoboticsDesignProject/Git-repos/LeoRover-Team7/elephant_arm_ws/build/moveit_task_constructor_demo
[5.096s] Level 1:colcon.colcon_core.environment:create_environment_scripts_only(moveit_task_constructor_demo)
[5.096s] Level 1:colcon.colcon_core.environment:checking '/home/student36/RoboticsDesignProject/Git-repos/LeoRover-Team7/elephant_arm_ws/install/moveit_task_constructor_demo' for CMake module files
[5.097s] DEBUG:colcon.colcon_core.event_handler.log_command:Invoked command in '/home/student36/RoboticsDesignProject/Git-repos/LeoRover-Team7/elephant_arm_ws/build/moveit_task_constructor_demo' returned '0': CMAKE_PREFIX_PATH=/home/student36/RoboticsDesignProject/Git-repos/LeoRover-Team7/elephant_arm_ws/install/moveit_task_constructor_visualization:/home/student36/RoboticsDesignProject/Git-repos/LeoRover-Team7/elephant_arm_ws/install/moveit_task_constructor_capabilities:/home/student36/RoboticsDesignProject/Git-repos/LeoRover-Team7/elephant_arm_ws/install/moveit_task_constructor_core:/home/student36/RoboticsDesignProject/Git-repos/LeoRover-Team7/elephant_arm_ws/install/rviz_marker_tools:/home/student36/RoboticsDesignProject/Git-repos/LeoRover-Team7/elephant_arm_ws/install/moveit_task_constructor_msgs:/home/student36/RoboticsDesignProject/Git-repos/LeoRover-Team7/elephant_arm_ws/install/mtc_tutorial:/home/student36/RoboticsDesignProject/Git-repos/LeoRover-Team7/elephant_arm_ws/install/moveit_task_constructor_demo:/home/student36/RoboticsDesignProject/Git-repos/LeoRover-Team7/elephant_arm_ws/install/mycobot_ros2:/home/student36/RoboticsDesignProject/Git-repos/LeoRover-Team7/elephant_arm_ws/install/mycobot_moveit_config:/home/student36/RoboticsDesignProject/Git-repos/LeoRover-Team7/elephant_arm_ws/install/mycobot_gazebo:/home/student36/RoboticsDesignProject/Git-repos/LeoRover-Team7/elephant_arm_ws/install/mycobot_description:/home/student36/RoboticsDesignProject/Git-repos/LeoRover-Team7/elephant_arm_ws/install/mycobot_bringup:/home/student36/RoboticsDesignProject/Git-repos/LeoRover-Team7/elephant_arm_ws/install/hello_moveit:/home/student36/ros2_tutorial_workspace/install/package_with_interfaces:/home/student36/ws_moveit/install/robotiq_hardware_tests:/home/student36/ws_moveit/install/robotiq_driver:/home/student36/ws_moveit/install/serial:/home/student36/ws_moveit/install/moveit2_tutorials:/home/student36/ws_moveit/install/hello_moveit:/home/student36/ws_moveit/install/moveit_visual_tools:/home/student36/ws_moveit/install/rviz_visual_tools:/home/student36/ws_moveit/install/mtc_tutorial:/home/student36/ws_moveit/install/moveit_task_constructor_demo:/home/student36/ws_moveit/install/moveit_task_constructor_visualization:/home/student36/ws_moveit/install/moveit_task_constructor_capabilities:/home/student36/ws_moveit/install/elephant:/home/student36/ws_moveit/install/moveit_task_constructor_core:/home/student36/ws_moveit/install/rviz_marker_tools:/home/student36/ws_moveit/install/kortex_bringup:/home/student36/ws_moveit/install/kinova_gen3_lite_moveit_config:/home/student36/ws_moveit/install/kinova_gen3_7dof_robotiq_2f_85_moveit_config:/home/student36/ws_moveit/install/kinova_gen3_6dof_robotiq_2f_85_moveit_config:/home/student36/ws_moveit/install/kortex_description:/home/student36/ws_moveit/install/robotiq_description:/home/student36/ws_moveit/install/robotiq_controllers:/home/student36/ws_moveit/install/pilz_industrial_motion_planner_testutils:/home/student36/ws_moveit/install/mycobot_280_moveit2:/home/student36/ws_moveit/install/moveit_runtime:/home/student36/ws_moveit/install/moveit:/home/student36/ws_moveit/install/elephant_arm:/home/student36/ws_moveit/install/moveit_planners:/home/student36/ws_moveit/install/pilz_industrial_motion_planner:/home/student36/ws_moveit/install/mycobot_description:/home/student36/ws_moveit/install/moveit_task_constructor_msgs:/home/student36/ws_moveit/install/moveit_ros_control_interface:/home/student36/ws_moveit/install/moveit_plugins:/home/student36/ws_moveit/install/moveit_simple_controller_manager:/home/student36/ws_moveit/install/moveit_setup_assistant:/home/student36/ws_moveit/install/moveit_setup_srdf_plugins:/home/student36/ws_moveit/install/moveit_setup_core_plugins:/home/student36/ws_moveit/install/moveit_setup_controllers:/home/student36/ws_moveit/install/moveit_setup_app_plugins:/home/student36/ws_moveit/install/moveit_setup_framework:/home/student36/ws_moveit/install/moveit_servo:/home/student36/ws_moveit/install/moveit_ros_trajectory_cache:/home/student36/ws_moveit/install/moveit_ros:/home/student36/ws_moveit/install/moveit_ros_visualization:/home/student36/ws_moveit/install/moveit_py:/home/student36/ws_moveit/install/moveit_hybrid_planning:/home/student36/ws_moveit/install/moveit_ros_planning_interface:/home/student36/ws_moveit/install/moveit_ros_benchmarks:/home/student36/ws_moveit/install/moveit_ros_warehouse:/home/student36/ws_moveit/install/moveit_ros_robot_interaction:/home/student36/ws_moveit/install/moveit_ros_perception:/home/student36/ws_moveit/install/moveit_resources_prbt_pg70_support:/home/student36/ws_moveit/install/moveit_resources_prbt_moveit_config:/home/student36/ws_moveit/install/moveit_ros_move_group:/home/student36/ws_moveit/install/moveit_planners_ompl:/home/student36/ws_moveit/install/moveit_kinematics:/home/student36/ws_moveit/install/moveit_ros_planning:/home/student36/ws_moveit/install/moveit_ros_occupancy_map_monitor:/home/student36/ws_moveit/install/moveit_resources_prbt_support:/home/student36/ws_moveit/install/moveit_resources_prbt_ikfast_manipulator_plugin:/home/student36/ws_moveit/install/moveit_resources:/home/student36/ws_moveit/install/moveit_resources_pr2_description:/home/student36/ws_moveit/install/moveit_resources_panda_moveit_config:/home/student36/ws_moveit/install/dual_arm_panda_moveit_config:/home/student36/ws_moveit/install/moveit_resources_panda_description:/home/student36/ws_moveit/install/moveit_resources_fanuc_moveit_config:/home/student36/ws_moveit/install/moveit_resources_fanuc_description:/home/student36/ws_moveit/install/moveit_planners_stomp:/home/student36/ws_moveit/install/moveit_planners_chomp:/home/student36/ws_moveit/install/chomp_motion_planner:/home/student36/ws_moveit/install/moveit_core:/home/student36/ws_moveit/install/moveit_msgs:/home/student36/ws_moveit/install/moveit_common:/home/student36/ws_moveit/install/kortex_driver:/home/student36/ws_moveit/install/kortex_api:/home/student36/rplidar_ws/install/rplidar_ros:/home/student36/elephant_arm_ws/install/mycobot_280_moveit2:/opt/ros/jazzy/opt/gz_sim_vendor:/opt/ros/jazzy/opt/gz_sensors_vendor:/opt/ros/jazzy/opt/gz_physics_vendor:/opt/ros/jazzy/opt/sdformat_vendor:/opt/ros/jazzy/opt/gz_gui_vendor:/opt/ros/jazzy/opt/gz_transport_vendor:/opt/ros/jazzy/opt/gz_rendering_vendor:/opt/ros/jazzy/opt/gz_plugin_vendor:/opt/ros/jazzy/opt/gz_fuel_tools_vendor:/opt/ros/jazzy/opt/gz_msgs_vendor:/opt/ros/jazzy/opt/gz_common_vendor:/opt/ros/jazzy/opt/gz_math_vendor:/opt/ros/jazzy/opt/gz_utils_vendor:/opt/ros/jazzy/opt/gz_tools_vendor:/opt/ros/jazzy/opt/gz_ogre_next_vendor:/opt/ros/jazzy/opt/gz_dartsim_vendor:/opt/ros/jazzy/opt/gz_cmake_vendor:/home/student36/ros2_tutorial_workspace/install/the_simplest_python_package:/home/student36/ros2_tutorial_workspace/install/python_package_with_a_node:/home/student36/ros2_tutorial_workspace/install/python_package_that_uses_the_library:/home/student36/ros2_tutorial_workspace/install/python_package_with_a_library:/home/student36/ros2_tutorial_workspace/install/python_package_that_uses_the_services:/home/student36/ros2_tutorial_workspace/install/python_package_that_uses_the_actions:/home/student36/ros2_tutorial_workspace/install/python_package_that_uses_tf2:/home/student36/ros2_tutorial_workspace/install/python_package_that_uses_parameters_and_launch_files:/home/student36/ros2_tutorial_workspace/install/python_package_that_uses_nottf2:/home/student36/ros2_tutorial_workspace/install/python_package_that_uses_nav2:/home/student36/ros2_tutorial_workspace/install/python_package_that_uses_messages:/home/student36/ros2_tutorial_workspace/install/python_package_that_uses_geometry_msgs:/home/student36/ros2_tutorial_workspace/install/python_package_that_uses_gazebo:/home/student36/ws_moveit/install/moveit_configs_utils:/home/student36/elephant_arm_ws/install/mycobot_description:/opt/ros/jazzy DEBUGINFOD_URLS=https://debuginfod.ubuntu.com LD_LIBRARY_PATH=/home/student36/RoboticsDesignProject/Git-repos/LeoRover-Team7/elephant_arm_ws/install/moveit_task_constructor_visualization/lib:/home/student36/RoboticsDesignProject/Git-repos/LeoRover-Team7/elephant_arm_ws/install/moveit_task_constructor_capabilities/lib:/home/student36/RoboticsDesignProject/Git-repos/LeoRover-Team7/elephant_arm_ws/install/moveit_task_constructor_core/lib:/home/student36/RoboticsDesignProject/Git-repos/LeoRover-Team7/elephant_arm_ws/install/rviz_marker_tools/lib:/home/student36/RoboticsDesignProject/Git-repos/LeoRover-Team7/elephant_arm_ws/install/moveit_task_constructor_msgs/lib:/home/student36/RoboticsDesignProject/Git-repos/LeoRover-Team7/elephant_arm_ws/install/moveit_task_constructor_demo/lib:/home/student36/ros2_tutorial_workspace/install/package_with_interfaces/lib:/home/student36/ws_moveit/install/robotiq_driver/lib:/home/student36/ws_moveit/install/serial/lib:/home/student36/ws_moveit/install/moveit_visual_tools/lib:/home/student36/ws_moveit/install/rviz_visual_tools/lib:/home/student36/ws_moveit/install/moveit_task_constructor_demo/lib:/home/student36/ws_moveit/install/moveit_task_constructor_visualization/lib:/home/student36/ws_moveit/install/moveit_task_constructor_capabilities/lib:/home/student36/ws_moveit/install/moveit_task_constructor_core/lib:/home/student36/ws_moveit/install/rviz_marker_tools/lib:/home/student36/ws_moveit/install/robotiq_controllers/lib:/home/student36/ws_moveit/install/pilz_industrial_motion_planner_testutils/lib:/home/student36/ws_moveit/install/pilz_industrial_motion_planner/lib:/home/student36/ws_moveit/install/moveit_task_constructor_msgs/lib:/home/student36/ws_moveit/install/moveit_ros_control_interface/lib:/home/student36/ws_moveit/install/moveit_simple_controller_manager/lib:/home/student36/ws_moveit/install/moveit_setup_assistant/lib:/home/student36/ws_moveit/install/moveit_setup_srdf_plugins/lib:/home/student36/ws_moveit/install/moveit_setup_core_plugins/lib:/home/student36/ws_moveit/install/moveit_setup_controllers/lib:/home/student36/ws_moveit/install/moveit_setup_app_plugins/lib:/home/student36/ws_moveit/install/moveit_setup_framework/lib:/home/student36/ws_moveit/install/moveit_servo/lib:/home/student36/ws_moveit/install/moveit_ros_trajectory_cache/lib:/home/student36/ws_moveit/install/moveit_ros_visualization/lib:/home/student36/ws_moveit/install/moveit_py/lib:/home/student36/ws_moveit/install/moveit_hybrid_planning/lib:/home/student36/ws_moveit/install/moveit_ros_planning_interface/lib:/home/student36/ws_moveit/install/moveit_ros_benchmarks/lib:/home/student36/ws_moveit/install/moveit_ros_warehouse/lib:/home/student36/ws_moveit/install/moveit_ros_robot_interaction/lib:/home/student36/ws_moveit/install/moveit_ros_perception/lib:/home/student36/ws_moveit/install/moveit_ros_move_group/lib:/home/student36/ws_moveit/install/moveit_planners_ompl/lib:/home/student36/ws_moveit/install/moveit_kinematics/lib:/home/student36/ws_moveit/install/moveit_ros_planning/lib:/home/student36/ws_moveit/install/moveit_ros_occupancy_map_monitor/lib:/home/student36/ws_moveit/install/moveit_resources_prbt_ikfast_manipulator_plugin/lib:/home/student36/ws_moveit/install/moveit_planners_stomp/lib:/home/student36/ws_moveit/install/moveit_planners_chomp/lib:/home/student36/ws_moveit/install/chomp_motion_planner/lib:/home/student36/ws_moveit/install/moveit_core/lib:/home/student36/ws_moveit/install/moveit_msgs/lib:/home/student36/ws_moveit/install/kortex_driver/lib:/opt/ros/jazzy/opt/gz_sim_vendor/lib:/opt/ros/jazzy/opt/gz_sensors_vendor/lib:/opt/ros/jazzy/opt/gz_physics_vendor/lib:/opt/ros/jazzy/opt/sdformat_vendor/lib:/opt/ros/jazzy/opt/rviz_ogre_vendor/lib:/opt/ros/jazzy/lib/x86_64-linux-gnu:/opt/ros/jazzy/opt/gz_gui_vendor/lib:/opt/ros/jazzy/opt/gz_transport_vendor/lib:/opt/ros/jazzy/opt/gz_rendering_vendor/lib:/opt/ros/jazzy/opt/gz_plugin_vendor/lib:/opt/ros/jazzy/opt/gz_fuel_tools_vendor/lib:/opt/ros/jazzy/opt/gz_msgs_vendor/lib:/opt/ros/jazzy/opt/gz_common_vendor/lib:/opt/ros/jazzy/opt/gz_math_vendor/lib:/opt/ros/jazzy/opt/gz_utils_vendor/lib:/opt/ros/jazzy/opt/gz_tools_vendor/lib:/opt/ros/jazzy/opt/gz_ogre_next_vendor/lib:/opt/ros/jazzy/opt/gz_dartsim_vendor/lib:/opt/ros/jazzy/opt/gz_cmake_vendor/lib:/opt/ros/jazzy/lib /usr/bin/cmake --install /home/student36/RoboticsDesignProject/Git-repos/LeoRover-Team7/elephant_arm_ws/build/moveit_task_constructor_demo
[5.098s] Level 1:colcon.colcon_core.environment:checking '/home/student36/RoboticsDesignProject/Git-repos/LeoRover-Team7/elephant_arm_ws/install/moveit_task_constructor_demo' for CMake config files
[5.098s] Level 1:colcon.colcon_core.shell:create_environment_hook('moveit_task_constructor_demo', 'cmake_prefix_path')
[5.098s] INFO:colcon.colcon_core.shell:Creating environment hook '/home/student36/RoboticsDesignProject/Git-repos/LeoRover-Team7/elephant_arm_ws/install/moveit_task_constructor_demo/share/moveit_task_constructor_demo/hook/cmake_prefix_path.ps1'
[5.099s] INFO:colcon.colcon_core.shell:Creating environment descriptor '/home/student36/RoboticsDesignProject/Git-repos/LeoRover-Team7/elephant_arm_ws/install/moveit_task_constructor_demo/share/moveit_task_constructor_demo/hook/cmake_prefix_path.dsv'
[5.100s] INFO:colcon.colcon_core.shell:Creating environment hook '/home/student36/RoboticsDesignProject/Git-repos/LeoRover-Team7/elephant_arm_ws/install/moveit_task_constructor_demo/share/moveit_task_constructor_demo/hook/cmake_prefix_path.sh'
[5.101s] Level 1:colcon.colcon_core.environment:checking '/home/student36/RoboticsDesignProject/Git-repos/LeoRover-Team7/elephant_arm_ws/install/moveit_task_constructor_demo/lib'
[5.102s] Level 1:colcon.colcon_core.shell:create_environment_hook('moveit_task_constructor_demo', 'ld_library_path_lib')
[5.102s] INFO:colcon.colcon_core.shell:Creating environment hook '/home/student36/RoboticsDesignProject/Git-repos/LeoRover-Team7/elephant_arm_ws/install/moveit_task_constructor_demo/share/moveit_task_constructor_demo/hook/ld_library_path_lib.ps1'
[5.104s] INFO:colcon.colcon_core.shell:Creating environment descriptor '/home/student36/RoboticsDesignProject/Git-repos/LeoRover-Team7/elephant_arm_ws/install/moveit_task_constructor_demo/share/moveit_task_constructor_demo/hook/ld_library_path_lib.dsv'
[5.104s] INFO:colcon.colcon_core.shell:Creating environment hook '/home/student36/RoboticsDesignProject/Git-repos/LeoRover-Team7/elephant_arm_ws/install/moveit_task_constructor_demo/share/moveit_task_constructor_demo/hook/ld_library_path_lib.sh'
[5.106s] Level 1:colcon.colcon_core.environment:checking '/home/student36/RoboticsDesignProject/Git-repos/LeoRover-Team7/elephant_arm_ws/install/moveit_task_constructor_demo/bin'
[5.106s] Level 1:colcon.colcon_core.environment:checking '/home/student36/RoboticsDesignProject/Git-repos/LeoRover-Team7/elephant_arm_ws/install/moveit_task_constructor_demo/lib/pkgconfig/moveit_task_constructor_demo.pc'
[5.106s] Level 1:colcon.colcon_core.environment:checking '/home/student36/RoboticsDesignProject/Git-repos/LeoRover-Team7/elephant_arm_ws/install/moveit_task_constructor_demo/lib/python3.12/site-packages'
[5.107s] Level 1:colcon.colcon_core.environment:checking '/home/student36/RoboticsDesignProject/Git-repos/LeoRover-Team7/elephant_arm_ws/install/moveit_task_constructor_demo/bin'
[5.108s] INFO:colcon.colcon_core.shell:Creating package script '/home/student36/RoboticsDesignProject/Git-repos/LeoRover-Team7/elephant_arm_ws/install/moveit_task_constructor_demo/share/moveit_task_constructor_demo/package.ps1'
[5.108s] INFO:colcon.colcon_core.shell:Creating package descriptor '/home/student36/RoboticsDesignProject/Git-repos/LeoRover-Team7/elephant_arm_ws/install/moveit_task_constructor_demo/share/moveit_task_constructor_demo/package.dsv'
[5.109s] INFO:colcon.colcon_core.shell:Creating package script '/home/student36/RoboticsDesignProject/Git-repos/LeoRover-Team7/elephant_arm_ws/install/moveit_task_constructor_demo/share/moveit_task_constructor_demo/package.sh'
[5.110s] INFO:colcon.colcon_core.shell:Creating package script '/home/student36/RoboticsDesignProject/Git-repos/LeoRover-Team7/elephant_arm_ws/install/moveit_task_constructor_demo/share/moveit_task_constructor_demo/package.bash'
[5.110s] INFO:colcon.colcon_core.shell:Creating package script '/home/student36/RoboticsDesignProject/Git-repos/LeoRover-Team7/elephant_arm_ws/install/moveit_task_constructor_demo/share/moveit_task_constructor_demo/package.zsh'
[5.111s] Level 1:colcon.colcon_core.environment:create_file_with_runtime_dependencies(/home/student36/RoboticsDesignProject/Git-repos/LeoRover-Team7/elephant_arm_ws/install/moveit_task_constructor_demo/share/colcon-core/packages/moveit_task_constructor_demo)
[5.112s] Level 1:colcon.colcon_core.environment:create_environment_scripts_only(moveit_task_constructor_demo)
[5.113s] Level 1:colcon.colcon_core.environment:checking '/home/student36/RoboticsDesignProject/Git-repos/LeoRover-Team7/elephant_arm_ws/install/moveit_task_constructor_demo' for CMake module files
[5.114s] Level 1:colcon.colcon_core.environment:checking '/home/student36/RoboticsDesignProject/Git-repos/LeoRover-Team7/elephant_arm_ws/install/moveit_task_constructor_demo' for CMake config files
[5.114s] Level 1:colcon.colcon_core.shell:create_environment_hook('moveit_task_constructor_demo', 'cmake_prefix_path')
[5.115s] INFO:colcon.colcon_core.shell:Creating environment hook '/home/student36/RoboticsDesignProject/Git-repos/LeoRover-Team7/elephant_arm_ws/install/moveit_task_constructor_demo/share/moveit_task_constructor_demo/hook/cmake_prefix_path.ps1'
[5.116s] INFO:colcon.colcon_core.shell:Creating environment descriptor '/home/student36/RoboticsDesignProject/Git-repos/LeoRover-Team7/elephant_arm_ws/install/moveit_task_constructor_demo/share/moveit_task_constructor_demo/hook/cmake_prefix_path.dsv'
[5.117s] INFO:colcon.colcon_core.shell:Creating environment hook '/home/student36/RoboticsDesignProject/Git-repos/LeoRover-Team7/elephant_arm_ws/install/moveit_task_constructor_demo/share/moveit_task_constructor_demo/hook/cmake_prefix_path.sh'
[5.118s] Level 1:colcon.colcon_core.environment:checking '/home/student36/RoboticsDesignProject/Git-repos/LeoRover-Team7/elephant_arm_ws/install/moveit_task_constructor_demo/lib'
[5.118s] Level 1:colcon.colcon_core.shell:create_environment_hook('moveit_task_constructor_demo', 'ld_library_path_lib')
[5.119s] INFO:colcon.colcon_core.shell:Creating environment hook '/home/student36/RoboticsDesignProject/Git-repos/LeoRover-Team7/elephant_arm_ws/install/moveit_task_constructor_demo/share/moveit_task_constructor_demo/hook/ld_library_path_lib.ps1'
[5.119s] INFO:colcon.colcon_core.shell:Creating environment descriptor '/home/student36/RoboticsDesignProject/Git-repos/LeoRover-Team7/elephant_arm_ws/install/moveit_task_constructor_demo/share/moveit_task_constructor_demo/hook/ld_library_path_lib.dsv'
[5.120s] INFO:colcon.colcon_core.shell:Creating environment hook '/home/student36/RoboticsDesignProject/Git-repos/LeoRover-Team7/elephant_arm_ws/install/moveit_task_constructor_demo/share/moveit_task_constructor_demo/hook/ld_library_path_lib.sh'
[5.120s] Level 1:colcon.colcon_core.environment:checking '/home/student36/RoboticsDesignProject/Git-repos/LeoRover-Team7/elephant_arm_ws/install/moveit_task_constructor_demo/bin'
[5.120s] Level 1:colcon.colcon_core.environment:checking '/home/student36/RoboticsDesignProject/Git-repos/LeoRover-Team7/elephant_arm_ws/install/moveit_task_constructor_demo/lib/pkgconfig/moveit_task_constructor_demo.pc'
[5.120s] Level 1:colcon.colcon_core.environment:checking '/home/student36/RoboticsDesignProject/Git-repos/LeoRover-Team7/elephant_arm_ws/install/moveit_task_constructor_demo/lib/python3.12/site-packages'
[5.121s] Level 1:colcon.colcon_core.environment:checking '/home/student36/RoboticsDesignProject/Git-repos/LeoRover-Team7/elephant_arm_ws/install/moveit_task_constructor_demo/bin'
[5.121s] INFO:colcon.colcon_core.shell:Creating package script '/home/student36/RoboticsDesignProject/Git-repos/LeoRover-Team7/elephant_arm_ws/install/moveit_task_constructor_demo/share/moveit_task_constructor_demo/package.ps1'
[5.122s] INFO:colcon.colcon_core.shell:Creating package descriptor '/home/student36/RoboticsDesignProject/Git-repos/LeoRover-Team7/elephant_arm_ws/install/moveit_task_constructor_demo/share/moveit_task_constructor_demo/package.dsv'
[5.123s] INFO:colcon.colcon_core.shell:Creating package script '/home/student36/RoboticsDesignProject/Git-repos/LeoRover-Team7/elephant_arm_ws/install/moveit_task_constructor_demo/share/moveit_task_constructor_demo/package.sh'
[5.123s] INFO:colcon.colcon_core.shell:Creating package script '/home/student36/RoboticsDesignProject/Git-repos/LeoRover-Team7/elephant_arm_ws/install/moveit_task_constructor_demo/share/moveit_task_constructor_demo/package.bash'
[5.123s] INFO:colcon.colcon_core.shell:Creating package script '/home/student36/RoboticsDesignProject/Git-repos/LeoRover-Team7/elephant_arm_ws/install/moveit_task_constructor_demo/share/moveit_task_constructor_demo/package.zsh'
[5.124s] Level 1:colcon.colcon_core.environment:create_file_with_runtime_dependencies(/home/student36/RoboticsDesignProject/Git-repos/LeoRover-Team7/elephant_arm_ws/install/moveit_task_constructor_demo/share/colcon-core/packages/moveit_task_constructor_demo)
[17.285s] DEBUG:colcon.colcon_core.event_handler.log_command:Invoked command in '/home/student36/RoboticsDesignProject/Git-repos/LeoRover-Team7/elephant_arm_ws/build/mtc_tutorial' returned '0': CMAKE_PREFIX_PATH=/home/student36/RoboticsDesignProject/Git-repos/LeoRover-Team7/elephant_arm_ws/install/moveit_task_constructor_core:/home/student36/RoboticsDesignProject/Git-repos/LeoRover-Team7/elephant_arm_ws/install/rviz_marker_tools:/home/student36/RoboticsDesignProject/Git-repos/LeoRover-Team7/elephant_arm_ws/install/moveit_task_constructor_msgs:/home/student36/RoboticsDesignProject/Git-repos/LeoRover-Team7/elephant_arm_ws/install/mtc_tutorial:/home/student36/RoboticsDesignProject/Git-repos/LeoRover-Team7/elephant_arm_ws/install/moveit_task_constructor_demo:/home/student36/RoboticsDesignProject/Git-repos/LeoRover-Team7/elephant_arm_ws/install/moveit_task_constructor_visualization:/home/student36/RoboticsDesignProject/Git-repos/LeoRover-Team7/elephant_arm_ws/install/moveit_task_constructor_capabilities:/home/student36/RoboticsDesignProject/Git-repos/LeoRover-Team7/elephant_arm_ws/install/mycobot_ros2:/home/student36/RoboticsDesignProject/Git-repos/LeoRover-Team7/elephant_arm_ws/install/mycobot_moveit_config:/home/student36/RoboticsDesignProject/Git-repos/LeoRover-Team7/elephant_arm_ws/install/mycobot_gazebo:/home/student36/RoboticsDesignProject/Git-repos/LeoRover-Team7/elephant_arm_ws/install/mycobot_description:/home/student36/RoboticsDesignProject/Git-repos/LeoRover-Team7/elephant_arm_ws/install/mycobot_bringup:/home/student36/RoboticsDesignProject/Git-repos/LeoRover-Team7/elephant_arm_ws/install/hello_moveit:/home/student36/ros2_tutorial_workspace/install/package_with_interfaces:/home/student36/ws_moveit/install/robotiq_hardware_tests:/home/student36/ws_moveit/install/robotiq_driver:/home/student36/ws_moveit/install/serial:/home/student36/ws_moveit/install/moveit2_tutorials:/home/student36/ws_moveit/install/hello_moveit:/home/student36/ws_moveit/install/moveit_visual_tools:/home/student36/ws_moveit/install/rviz_visual_tools:/home/student36/ws_moveit/install/mtc_tutorial:/home/student36/ws_moveit/install/moveit_task_constructor_demo:/home/student36/ws_moveit/install/moveit_task_constructor_visualization:/home/student36/ws_moveit/install/moveit_task_constructor_capabilities:/home/student36/ws_moveit/install/elephant:/home/student36/ws_moveit/install/moveit_task_constructor_core:/home/student36/ws_moveit/install/rviz_marker_tools:/home/student36/ws_moveit/install/kortex_bringup:/home/student36/ws_moveit/install/kinova_gen3_lite_moveit_config:/home/student36/ws_moveit/install/kinova_gen3_7dof_robotiq_2f_85_moveit_config:/home/student36/ws_moveit/install/kinova_gen3_6dof_robotiq_2f_85_moveit_config:/home/student36/ws_moveit/install/kortex_description:/home/student36/ws_moveit/install/robotiq_description:/home/student36/ws_moveit/install/robotiq_controllers:/home/student36/ws_moveit/install/pilz_industrial_motion_planner_testutils:/home/student36/ws_moveit/install/mycobot_280_moveit2:/home/student36/ws_moveit/install/moveit_runtime:/home/student36/ws_moveit/install/moveit:/home/student36/ws_moveit/install/elephant_arm:/home/student36/ws_moveit/install/moveit_planners:/home/student36/ws_moveit/install/pilz_industrial_motion_planner:/home/student36/ws_moveit/install/mycobot_description:/home/student36/ws_moveit/install/moveit_task_constructor_msgs:/home/student36/ws_moveit/install/moveit_ros_control_interface:/home/student36/ws_moveit/install/moveit_plugins:/home/student36/ws_moveit/install/moveit_simple_controller_manager:/home/student36/ws_moveit/install/moveit_setup_assistant:/home/student36/ws_moveit/install/moveit_setup_srdf_plugins:/home/student36/ws_moveit/install/moveit_setup_core_plugins:/home/student36/ws_moveit/install/moveit_setup_controllers:/home/student36/ws_moveit/install/moveit_setup_app_plugins:/home/student36/ws_moveit/install/moveit_setup_framework:/home/student36/ws_moveit/install/moveit_servo:/home/student36/ws_moveit/install/moveit_ros_trajectory_cache:/home/student36/ws_moveit/install/moveit_ros:/home/student36/ws_moveit/install/moveit_ros_visualization:/home/student36/ws_moveit/install/moveit_py:/home/student36/ws_moveit/install/moveit_hybrid_planning:/home/student36/ws_moveit/install/moveit_ros_planning_interface:/home/student36/ws_moveit/install/moveit_ros_benchmarks:/home/student36/ws_moveit/install/moveit_ros_warehouse:/home/student36/ws_moveit/install/moveit_ros_robot_interaction:/home/student36/ws_moveit/install/moveit_ros_perception:/home/student36/ws_moveit/install/moveit_resources_prbt_pg70_support:/home/student36/ws_moveit/install/moveit_resources_prbt_moveit_config:/home/student36/ws_moveit/install/moveit_ros_move_group:/home/student36/ws_moveit/install/moveit_planners_ompl:/home/student36/ws_moveit/install/moveit_kinematics:/home/student36/ws_moveit/install/moveit_ros_planning:/home/student36/ws_moveit/install/moveit_ros_occupancy_map_monitor:/home/student36/ws_moveit/install/moveit_resources_prbt_support:/home/student36/ws_moveit/install/moveit_resources_prbt_ikfast_manipulator_plugin:/home/student36/ws_moveit/install/moveit_resources:/home/student36/ws_moveit/install/moveit_resources_pr2_description:/home/student36/ws_moveit/install/moveit_resources_panda_moveit_config:/home/student36/ws_moveit/install/dual_arm_panda_moveit_config:/home/student36/ws_moveit/install/moveit_resources_panda_description:/home/student36/ws_moveit/install/moveit_resources_fanuc_moveit_config:/home/student36/ws_moveit/install/moveit_resources_fanuc_description:/home/student36/ws_moveit/install/moveit_planners_stomp:/home/student36/ws_moveit/install/moveit_planners_chomp:/home/student36/ws_moveit/install/chomp_motion_planner:/home/student36/ws_moveit/install/moveit_core:/home/student36/ws_moveit/install/moveit_msgs:/home/student36/ws_moveit/install/moveit_common:/home/student36/ws_moveit/install/kortex_driver:/home/student36/ws_moveit/install/kortex_api:/home/student36/rplidar_ws/install/rplidar_ros:/home/student36/elephant_arm_ws/install/mycobot_280_moveit2:/opt/ros/jazzy/opt/gz_sim_vendor:/opt/ros/jazzy/opt/gz_sensors_vendor:/opt/ros/jazzy/opt/gz_physics_vendor:/opt/ros/jazzy/opt/sdformat_vendor:/opt/ros/jazzy/opt/gz_gui_vendor:/opt/ros/jazzy/opt/gz_transport_vendor:/opt/ros/jazzy/opt/gz_rendering_vendor:/opt/ros/jazzy/opt/gz_plugin_vendor:/opt/ros/jazzy/opt/gz_fuel_tools_vendor:/opt/ros/jazzy/opt/gz_msgs_vendor:/opt/ros/jazzy/opt/gz_common_vendor:/opt/ros/jazzy/opt/gz_math_vendor:/opt/ros/jazzy/opt/gz_utils_vendor:/opt/ros/jazzy/opt/gz_tools_vendor:/opt/ros/jazzy/opt/gz_ogre_next_vendor:/opt/ros/jazzy/opt/gz_dartsim_vendor:/opt/ros/jazzy/opt/gz_cmake_vendor:/home/student36/ros2_tutorial_workspace/install/the_simplest_python_package:/home/student36/ros2_tutorial_workspace/install/python_package_with_a_node:/home/student36/ros2_tutorial_workspace/install/python_package_that_uses_the_library:/home/student36/ros2_tutorial_workspace/install/python_package_with_a_library:/home/student36/ros2_tutorial_workspace/install/python_package_that_uses_the_services:/home/student36/ros2_tutorial_workspace/install/python_package_that_uses_the_actions:/home/student36/ros2_tutorial_workspace/install/python_package_that_uses_tf2:/home/student36/ros2_tutorial_workspace/install/python_package_that_uses_parameters_and_launch_files:/home/student36/ros2_tutorial_workspace/install/python_package_that_uses_nottf2:/home/student36/ros2_tutorial_workspace/install/python_package_that_uses_nav2:/home/student36/ros2_tutorial_workspace/install/python_package_that_uses_messages:/home/student36/ros2_tutorial_workspace/install/python_package_that_uses_geometry_msgs:/home/student36/ros2_tutorial_workspace/install/python_package_that_uses_gazebo:/home/student36/ws_moveit/install/moveit_configs_utils:/home/student36/elephant_arm_ws/install/mycobot_description:/opt/ros/jazzy DEBUGINFOD_URLS=https://debuginfod.ubuntu.com LD_LIBRARY_PATH=/home/student36/RoboticsDesignProject/Git-repos/LeoRover-Team7/elephant_arm_ws/install/moveit_task_constructor_core/lib:/home/student36/RoboticsDesignProject/Git-repos/LeoRover-Team7/elephant_arm_ws/install/rviz_marker_tools/lib:/home/student36/RoboticsDesignProject/Git-repos/LeoRover-Team7/elephant_arm_ws/install/moveit_task_constructor_msgs/lib:/home/student36/RoboticsDesignProject/Git-repos/LeoRover-Team7/elephant_arm_ws/install/moveit_task_constructor_demo/lib:/home/student36/RoboticsDesignProject/Git-repos/LeoRover-Team7/elephant_arm_ws/install/moveit_task_constructor_visualization/lib:/home/student36/RoboticsDesignProject/Git-repos/LeoRover-Team7/elephant_arm_ws/install/moveit_task_constructor_capabilities/lib:/home/student36/ros2_tutorial_workspace/install/package_with_interfaces/lib:/home/student36/ws_moveit/install/robotiq_driver/lib:/home/student36/ws_moveit/install/serial/lib:/home/student36/ws_moveit/install/moveit_visual_tools/lib:/home/student36/ws_moveit/install/rviz_visual_tools/lib:/home/student36/ws_moveit/install/moveit_task_constructor_demo/lib:/home/student36/ws_moveit/install/moveit_task_constructor_visualization/lib:/home/student36/ws_moveit/install/moveit_task_constructor_capabilities/lib:/home/student36/ws_moveit/install/moveit_task_constructor_core/lib:/home/student36/ws_moveit/install/rviz_marker_tools/lib:/home/student36/ws_moveit/install/robotiq_controllers/lib:/home/student36/ws_moveit/install/pilz_industrial_motion_planner_testutils/lib:/home/student36/ws_moveit/install/pilz_industrial_motion_planner/lib:/home/student36/ws_moveit/install/moveit_task_constructor_msgs/lib:/home/student36/ws_moveit/install/moveit_ros_control_interface/lib:/home/student36/ws_moveit/install/moveit_simple_controller_manager/lib:/home/student36/ws_moveit/install/moveit_setup_assistant/lib:/home/student36/ws_moveit/install/moveit_setup_srdf_plugins/lib:/home/student36/ws_moveit/install/moveit_setup_core_plugins/lib:/home/student36/ws_moveit/install/moveit_setup_controllers/lib:/home/student36/ws_moveit/install/moveit_setup_app_plugins/lib:/home/student36/ws_moveit/install/moveit_setup_framework/lib:/home/student36/ws_moveit/install/moveit_servo/lib:/home/student36/ws_moveit/install/moveit_ros_trajectory_cache/lib:/home/student36/ws_moveit/install/moveit_ros_visualization/lib:/home/student36/ws_moveit/install/moveit_py/lib:/home/student36/ws_moveit/install/moveit_hybrid_planning/lib:/home/student36/ws_moveit/install/moveit_ros_planning_interface/lib:/home/student36/ws_moveit/install/moveit_ros_benchmarks/lib:/home/student36/ws_moveit/install/moveit_ros_warehouse/lib:/home/student36/ws_moveit/install/moveit_ros_robot_interaction/lib:/home/student36/ws_moveit/install/moveit_ros_perception/lib:/home/student36/ws_moveit/install/moveit_ros_move_group/lib:/home/student36/ws_moveit/install/moveit_planners_ompl/lib:/home/student36/ws_moveit/install/moveit_kinematics/lib:/home/student36/ws_moveit/install/moveit_ros_planning/lib:/home/student36/ws_moveit/install/moveit_ros_occupancy_map_monitor/lib:/home/student36/ws_moveit/install/moveit_resources_prbt_ikfast_manipulator_plugin/lib:/home/student36/ws_moveit/install/moveit_planners_stomp/lib:/home/student36/ws_moveit/install/moveit_planners_chomp/lib:/home/student36/ws_moveit/install/chomp_motion_planner/lib:/home/student36/ws_moveit/install/moveit_core/lib:/home/student36/ws_moveit/install/moveit_msgs/lib:/home/student36/ws_moveit/install/kortex_driver/lib:/opt/ros/jazzy/opt/gz_sim_vendor/lib:/opt/ros/jazzy/opt/gz_sensors_vendor/lib:/opt/ros/jazzy/opt/gz_physics_vendor/lib:/opt/ros/jazzy/opt/sdformat_vendor/lib:/opt/ros/jazzy/opt/rviz_ogre_vendor/lib:/opt/ros/jazzy/lib/x86_64-linux-gnu:/opt/ros/jazzy/opt/gz_gui_vendor/lib:/opt/ros/jazzy/opt/gz_transport_vendor/lib:/opt/ros/jazzy/opt/gz_rendering_vendor/lib:/opt/ros/jazzy/opt/gz_plugin_vendor/lib:/opt/ros/jazzy/opt/gz_fuel_tools_vendor/lib:/opt/ros/jazzy/opt/gz_msgs_vendor/lib:/opt/ros/jazzy/opt/gz_common_vendor/lib:/opt/ros/jazzy/opt/gz_math_vendor/lib:/opt/ros/jazzy/opt/gz_utils_vendor/lib:/opt/ros/jazzy/opt/gz_tools_vendor/lib:/opt/ros/jazzy/opt/gz_ogre_next_vendor/lib:/opt/ros/jazzy/opt/gz_dartsim_vendor/lib:/opt/ros/jazzy/opt/gz_cmake_vendor/lib:/opt/ros/jazzy/lib /usr/bin/cmake --build /home/student36/RoboticsDesignProject/Git-repos/LeoRover-Team7/elephant_arm_ws/build/mtc_tutorial -- -j12 -l12
[17.291s] DEBUG:colcon.colcon_core.event_handler.log_command:Invoking command in '/home/student36/RoboticsDesignProject/Git-repos/LeoRover-Team7/elephant_arm_ws/build/mtc_tutorial': CMAKE_PREFIX_PATH=/home/student36/RoboticsDesignProject/Git-repos/LeoRover-Team7/elephant_arm_ws/install/moveit_task_constructor_core:/home/student36/RoboticsDesignProject/Git-repos/LeoRover-Team7/elephant_arm_ws/install/rviz_marker_tools:/home/student36/RoboticsDesignProject/Git-repos/LeoRover-Team7/elephant_arm_ws/install/moveit_task_constructor_msgs:/home/student36/RoboticsDesignProject/Git-repos/LeoRover-Team7/elephant_arm_ws/install/mtc_tutorial:/home/student36/RoboticsDesignProject/Git-repos/LeoRover-Team7/elephant_arm_ws/install/moveit_task_constructor_demo:/home/student36/RoboticsDesignProject/Git-repos/LeoRover-Team7/elephant_arm_ws/install/moveit_task_constructor_visualization:/home/student36/RoboticsDesignProject/Git-repos/LeoRover-Team7/elephant_arm_ws/install/moveit_task_constructor_capabilities:/home/student36/RoboticsDesignProject/Git-repos/LeoRover-Team7/elephant_arm_ws/install/mycobot_ros2:/home/student36/RoboticsDesignProject/Git-repos/LeoRover-Team7/elephant_arm_ws/install/mycobot_moveit_config:/home/student36/RoboticsDesignProject/Git-repos/LeoRover-Team7/elephant_arm_ws/install/mycobot_gazebo:/home/student36/RoboticsDesignProject/Git-repos/LeoRover-Team7/elephant_arm_ws/install/mycobot_description:/home/student36/RoboticsDesignProject/Git-repos/LeoRover-Team7/elephant_arm_ws/install/mycobot_bringup:/home/student36/RoboticsDesignProject/Git-repos/LeoRover-Team7/elephant_arm_ws/install/hello_moveit:/home/student36/ros2_tutorial_workspace/install/package_with_interfaces:/home/student36/ws_moveit/install/robotiq_hardware_tests:/home/student36/ws_moveit/install/robotiq_driver:/home/student36/ws_moveit/install/serial:/home/student36/ws_moveit/install/moveit2_tutorials:/home/student36/ws_moveit/install/hello_moveit:/home/student36/ws_moveit/install/moveit_visual_tools:/home/student36/ws_moveit/install/rviz_visual_tools:/home/student36/ws_moveit/install/mtc_tutorial:/home/student36/ws_moveit/install/moveit_task_constructor_demo:/home/student36/ws_moveit/install/moveit_task_constructor_visualization:/home/student36/ws_moveit/install/moveit_task_constructor_capabilities:/home/student36/ws_moveit/install/elephant:/home/student36/ws_moveit/install/moveit_task_constructor_core:/home/student36/ws_moveit/install/rviz_marker_tools:/home/student36/ws_moveit/install/kortex_bringup:/home/student36/ws_moveit/install/kinova_gen3_lite_moveit_config:/home/student36/ws_moveit/install/kinova_gen3_7dof_robotiq_2f_85_moveit_config:/home/student36/ws_moveit/install/kinova_gen3_6dof_robotiq_2f_85_moveit_config:/home/student36/ws_moveit/install/kortex_description:/home/student36/ws_moveit/install/robotiq_description:/home/student36/ws_moveit/install/robotiq_controllers:/home/student36/ws_moveit/install/pilz_industrial_motion_planner_testutils:/home/student36/ws_moveit/install/mycobot_280_moveit2:/home/student36/ws_moveit/install/moveit_runtime:/home/student36/ws_moveit/install/moveit:/home/student36/ws_moveit/install/elephant_arm:/home/student36/ws_moveit/install/moveit_planners:/home/student36/ws_moveit/install/pilz_industrial_motion_planner:/home/student36/ws_moveit/install/mycobot_description:/home/student36/ws_moveit/install/moveit_task_constructor_msgs:/home/student36/ws_moveit/install/moveit_ros_control_interface:/home/student36/ws_moveit/install/moveit_plugins:/home/student36/ws_moveit/install/moveit_simple_controller_manager:/home/student36/ws_moveit/install/moveit_setup_assistant:/home/student36/ws_moveit/install/moveit_setup_srdf_plugins:/home/student36/ws_moveit/install/moveit_setup_core_plugins:/home/student36/ws_moveit/install/moveit_setup_controllers:/home/student36/ws_moveit/install/moveit_setup_app_plugins:/home/student36/ws_moveit/install/moveit_setup_framework:/home/student36/ws_moveit/install/moveit_servo:/home/student36/ws_moveit/install/moveit_ros_trajectory_cache:/home/student36/ws_moveit/install/moveit_ros:/home/student36/ws_moveit/install/moveit_ros_visualization:/home/student36/ws_moveit/install/moveit_py:/home/student36/ws_moveit/install/moveit_hybrid_planning:/home/student36/ws_moveit/install/moveit_ros_planning_interface:/home/student36/ws_moveit/install/moveit_ros_benchmarks:/home/student36/ws_moveit/install/moveit_ros_warehouse:/home/student36/ws_moveit/install/moveit_ros_robot_interaction:/home/student36/ws_moveit/install/moveit_ros_perception:/home/student36/ws_moveit/install/moveit_resources_prbt_pg70_support:/home/student36/ws_moveit/install/moveit_resources_prbt_moveit_config:/home/student36/ws_moveit/install/moveit_ros_move_group:/home/student36/ws_moveit/install/moveit_planners_ompl:/home/student36/ws_moveit/install/moveit_kinematics:/home/student36/ws_moveit/install/moveit_ros_planning:/home/student36/ws_moveit/install/moveit_ros_occupancy_map_monitor:/home/student36/ws_moveit/install/moveit_resources_prbt_support:/home/student36/ws_moveit/install/moveit_resources_prbt_ikfast_manipulator_plugin:/home/student36/ws_moveit/install/moveit_resources:/home/student36/ws_moveit/install/moveit_resources_pr2_description:/home/student36/ws_moveit/install/moveit_resources_panda_moveit_config:/home/student36/ws_moveit/install/dual_arm_panda_moveit_config:/home/student36/ws_moveit/install/moveit_resources_panda_description:/home/student36/ws_moveit/install/moveit_resources_fanuc_moveit_config:/home/student36/ws_moveit/install/moveit_resources_fanuc_description:/home/student36/ws_moveit/install/moveit_planners_stomp:/home/student36/ws_moveit/install/moveit_planners_chomp:/home/student36/ws_moveit/install/chomp_motion_planner:/home/student36/ws_moveit/install/moveit_core:/home/student36/ws_moveit/install/moveit_msgs:/home/student36/ws_moveit/install/moveit_common:/home/student36/ws_moveit/install/kortex_driver:/home/student36/ws_moveit/install/kortex_api:/home/student36/rplidar_ws/install/rplidar_ros:/home/student36/elephant_arm_ws/install/mycobot_280_moveit2:/opt/ros/jazzy/opt/gz_sim_vendor:/opt/ros/jazzy/opt/gz_sensors_vendor:/opt/ros/jazzy/opt/gz_physics_vendor:/opt/ros/jazzy/opt/sdformat_vendor:/opt/ros/jazzy/opt/gz_gui_vendor:/opt/ros/jazzy/opt/gz_transport_vendor:/opt/ros/jazzy/opt/gz_rendering_vendor:/opt/ros/jazzy/opt/gz_plugin_vendor:/opt/ros/jazzy/opt/gz_fuel_tools_vendor:/opt/ros/jazzy/opt/gz_msgs_vendor:/opt/ros/jazzy/opt/gz_common_vendor:/opt/ros/jazzy/opt/gz_math_vendor:/opt/ros/jazzy/opt/gz_utils_vendor:/opt/ros/jazzy/opt/gz_tools_vendor:/opt/ros/jazzy/opt/gz_ogre_next_vendor:/opt/ros/jazzy/opt/gz_dartsim_vendor:/opt/ros/jazzy/opt/gz_cmake_vendor:/home/student36/ros2_tutorial_workspace/install/the_simplest_python_package:/home/student36/ros2_tutorial_workspace/install/python_package_with_a_node:/home/student36/ros2_tutorial_workspace/install/python_package_that_uses_the_library:/home/student36/ros2_tutorial_workspace/install/python_package_with_a_library:/home/student36/ros2_tutorial_workspace/install/python_package_that_uses_the_services:/home/student36/ros2_tutorial_workspace/install/python_package_that_uses_the_actions:/home/student36/ros2_tutorial_workspace/install/python_package_that_uses_tf2:/home/student36/ros2_tutorial_workspace/install/python_package_that_uses_parameters_and_launch_files:/home/student36/ros2_tutorial_workspace/install/python_package_that_uses_nottf2:/home/student36/ros2_tutorial_workspace/install/python_package_that_uses_nav2:/home/student36/ros2_tutorial_workspace/install/python_package_that_uses_messages:/home/student36/ros2_tutorial_workspace/install/python_package_that_uses_geometry_msgs:/home/student36/ros2_tutorial_workspace/install/python_package_that_uses_gazebo:/home/student36/ws_moveit/install/moveit_configs_utils:/home/student36/elephant_arm_ws/install/mycobot_description:/opt/ros/jazzy DEBUGINFOD_URLS=https://debuginfod.ubuntu.com LD_LIBRARY_PATH=/home/student36/RoboticsDesignProject/Git-repos/LeoRover-Team7/elephant_arm_ws/install/moveit_task_constructor_core/lib:/home/student36/RoboticsDesignProject/Git-repos/LeoRover-Team7/elephant_arm_ws/install/rviz_marker_tools/lib:/home/student36/RoboticsDesignProject/Git-repos/LeoRover-Team7/elephant_arm_ws/install/moveit_task_constructor_msgs/lib:/home/student36/RoboticsDesignProject/Git-repos/LeoRover-Team7/elephant_arm_ws/install/moveit_task_constructor_demo/lib:/home/student36/RoboticsDesignProject/Git-repos/LeoRover-Team7/elephant_arm_ws/install/moveit_task_constructor_visualization/lib:/home/student36/RoboticsDesignProject/Git-repos/LeoRover-Team7/elephant_arm_ws/install/moveit_task_constructor_capabilities/lib:/home/student36/ros2_tutorial_workspace/install/package_with_interfaces/lib:/home/student36/ws_moveit/install/robotiq_driver/lib:/home/student36/ws_moveit/install/serial/lib:/home/student36/ws_moveit/install/moveit_visual_tools/lib:/home/student36/ws_moveit/install/rviz_visual_tools/lib:/home/student36/ws_moveit/install/moveit_task_constructor_demo/lib:/home/student36/ws_moveit/install/moveit_task_constructor_visualization/lib:/home/student36/ws_moveit/install/moveit_task_constructor_capabilities/lib:/home/student36/ws_moveit/install/moveit_task_constructor_core/lib:/home/student36/ws_moveit/install/rviz_marker_tools/lib:/home/student36/ws_moveit/install/robotiq_controllers/lib:/home/student36/ws_moveit/install/pilz_industrial_motion_planner_testutils/lib:/home/student36/ws_moveit/install/pilz_industrial_motion_planner/lib:/home/student36/ws_moveit/install/moveit_task_constructor_msgs/lib:/home/student36/ws_moveit/install/moveit_ros_control_interface/lib:/home/student36/ws_moveit/install/moveit_simple_controller_manager/lib:/home/student36/ws_moveit/install/moveit_setup_assistant/lib:/home/student36/ws_moveit/install/moveit_setup_srdf_plugins/lib:/home/student36/ws_moveit/install/moveit_setup_core_plugins/lib:/home/student36/ws_moveit/install/moveit_setup_controllers/lib:/home/student36/ws_moveit/install/moveit_setup_app_plugins/lib:/home/student36/ws_moveit/install/moveit_setup_framework/lib:/home/student36/ws_moveit/install/moveit_servo/lib:/home/student36/ws_moveit/install/moveit_ros_trajectory_cache/lib:/home/student36/ws_moveit/install/moveit_ros_visualization/lib:/home/student36/ws_moveit/install/moveit_py/lib:/home/student36/ws_moveit/install/moveit_hybrid_planning/lib:/home/student36/ws_moveit/install/moveit_ros_planning_interface/lib:/home/student36/ws_moveit/install/moveit_ros_benchmarks/lib:/home/student36/ws_moveit/install/moveit_ros_warehouse/lib:/home/student36/ws_moveit/install/moveit_ros_robot_interaction/lib:/home/student36/ws_moveit/install/moveit_ros_perception/lib:/home/student36/ws_moveit/install/moveit_ros_move_group/lib:/home/student36/ws_moveit/install/moveit_planners_ompl/lib:/home/student36/ws_moveit/install/moveit_kinematics/lib:/home/student36/ws_moveit/install/moveit_ros_planning/lib:/home/student36/ws_moveit/install/moveit_ros_occupancy_map_monitor/lib:/home/student36/ws_moveit/install/moveit_resources_prbt_ikfast_manipulator_plugin/lib:/home/student36/ws_moveit/install/moveit_planners_stomp/lib:/home/student36/ws_moveit/install/moveit_planners_chomp/lib:/home/student36/ws_moveit/install/chomp_motion_planner/lib:/home/student36/ws_moveit/install/moveit_core/lib:/home/student36/ws_moveit/install/moveit_msgs/lib:/home/student36/ws_moveit/install/kortex_driver/lib:/opt/ros/jazzy/opt/gz_sim_vendor/lib:/opt/ros/jazzy/opt/gz_sensors_vendor/lib:/opt/ros/jazzy/opt/gz_physics_vendor/lib:/opt/ros/jazzy/opt/sdformat_vendor/lib:/opt/ros/jazzy/opt/rviz_ogre_vendor/lib:/opt/ros/jazzy/lib/x86_64-linux-gnu:/opt/ros/jazzy/opt/gz_gui_vendor/lib:/opt/ros/jazzy/opt/gz_transport_vendor/lib:/opt/ros/jazzy/opt/gz_rendering_vendor/lib:/opt/ros/jazzy/opt/gz_plugin_vendor/lib:/opt/ros/jazzy/opt/gz_fuel_tools_vendor/lib:/opt/ros/jazzy/opt/gz_msgs_vendor/lib:/opt/ros/jazzy/opt/gz_common_vendor/lib:/opt/ros/jazzy/opt/gz_math_vendor/lib:/opt/ros/jazzy/opt/gz_utils_vendor/lib:/opt/ros/jazzy/opt/gz_tools_vendor/lib:/opt/ros/jazzy/opt/gz_ogre_next_vendor/lib:/opt/ros/jazzy/opt/gz_dartsim_vendor/lib:/opt/ros/jazzy/opt/gz_cmake_vendor/lib:/opt/ros/jazzy/lib /usr/bin/cmake --install /home/student36/RoboticsDesignProject/Git-repos/LeoRover-Team7/elephant_arm_ws/build/mtc_tutorial
[17.331s] Level 1:colcon.colcon_core.environment:create_environment_scripts_only(mtc_tutorial)
[17.331s] Level 1:colcon.colcon_core.environment:checking '/home/student36/RoboticsDesignProject/Git-repos/LeoRover-Team7/elephant_arm_ws/install/mtc_tutorial' for CMake module files
[17.334s] DEBUG:colcon.colcon_core.event_handler.log_command:Invoked command in '/home/student36/RoboticsDesignProject/Git-repos/LeoRover-Team7/elephant_arm_ws/build/mtc_tutorial' returned '0': CMAKE_PREFIX_PATH=/home/student36/RoboticsDesignProject/Git-repos/LeoRover-Team7/elephant_arm_ws/install/moveit_task_constructor_core:/home/student36/RoboticsDesignProject/Git-repos/LeoRover-Team7/elephant_arm_ws/install/rviz_marker_tools:/home/student36/RoboticsDesignProject/Git-repos/LeoRover-Team7/elephant_arm_ws/install/moveit_task_constructor_msgs:/home/student36/RoboticsDesignProject/Git-repos/LeoRover-Team7/elephant_arm_ws/install/mtc_tutorial:/home/student36/RoboticsDesignProject/Git-repos/LeoRover-Team7/elephant_arm_ws/install/moveit_task_constructor_demo:/home/student36/RoboticsDesignProject/Git-repos/LeoRover-Team7/elephant_arm_ws/install/moveit_task_constructor_visualization:/home/student36/RoboticsDesignProject/Git-repos/LeoRover-Team7/elephant_arm_ws/install/moveit_task_constructor_capabilities:/home/student36/RoboticsDesignProject/Git-repos/LeoRover-Team7/elephant_arm_ws/install/mycobot_ros2:/home/student36/RoboticsDesignProject/Git-repos/LeoRover-Team7/elephant_arm_ws/install/mycobot_moveit_config:/home/student36/RoboticsDesignProject/Git-repos/LeoRover-Team7/elephant_arm_ws/install/mycobot_gazebo:/home/student36/RoboticsDesignProject/Git-repos/LeoRover-Team7/elephant_arm_ws/install/mycobot_description:/home/student36/RoboticsDesignProject/Git-repos/LeoRover-Team7/elephant_arm_ws/install/mycobot_bringup:/home/student36/RoboticsDesignProject/Git-repos/LeoRover-Team7/elephant_arm_ws/install/hello_moveit:/home/student36/ros2_tutorial_workspace/install/package_with_interfaces:/home/student36/ws_moveit/install/robotiq_hardware_tests:/home/student36/ws_moveit/install/robotiq_driver:/home/student36/ws_moveit/install/serial:/home/student36/ws_moveit/install/moveit2_tutorials:/home/student36/ws_moveit/install/hello_moveit:/home/student36/ws_moveit/install/moveit_visual_tools:/home/student36/ws_moveit/install/rviz_visual_tools:/home/student36/ws_moveit/install/mtc_tutorial:/home/student36/ws_moveit/install/moveit_task_constructor_demo:/home/student36/ws_moveit/install/moveit_task_constructor_visualization:/home/student36/ws_moveit/install/moveit_task_constructor_capabilities:/home/student36/ws_moveit/install/elephant:/home/student36/ws_moveit/install/moveit_task_constructor_core:/home/student36/ws_moveit/install/rviz_marker_tools:/home/student36/ws_moveit/install/kortex_bringup:/home/student36/ws_moveit/install/kinova_gen3_lite_moveit_config:/home/student36/ws_moveit/install/kinova_gen3_7dof_robotiq_2f_85_moveit_config:/home/student36/ws_moveit/install/kinova_gen3_6dof_robotiq_2f_85_moveit_config:/home/student36/ws_moveit/install/kortex_description:/home/student36/ws_moveit/install/robotiq_description:/home/student36/ws_moveit/install/robotiq_controllers:/home/student36/ws_moveit/install/pilz_industrial_motion_planner_testutils:/home/student36/ws_moveit/install/mycobot_280_moveit2:/home/student36/ws_moveit/install/moveit_runtime:/home/student36/ws_moveit/install/moveit:/home/student36/ws_moveit/install/elephant_arm:/home/student36/ws_moveit/install/moveit_planners:/home/student36/ws_moveit/install/pilz_industrial_motion_planner:/home/student36/ws_moveit/install/mycobot_description:/home/student36/ws_moveit/install/moveit_task_constructor_msgs:/home/student36/ws_moveit/install/moveit_ros_control_interface:/home/student36/ws_moveit/install/moveit_plugins:/home/student36/ws_moveit/install/moveit_simple_controller_manager:/home/student36/ws_moveit/install/moveit_setup_assistant:/home/student36/ws_moveit/install/moveit_setup_srdf_plugins:/home/student36/ws_moveit/install/moveit_setup_core_plugins:/home/student36/ws_moveit/install/moveit_setup_controllers:/home/student36/ws_moveit/install/moveit_setup_app_plugins:/home/student36/ws_moveit/install/moveit_setup_framework:/home/student36/ws_moveit/install/moveit_servo:/home/student36/ws_moveit/install/moveit_ros_trajectory_cache:/home/student36/ws_moveit/install/moveit_ros:/home/student36/ws_moveit/install/moveit_ros_visualization:/home/student36/ws_moveit/install/moveit_py:/home/student36/ws_moveit/install/moveit_hybrid_planning:/home/student36/ws_moveit/install/moveit_ros_planning_interface:/home/student36/ws_moveit/install/moveit_ros_benchmarks:/home/student36/ws_moveit/install/moveit_ros_warehouse:/home/student36/ws_moveit/install/moveit_ros_robot_interaction:/home/student36/ws_moveit/install/moveit_ros_perception:/home/student36/ws_moveit/install/moveit_resources_prbt_pg70_support:/home/student36/ws_moveit/install/moveit_resources_prbt_moveit_config:/home/student36/ws_moveit/install/moveit_ros_move_group:/home/student36/ws_moveit/install/moveit_planners_ompl:/home/student36/ws_moveit/install/moveit_kinematics:/home/student36/ws_moveit/install/moveit_ros_planning:/home/student36/ws_moveit/install/moveit_ros_occupancy_map_monitor:/home/student36/ws_moveit/install/moveit_resources_prbt_support:/home/student36/ws_moveit/install/moveit_resources_prbt_ikfast_manipulator_plugin:/home/student36/ws_moveit/install/moveit_resources:/home/student36/ws_moveit/install/moveit_resources_pr2_description:/home/student36/ws_moveit/install/moveit_resources_panda_moveit_config:/home/student36/ws_moveit/install/dual_arm_panda_moveit_config:/home/student36/ws_moveit/install/moveit_resources_panda_description:/home/student36/ws_moveit/install/moveit_resources_fanuc_moveit_config:/home/student36/ws_moveit/install/moveit_resources_fanuc_description:/home/student36/ws_moveit/install/moveit_planners_stomp:/home/student36/ws_moveit/install/moveit_planners_chomp:/home/student36/ws_moveit/install/chomp_motion_planner:/home/student36/ws_moveit/install/moveit_core:/home/student36/ws_moveit/install/moveit_msgs:/home/student36/ws_moveit/install/moveit_common:/home/student36/ws_moveit/install/kortex_driver:/home/student36/ws_moveit/install/kortex_api:/home/student36/rplidar_ws/install/rplidar_ros:/home/student36/elephant_arm_ws/install/mycobot_280_moveit2:/opt/ros/jazzy/opt/gz_sim_vendor:/opt/ros/jazzy/opt/gz_sensors_vendor:/opt/ros/jazzy/opt/gz_physics_vendor:/opt/ros/jazzy/opt/sdformat_vendor:/opt/ros/jazzy/opt/gz_gui_vendor:/opt/ros/jazzy/opt/gz_transport_vendor:/opt/ros/jazzy/opt/gz_rendering_vendor:/opt/ros/jazzy/opt/gz_plugin_vendor:/opt/ros/jazzy/opt/gz_fuel_tools_vendor:/opt/ros/jazzy/opt/gz_msgs_vendor:/opt/ros/jazzy/opt/gz_common_vendor:/opt/ros/jazzy/opt/gz_math_vendor:/opt/ros/jazzy/opt/gz_utils_vendor:/opt/ros/jazzy/opt/gz_tools_vendor:/opt/ros/jazzy/opt/gz_ogre_next_vendor:/opt/ros/jazzy/opt/gz_dartsim_vendor:/opt/ros/jazzy/opt/gz_cmake_vendor:/home/student36/ros2_tutorial_workspace/install/the_simplest_python_package:/home/student36/ros2_tutorial_workspace/install/python_package_with_a_node:/home/student36/ros2_tutorial_workspace/install/python_package_that_uses_the_library:/home/student36/ros2_tutorial_workspace/install/python_package_with_a_library:/home/student36/ros2_tutorial_workspace/install/python_package_that_uses_the_services:/home/student36/ros2_tutorial_workspace/install/python_package_that_uses_the_actions:/home/student36/ros2_tutorial_workspace/install/python_package_that_uses_tf2:/home/student36/ros2_tutorial_workspace/install/python_package_that_uses_parameters_and_launch_files:/home/student36/ros2_tutorial_workspace/install/python_package_that_uses_nottf2:/home/student36/ros2_tutorial_workspace/install/python_package_that_uses_nav2:/home/student36/ros2_tutorial_workspace/install/python_package_that_uses_messages:/home/student36/ros2_tutorial_workspace/install/python_package_that_uses_geometry_msgs:/home/student36/ros2_tutorial_workspace/install/python_package_that_uses_gazebo:/home/student36/ws_moveit/install/moveit_configs_utils:/home/student36/elephant_arm_ws/install/mycobot_description:/opt/ros/jazzy DEBUGINFOD_URLS=https://debuginfod.ubuntu.com LD_LIBRARY_PATH=/home/student36/RoboticsDesignProject/Git-repos/LeoRover-Team7/elephant_arm_ws/install/moveit_task_constructor_core/lib:/home/student36/RoboticsDesignProject/Git-repos/LeoRover-Team7/elephant_arm_ws/install/rviz_marker_tools/lib:/home/student36/RoboticsDesignProject/Git-repos/LeoRover-Team7/elephant_arm_ws/install/moveit_task_constructor_msgs/lib:/home/student36/RoboticsDesignProject/Git-repos/LeoRover-Team7/elephant_arm_ws/install/moveit_task_constructor_demo/lib:/home/student36/RoboticsDesignProject/Git-repos/LeoRover-Team7/elephant_arm_ws/install/moveit_task_constructor_visualization/lib:/home/student36/RoboticsDesignProject/Git-repos/LeoRover-Team7/elephant_arm_ws/install/moveit_task_constructor_capabilities/lib:/home/student36/ros2_tutorial_workspace/install/package_with_interfaces/lib:/home/student36/ws_moveit/install/robotiq_driver/lib:/home/student36/ws_moveit/install/serial/lib:/home/student36/ws_moveit/install/moveit_visual_tools/lib:/home/student36/ws_moveit/install/rviz_visual_tools/lib:/home/student36/ws_moveit/install/moveit_task_constructor_demo/lib:/home/student36/ws_moveit/install/moveit_task_constructor_visualization/lib:/home/student36/ws_moveit/install/moveit_task_constructor_capabilities/lib:/home/student36/ws_moveit/install/moveit_task_constructor_core/lib:/home/student36/ws_moveit/install/rviz_marker_tools/lib:/home/student36/ws_moveit/install/robotiq_controllers/lib:/home/student36/ws_moveit/install/pilz_industrial_motion_planner_testutils/lib:/home/student36/ws_moveit/install/pilz_industrial_motion_planner/lib:/home/student36/ws_moveit/install/moveit_task_constructor_msgs/lib:/home/student36/ws_moveit/install/moveit_ros_control_interface/lib:/home/student36/ws_moveit/install/moveit_simple_controller_manager/lib:/home/student36/ws_moveit/install/moveit_setup_assistant/lib:/home/student36/ws_moveit/install/moveit_setup_srdf_plugins/lib:/home/student36/ws_moveit/install/moveit_setup_core_plugins/lib:/home/student36/ws_moveit/install/moveit_setup_controllers/lib:/home/student36/ws_moveit/install/moveit_setup_app_plugins/lib:/home/student36/ws_moveit/install/moveit_setup_framework/lib:/home/student36/ws_moveit/install/moveit_servo/lib:/home/student36/ws_moveit/install/moveit_ros_trajectory_cache/lib:/home/student36/ws_moveit/install/moveit_ros_visualization/lib:/home/student36/ws_moveit/install/moveit_py/lib:/home/student36/ws_moveit/install/moveit_hybrid_planning/lib:/home/student36/ws_moveit/install/moveit_ros_planning_interface/lib:/home/student36/ws_moveit/install/moveit_ros_benchmarks/lib:/home/student36/ws_moveit/install/moveit_ros_warehouse/lib:/home/student36/ws_moveit/install/moveit_ros_robot_interaction/lib:/home/student36/ws_moveit/install/moveit_ros_perception/lib:/home/student36/ws_moveit/install/moveit_ros_move_group/lib:/home/student36/ws_moveit/install/moveit_planners_ompl/lib:/home/student36/ws_moveit/install/moveit_kinematics/lib:/home/student36/ws_moveit/install/moveit_ros_planning/lib:/home/student36/ws_moveit/install/moveit_ros_occupancy_map_monitor/lib:/home/student36/ws_moveit/install/moveit_resources_prbt_ikfast_manipulator_plugin/lib:/home/student36/ws_moveit/install/moveit_planners_stomp/lib:/home/student36/ws_moveit/install/moveit_planners_chomp/lib:/home/student36/ws_moveit/install/chomp_motion_planner/lib:/home/student36/ws_moveit/install/moveit_core/lib:/home/student36/ws_moveit/install/moveit_msgs/lib:/home/student36/ws_moveit/install/kortex_driver/lib:/opt/ros/jazzy/opt/gz_sim_vendor/lib:/opt/ros/jazzy/opt/gz_sensors_vendor/lib:/opt/ros/jazzy/opt/gz_physics_vendor/lib:/opt/ros/jazzy/opt/sdformat_vendor/lib:/opt/ros/jazzy/opt/rviz_ogre_vendor/lib:/opt/ros/jazzy/lib/x86_64-linux-gnu:/opt/ros/jazzy/opt/gz_gui_vendor/lib:/opt/ros/jazzy/opt/gz_transport_vendor/lib:/opt/ros/jazzy/opt/gz_rendering_vendor/lib:/opt/ros/jazzy/opt/gz_plugin_vendor/lib:/opt/ros/jazzy/opt/gz_fuel_tools_vendor/lib:/opt/ros/jazzy/opt/gz_msgs_vendor/lib:/opt/ros/jazzy/opt/gz_common_vendor/lib:/opt/ros/jazzy/opt/gz_math_vendor/lib:/opt/ros/jazzy/opt/gz_utils_vendor/lib:/opt/ros/jazzy/opt/gz_tools_vendor/lib:/opt/ros/jazzy/opt/gz_ogre_next_vendor/lib:/opt/ros/jazzy/opt/gz_dartsim_vendor/lib:/opt/ros/jazzy/opt/gz_cmake_vendor/lib:/opt/ros/jazzy/lib /usr/bin/cmake --install /home/student36/RoboticsDesignProject/Git-repos/LeoRover-Team7/elephant_arm_ws/build/mtc_tutorial
[17.335s] Level 1:colcon.colcon_core.environment:checking '/home/student36/RoboticsDesignProject/Git-repos/LeoRover-Team7/elephant_arm_ws/install/mtc_tutorial' for CMake config files
[17.336s] Level 1:colcon.colcon_core.shell:create_environment_hook('mtc_tutorial', 'cmake_prefix_path')
[17.337s] INFO:colcon.colcon_core.shell:Creating environment hook '/home/student36/RoboticsDesignProject/Git-repos/LeoRover-Team7/elephant_arm_ws/install/mtc_tutorial/share/mtc_tutorial/hook/cmake_prefix_path.ps1'
[17.338s] INFO:colcon.colcon_core.shell:Creating environment descriptor '/home/student36/RoboticsDesignProject/Git-repos/LeoRover-Team7/elephant_arm_ws/install/mtc_tutorial/share/mtc_tutorial/hook/cmake_prefix_path.dsv'
[17.339s] INFO:colcon.colcon_core.shell:Creating environment hook '/home/student36/RoboticsDesignProject/Git-repos/LeoRover-Team7/elephant_arm_ws/install/mtc_tutorial/share/mtc_tutorial/hook/cmake_prefix_path.sh'
[17.341s] Level 1:colcon.colcon_core.environment:checking '/home/student36/RoboticsDesignProject/Git-repos/LeoRover-Team7/elephant_arm_ws/install/mtc_tutorial/lib'
[17.341s] Level 1:colcon.colcon_core.environment:checking '/home/student36/RoboticsDesignProject/Git-repos/LeoRover-Team7/elephant_arm_ws/install/mtc_tutorial/bin'
[17.341s] Level 1:colcon.colcon_core.environment:checking '/home/student36/RoboticsDesignProject/Git-repos/LeoRover-Team7/elephant_arm_ws/install/mtc_tutorial/lib/pkgconfig/mtc_tutorial.pc'
[17.342s] Level 1:colcon.colcon_core.environment:checking '/home/student36/RoboticsDesignProject/Git-repos/LeoRover-Team7/elephant_arm_ws/install/mtc_tutorial/lib/python3.12/site-packages'
[17.343s] Level 1:colcon.colcon_core.environment:checking '/home/student36/RoboticsDesignProject/Git-repos/LeoRover-Team7/elephant_arm_ws/install/mtc_tutorial/bin'
[17.344s] INFO:colcon.colcon_core.shell:Creating package script '/home/student36/RoboticsDesignProject/Git-repos/LeoRover-Team7/elephant_arm_ws/install/mtc_tutorial/share/mtc_tutorial/package.ps1'
[17.345s] INFO:colcon.colcon_core.shell:Creating package descriptor '/home/student36/RoboticsDesignProject/Git-repos/LeoRover-Team7/elephant_arm_ws/install/mtc_tutorial/share/mtc_tutorial/package.dsv'
[17.346s] INFO:colcon.colcon_core.shell:Creating package script '/home/student36/RoboticsDesignProject/Git-repos/LeoRover-Team7/elephant_arm_ws/install/mtc_tutorial/share/mtc_tutorial/package.sh'
[17.347s] INFO:colcon.colcon_core.shell:Creating package script '/home/student36/RoboticsDesignProject/Git-repos/LeoRover-Team7/elephant_arm_ws/install/mtc_tutorial/share/mtc_tutorial/package.bash'
[17.348s] INFO:colcon.colcon_core.shell:Creating package script '/home/student36/RoboticsDesignProject/Git-repos/LeoRover-Team7/elephant_arm_ws/install/mtc_tutorial/share/mtc_tutorial/package.zsh'
[17.349s] Level 1:colcon.colcon_core.environment:create_file_with_runtime_dependencies(/home/student36/RoboticsDesignProject/Git-repos/LeoRover-Team7/elephant_arm_ws/install/mtc_tutorial/share/colcon-core/packages/mtc_tutorial)
[17.350s] Level 1:colcon.colcon_core.environment:create_environment_scripts_only(mtc_tutorial)
[17.351s] Level 1:colcon.colcon_core.environment:checking '/home/student36/RoboticsDesignProject/Git-repos/LeoRover-Team7/elephant_arm_ws/install/mtc_tutorial' for CMake module files
[17.352s] Level 1:colcon.colcon_core.environment:checking '/home/student36/RoboticsDesignProject/Git-repos/LeoRover-Team7/elephant_arm_ws/install/mtc_tutorial' for CMake config files
[17.353s] Level 1:colcon.colcon_core.shell:create_environment_hook('mtc_tutorial', 'cmake_prefix_path')
[17.353s] INFO:colcon.colcon_core.shell:Creating environment hook '/home/student36/RoboticsDesignProject/Git-repos/LeoRover-Team7/elephant_arm_ws/install/mtc_tutorial/share/mtc_tutorial/hook/cmake_prefix_path.ps1'
[17.354s] INFO:colcon.colcon_core.shell:Creating environment descriptor '/home/student36/RoboticsDesignProject/Git-repos/LeoRover-Team7/elephant_arm_ws/install/mtc_tutorial/share/mtc_tutorial/hook/cmake_prefix_path.dsv'
[17.355s] INFO:colcon.colcon_core.shell:Creating environment hook '/home/student36/RoboticsDesignProject/Git-repos/LeoRover-Team7/elephant_arm_ws/install/mtc_tutorial/share/mtc_tutorial/hook/cmake_prefix_path.sh'
[17.356s] Level 1:colcon.colcon_core.environment:checking '/home/student36/RoboticsDesignProject/Git-repos/LeoRover-Team7/elephant_arm_ws/install/mtc_tutorial/lib'
[17.356s] Level 1:colcon.colcon_core.environment:checking '/home/student36/RoboticsDesignProject/Git-repos/LeoRover-Team7/elephant_arm_ws/install/mtc_tutorial/bin'
[17.357s] Level 1:colcon.colcon_core.environment:checking '/home/student36/RoboticsDesignProject/Git-repos/LeoRover-Team7/elephant_arm_ws/install/mtc_tutorial/lib/pkgconfig/mtc_tutorial.pc'
[17.357s] Level 1:colcon.colcon_core.environment:checking '/home/student36/RoboticsDesignProject/Git-repos/LeoRover-Team7/elephant_arm_ws/install/mtc_tutorial/lib/python3.12/site-packages'
[17.359s] Level 1:colcon.colcon_core.environment:checking '/home/student36/RoboticsDesignProject/Git-repos/LeoRover-Team7/elephant_arm_ws/install/mtc_tutorial/bin'
[17.359s] INFO:colcon.colcon_core.shell:Creating package script '/home/student36/RoboticsDesignProject/Git-repos/LeoRover-Team7/elephant_arm_ws/install/mtc_tutorial/share/mtc_tutorial/package.ps1'
[17.360s] INFO:colcon.colcon_core.shell:Creating package descriptor '/home/student36/RoboticsDesignProject/Git-repos/LeoRover-Team7/elephant_arm_ws/install/mtc_tutorial/share/mtc_tutorial/package.dsv'
[17.360s] INFO:colcon.colcon_core.shell:Creating package script '/home/student36/RoboticsDesignProject/Git-repos/LeoRover-Team7/elephant_arm_ws/install/mtc_tutorial/share/mtc_tutorial/package.sh'
[17.361s] INFO:colcon.colcon_core.shell:Creating package script '/home/student36/RoboticsDesignProject/Git-repos/LeoRover-Team7/elephant_arm_ws/install/mtc_tutorial/share/mtc_tutorial/package.bash'
[17.362s] INFO:colcon.colcon_core.shell:Creating package script '/home/student36/RoboticsDesignProject/Git-repos/LeoRover-Team7/elephant_arm_ws/install/mtc_tutorial/share/mtc_tutorial/package.zsh'
[17.362s] Level 1:colcon.colcon_core.environment:create_file_with_runtime_dependencies(/home/student36/RoboticsDesignProject/Git-repos/LeoRover-Team7/elephant_arm_ws/install/mtc_tutorial/share/colcon-core/packages/mtc_tutorial)
[17.362s] DEBUG:colcon.colcon_parallel_executor.executor.parallel:closing loop
[17.363s] DEBUG:colcon.colcon_parallel_executor.executor.parallel:loop closed
[17.364s] DEBUG:colcon.colcon_parallel_executor.executor.parallel:run_until_complete finished with '0'
[17.364s] DEBUG:colcon.colcon_core.event_reactor:joining thread
[17.376s] INFO:colcon.colcon_core.plugin_system:Skipping extension 'colcon_notification.desktop_notification.terminal_notifier': Not used on non-Darwin systems
[17.376s] INFO:colcon.colcon_core.plugin_system:Skipping extension 'colcon_notification.desktop_notification.win32': Not used on non-Windows systems
[17.376s] INFO:colcon.colcon_notification.desktop_notification:Sending desktop notification using 'notify2'
[17.424s] DEBUG:colcon.colcon_core.event_reactor:joined thread
[17.424s] INFO:colcon.colcon_core.shell:Creating prefix script '/home/student36/RoboticsDesignProject/Git-repos/LeoRover-Team7/elephant_arm_ws/install/local_setup.ps1'
[17.426s] INFO:colcon.colcon_core.shell:Creating prefix util module '/home/student36/RoboticsDesignProject/Git-repos/LeoRover-Team7/elephant_arm_ws/install/_local_setup_util_ps1.py'
[17.428s] INFO:colcon.colcon_core.shell:Creating prefix chain script '/home/student36/RoboticsDesignProject/Git-repos/LeoRover-Team7/elephant_arm_ws/install/setup.ps1'
[17.434s] INFO:colcon.colcon_core.shell:Creating prefix script '/home/student36/RoboticsDesignProject/Git-repos/LeoRover-Team7/elephant_arm_ws/install/local_setup.sh'
[17.435s] INFO:colcon.colcon_core.shell:Creating prefix util module '/home/student36/RoboticsDesignProject/Git-repos/LeoRover-Team7/elephant_arm_ws/install/_local_setup_util_sh.py'
[17.436s] INFO:colcon.colcon_core.shell:Creating prefix chain script '/home/student36/RoboticsDesignProject/Git-repos/LeoRover-Team7/elephant_arm_ws/install/setup.sh'
[17.442s] INFO:colcon.colcon_core.shell:Creating prefix script '/home/student36/RoboticsDesignProject/Git-repos/LeoRover-Team7/elephant_arm_ws/install/local_setup.bash'
[17.442s] INFO:colcon.colcon_core.shell:Creating prefix chain script '/home/student36/RoboticsDesignProject/Git-repos/LeoRover-Team7/elephant_arm_ws/install/setup.bash'
[17.449s] INFO:colcon.colcon_core.shell:Creating prefix script '/home/student36/RoboticsDesignProject/Git-repos/LeoRover-Team7/elephant_arm_ws/install/local_setup.zsh'
[17.450s] INFO:colcon.colcon_core.shell:Creating prefix chain script '/home/student36/RoboticsDesignProject/Git-repos/LeoRover-Team7/elephant_arm_ws/install/setup.zsh'
