[0.091s] DEBUG:colcon:Command line arguments: ['/usr/bin/colcon', 'build']
[0.091s] DEBUG:colcon:Parsed command line arguments: Namespace(log_base=None, log_level=None, verb_name='build', build_base='build', install_base='install', merge_install=False, symlink_install=False, test_result_base=None, continue_on_error=False, executor='parallel', parallel_workers=12, event_handlers=None, ignore_user_meta=False, metas=['./colcon.meta'], base_paths=['.'], packages_ignore=None, packages_ignore_regex=None, paths=None, packages_up_to=None, packages_up_to_regex=None, packages_above=None, packages_above_and_dependencies=None, packages_above_depth=None, packages_select_by_dep=None, packages_skip_by_dep=None, packages_skip_up_to=None, packages_select_build_failed=False, packages_skip_build_finished=False, packages_select_test_failures=False, packages_skip_test_passed=False, packages_select=None, packages_skip=None, packages_select_regex=None, packages_skip_regex=None, packages_start=None, packages_end=None, allow_overriding=[], cmake_args=None, cmake_target=None, cmake_target_skip_unavailable=False, cmake_clean_cache=False, cmake_clean_first=False, cmake_force_configure=False, ament_cmake_args=None, catkin_cmake_args=None, catkin_skip_building_tests=False, mixin_files=None, mixin=None, verb_parser=<colcon_mixin.mixin.mixin_argument.MixinArgumentDecorator object at 0x70eee22a9fa0>, verb_extension=<colcon_core.verb.build.BuildVerb object at 0x70eee22a9c40>, main=<bound method BuildVerb.main of <colcon_core.verb.build.BuildVerb object at 0x70eee22a9c40>>, mixin_verb=('build',))
[0.120s] Level 1:colcon.colcon_core.package_discovery:discover_packages(colcon_meta) check parameters
[0.120s] Level 1:colcon.colcon_core.package_discovery:discover_packages(recursive) check parameters
[0.120s] Level 1:colcon.colcon_core.package_discovery:discover_packages(ignore) check parameters
[0.120s] Level 1:colcon.colcon_core.package_discovery:discover_packages(path) check parameters
[0.120s] Level 1:colcon.colcon_core.package_discovery:discover_packages(colcon_meta) discover
[0.120s] Level 1:colcon.colcon_core.package_discovery:discover_packages(recursive) discover
[0.120s] INFO:colcon.colcon_core.package_discovery:Crawling recursively for packages in '/home/student36/RoboticsDesignProject/Git-repos/LeoRover-Team7/elephant_arm_ws'
[0.120s] Level 1:colcon.colcon_core.package_identification:_identify(.) by extensions ['ignore', 'ignore_ament_install']
[0.120s] Level 1:colcon.colcon_core.package_identification:_identify(.) by extension 'ignore'
[0.121s] Level 1:colcon.colcon_core.package_identification:_identify(.) by extension 'ignore_ament_install'
[0.121s] Level 1:colcon.colcon_core.package_identification:_identify(.) by extensions ['colcon_pkg']
[0.121s] Level 1:colcon.colcon_core.package_identification:_identify(.) by extension 'colcon_pkg'
[0.121s] Level 1:colcon.colcon_core.package_identification:_identify(.) by extensions ['colcon_meta']
[0.121s] Level 1:colcon.colcon_core.package_identification:_identify(.) by extension 'colcon_meta'
[0.121s] Level 1:colcon.colcon_core.package_identification:_identify(.) by extensions ['ros']
[0.121s] Level 1:colcon.colcon_core.package_identification:_identify(.) by extension 'ros'
[0.139s] Level 1:colcon.colcon_core.package_identification:_identify(.) by extensions ['cmake', 'python']
[0.139s] Level 1:colcon.colcon_core.package_identification:_identify(.) by extension 'cmake'
[0.139s] Level 1:colcon.colcon_core.package_identification:_identify(.) by extension 'python'
[0.139s] Level 1:colcon.colcon_core.package_identification:_identify(.) by extensions ['python_setup_py']
[0.139s] Level 1:colcon.colcon_core.package_identification:_identify(.) by extension 'python_setup_py'
[0.139s] Level 1:colcon.colcon_core.package_identification:_identify(build) by extensions ['ignore', 'ignore_ament_install']
[0.139s] Level 1:colcon.colcon_core.package_identification:_identify(build) by extension 'ignore'
[0.139s] Level 1:colcon.colcon_core.package_identification:_identify(build) ignored
[0.139s] Level 1:colcon.colcon_core.package_identification:_identify(install) by extensions ['ignore', 'ignore_ament_install']
[0.139s] Level 1:colcon.colcon_core.package_identification:_identify(install) by extension 'ignore'
[0.139s] Level 1:colcon.colcon_core.package_identification:_identify(install) ignored
[0.139s] Level 1:colcon.colcon_core.package_identification:_identify(log) by extensions ['ignore', 'ignore_ament_install']
[0.139s] Level 1:colcon.colcon_core.package_identification:_identify(log) by extension 'ignore'
[0.139s] Level 1:colcon.colcon_core.package_identification:_identify(log) ignored
[0.139s] Level 1:colcon.colcon_core.package_identification:_identify(src) by extensions ['ignore', 'ignore_ament_install']
[0.140s] Level 1:colcon.colcon_core.package_identification:_identify(src) by extension 'ignore'
[0.140s] Level 1:colcon.colcon_core.package_identification:_identify(src) by extension 'ignore_ament_install'
[0.140s] Level 1:colcon.colcon_core.package_identification:_identify(src) by extensions ['colcon_pkg']
[0.140s] Level 1:colcon.colcon_core.package_identification:_identify(src) by extension 'colcon_pkg'
[0.140s] Level 1:colcon.colcon_core.package_identification:_identify(src) by extensions ['colcon_meta']
[0.140s] Level 1:colcon.colcon_core.package_identification:_identify(src) by extension 'colcon_meta'
[0.140s] Level 1:colcon.colcon_core.package_identification:_identify(src) by extensions ['ros']
[0.140s] Level 1:colcon.colcon_core.package_identification:_identify(src) by extension 'ros'
[0.140s] Level 1:colcon.colcon_core.package_identification:_identify(src) by extensions ['cmake', 'python']
[0.140s] Level 1:colcon.colcon_core.package_identification:_identify(src) by extension 'cmake'
[0.140s] Level 1:colcon.colcon_core.package_identification:_identify(src) by extension 'python'
[0.140s] Level 1:colcon.colcon_core.package_identification:_identify(src) by extensions ['python_setup_py']
[0.140s] Level 1:colcon.colcon_core.package_identification:_identify(src) by extension 'python_setup_py'
[0.140s] Level 1:colcon.colcon_core.package_identification:_identify(src/build) by extensions ['ignore', 'ignore_ament_install']
[0.140s] Level 1:colcon.colcon_core.package_identification:_identify(src/build) by extension 'ignore'
[0.140s] Level 1:colcon.colcon_core.package_identification:_identify(src/build) ignored
[0.140s] Level 1:colcon.colcon_core.package_identification:_identify(src/hello_moveit) by extensions ['ignore', 'ignore_ament_install']
[0.140s] Level 1:colcon.colcon_core.package_identification:_identify(src/hello_moveit) by extension 'ignore'
[0.140s] Level 1:colcon.colcon_core.package_identification:_identify(src/hello_moveit) by extension 'ignore_ament_install'
[0.140s] Level 1:colcon.colcon_core.package_identification:_identify(src/hello_moveit) by extensions ['colcon_pkg']
[0.140s] Level 1:colcon.colcon_core.package_identification:_identify(src/hello_moveit) by extension 'colcon_pkg'
[0.140s] Level 1:colcon.colcon_core.package_identification:_identify(src/hello_moveit) by extensions ['colcon_meta']
[0.140s] Level 1:colcon.colcon_core.package_identification:_identify(src/hello_moveit) by extension 'colcon_meta'
[0.140s] Level 1:colcon.colcon_core.package_identification:_identify(src/hello_moveit) by extensions ['ros']
[0.140s] Level 1:colcon.colcon_core.package_identification:_identify(src/hello_moveit) by extension 'ros'
[0.142s] DEBUG:colcon.colcon_core.package_identification:Package 'src/hello_moveit' with type 'ros.ament_cmake' and name 'hello_moveit'
[0.142s] Level 1:colcon.colcon_core.package_identification:_identify(src/install) by extensions ['ignore', 'ignore_ament_install']
[0.142s] Level 1:colcon.colcon_core.package_identification:_identify(src/install) by extension 'ignore'
[0.142s] Level 1:colcon.colcon_core.package_identification:_identify(src/install) ignored
[0.142s] Level 1:colcon.colcon_core.package_identification:_identify(src/log) by extensions ['ignore', 'ignore_ament_install']
[0.142s] Level 1:colcon.colcon_core.package_identification:_identify(src/log) by extension 'ignore'
[0.142s] Level 1:colcon.colcon_core.package_identification:_identify(src/log) ignored
[0.142s] Level 1:colcon.colcon_core.package_identification:_identify(src/moveit_task_constructor) by extensions ['ignore', 'ignore_ament_install']
[0.142s] Level 1:colcon.colcon_core.package_identification:_identify(src/moveit_task_constructor) by extension 'ignore'
[0.142s] Level 1:colcon.colcon_core.package_identification:_identify(src/moveit_task_constructor) by extension 'ignore_ament_install'
[0.142s] Level 1:colcon.colcon_core.package_identification:_identify(src/moveit_task_constructor) by extensions ['colcon_pkg']
[0.142s] Level 1:colcon.colcon_core.package_identification:_identify(src/moveit_task_constructor) by extension 'colcon_pkg'
[0.142s] Level 1:colcon.colcon_core.package_identification:_identify(src/moveit_task_constructor) by extensions ['colcon_meta']
[0.142s] Level 1:colcon.colcon_core.package_identification:_identify(src/moveit_task_constructor) by extension 'colcon_meta'
[0.142s] Level 1:colcon.colcon_core.package_identification:_identify(src/moveit_task_constructor) by extensions ['ros']
[0.142s] Level 1:colcon.colcon_core.package_identification:_identify(src/moveit_task_constructor) by extension 'ros'
[0.143s] Level 1:colcon.colcon_core.package_identification:_identify(src/moveit_task_constructor) by extensions ['cmake', 'python']
[0.143s] Level 1:colcon.colcon_core.package_identification:_identify(src/moveit_task_constructor) by extension 'cmake'
[0.143s] Level 1:colcon.colcon_core.package_identification:_identify(src/moveit_task_constructor) by extension 'python'
[0.143s] Level 1:colcon.colcon_core.package_identification:_identify(src/moveit_task_constructor) by extensions ['python_setup_py']
[0.143s] Level 1:colcon.colcon_core.package_identification:_identify(src/moveit_task_constructor) by extension 'python_setup_py'
[0.143s] Level 1:colcon.colcon_core.package_identification:_identify(src/moveit_task_constructor/capabilities) by extensions ['ignore', 'ignore_ament_install']
[0.143s] Level 1:colcon.colcon_core.package_identification:_identify(src/moveit_task_constructor/capabilities) by extension 'ignore'
[0.143s] Level 1:colcon.colcon_core.package_identification:_identify(src/moveit_task_constructor/capabilities) by extension 'ignore_ament_install'
[0.143s] Level 1:colcon.colcon_core.package_identification:_identify(src/moveit_task_constructor/capabilities) by extensions ['colcon_pkg']
[0.143s] Level 1:colcon.colcon_core.package_identification:_identify(src/moveit_task_constructor/capabilities) by extension 'colcon_pkg'
[0.143s] Level 1:colcon.colcon_core.package_identification:_identify(src/moveit_task_constructor/capabilities) by extensions ['colcon_meta']
[0.143s] Level 1:colcon.colcon_core.package_identification:_identify(src/moveit_task_constructor/capabilities) by extension 'colcon_meta'
[0.143s] Level 1:colcon.colcon_core.package_identification:_identify(src/moveit_task_constructor/capabilities) by extensions ['ros']
[0.143s] Level 1:colcon.colcon_core.package_identification:_identify(src/moveit_task_constructor/capabilities) by extension 'ros'
[0.143s] DEBUG:colcon.colcon_core.package_identification:Package 'src/moveit_task_constructor/capabilities' with type 'ros.ament_cmake' and name 'moveit_task_constructor_capabilities'
[0.144s] Level 1:colcon.colcon_core.package_identification:_identify(src/moveit_task_constructor/core) by extensions ['ignore', 'ignore_ament_install']
[0.144s] Level 1:colcon.colcon_core.package_identification:_identify(src/moveit_task_constructor/core) by extension 'ignore'
[0.144s] Level 1:colcon.colcon_core.package_identification:_identify(src/moveit_task_constructor/core) by extension 'ignore_ament_install'
[0.144s] Level 1:colcon.colcon_core.package_identification:_identify(src/moveit_task_constructor/core) by extensions ['colcon_pkg']
[0.144s] Level 1:colcon.colcon_core.package_identification:_identify(src/moveit_task_constructor/core) by extension 'colcon_pkg'
[0.144s] Level 1:colcon.colcon_core.package_identification:_identify(src/moveit_task_constructor/core) by extensions ['colcon_meta']
[0.144s] Level 1:colcon.colcon_core.package_identification:_identify(src/moveit_task_constructor/core) by extension 'colcon_meta'
[0.144s] Level 1:colcon.colcon_core.package_identification:_identify(src/moveit_task_constructor/core) by extensions ['ros']
[0.144s] Level 1:colcon.colcon_core.package_identification:_identify(src/moveit_task_constructor/core) by extension 'ros'
[0.145s] DEBUG:colcon.colcon_core.package_identification:Package 'src/moveit_task_constructor/core' with type 'ros.ament_cmake' and name 'moveit_task_constructor_core'
[0.145s] Level 1:colcon.colcon_core.package_identification:_identify(src/moveit_task_constructor/demo) by extensions ['ignore', 'ignore_ament_install']
[0.145s] Level 1:colcon.colcon_core.package_identification:_identify(src/moveit_task_constructor/demo) by extension 'ignore'
[0.145s] Level 1:colcon.colcon_core.package_identification:_identify(src/moveit_task_constructor/demo) by extension 'ignore_ament_install'
[0.145s] Level 1:colcon.colcon_core.package_identification:_identify(src/moveit_task_constructor/demo) by extensions ['colcon_pkg']
[0.145s] Level 1:colcon.colcon_core.package_identification:_identify(src/moveit_task_constructor/demo) by extension 'colcon_pkg'
[0.145s] Level 1:colcon.colcon_core.package_identification:_identify(src/moveit_task_constructor/demo) by extensions ['colcon_meta']
[0.145s] Level 1:colcon.colcon_core.package_identification:_identify(src/moveit_task_constructor/demo) by extension 'colcon_meta'
[0.145s] Level 1:colcon.colcon_core.package_identification:_identify(src/moveit_task_constructor/demo) by extensions ['ros']
[0.145s] Level 1:colcon.colcon_core.package_identification:_identify(src/moveit_task_constructor/demo) by extension 'ros'
[0.145s] DEBUG:colcon.colcon_core.package_identification:Package 'src/moveit_task_constructor/demo' with type 'ros.ament_cmake' and name 'moveit_task_constructor_demo'
[0.145s] Level 1:colcon.colcon_core.package_identification:_identify(src/moveit_task_constructor/msgs) by extensions ['ignore', 'ignore_ament_install']
[0.145s] Level 1:colcon.colcon_core.package_identification:_identify(src/moveit_task_constructor/msgs) by extension 'ignore'
[0.145s] Level 1:colcon.colcon_core.package_identification:_identify(src/moveit_task_constructor/msgs) by extension 'ignore_ament_install'
[0.146s] Level 1:colcon.colcon_core.package_identification:_identify(src/moveit_task_constructor/msgs) by extensions ['colcon_pkg']
[0.146s] Level 1:colcon.colcon_core.package_identification:_identify(src/moveit_task_constructor/msgs) by extension 'colcon_pkg'
[0.146s] Level 1:colcon.colcon_core.package_identification:_identify(src/moveit_task_constructor/msgs) by extensions ['colcon_meta']
[0.146s] Level 1:colcon.colcon_core.package_identification:_identify(src/moveit_task_constructor/msgs) by extension 'colcon_meta'
[0.146s] Level 1:colcon.colcon_core.package_identification:_identify(src/moveit_task_constructor/msgs) by extensions ['ros']
[0.146s] Level 1:colcon.colcon_core.package_identification:_identify(src/moveit_task_constructor/msgs) by extension 'ros'
[0.146s] DEBUG:colcon.colcon_core.package_identification:Package 'src/moveit_task_constructor/msgs' with type 'ros.ament_cmake' and name 'moveit_task_constructor_msgs'
[0.146s] Level 1:colcon.colcon_core.package_identification:_identify(src/moveit_task_constructor/rviz_marker_tools) by extensions ['ignore', 'ignore_ament_install']
[0.146s] Level 1:colcon.colcon_core.package_identification:_identify(src/moveit_task_constructor/rviz_marker_tools) by extension 'ignore'
[0.146s] Level 1:colcon.colcon_core.package_identification:_identify(src/moveit_task_constructor/rviz_marker_tools) by extension 'ignore_ament_install'
[0.146s] Level 1:colcon.colcon_core.package_identification:_identify(src/moveit_task_constructor/rviz_marker_tools) by extensions ['colcon_pkg']
[0.146s] Level 1:colcon.colcon_core.package_identification:_identify(src/moveit_task_constructor/rviz_marker_tools) by extension 'colcon_pkg'
[0.146s] Level 1:colcon.colcon_core.package_identification:_identify(src/moveit_task_constructor/rviz_marker_tools) by extensions ['colcon_meta']
[0.146s] Level 1:colcon.colcon_core.package_identification:_identify(src/moveit_task_constructor/rviz_marker_tools) by extension 'colcon_meta'
[0.146s] Level 1:colcon.colcon_core.package_identification:_identify(src/moveit_task_constructor/rviz_marker_tools) by extensions ['ros']
[0.146s] Level 1:colcon.colcon_core.package_identification:_identify(src/moveit_task_constructor/rviz_marker_tools) by extension 'ros'
[0.147s] DEBUG:colcon.colcon_core.package_identification:Package 'src/moveit_task_constructor/rviz_marker_tools' with type 'ros.ament_cmake' and name 'rviz_marker_tools'
[0.147s] Level 1:colcon.colcon_core.package_identification:_identify(src/moveit_task_constructor/visualization) by extensions ['ignore', 'ignore_ament_install']
[0.147s] Level 1:colcon.colcon_core.package_identification:_identify(src/moveit_task_constructor/visualization) by extension 'ignore'
[0.147s] Level 1:colcon.colcon_core.package_identification:_identify(src/moveit_task_constructor/visualization) by extension 'ignore_ament_install'
[0.147s] Level 1:colcon.colcon_core.package_identification:_identify(src/moveit_task_constructor/visualization) by extensions ['colcon_pkg']
[0.147s] Level 1:colcon.colcon_core.package_identification:_identify(src/moveit_task_constructor/visualization) by extension 'colcon_pkg'
[0.147s] Level 1:colcon.colcon_core.package_identification:_identify(src/moveit_task_constructor/visualization) by extensions ['colcon_meta']
[0.147s] Level 1:colcon.colcon_core.package_identification:_identify(src/moveit_task_constructor/visualization) by extension 'colcon_meta'
[0.147s] Level 1:colcon.colcon_core.package_identification:_identify(src/moveit_task_constructor/visualization) by extensions ['ros']
[0.147s] Level 1:colcon.colcon_core.package_identification:_identify(src/moveit_task_constructor/visualization) by extension 'ros'
[0.148s] DEBUG:colcon.colcon_core.package_identification:Package 'src/moveit_task_constructor/visualization' with type 'ros.ament_cmake' and name 'moveit_task_constructor_visualization'
[0.148s] Level 1:colcon.colcon_core.package_identification:_identify(src/mtc_tutorial) by extensions ['ignore', 'ignore_ament_install']
[0.148s] Level 1:colcon.colcon_core.package_identification:_identify(src/mtc_tutorial) by extension 'ignore'
[0.148s] Level 1:colcon.colcon_core.package_identification:_identify(src/mtc_tutorial) by extension 'ignore_ament_install'
[0.148s] Level 1:colcon.colcon_core.package_identification:_identify(src/mtc_tutorial) by extensions ['colcon_pkg']
[0.148s] Level 1:colcon.colcon_core.package_identification:_identify(src/mtc_tutorial) by extension 'colcon_pkg'
[0.148s] Level 1:colcon.colcon_core.package_identification:_identify(src/mtc_tutorial) by extensions ['colcon_meta']
[0.148s] Level 1:colcon.colcon_core.package_identification:_identify(src/mtc_tutorial) by extension 'colcon_meta'
[0.148s] Level 1:colcon.colcon_core.package_identification:_identify(src/mtc_tutorial) by extensions ['ros']
[0.148s] Level 1:colcon.colcon_core.package_identification:_identify(src/mtc_tutorial) by extension 'ros'
[0.148s] DEBUG:colcon.colcon_core.package_identification:Package 'src/mtc_tutorial' with type 'ros.ament_cmake' and name 'mtc_tutorial'
[0.148s] Level 1:colcon.colcon_core.package_identification:_identify(src/mycobot_ros2) by extensions ['ignore', 'ignore_ament_install']
[0.148s] Level 1:colcon.colcon_core.package_identification:_identify(src/mycobot_ros2) by extension 'ignore'
[0.148s] Level 1:colcon.colcon_core.package_identification:_identify(src/mycobot_ros2) by extension 'ignore_ament_install'
[0.148s] Level 1:colcon.colcon_core.package_identification:_identify(src/mycobot_ros2) by extensions ['colcon_pkg']
[0.149s] Level 1:colcon.colcon_core.package_identification:_identify(src/mycobot_ros2) by extension 'colcon_pkg'
[0.149s] Level 1:colcon.colcon_core.package_identification:_identify(src/mycobot_ros2) by extensions ['colcon_meta']
[0.149s] Level 1:colcon.colcon_core.package_identification:_identify(src/mycobot_ros2) by extension 'colcon_meta'
[0.149s] Level 1:colcon.colcon_core.package_identification:_identify(src/mycobot_ros2) by extensions ['ros']
[0.149s] Level 1:colcon.colcon_core.package_identification:_identify(src/mycobot_ros2) by extension 'ros'
[0.149s] Level 1:colcon.colcon_core.package_identification:_identify(src/mycobot_ros2) by extensions ['cmake', 'python']
[0.149s] Level 1:colcon.colcon_core.package_identification:_identify(src/mycobot_ros2) by extension 'cmake'
[0.149s] Level 1:colcon.colcon_core.package_identification:_identify(src/mycobot_ros2) by extension 'python'
[0.149s] Level 1:colcon.colcon_core.package_identification:_identify(src/mycobot_ros2) by extensions ['python_setup_py']
[0.149s] Level 1:colcon.colcon_core.package_identification:_identify(src/mycobot_ros2) by extension 'python_setup_py'
[0.149s] Level 1:colcon.colcon_core.package_identification:_identify(src/mycobot_ros2/mycobot_bringup) by extensions ['ignore', 'ignore_ament_install']
[0.149s] Level 1:colcon.colcon_core.package_identification:_identify(src/mycobot_ros2/mycobot_bringup) by extension 'ignore'
[0.149s] Level 1:colcon.colcon_core.package_identification:_identify(src/mycobot_ros2/mycobot_bringup) by extension 'ignore_ament_install'
[0.149s] Level 1:colcon.colcon_core.package_identification:_identify(src/mycobot_ros2/mycobot_bringup) by extensions ['colcon_pkg']
[0.149s] Level 1:colcon.colcon_core.package_identification:_identify(src/mycobot_ros2/mycobot_bringup) by extension 'colcon_pkg'
[0.149s] Level 1:colcon.colcon_core.package_identification:_identify(src/mycobot_ros2/mycobot_bringup) by extensions ['colcon_meta']
[0.149s] Level 1:colcon.colcon_core.package_identification:_identify(src/mycobot_ros2/mycobot_bringup) by extension 'colcon_meta'
[0.149s] Level 1:colcon.colcon_core.package_identification:_identify(src/mycobot_ros2/mycobot_bringup) by extensions ['ros']
[0.149s] Level 1:colcon.colcon_core.package_identification:_identify(src/mycobot_ros2/mycobot_bringup) by extension 'ros'
[0.149s] DEBUG:colcon.colcon_core.package_identification:Package 'src/mycobot_ros2/mycobot_bringup' with type 'ros.ament_cmake' and name 'mycobot_bringup'
[0.149s] Level 1:colcon.colcon_core.package_identification:_identify(src/mycobot_ros2/mycobot_description) by extensions ['ignore', 'ignore_ament_install']
[0.149s] Level 1:colcon.colcon_core.package_identification:_identify(src/mycobot_ros2/mycobot_description) by extension 'ignore'
[0.149s] Level 1:colcon.colcon_core.package_identification:_identify(src/mycobot_ros2/mycobot_description) by extension 'ignore_ament_install'
[0.149s] Level 1:colcon.colcon_core.package_identification:_identify(src/mycobot_ros2/mycobot_description) by extensions ['colcon_pkg']
[0.149s] Level 1:colcon.colcon_core.package_identification:_identify(src/mycobot_ros2/mycobot_description) by extension 'colcon_pkg'
[0.149s] Level 1:colcon.colcon_core.package_identification:_identify(src/mycobot_ros2/mycobot_description) by extensions ['colcon_meta']
[0.149s] Level 1:colcon.colcon_core.package_identification:_identify(src/mycobot_ros2/mycobot_description) by extension 'colcon_meta'
[0.149s] Level 1:colcon.colcon_core.package_identification:_identify(src/mycobot_ros2/mycobot_description) by extensions ['ros']
[0.150s] Level 1:colcon.colcon_core.package_identification:_identify(src/mycobot_ros2/mycobot_description) by extension 'ros'
[0.150s] DEBUG:colcon.colcon_core.package_identification:Package 'src/mycobot_ros2/mycobot_description' with type 'ros.ament_cmake' and name 'mycobot_description'
[0.150s] Level 1:colcon.colcon_core.package_identification:_identify(src/mycobot_ros2/mycobot_gazebo) by extensions ['ignore', 'ignore_ament_install']
[0.150s] Level 1:colcon.colcon_core.package_identification:_identify(src/mycobot_ros2/mycobot_gazebo) by extension 'ignore'
[0.150s] Level 1:colcon.colcon_core.package_identification:_identify(src/mycobot_ros2/mycobot_gazebo) by extension 'ignore_ament_install'
[0.150s] Level 1:colcon.colcon_core.package_identification:_identify(src/mycobot_ros2/mycobot_gazebo) by extensions ['colcon_pkg']
[0.150s] Level 1:colcon.colcon_core.package_identification:_identify(src/mycobot_ros2/mycobot_gazebo) by extension 'colcon_pkg'
[0.150s] Level 1:colcon.colcon_core.package_identification:_identify(src/mycobot_ros2/mycobot_gazebo) by extensions ['colcon_meta']
[0.150s] Level 1:colcon.colcon_core.package_identification:_identify(src/mycobot_ros2/mycobot_gazebo) by extension 'colcon_meta'
[0.150s] Level 1:colcon.colcon_core.package_identification:_identify(src/mycobot_ros2/mycobot_gazebo) by extensions ['ros']
[0.150s] Level 1:colcon.colcon_core.package_identification:_identify(src/mycobot_ros2/mycobot_gazebo) by extension 'ros'
[0.151s] DEBUG:colcon.colcon_core.package_identification:Package 'src/mycobot_ros2/mycobot_gazebo' with type 'ros.ament_cmake' and name 'mycobot_gazebo'
[0.151s] Level 1:colcon.colcon_core.package_identification:_identify(src/mycobot_ros2/mycobot_moveit_config) by extensions ['ignore', 'ignore_ament_install']
[0.151s] Level 1:colcon.colcon_core.package_identification:_identify(src/mycobot_ros2/mycobot_moveit_config) by extension 'ignore'
[0.151s] Level 1:colcon.colcon_core.package_identification:_identify(src/mycobot_ros2/mycobot_moveit_config) by extension 'ignore_ament_install'
[0.151s] Level 1:colcon.colcon_core.package_identification:_identify(src/mycobot_ros2/mycobot_moveit_config) by extensions ['colcon_pkg']
[0.151s] Level 1:colcon.colcon_core.package_identification:_identify(src/mycobot_ros2/mycobot_moveit_config) by extension 'colcon_pkg'
[0.151s] Level 1:colcon.colcon_core.package_identification:_identify(src/mycobot_ros2/mycobot_moveit_config) by extensions ['colcon_meta']
[0.151s] Level 1:colcon.colcon_core.package_identification:_identify(src/mycobot_ros2/mycobot_moveit_config) by extension 'colcon_meta'
[0.151s] Level 1:colcon.colcon_core.package_identification:_identify(src/mycobot_ros2/mycobot_moveit_config) by extensions ['ros']
[0.151s] Level 1:colcon.colcon_core.package_identification:_identify(src/mycobot_ros2/mycobot_moveit_config) by extension 'ros'
[0.152s] DEBUG:colcon.colcon_core.package_identification:Package 'src/mycobot_ros2/mycobot_moveit_config' with type 'ros.ament_cmake' and name 'mycobot_moveit_config'
[0.152s] Level 1:colcon.colcon_core.package_identification:_identify(src/mycobot_ros2/mycobot_ros2) by extensions ['ignore', 'ignore_ament_install']
[0.152s] Level 1:colcon.colcon_core.package_identification:_identify(src/mycobot_ros2/mycobot_ros2) by extension 'ignore'
[0.152s] Level 1:colcon.colcon_core.package_identification:_identify(src/mycobot_ros2/mycobot_ros2) by extension 'ignore_ament_install'
[0.152s] Level 1:colcon.colcon_core.package_identification:_identify(src/mycobot_ros2/mycobot_ros2) by extensions ['colcon_pkg']
[0.152s] Level 1:colcon.colcon_core.package_identification:_identify(src/mycobot_ros2/mycobot_ros2) by extension 'colcon_pkg'
[0.152s] Level 1:colcon.colcon_core.package_identification:_identify(src/mycobot_ros2/mycobot_ros2) by extensions ['colcon_meta']
[0.152s] Level 1:colcon.colcon_core.package_identification:_identify(src/mycobot_ros2/mycobot_ros2) by extension 'colcon_meta'
[0.152s] Level 1:colcon.colcon_core.package_identification:_identify(src/mycobot_ros2/mycobot_ros2) by extensions ['ros']
[0.152s] Level 1:colcon.colcon_core.package_identification:_identify(src/mycobot_ros2/mycobot_ros2) by extension 'ros'
[0.152s] DEBUG:colcon.colcon_core.package_identification:Package 'src/mycobot_ros2/mycobot_ros2' with type 'ros.ament_cmake' and name 'mycobot_ros2'
[0.152s] Level 1:colcon.colcon_core.package_discovery:discover_packages(recursive) using defaults
[0.152s] Level 1:colcon.colcon_core.package_discovery:discover_packages(ignore) discover
[0.152s] Level 1:colcon.colcon_core.package_discovery:discover_packages(ignore) using defaults
[0.152s] Level 1:colcon.colcon_core.package_discovery:discover_packages(path) discover
[0.152s] Level 1:colcon.colcon_core.package_discovery:discover_packages(path) using defaults
[0.169s] Level 1:colcon.colcon_core.package_discovery:discover_packages(prefix_path) check parameters
[0.169s] Level 1:colcon.colcon_core.package_discovery:discover_packages(prefix_path) discover
[0.172s] DEBUG:colcon.colcon_installed_package_information.package_discovery:Found 13 installed packages in /home/student36/RoboticsDesignProject/Git-repos/LeoRover-Team7/elephant_arm_ws/install
[0.172s] DEBUG:colcon.colcon_installed_package_information.package_discovery:Found 14 installed packages in /home/student36/ros2_tutorial_workspace/install
[0.174s] DEBUG:colcon.colcon_installed_package_information.package_discovery:Found 76 installed packages in /home/student36/ws_moveit/install
[0.174s] DEBUG:colcon.colcon_installed_package_information.package_discovery:Found 1 installed packages in /home/student36/rplidar_ws/install
[0.174s] DEBUG:colcon.colcon_installed_package_information.package_discovery:Found 2 installed packages in /home/student36/elephant_arm_ws/install
[0.176s] DEBUG:colcon.colcon_installed_package_information.package_discovery:Found 460 installed packages in /opt/ros/jazzy
[0.177s] Level 1:colcon.colcon_core.package_discovery:discover_packages(prefix_path) using defaults
[0.226s] WARNING:colcon.colcon_core.package_selection:Some selected packages are already built in one or more underlay workspaces:
	'moveit_task_constructor_core' is in: /home/student36/RoboticsDesignProject/Git-repos/LeoRover-Team7/elephant_arm_ws/install/moveit_task_constructor_core, /home/student36/ws_moveit/install/moveit_task_constructor_core
	'mycobot_description' is in: /home/student36/RoboticsDesignProject/Git-repos/LeoRover-Team7/elephant_arm_ws/install/mycobot_description, /home/student36/ws_moveit/install/mycobot_description, /home/student36/elephant_arm_ws/install/mycobot_description
If a package in a merged underlay workspace is overridden and it installs headers, then all packages in the overlay must sort their include directories by workspace order. Failure to do so may result in build failures or undefined behavior at run time.
If the overridden package is used by another package in any underlay, then the overriding package in the overlay must be API and ABI compatible or undefined behavior at run time may occur.

If you understand the risks and want to override a package anyways, add the following to the command line:
	--allow-overriding moveit_task_constructor_core mycobot_description

This may be promoted to an error in a future release of colcon-override-check.
[0.227s] Level 5:colcon.colcon_core.verb:set package 'hello_moveit' build argument 'cmake_args' from command line to 'None'
[0.227s] Level 5:colcon.colcon_core.verb:set package 'hello_moveit' build argument 'cmake_target' from command line to 'None'
[0.227s] Level 5:colcon.colcon_core.verb:set package 'hello_moveit' build argument 'cmake_target_skip_unavailable' from command line to 'False'
[0.227s] Level 5:colcon.colcon_core.verb:set package 'hello_moveit' build argument 'cmake_clean_cache' from command line to 'False'
[0.227s] Level 5:colcon.colcon_core.verb:set package 'hello_moveit' build argument 'cmake_clean_first' from command line to 'False'
[0.227s] Level 5:colcon.colcon_core.verb:set package 'hello_moveit' build argument 'cmake_force_configure' from command line to 'False'
[0.227s] Level 5:colcon.colcon_core.verb:set package 'hello_moveit' build argument 'ament_cmake_args' from command line to 'None'
[0.227s] Level 5:colcon.colcon_core.verb:set package 'hello_moveit' build argument 'catkin_cmake_args' from command line to 'None'
[0.227s] Level 5:colcon.colcon_core.verb:set package 'hello_moveit' build argument 'catkin_skip_building_tests' from command line to 'False'
[0.227s] DEBUG:colcon.colcon_core.verb:Building package 'hello_moveit' with the following arguments: {'ament_cmake_args': None, 'build_base': '/home/student36/RoboticsDesignProject/Git-repos/LeoRover-Team7/elephant_arm_ws/build/hello_moveit', 'catkin_cmake_args': None, 'catkin_skip_building_tests': False, 'cmake_args': None, 'cmake_clean_cache': False, 'cmake_clean_first': False, 'cmake_force_configure': False, 'cmake_target': None, 'cmake_target_skip_unavailable': False, 'install_base': '/home/student36/RoboticsDesignProject/Git-repos/LeoRover-Team7/elephant_arm_ws/install/hello_moveit', 'merge_install': False, 'path': '/home/student36/RoboticsDesignProject/Git-repos/LeoRover-Team7/elephant_arm_ws/src/hello_moveit', 'symlink_install': False, 'test_result_base': None}
[0.228s] Level 5:colcon.colcon_core.verb:set package 'moveit_task_constructor_msgs' build argument 'cmake_args' from command line to 'None'
[0.228s] Level 5:colcon.colcon_core.verb:set package 'moveit_task_constructor_msgs' build argument 'cmake_target' from command line to 'None'
[0.228s] Level 5:colcon.colcon_core.verb:set package 'moveit_task_constructor_msgs' build argument 'cmake_target_skip_unavailable' from command line to 'False'
[0.228s] Level 5:colcon.colcon_core.verb:set package 'moveit_task_constructor_msgs' build argument 'cmake_clean_cache' from command line to 'False'
[0.228s] Level 5:colcon.colcon_core.verb:set package 'moveit_task_constructor_msgs' build argument 'cmake_clean_first' from command line to 'False'
[0.228s] Level 5:colcon.colcon_core.verb:set package 'moveit_task_constructor_msgs' build argument 'cmake_force_configure' from command line to 'False'
[0.228s] Level 5:colcon.colcon_core.verb:set package 'moveit_task_constructor_msgs' build argument 'ament_cmake_args' from command line to 'None'
[0.228s] Level 5:colcon.colcon_core.verb:set package 'moveit_task_constructor_msgs' build argument 'catkin_cmake_args' from command line to 'None'
[0.228s] Level 5:colcon.colcon_core.verb:set package 'moveit_task_constructor_msgs' build argument 'catkin_skip_building_tests' from command line to 'False'
[0.228s] DEBUG:colcon.colcon_core.verb:Building package 'moveit_task_constructor_msgs' with the following arguments: {'ament_cmake_args': None, 'build_base': '/home/student36/RoboticsDesignProject/Git-repos/LeoRover-Team7/elephant_arm_ws/build/moveit_task_constructor_msgs', 'catkin_cmake_args': None, 'catkin_skip_building_tests': False, 'cmake_args': None, 'cmake_clean_cache': False, 'cmake_clean_first': False, 'cmake_force_configure': False, 'cmake_target': None, 'cmake_target_skip_unavailable': False, 'install_base': '/home/student36/RoboticsDesignProject/Git-repos/LeoRover-Team7/elephant_arm_ws/install/moveit_task_constructor_msgs', 'merge_install': False, 'path': '/home/student36/RoboticsDesignProject/Git-repos/LeoRover-Team7/elephant_arm_ws/src/moveit_task_constructor/msgs', 'symlink_install': False, 'test_result_base': None}
[0.228s] Level 5:colcon.colcon_core.verb:set package 'mycobot_bringup' build argument 'cmake_args' from command line to 'None'
[0.228s] Level 5:colcon.colcon_core.verb:set package 'mycobot_bringup' build argument 'cmake_target' from command line to 'None'
[0.228s] Level 5:colcon.colcon_core.verb:set package 'mycobot_bringup' build argument 'cmake_target_skip_unavailable' from command line to 'False'
[0.228s] Level 5:colcon.colcon_core.verb:set package 'mycobot_bringup' build argument 'cmake_clean_cache' from command line to 'False'
[0.228s] Level 5:colcon.colcon_core.verb:set package 'mycobot_bringup' build argument 'cmake_clean_first' from command line to 'False'
[0.228s] Level 5:colcon.colcon_core.verb:set package 'mycobot_bringup' build argument 'cmake_force_configure' from command line to 'False'
[0.228s] Level 5:colcon.colcon_core.verb:set package 'mycobot_bringup' build argument 'ament_cmake_args' from command line to 'None'
[0.228s] Level 5:colcon.colcon_core.verb:set package 'mycobot_bringup' build argument 'catkin_cmake_args' from command line to 'None'
[0.228s] Level 5:colcon.colcon_core.verb:set package 'mycobot_bringup' build argument 'catkin_skip_building_tests' from command line to 'False'
[0.228s] DEBUG:colcon.colcon_core.verb:Building package 'mycobot_bringup' with the following arguments: {'ament_cmake_args': None, 'build_base': '/home/student36/RoboticsDesignProject/Git-repos/LeoRover-Team7/elephant_arm_ws/build/mycobot_bringup', 'catkin_cmake_args': None, 'catkin_skip_building_tests': False, 'cmake_args': None, 'cmake_clean_cache': False, 'cmake_clean_first': False, 'cmake_force_configure': False, 'cmake_target': None, 'cmake_target_skip_unavailable': False, 'install_base': '/home/student36/RoboticsDesignProject/Git-repos/LeoRover-Team7/elephant_arm_ws/install/mycobot_bringup', 'merge_install': False, 'path': '/home/student36/RoboticsDesignProject/Git-repos/LeoRover-Team7/elephant_arm_ws/src/mycobot_ros2/mycobot_bringup', 'symlink_install': False, 'test_result_base': None}
[0.228s] Level 5:colcon.colcon_core.verb:set package 'mycobot_description' build argument 'cmake_args' from command line to 'None'
[0.228s] Level 5:colcon.colcon_core.verb:set package 'mycobot_description' build argument 'cmake_target' from command line to 'None'
[0.228s] Level 5:colcon.colcon_core.verb:set package 'mycobot_description' build argument 'cmake_target_skip_unavailable' from command line to 'False'
[0.228s] Level 5:colcon.colcon_core.verb:set package 'mycobot_description' build argument 'cmake_clean_cache' from command line to 'False'
[0.228s] Level 5:colcon.colcon_core.verb:set package 'mycobot_description' build argument 'cmake_clean_first' from command line to 'False'
[0.228s] Level 5:colcon.colcon_core.verb:set package 'mycobot_description' build argument 'cmake_force_configure' from command line to 'False'
[0.228s] Level 5:colcon.colcon_core.verb:set package 'mycobot_description' build argument 'ament_cmake_args' from command line to 'None'
[0.228s] Level 5:colcon.colcon_core.verb:set package 'mycobot_description' build argument 'catkin_cmake_args' from command line to 'None'
[0.228s] Level 5:colcon.colcon_core.verb:set package 'mycobot_description' build argument 'catkin_skip_building_tests' from command line to 'False'
[0.228s] DEBUG:colcon.colcon_core.verb:Building package 'mycobot_description' with the following arguments: {'ament_cmake_args': None, 'build_base': '/home/student36/RoboticsDesignProject/Git-repos/LeoRover-Team7/elephant_arm_ws/build/mycobot_description', 'catkin_cmake_args': None, 'catkin_skip_building_tests': False, 'cmake_args': None, 'cmake_clean_cache': False, 'cmake_clean_first': False, 'cmake_force_configure': False, 'cmake_target': None, 'cmake_target_skip_unavailable': False, 'install_base': '/home/student36/RoboticsDesignProject/Git-repos/LeoRover-Team7/elephant_arm_ws/install/mycobot_description', 'merge_install': False, 'path': '/home/student36/RoboticsDesignProject/Git-repos/LeoRover-Team7/elephant_arm_ws/src/mycobot_ros2/mycobot_description', 'symlink_install': False, 'test_result_base': None}
[0.228s] Level 5:colcon.colcon_core.verb:set package 'mycobot_gazebo' build argument 'cmake_args' from command line to 'None'
[0.228s] Level 5:colcon.colcon_core.verb:set package 'mycobot_gazebo' build argument 'cmake_target' from command line to 'None'
[0.228s] Level 5:colcon.colcon_core.verb:set package 'mycobot_gazebo' build argument 'cmake_target_skip_unavailable' from command line to 'False'
[0.228s] Level 5:colcon.colcon_core.verb:set package 'mycobot_gazebo' build argument 'cmake_clean_cache' from command line to 'False'
[0.228s] Level 5:colcon.colcon_core.verb:set package 'mycobot_gazebo' build argument 'cmake_clean_first' from command line to 'False'
[0.228s] Level 5:colcon.colcon_core.verb:set package 'mycobot_gazebo' build argument 'cmake_force_configure' from command line to 'False'
[0.228s] Level 5:colcon.colcon_core.verb:set package 'mycobot_gazebo' build argument 'ament_cmake_args' from command line to 'None'
[0.228s] Level 5:colcon.colcon_core.verb:set package 'mycobot_gazebo' build argument 'catkin_cmake_args' from command line to 'None'
[0.228s] Level 5:colcon.colcon_core.verb:set package 'mycobot_gazebo' build argument 'catkin_skip_building_tests' from command line to 'False'
[0.228s] DEBUG:colcon.colcon_core.verb:Building package 'mycobot_gazebo' with the following arguments: {'ament_cmake_args': None, 'build_base': '/home/student36/RoboticsDesignProject/Git-repos/LeoRover-Team7/elephant_arm_ws/build/mycobot_gazebo', 'catkin_cmake_args': None, 'catkin_skip_building_tests': False, 'cmake_args': None, 'cmake_clean_cache': False, 'cmake_clean_first': False, 'cmake_force_configure': False, 'cmake_target': None, 'cmake_target_skip_unavailable': False, 'install_base': '/home/student36/RoboticsDesignProject/Git-repos/LeoRover-Team7/elephant_arm_ws/install/mycobot_gazebo', 'merge_install': False, 'path': '/home/student36/RoboticsDesignProject/Git-repos/LeoRover-Team7/elephant_arm_ws/src/mycobot_ros2/mycobot_gazebo', 'symlink_install': False, 'test_result_base': None}
[0.229s] Level 5:colcon.colcon_core.verb:set package 'mycobot_moveit_config' build argument 'cmake_args' from command line to 'None'
[0.229s] Level 5:colcon.colcon_core.verb:set package 'mycobot_moveit_config' build argument 'cmake_target' from command line to 'None'
[0.229s] Level 5:colcon.colcon_core.verb:set package 'mycobot_moveit_config' build argument 'cmake_target_skip_unavailable' from command line to 'False'
[0.229s] Level 5:colcon.colcon_core.verb:set package 'mycobot_moveit_config' build argument 'cmake_clean_cache' from command line to 'False'
[0.229s] Level 5:colcon.colcon_core.verb:set package 'mycobot_moveit_config' build argument 'cmake_clean_first' from command line to 'False'
[0.229s] Level 5:colcon.colcon_core.verb:set package 'mycobot_moveit_config' build argument 'cmake_force_configure' from command line to 'False'
[0.229s] Level 5:colcon.colcon_core.verb:set package 'mycobot_moveit_config' build argument 'ament_cmake_args' from command line to 'None'
[0.229s] Level 5:colcon.colcon_core.verb:set package 'mycobot_moveit_config' build argument 'catkin_cmake_args' from command line to 'None'
[0.229s] Level 5:colcon.colcon_core.verb:set package 'mycobot_moveit_config' build argument 'catkin_skip_building_tests' from command line to 'False'
[0.229s] DEBUG:colcon.colcon_core.verb:Building package 'mycobot_moveit_config' with the following arguments: {'ament_cmake_args': None, 'build_base': '/home/student36/RoboticsDesignProject/Git-repos/LeoRover-Team7/elephant_arm_ws/build/mycobot_moveit_config', 'catkin_cmake_args': None, 'catkin_skip_building_tests': False, 'cmake_args': None, 'cmake_clean_cache': False, 'cmake_clean_first': False, 'cmake_force_configure': False, 'cmake_target': None, 'cmake_target_skip_unavailable': False, 'install_base': '/home/student36/RoboticsDesignProject/Git-repos/LeoRover-Team7/elephant_arm_ws/install/mycobot_moveit_config', 'merge_install': False, 'path': '/home/student36/RoboticsDesignProject/Git-repos/LeoRover-Team7/elephant_arm_ws/src/mycobot_ros2/mycobot_moveit_config', 'symlink_install': False, 'test_result_base': None}
[0.229s] Level 5:colcon.colcon_core.verb:set package 'rviz_marker_tools' build argument 'cmake_args' from command line to 'None'
[0.229s] Level 5:colcon.colcon_core.verb:set package 'rviz_marker_tools' build argument 'cmake_target' from command line to 'None'
[0.229s] Level 5:colcon.colcon_core.verb:set package 'rviz_marker_tools' build argument 'cmake_target_skip_unavailable' from command line to 'False'
[0.229s] Level 5:colcon.colcon_core.verb:set package 'rviz_marker_tools' build argument 'cmake_clean_cache' from command line to 'False'
[0.229s] Level 5:colcon.colcon_core.verb:set package 'rviz_marker_tools' build argument 'cmake_clean_first' from command line to 'False'
[0.229s] Level 5:colcon.colcon_core.verb:set package 'rviz_marker_tools' build argument 'cmake_force_configure' from command line to 'False'
[0.229s] Level 5:colcon.colcon_core.verb:set package 'rviz_marker_tools' build argument 'ament_cmake_args' from command line to 'None'
[0.229s] Level 5:colcon.colcon_core.verb:set package 'rviz_marker_tools' build argument 'catkin_cmake_args' from command line to 'None'
[0.229s] Level 5:colcon.colcon_core.verb:set package 'rviz_marker_tools' build argument 'catkin_skip_building_tests' from command line to 'False'
[0.229s] DEBUG:colcon.colcon_core.verb:Building package 'rviz_marker_tools' with the following arguments: {'ament_cmake_args': None, 'build_base': '/home/student36/RoboticsDesignProject/Git-repos/LeoRover-Team7/elephant_arm_ws/build/rviz_marker_tools', 'catkin_cmake_args': None, 'catkin_skip_building_tests': False, 'cmake_args': None, 'cmake_clean_cache': False, 'cmake_clean_first': False, 'cmake_force_configure': False, 'cmake_target': None, 'cmake_target_skip_unavailable': False, 'install_base': '/home/student36/RoboticsDesignProject/Git-repos/LeoRover-Team7/elephant_arm_ws/install/rviz_marker_tools', 'merge_install': False, 'path': '/home/student36/RoboticsDesignProject/Git-repos/LeoRover-Team7/elephant_arm_ws/src/moveit_task_constructor/rviz_marker_tools', 'symlink_install': False, 'test_result_base': None}
[0.229s] Level 5:colcon.colcon_core.verb:set package 'moveit_task_constructor_core' build argument 'cmake_args' from command line to 'None'
[0.229s] Level 5:colcon.colcon_core.verb:set package 'moveit_task_constructor_core' build argument 'cmake_target' from command line to 'None'
[0.229s] Level 5:colcon.colcon_core.verb:set package 'moveit_task_constructor_core' build argument 'cmake_target_skip_unavailable' from command line to 'False'
[0.229s] Level 5:colcon.colcon_core.verb:set package 'moveit_task_constructor_core' build argument 'cmake_clean_cache' from command line to 'False'
[0.229s] Level 5:colcon.colcon_core.verb:set package 'moveit_task_constructor_core' build argument 'cmake_clean_first' from command line to 'False'
[0.229s] Level 5:colcon.colcon_core.verb:set package 'moveit_task_constructor_core' build argument 'cmake_force_configure' from command line to 'False'
[0.229s] Level 5:colcon.colcon_core.verb:set package 'moveit_task_constructor_core' build argument 'ament_cmake_args' from command line to 'None'
[0.229s] Level 5:colcon.colcon_core.verb:set package 'moveit_task_constructor_core' build argument 'catkin_cmake_args' from command line to 'None'
[0.229s] Level 5:colcon.colcon_core.verb:set package 'moveit_task_constructor_core' build argument 'catkin_skip_building_tests' from command line to 'False'
[0.229s] DEBUG:colcon.colcon_core.verb:Building package 'moveit_task_constructor_core' with the following arguments: {'ament_cmake_args': None, 'build_base': '/home/student36/RoboticsDesignProject/Git-repos/LeoRover-Team7/elephant_arm_ws/build/moveit_task_constructor_core', 'catkin_cmake_args': None, 'catkin_skip_building_tests': False, 'cmake_args': None, 'cmake_clean_cache': False, 'cmake_clean_first': False, 'cmake_force_configure': False, 'cmake_target': None, 'cmake_target_skip_unavailable': False, 'install_base': '/home/student36/RoboticsDesignProject/Git-repos/LeoRover-Team7/elephant_arm_ws/install/moveit_task_constructor_core', 'merge_install': False, 'path': '/home/student36/RoboticsDesignProject/Git-repos/LeoRover-Team7/elephant_arm_ws/src/moveit_task_constructor/core', 'symlink_install': False, 'test_result_base': None}
[0.229s] Level 5:colcon.colcon_core.verb:set package 'mycobot_ros2' build argument 'cmake_args' from command line to 'None'
[0.229s] Level 5:colcon.colcon_core.verb:set package 'mycobot_ros2' build argument 'cmake_target' from command line to 'None'
[0.229s] Level 5:colcon.colcon_core.verb:set package 'mycobot_ros2' build argument 'cmake_target_skip_unavailable' from command line to 'False'
[0.229s] Level 5:colcon.colcon_core.verb:set package 'mycobot_ros2' build argument 'cmake_clean_cache' from command line to 'False'
[0.229s] Level 5:colcon.colcon_core.verb:set package 'mycobot_ros2' build argument 'cmake_clean_first' from command line to 'False'
[0.229s] Level 5:colcon.colcon_core.verb:set package 'mycobot_ros2' build argument 'cmake_force_configure' from command line to 'False'
[0.229s] Level 5:colcon.colcon_core.verb:set package 'mycobot_ros2' build argument 'ament_cmake_args' from command line to 'None'
[0.229s] Level 5:colcon.colcon_core.verb:set package 'mycobot_ros2' build argument 'catkin_cmake_args' from command line to 'None'
[0.229s] Level 5:colcon.colcon_core.verb:set package 'mycobot_ros2' build argument 'catkin_skip_building_tests' from command line to 'False'
[0.229s] DEBUG:colcon.colcon_core.verb:Building package 'mycobot_ros2' with the following arguments: {'ament_cmake_args': None, 'build_base': '/home/student36/RoboticsDesignProject/Git-repos/LeoRover-Team7/elephant_arm_ws/build/mycobot_ros2', 'catkin_cmake_args': None, 'catkin_skip_building_tests': False, 'cmake_args': None, 'cmake_clean_cache': False, 'cmake_clean_first': False, 'cmake_force_configure': False, 'cmake_target': None, 'cmake_target_skip_unavailable': False, 'install_base': '/home/student36/RoboticsDesignProject/Git-repos/LeoRover-Team7/elephant_arm_ws/install/mycobot_ros2', 'merge_install': False, 'path': '/home/student36/RoboticsDesignProject/Git-repos/LeoRover-Team7/elephant_arm_ws/src/mycobot_ros2/mycobot_ros2', 'symlink_install': False, 'test_result_base': None}
[0.230s] Level 5:colcon.colcon_core.verb:set package 'moveit_task_constructor_capabilities' build argument 'cmake_args' from command line to 'None'
[0.230s] Level 5:colcon.colcon_core.verb:set package 'moveit_task_constructor_capabilities' build argument 'cmake_target' from command line to 'None'
[0.230s] Level 5:colcon.colcon_core.verb:set package 'moveit_task_constructor_capabilities' build argument 'cmake_target_skip_unavailable' from command line to 'False'
[0.230s] Level 5:colcon.colcon_core.verb:set package 'moveit_task_constructor_capabilities' build argument 'cmake_clean_cache' from command line to 'False'
[0.230s] Level 5:colcon.colcon_core.verb:set package 'moveit_task_constructor_capabilities' build argument 'cmake_clean_first' from command line to 'False'
[0.230s] Level 5:colcon.colcon_core.verb:set package 'moveit_task_constructor_capabilities' build argument 'cmake_force_configure' from command line to 'False'
[0.230s] Level 5:colcon.colcon_core.verb:set package 'moveit_task_constructor_capabilities' build argument 'ament_cmake_args' from command line to 'None'
[0.230s] Level 5:colcon.colcon_core.verb:set package 'moveit_task_constructor_capabilities' build argument 'catkin_cmake_args' from command line to 'None'
[0.230s] Level 5:colcon.colcon_core.verb:set package 'moveit_task_constructor_capabilities' build argument 'catkin_skip_building_tests' from command line to 'False'
[0.230s] DEBUG:colcon.colcon_core.verb:Building package 'moveit_task_constructor_capabilities' with the following arguments: {'ament_cmake_args': None, 'build_base': '/home/student36/RoboticsDesignProject/Git-repos/LeoRover-Team7/elephant_arm_ws/build/moveit_task_constructor_capabilities', 'catkin_cmake_args': None, 'catkin_skip_building_tests': False, 'cmake_args': None, 'cmake_clean_cache': False, 'cmake_clean_first': False, 'cmake_force_configure': False, 'cmake_target': None, 'cmake_target_skip_unavailable': False, 'install_base': '/home/student36/RoboticsDesignProject/Git-repos/LeoRover-Team7/elephant_arm_ws/install/moveit_task_constructor_capabilities', 'merge_install': False, 'path': '/home/student36/RoboticsDesignProject/Git-repos/LeoRover-Team7/elephant_arm_ws/src/moveit_task_constructor/capabilities', 'symlink_install': False, 'test_result_base': None}
[0.230s] Level 5:colcon.colcon_core.verb:set package 'moveit_task_constructor_visualization' build argument 'cmake_args' from command line to 'None'
[0.230s] Level 5:colcon.colcon_core.verb:set package 'moveit_task_constructor_visualization' build argument 'cmake_target' from command line to 'None'
[0.230s] Level 5:colcon.colcon_core.verb:set package 'moveit_task_constructor_visualization' build argument 'cmake_target_skip_unavailable' from command line to 'False'
[0.230s] Level 5:colcon.colcon_core.verb:set package 'moveit_task_constructor_visualization' build argument 'cmake_clean_cache' from command line to 'False'
[0.230s] Level 5:colcon.colcon_core.verb:set package 'moveit_task_constructor_visualization' build argument 'cmake_clean_first' from command line to 'False'
[0.230s] Level 5:colcon.colcon_core.verb:set package 'moveit_task_constructor_visualization' build argument 'cmake_force_configure' from command line to 'False'
[0.230s] Level 5:colcon.colcon_core.verb:set package 'moveit_task_constructor_visualization' build argument 'ament_cmake_args' from command line to 'None'
[0.230s] Level 5:colcon.colcon_core.verb:set package 'moveit_task_constructor_visualization' build argument 'catkin_cmake_args' from command line to 'None'
[0.230s] Level 5:colcon.colcon_core.verb:set package 'moveit_task_constructor_visualization' build argument 'catkin_skip_building_tests' from command line to 'False'
[0.230s] DEBUG:colcon.colcon_core.verb:Building package 'moveit_task_constructor_visualization' with the following arguments: {'ament_cmake_args': None, 'build_base': '/home/student36/RoboticsDesignProject/Git-repos/LeoRover-Team7/elephant_arm_ws/build/moveit_task_constructor_visualization', 'catkin_cmake_args': None, 'catkin_skip_building_tests': False, 'cmake_args': None, 'cmake_clean_cache': False, 'cmake_clean_first': False, 'cmake_force_configure': False, 'cmake_target': None, 'cmake_target_skip_unavailable': False, 'install_base': '/home/student36/RoboticsDesignProject/Git-repos/LeoRover-Team7/elephant_arm_ws/install/moveit_task_constructor_visualization', 'merge_install': False, 'path': '/home/student36/RoboticsDesignProject/Git-repos/LeoRover-Team7/elephant_arm_ws/src/moveit_task_constructor/visualization', 'symlink_install': False, 'test_result_base': None}
[0.230s] Level 5:colcon.colcon_core.verb:set package 'mtc_tutorial' build argument 'cmake_args' from command line to 'None'
[0.230s] Level 5:colcon.colcon_core.verb:set package 'mtc_tutorial' build argument 'cmake_target' from command line to 'None'
[0.230s] Level 5:colcon.colcon_core.verb:set package 'mtc_tutorial' build argument 'cmake_target_skip_unavailable' from command line to 'False'
[0.230s] Level 5:colcon.colcon_core.verb:set package 'mtc_tutorial' build argument 'cmake_clean_cache' from command line to 'False'
[0.230s] Level 5:colcon.colcon_core.verb:set package 'mtc_tutorial' build argument 'cmake_clean_first' from command line to 'False'
[0.230s] Level 5:colcon.colcon_core.verb:set package 'mtc_tutorial' build argument 'cmake_force_configure' from command line to 'False'
[0.230s] Level 5:colcon.colcon_core.verb:set package 'mtc_tutorial' build argument 'ament_cmake_args' from command line to 'None'
[0.230s] Level 5:colcon.colcon_core.verb:set package 'mtc_tutorial' build argument 'catkin_cmake_args' from command line to 'None'
[0.230s] Level 5:colcon.colcon_core.verb:set package 'mtc_tutorial' build argument 'catkin_skip_building_tests' from command line to 'False'
[0.230s] DEBUG:colcon.colcon_core.verb:Building package 'mtc_tutorial' with the following arguments: {'ament_cmake_args': None, 'build_base': '/home/student36/RoboticsDesignProject/Git-repos/LeoRover-Team7/elephant_arm_ws/build/mtc_tutorial', 'catkin_cmake_args': None, 'catkin_skip_building_tests': False, 'cmake_args': None, 'cmake_clean_cache': False, 'cmake_clean_first': False, 'cmake_force_configure': False, 'cmake_target': None, 'cmake_target_skip_unavailable': False, 'install_base': '/home/student36/RoboticsDesignProject/Git-repos/LeoRover-Team7/elephant_arm_ws/install/mtc_tutorial', 'merge_install': False, 'path': '/home/student36/RoboticsDesignProject/Git-repos/LeoRover-Team7/elephant_arm_ws/src/mtc_tutorial', 'symlink_install': False, 'test_result_base': None}
[0.230s] Level 5:colcon.colcon_core.verb:set package 'moveit_task_constructor_demo' build argument 'cmake_args' from command line to 'None'
[0.230s] Level 5:colcon.colcon_core.verb:set package 'moveit_task_constructor_demo' build argument 'cmake_target' from command line to 'None'
[0.230s] Level 5:colcon.colcon_core.verb:set package 'moveit_task_constructor_demo' build argument 'cmake_target_skip_unavailable' from command line to 'False'
[0.230s] Level 5:colcon.colcon_core.verb:set package 'moveit_task_constructor_demo' build argument 'cmake_clean_cache' from command line to 'False'
[0.230s] Level 5:colcon.colcon_core.verb:set package 'moveit_task_constructor_demo' build argument 'cmake_clean_first' from command line to 'False'
[0.230s] Level 5:colcon.colcon_core.verb:set package 'moveit_task_constructor_demo' build argument 'cmake_force_configure' from command line to 'False'
[0.230s] Level 5:colcon.colcon_core.verb:set package 'moveit_task_constructor_demo' build argument 'ament_cmake_args' from command line to 'None'
[0.230s] Level 5:colcon.colcon_core.verb:set package 'moveit_task_constructor_demo' build argument 'catkin_cmake_args' from command line to 'None'
[0.231s] Level 5:colcon.colcon_core.verb:set package 'moveit_task_constructor_demo' build argument 'catkin_skip_building_tests' from command line to 'False'
[0.231s] DEBUG:colcon.colcon_core.verb:Building package 'moveit_task_constructor_demo' with the following arguments: {'ament_cmake_args': None, 'build_base': '/home/student36/RoboticsDesignProject/Git-repos/LeoRover-Team7/elephant_arm_ws/build/moveit_task_constructor_demo', 'catkin_cmake_args': None, 'catkin_skip_building_tests': False, 'cmake_args': None, 'cmake_clean_cache': False, 'cmake_clean_first': False, 'cmake_force_configure': False, 'cmake_target': None, 'cmake_target_skip_unavailable': False, 'install_base': '/home/student36/RoboticsDesignProject/Git-repos/LeoRover-Team7/elephant_arm_ws/install/moveit_task_constructor_demo', 'merge_install': False, 'path': '/home/student36/RoboticsDesignProject/Git-repos/LeoRover-Team7/elephant_arm_ws/src/moveit_task_constructor/demo', 'symlink_install': False, 'test_result_base': None}
[0.231s] INFO:colcon.colcon_core.executor:Executing jobs using 'parallel' executor
[0.231s] DEBUG:colcon.colcon_parallel_executor.executor.parallel:run_until_complete
[0.232s] INFO:colcon.colcon_ros.task.ament_cmake.build:Building ROS package in '/home/student36/RoboticsDesignProject/Git-repos/LeoRover-Team7/elephant_arm_ws/src/moveit_task_constructor/msgs' with build type 'ament_cmake'
[0.232s] INFO:colcon.colcon_cmake.task.cmake.build:Building CMake package in '/home/student36/RoboticsDesignProject/Git-repos/LeoRover-Team7/elephant_arm_ws/src/moveit_task_constructor/msgs'
[0.234s] INFO:colcon.colcon_core.plugin_system:Skipping extension 'colcon_core.shell.bat': Not used on non-Windows systems
[0.234s] INFO:colcon.colcon_core.shell:Skip shell extension 'powershell' for command environment: Not usable outside of PowerShell
[0.234s] DEBUG:colcon.colcon_core.shell:Skip shell extension 'dsv' for command environment
[0.241s] INFO:colcon.colcon_ros.task.ament_cmake.build:Building ROS package in '/home/student36/RoboticsDesignProject/Git-repos/LeoRover-Team7/elephant_arm_ws/src/moveit_task_constructor/rviz_marker_tools' with build type 'ament_cmake'
[0.241s] INFO:colcon.colcon_cmake.task.cmake.build:Building CMake package in '/home/student36/RoboticsDesignProject/Git-repos/LeoRover-Team7/elephant_arm_ws/src/moveit_task_constructor/rviz_marker_tools'
[0.242s] INFO:colcon.colcon_core.shell:Skip shell extension 'powershell' for command environment: Not usable outside of PowerShell
[0.242s] DEBUG:colcon.colcon_core.shell:Skip shell extension 'dsv' for command environment
[0.252s] INFO:colcon.colcon_ros.task.ament_cmake.build:Building ROS package in '/home/student36/RoboticsDesignProject/Git-repos/LeoRover-Team7/elephant_arm_ws/src/mycobot_ros2/mycobot_description' with build type 'ament_cmake'
[0.253s] INFO:colcon.colcon_cmake.task.cmake.build:Building CMake package in '/home/student36/RoboticsDesignProject/Git-repos/LeoRover-Team7/elephant_arm_ws/src/mycobot_ros2/mycobot_description'
[0.253s] INFO:colcon.colcon_core.shell:Skip shell extension 'powershell' for command environment: Not usable outside of PowerShell
[0.253s] DEBUG:colcon.colcon_core.shell:Skip shell extension 'dsv' for command environment
[0.260s] INFO:colcon.colcon_ros.task.ament_cmake.build:Building ROS package in '/home/student36/RoboticsDesignProject/Git-repos/LeoRover-Team7/elephant_arm_ws/src/hello_moveit' with build type 'ament_cmake'
[0.261s] INFO:colcon.colcon_cmake.task.cmake.build:Building CMake package in '/home/student36/RoboticsDesignProject/Git-repos/LeoRover-Team7/elephant_arm_ws/src/hello_moveit'
[0.261s] INFO:colcon.colcon_core.shell:Skip shell extension 'powershell' for command environment: Not usable outside of PowerShell
[0.261s] DEBUG:colcon.colcon_core.shell:Skip shell extension 'dsv' for command environment
[0.272s] INFO:colcon.colcon_ros.task.ament_cmake.build:Building ROS package in '/home/student36/RoboticsDesignProject/Git-repos/LeoRover-Team7/elephant_arm_ws/src/mycobot_ros2/mycobot_bringup' with build type 'ament_cmake'
[0.272s] INFO:colcon.colcon_cmake.task.cmake.build:Building CMake package in '/home/student36/RoboticsDesignProject/Git-repos/LeoRover-Team7/elephant_arm_ws/src/mycobot_ros2/mycobot_bringup'
[0.273s] INFO:colcon.colcon_core.shell:Skip shell extension 'powershell' for command environment: Not usable outside of PowerShell
[0.273s] DEBUG:colcon.colcon_core.shell:Skip shell extension 'dsv' for command environment
[0.284s] INFO:colcon.colcon_ros.task.ament_cmake.build:Building ROS package in '/home/student36/RoboticsDesignProject/Git-repos/LeoRover-Team7/elephant_arm_ws/src/mycobot_ros2/mycobot_gazebo' with build type 'ament_cmake'
[0.284s] INFO:colcon.colcon_cmake.task.cmake.build:Building CMake package in '/home/student36/RoboticsDesignProject/Git-repos/LeoRover-Team7/elephant_arm_ws/src/mycobot_ros2/mycobot_gazebo'
[0.284s] INFO:colcon.colcon_core.shell:Skip shell extension 'powershell' for command environment: Not usable outside of PowerShell
[0.284s] DEBUG:colcon.colcon_core.shell:Skip shell extension 'dsv' for command environment
[0.294s] INFO:colcon.colcon_ros.task.ament_cmake.build:Building ROS package in '/home/student36/RoboticsDesignProject/Git-repos/LeoRover-Team7/elephant_arm_ws/src/mycobot_ros2/mycobot_moveit_config' with build type 'ament_cmake'
[0.294s] INFO:colcon.colcon_cmake.task.cmake.build:Building CMake package in '/home/student36/RoboticsDesignProject/Git-repos/LeoRover-Team7/elephant_arm_ws/src/mycobot_ros2/mycobot_moveit_config'
[0.294s] INFO:colcon.colcon_core.shell:Skip shell extension 'powershell' for command environment: Not usable outside of PowerShell
[0.294s] DEBUG:colcon.colcon_core.shell:Skip shell extension 'dsv' for command environment
[0.332s] DEBUG:colcon.colcon_core.event_handler.log_command:Invoking command in '/home/student36/RoboticsDesignProject/Git-repos/LeoRover-Team7/elephant_arm_ws/build/moveit_task_constructor_msgs': CMAKE_PREFIX_PATH=${CMAKE_PREFIX_PATH}:/home/student36/ros2_tutorial_workspace/install/the_simplest_python_package:/home/student36/ros2_tutorial_workspace/install/python_package_with_a_node:/home/student36/ros2_tutorial_workspace/install/python_package_that_uses_the_library:/home/student36/ros2_tutorial_workspace/install/python_package_with_a_library:/home/student36/ros2_tutorial_workspace/install/python_package_that_uses_the_services:/home/student36/ros2_tutorial_workspace/install/python_package_that_uses_the_actions:/home/student36/ros2_tutorial_workspace/install/python_package_that_uses_tf2:/home/student36/ros2_tutorial_workspace/install/python_package_that_uses_parameters_and_launch_files:/home/student36/ros2_tutorial_workspace/install/python_package_that_uses_nottf2:/home/student36/ros2_tutorial_workspace/install/python_package_that_uses_nav2:/home/student36/ros2_tutorial_workspace/install/python_package_that_uses_messages:/home/student36/ros2_tutorial_workspace/install/python_package_that_uses_geometry_msgs:/home/student36/ros2_tutorial_workspace/install/python_package_that_uses_gazebo:/home/student36/ws_moveit/install/moveit_configs_utils:/home/student36/elephant_arm_ws/install/mycobot_description:/opt/ros/jazzy DEBUGINFOD_URLS=https://debuginfod.ubuntu.com /usr/bin/cmake --build /home/student36/RoboticsDesignProject/Git-repos/LeoRover-Team7/elephant_arm_ws/build/moveit_task_constructor_msgs -- -j12 -l12
[0.341s] DEBUG:colcon.colcon_core.event_handler.log_command:Invoking command in '/home/student36/RoboticsDesignProject/Git-repos/LeoRover-Team7/elephant_arm_ws/build/rviz_marker_tools': CMAKE_PREFIX_PATH=${CMAKE_PREFIX_PATH}:/home/student36/ros2_tutorial_workspace/install/the_simplest_python_package:/home/student36/ros2_tutorial_workspace/install/python_package_with_a_node:/home/student36/ros2_tutorial_workspace/install/python_package_that_uses_the_library:/home/student36/ros2_tutorial_workspace/install/python_package_with_a_library:/home/student36/ros2_tutorial_workspace/install/python_package_that_uses_the_services:/home/student36/ros2_tutorial_workspace/install/python_package_that_uses_the_actions:/home/student36/ros2_tutorial_workspace/install/python_package_that_uses_tf2:/home/student36/ros2_tutorial_workspace/install/python_package_that_uses_parameters_and_launch_files:/home/student36/ros2_tutorial_workspace/install/python_package_that_uses_nottf2:/home/student36/ros2_tutorial_workspace/install/python_package_that_uses_nav2:/home/student36/ros2_tutorial_workspace/install/python_package_that_uses_messages:/home/student36/ros2_tutorial_workspace/install/python_package_that_uses_geometry_msgs:/home/student36/ros2_tutorial_workspace/install/python_package_that_uses_gazebo:/home/student36/ws_moveit/install/moveit_configs_utils:/home/student36/elephant_arm_ws/install/mycobot_description:/opt/ros/jazzy DEBUGINFOD_URLS=https://debuginfod.ubuntu.com /usr/bin/cmake --build /home/student36/RoboticsDesignProject/Git-repos/LeoRover-Team7/elephant_arm_ws/build/rviz_marker_tools -- -j12 -l12
[0.346s] DEBUG:colcon.colcon_core.event_handler.log_command:Invoking command in '/home/student36/RoboticsDesignProject/Git-repos/LeoRover-Team7/elephant_arm_ws/build/mycobot_description': CMAKE_PREFIX_PATH=${CMAKE_PREFIX_PATH}:/home/student36/ros2_tutorial_workspace/install/the_simplest_python_package:/home/student36/ros2_tutorial_workspace/install/python_package_with_a_node:/home/student36/ros2_tutorial_workspace/install/python_package_that_uses_the_library:/home/student36/ros2_tutorial_workspace/install/python_package_with_a_library:/home/student36/ros2_tutorial_workspace/install/python_package_that_uses_the_services:/home/student36/ros2_tutorial_workspace/install/python_package_that_uses_the_actions:/home/student36/ros2_tutorial_workspace/install/python_package_that_uses_tf2:/home/student36/ros2_tutorial_workspace/install/python_package_that_uses_parameters_and_launch_files:/home/student36/ros2_tutorial_workspace/install/python_package_that_uses_nottf2:/home/student36/ros2_tutorial_workspace/install/python_package_that_uses_nav2:/home/student36/ros2_tutorial_workspace/install/python_package_that_uses_messages:/home/student36/ros2_tutorial_workspace/install/python_package_that_uses_geometry_msgs:/home/student36/ros2_tutorial_workspace/install/python_package_that_uses_gazebo:/home/student36/ws_moveit/install/moveit_configs_utils:/home/student36/elephant_arm_ws/install/mycobot_description:/opt/ros/jazzy DEBUGINFOD_URLS=https://debuginfod.ubuntu.com /usr/bin/cmake --build /home/student36/RoboticsDesignProject/Git-repos/LeoRover-Team7/elephant_arm_ws/build/mycobot_description -- -j12 -l12
[0.351s] DEBUG:colcon.colcon_core.event_handler.log_command:Invoking command in '/home/student36/RoboticsDesignProject/Git-repos/LeoRover-Team7/elephant_arm_ws/build/hello_moveit': CMAKE_PREFIX_PATH=${CMAKE_PREFIX_PATH}:/home/student36/ros2_tutorial_workspace/install/the_simplest_python_package:/home/student36/ros2_tutorial_workspace/install/python_package_with_a_node:/home/student36/ros2_tutorial_workspace/install/python_package_that_uses_the_library:/home/student36/ros2_tutorial_workspace/install/python_package_with_a_library:/home/student36/ros2_tutorial_workspace/install/python_package_that_uses_the_services:/home/student36/ros2_tutorial_workspace/install/python_package_that_uses_the_actions:/home/student36/ros2_tutorial_workspace/install/python_package_that_uses_tf2:/home/student36/ros2_tutorial_workspace/install/python_package_that_uses_parameters_and_launch_files:/home/student36/ros2_tutorial_workspace/install/python_package_that_uses_nottf2:/home/student36/ros2_tutorial_workspace/install/python_package_that_uses_nav2:/home/student36/ros2_tutorial_workspace/install/python_package_that_uses_messages:/home/student36/ros2_tutorial_workspace/install/python_package_that_uses_geometry_msgs:/home/student36/ros2_tutorial_workspace/install/python_package_that_uses_gazebo:/home/student36/ws_moveit/install/moveit_configs_utils:/home/student36/elephant_arm_ws/install/mycobot_description:/opt/ros/jazzy DEBUGINFOD_URLS=https://debuginfod.ubuntu.com /usr/bin/cmake --build /home/student36/RoboticsDesignProject/Git-repos/LeoRover-Team7/elephant_arm_ws/build/hello_moveit -- -j12 -l12
[0.357s] DEBUG:colcon.colcon_core.event_handler.log_command:Invoking command in '/home/student36/RoboticsDesignProject/Git-repos/LeoRover-Team7/elephant_arm_ws/build/mycobot_bringup': CMAKE_PREFIX_PATH=${CMAKE_PREFIX_PATH}:/home/student36/ros2_tutorial_workspace/install/the_simplest_python_package:/home/student36/ros2_tutorial_workspace/install/python_package_with_a_node:/home/student36/ros2_tutorial_workspace/install/python_package_that_uses_the_library:/home/student36/ros2_tutorial_workspace/install/python_package_with_a_library:/home/student36/ros2_tutorial_workspace/install/python_package_that_uses_the_services:/home/student36/ros2_tutorial_workspace/install/python_package_that_uses_the_actions:/home/student36/ros2_tutorial_workspace/install/python_package_that_uses_tf2:/home/student36/ros2_tutorial_workspace/install/python_package_that_uses_parameters_and_launch_files:/home/student36/ros2_tutorial_workspace/install/python_package_that_uses_nottf2:/home/student36/ros2_tutorial_workspace/install/python_package_that_uses_nav2:/home/student36/ros2_tutorial_workspace/install/python_package_that_uses_messages:/home/student36/ros2_tutorial_workspace/install/python_package_that_uses_geometry_msgs:/home/student36/ros2_tutorial_workspace/install/python_package_that_uses_gazebo:/home/student36/ws_moveit/install/moveit_configs_utils:/home/student36/elephant_arm_ws/install/mycobot_description:/opt/ros/jazzy DEBUGINFOD_URLS=https://debuginfod.ubuntu.com /usr/bin/cmake --build /home/student36/RoboticsDesignProject/Git-repos/LeoRover-Team7/elephant_arm_ws/build/mycobot_bringup -- -j12 -l12
[0.365s] DEBUG:colcon.colcon_core.event_handler.log_command:Invoking command in '/home/student36/RoboticsDesignProject/Git-repos/LeoRover-Team7/elephant_arm_ws/build/mycobot_gazebo': CMAKE_PREFIX_PATH=${CMAKE_PREFIX_PATH}:/home/student36/ros2_tutorial_workspace/install/the_simplest_python_package:/home/student36/ros2_tutorial_workspace/install/python_package_with_a_node:/home/student36/ros2_tutorial_workspace/install/python_package_that_uses_the_library:/home/student36/ros2_tutorial_workspace/install/python_package_with_a_library:/home/student36/ros2_tutorial_workspace/install/python_package_that_uses_the_services:/home/student36/ros2_tutorial_workspace/install/python_package_that_uses_the_actions:/home/student36/ros2_tutorial_workspace/install/python_package_that_uses_tf2:/home/student36/ros2_tutorial_workspace/install/python_package_that_uses_parameters_and_launch_files:/home/student36/ros2_tutorial_workspace/install/python_package_that_uses_nottf2:/home/student36/ros2_tutorial_workspace/install/python_package_that_uses_nav2:/home/student36/ros2_tutorial_workspace/install/python_package_that_uses_messages:/home/student36/ros2_tutorial_workspace/install/python_package_that_uses_geometry_msgs:/home/student36/ros2_tutorial_workspace/install/python_package_that_uses_gazebo:/home/student36/ws_moveit/install/moveit_configs_utils:/home/student36/elephant_arm_ws/install/mycobot_description:/opt/ros/jazzy DEBUGINFOD_URLS=https://debuginfod.ubuntu.com /usr/bin/cmake --build /home/student36/RoboticsDesignProject/Git-repos/LeoRover-Team7/elephant_arm_ws/build/mycobot_gazebo -- -j12 -l12
[0.373s] DEBUG:colcon.colcon_core.event_handler.log_command:Invoking command in '/home/student36/RoboticsDesignProject/Git-repos/LeoRover-Team7/elephant_arm_ws/build/mycobot_moveit_config': CMAKE_PREFIX_PATH=${CMAKE_PREFIX_PATH}:/home/student36/ros2_tutorial_workspace/install/the_simplest_python_package:/home/student36/ros2_tutorial_workspace/install/python_package_with_a_node:/home/student36/ros2_tutorial_workspace/install/python_package_that_uses_the_library:/home/student36/ros2_tutorial_workspace/install/python_package_with_a_library:/home/student36/ros2_tutorial_workspace/install/python_package_that_uses_the_services:/home/student36/ros2_tutorial_workspace/install/python_package_that_uses_the_actions:/home/student36/ros2_tutorial_workspace/install/python_package_that_uses_tf2:/home/student36/ros2_tutorial_workspace/install/python_package_that_uses_parameters_and_launch_files:/home/student36/ros2_tutorial_workspace/install/python_package_that_uses_nottf2:/home/student36/ros2_tutorial_workspace/install/python_package_that_uses_nav2:/home/student36/ros2_tutorial_workspace/install/python_package_that_uses_messages:/home/student36/ros2_tutorial_workspace/install/python_package_that_uses_geometry_msgs:/home/student36/ros2_tutorial_workspace/install/python_package_that_uses_gazebo:/home/student36/ws_moveit/install/moveit_configs_utils:/home/student36/elephant_arm_ws/install/mycobot_description:/opt/ros/jazzy DEBUGINFOD_URLS=https://debuginfod.ubuntu.com /usr/bin/cmake --build /home/student36/RoboticsDesignProject/Git-repos/LeoRover-Team7/elephant_arm_ws/build/mycobot_moveit_config -- -j12 -l12
[0.425s] DEBUG:colcon.colcon_core.event_handler.log_command:Invoked command in '/home/student36/RoboticsDesignProject/Git-repos/LeoRover-Team7/elephant_arm_ws/build/mycobot_description' returned '0': CMAKE_PREFIX_PATH=${CMAKE_PREFIX_PATH}:/home/student36/ros2_tutorial_workspace/install/the_simplest_python_package:/home/student36/ros2_tutorial_workspace/install/python_package_with_a_node:/home/student36/ros2_tutorial_workspace/install/python_package_that_uses_the_library:/home/student36/ros2_tutorial_workspace/install/python_package_with_a_library:/home/student36/ros2_tutorial_workspace/install/python_package_that_uses_the_services:/home/student36/ros2_tutorial_workspace/install/python_package_that_uses_the_actions:/home/student36/ros2_tutorial_workspace/install/python_package_that_uses_tf2:/home/student36/ros2_tutorial_workspace/install/python_package_that_uses_parameters_and_launch_files:/home/student36/ros2_tutorial_workspace/install/python_package_that_uses_nottf2:/home/student36/ros2_tutorial_workspace/install/python_package_that_uses_nav2:/home/student36/ros2_tutorial_workspace/install/python_package_that_uses_messages:/home/student36/ros2_tutorial_workspace/install/python_package_that_uses_geometry_msgs:/home/student36/ros2_tutorial_workspace/install/python_package_that_uses_gazebo:/home/student36/ws_moveit/install/moveit_configs_utils:/home/student36/elephant_arm_ws/install/mycobot_description:/opt/ros/jazzy DEBUGINFOD_URLS=https://debuginfod.ubuntu.com /usr/bin/cmake --build /home/student36/RoboticsDesignProject/Git-repos/LeoRover-Team7/elephant_arm_ws/build/mycobot_description -- -j12 -l12
[0.443s] DEBUG:colcon.colcon_core.event_handler.log_command:Invoking command in '/home/student36/RoboticsDesignProject/Git-repos/LeoRover-Team7/elephant_arm_ws/build/mycobot_description': CMAKE_PREFIX_PATH=${CMAKE_PREFIX_PATH}:/home/student36/ros2_tutorial_workspace/install/the_simplest_python_package:/home/student36/ros2_tutorial_workspace/install/python_package_with_a_node:/home/student36/ros2_tutorial_workspace/install/python_package_that_uses_the_library:/home/student36/ros2_tutorial_workspace/install/python_package_with_a_library:/home/student36/ros2_tutorial_workspace/install/python_package_that_uses_the_services:/home/student36/ros2_tutorial_workspace/install/python_package_that_uses_the_actions:/home/student36/ros2_tutorial_workspace/install/python_package_that_uses_tf2:/home/student36/ros2_tutorial_workspace/install/python_package_that_uses_parameters_and_launch_files:/home/student36/ros2_tutorial_workspace/install/python_package_that_uses_nottf2:/home/student36/ros2_tutorial_workspace/install/python_package_that_uses_nav2:/home/student36/ros2_tutorial_workspace/install/python_package_that_uses_messages:/home/student36/ros2_tutorial_workspace/install/python_package_that_uses_geometry_msgs:/home/student36/ros2_tutorial_workspace/install/python_package_that_uses_gazebo:/home/student36/ws_moveit/install/moveit_configs_utils:/home/student36/elephant_arm_ws/install/mycobot_description:/opt/ros/jazzy DEBUGINFOD_URLS=https://debuginfod.ubuntu.com /usr/bin/cmake --install /home/student36/RoboticsDesignProject/Git-repos/LeoRover-Team7/elephant_arm_ws/build/mycobot_description
[0.452s] DEBUG:colcon.colcon_core.event_handler.log_command:Invoked command in '/home/student36/RoboticsDesignProject/Git-repos/LeoRover-Team7/elephant_arm_ws/build/mycobot_bringup' returned '0': CMAKE_PREFIX_PATH=${CMAKE_PREFIX_PATH}:/home/student36/ros2_tutorial_workspace/install/the_simplest_python_package:/home/student36/ros2_tutorial_workspace/install/python_package_with_a_node:/home/student36/ros2_tutorial_workspace/install/python_package_that_uses_the_library:/home/student36/ros2_tutorial_workspace/install/python_package_with_a_library:/home/student36/ros2_tutorial_workspace/install/python_package_that_uses_the_services:/home/student36/ros2_tutorial_workspace/install/python_package_that_uses_the_actions:/home/student36/ros2_tutorial_workspace/install/python_package_that_uses_tf2:/home/student36/ros2_tutorial_workspace/install/python_package_that_uses_parameters_and_launch_files:/home/student36/ros2_tutorial_workspace/install/python_package_that_uses_nottf2:/home/student36/ros2_tutorial_workspace/install/python_package_that_uses_nav2:/home/student36/ros2_tutorial_workspace/install/python_package_that_uses_messages:/home/student36/ros2_tutorial_workspace/install/python_package_that_uses_geometry_msgs:/home/student36/ros2_tutorial_workspace/install/python_package_that_uses_gazebo:/home/student36/ws_moveit/install/moveit_configs_utils:/home/student36/elephant_arm_ws/install/mycobot_description:/opt/ros/jazzy DEBUGINFOD_URLS=https://debuginfod.ubuntu.com /usr/bin/cmake --build /home/student36/RoboticsDesignProject/Git-repos/LeoRover-Team7/elephant_arm_ws/build/mycobot_bringup -- -j12 -l12
[0.454s] DEBUG:colcon.colcon_core.event_handler.log_command:Invoking command in '/home/student36/RoboticsDesignProject/Git-repos/LeoRover-Team7/elephant_arm_ws/build/mycobot_bringup': CMAKE_PREFIX_PATH=${CMAKE_PREFIX_PATH}:/home/student36/ros2_tutorial_workspace/install/the_simplest_python_package:/home/student36/ros2_tutorial_workspace/install/python_package_with_a_node:/home/student36/ros2_tutorial_workspace/install/python_package_that_uses_the_library:/home/student36/ros2_tutorial_workspace/install/python_package_with_a_library:/home/student36/ros2_tutorial_workspace/install/python_package_that_uses_the_services:/home/student36/ros2_tutorial_workspace/install/python_package_that_uses_the_actions:/home/student36/ros2_tutorial_workspace/install/python_package_that_uses_tf2:/home/student36/ros2_tutorial_workspace/install/python_package_that_uses_parameters_and_launch_files:/home/student36/ros2_tutorial_workspace/install/python_package_that_uses_nottf2:/home/student36/ros2_tutorial_workspace/install/python_package_that_uses_nav2:/home/student36/ros2_tutorial_workspace/install/python_package_that_uses_messages:/home/student36/ros2_tutorial_workspace/install/python_package_that_uses_geometry_msgs:/home/student36/ros2_tutorial_workspace/install/python_package_that_uses_gazebo:/home/student36/ws_moveit/install/moveit_configs_utils:/home/student36/elephant_arm_ws/install/mycobot_description:/opt/ros/jazzy DEBUGINFOD_URLS=https://debuginfod.ubuntu.com /usr/bin/cmake --install /home/student36/RoboticsDesignProject/Git-repos/LeoRover-Team7/elephant_arm_ws/build/mycobot_bringup
[0.455s] DEBUG:colcon.colcon_core.event_handler.log_command:Invoked command in '/home/student36/RoboticsDesignProject/Git-repos/LeoRover-Team7/elephant_arm_ws/build/mycobot_gazebo' returned '0': CMAKE_PREFIX_PATH=${CMAKE_PREFIX_PATH}:/home/student36/ros2_tutorial_workspace/install/the_simplest_python_package:/home/student36/ros2_tutorial_workspace/install/python_package_with_a_node:/home/student36/ros2_tutorial_workspace/install/python_package_that_uses_the_library:/home/student36/ros2_tutorial_workspace/install/python_package_with_a_library:/home/student36/ros2_tutorial_workspace/install/python_package_that_uses_the_services:/home/student36/ros2_tutorial_workspace/install/python_package_that_uses_the_actions:/home/student36/ros2_tutorial_workspace/install/python_package_that_uses_tf2:/home/student36/ros2_tutorial_workspace/install/python_package_that_uses_parameters_and_launch_files:/home/student36/ros2_tutorial_workspace/install/python_package_that_uses_nottf2:/home/student36/ros2_tutorial_workspace/install/python_package_that_uses_nav2:/home/student36/ros2_tutorial_workspace/install/python_package_that_uses_messages:/home/student36/ros2_tutorial_workspace/install/python_package_that_uses_geometry_msgs:/home/student36/ros2_tutorial_workspace/install/python_package_that_uses_gazebo:/home/student36/ws_moveit/install/moveit_configs_utils:/home/student36/elephant_arm_ws/install/mycobot_description:/opt/ros/jazzy DEBUGINFOD_URLS=https://debuginfod.ubuntu.com /usr/bin/cmake --build /home/student36/RoboticsDesignProject/Git-repos/LeoRover-Team7/elephant_arm_ws/build/mycobot_gazebo -- -j12 -l12
[0.456s] DEBUG:colcon.colcon_core.event_handler.log_command:Invoking command in '/home/student36/RoboticsDesignProject/Git-repos/LeoRover-Team7/elephant_arm_ws/build/mycobot_gazebo': CMAKE_PREFIX_PATH=${CMAKE_PREFIX_PATH}:/home/student36/ros2_tutorial_workspace/install/the_simplest_python_package:/home/student36/ros2_tutorial_workspace/install/python_package_with_a_node:/home/student36/ros2_tutorial_workspace/install/python_package_that_uses_the_library:/home/student36/ros2_tutorial_workspace/install/python_package_with_a_library:/home/student36/ros2_tutorial_workspace/install/python_package_that_uses_the_services:/home/student36/ros2_tutorial_workspace/install/python_package_that_uses_the_actions:/home/student36/ros2_tutorial_workspace/install/python_package_that_uses_tf2:/home/student36/ros2_tutorial_workspace/install/python_package_that_uses_parameters_and_launch_files:/home/student36/ros2_tutorial_workspace/install/python_package_that_uses_nottf2:/home/student36/ros2_tutorial_workspace/install/python_package_that_uses_nav2:/home/student36/ros2_tutorial_workspace/install/python_package_that_uses_messages:/home/student36/ros2_tutorial_workspace/install/python_package_that_uses_geometry_msgs:/home/student36/ros2_tutorial_workspace/install/python_package_that_uses_gazebo:/home/student36/ws_moveit/install/moveit_configs_utils:/home/student36/elephant_arm_ws/install/mycobot_description:/opt/ros/jazzy DEBUGINFOD_URLS=https://debuginfod.ubuntu.com /usr/bin/cmake --install /home/student36/RoboticsDesignProject/Git-repos/LeoRover-Team7/elephant_arm_ws/build/mycobot_gazebo
[0.457s] DEBUG:colcon.colcon_core.event_handler.log_command:Invoked command in '/home/student36/RoboticsDesignProject/Git-repos/LeoRover-Team7/elephant_arm_ws/build/mycobot_moveit_config' returned '0': CMAKE_PREFIX_PATH=${CMAKE_PREFIX_PATH}:/home/student36/ros2_tutorial_workspace/install/the_simplest_python_package:/home/student36/ros2_tutorial_workspace/install/python_package_with_a_node:/home/student36/ros2_tutorial_workspace/install/python_package_that_uses_the_library:/home/student36/ros2_tutorial_workspace/install/python_package_with_a_library:/home/student36/ros2_tutorial_workspace/install/python_package_that_uses_the_services:/home/student36/ros2_tutorial_workspace/install/python_package_that_uses_the_actions:/home/student36/ros2_tutorial_workspace/install/python_package_that_uses_tf2:/home/student36/ros2_tutorial_workspace/install/python_package_that_uses_parameters_and_launch_files:/home/student36/ros2_tutorial_workspace/install/python_package_that_uses_nottf2:/home/student36/ros2_tutorial_workspace/install/python_package_that_uses_nav2:/home/student36/ros2_tutorial_workspace/install/python_package_that_uses_messages:/home/student36/ros2_tutorial_workspace/install/python_package_that_uses_geometry_msgs:/home/student36/ros2_tutorial_workspace/install/python_package_that_uses_gazebo:/home/student36/ws_moveit/install/moveit_configs_utils:/home/student36/elephant_arm_ws/install/mycobot_description:/opt/ros/jazzy DEBUGINFOD_URLS=https://debuginfod.ubuntu.com /usr/bin/cmake --build /home/student36/RoboticsDesignProject/Git-repos/LeoRover-Team7/elephant_arm_ws/build/mycobot_moveit_config -- -j12 -l12
[0.459s] DEBUG:colcon.colcon_core.event_handler.log_command:Invoking command in '/home/student36/RoboticsDesignProject/Git-repos/LeoRover-Team7/elephant_arm_ws/build/mycobot_moveit_config': CMAKE_PREFIX_PATH=${CMAKE_PREFIX_PATH}:/home/student36/ros2_tutorial_workspace/install/the_simplest_python_package:/home/student36/ros2_tutorial_workspace/install/python_package_with_a_node:/home/student36/ros2_tutorial_workspace/install/python_package_that_uses_the_library:/home/student36/ros2_tutorial_workspace/install/python_package_with_a_library:/home/student36/ros2_tutorial_workspace/install/python_package_that_uses_the_services:/home/student36/ros2_tutorial_workspace/install/python_package_that_uses_the_actions:/home/student36/ros2_tutorial_workspace/install/python_package_that_uses_tf2:/home/student36/ros2_tutorial_workspace/install/python_package_that_uses_parameters_and_launch_files:/home/student36/ros2_tutorial_workspace/install/python_package_that_uses_nottf2:/home/student36/ros2_tutorial_workspace/install/python_package_that_uses_nav2:/home/student36/ros2_tutorial_workspace/install/python_package_that_uses_messages:/home/student36/ros2_tutorial_workspace/install/python_package_that_uses_geometry_msgs:/home/student36/ros2_tutorial_workspace/install/python_package_that_uses_gazebo:/home/student36/ws_moveit/install/moveit_configs_utils:/home/student36/elephant_arm_ws/install/mycobot_description:/opt/ros/jazzy DEBUGINFOD_URLS=https://debuginfod.ubuntu.com /usr/bin/cmake --install /home/student36/RoboticsDesignProject/Git-repos/LeoRover-Team7/elephant_arm_ws/build/mycobot_moveit_config
[0.465s] Level 1:colcon.colcon_core.environment:create_environment_scripts_only(mycobot_description)
[0.470s] DEBUG:colcon.colcon_core.event_handler.log_command:Invoked command in '/home/student36/RoboticsDesignProject/Git-repos/LeoRover-Team7/elephant_arm_ws/build/mycobot_description' returned '0': CMAKE_PREFIX_PATH=${CMAKE_PREFIX_PATH}:/home/student36/ros2_tutorial_workspace/install/the_simplest_python_package:/home/student36/ros2_tutorial_workspace/install/python_package_with_a_node:/home/student36/ros2_tutorial_workspace/install/python_package_that_uses_the_library:/home/student36/ros2_tutorial_workspace/install/python_package_with_a_library:/home/student36/ros2_tutorial_workspace/install/python_package_that_uses_the_services:/home/student36/ros2_tutorial_workspace/install/python_package_that_uses_the_actions:/home/student36/ros2_tutorial_workspace/install/python_package_that_uses_tf2:/home/student36/ros2_tutorial_workspace/install/python_package_that_uses_parameters_and_launch_files:/home/student36/ros2_tutorial_workspace/install/python_package_that_uses_nottf2:/home/student36/ros2_tutorial_workspace/install/python_package_that_uses_nav2:/home/student36/ros2_tutorial_workspace/install/python_package_that_uses_messages:/home/student36/ros2_tutorial_workspace/install/python_package_that_uses_geometry_msgs:/home/student36/ros2_tutorial_workspace/install/python_package_that_uses_gazebo:/home/student36/ws_moveit/install/moveit_configs_utils:/home/student36/elephant_arm_ws/install/mycobot_description:/opt/ros/jazzy DEBUGINFOD_URLS=https://debuginfod.ubuntu.com /usr/bin/cmake --install /home/student36/RoboticsDesignProject/Git-repos/LeoRover-Team7/elephant_arm_ws/build/mycobot_description
[0.479s] Level 1:colcon.colcon_core.environment:checking '/home/student36/RoboticsDesignProject/Git-repos/LeoRover-Team7/elephant_arm_ws/install/mycobot_description' for CMake module files
[0.481s] Level 1:colcon.colcon_core.environment:checking '/home/student36/RoboticsDesignProject/Git-repos/LeoRover-Team7/elephant_arm_ws/install/mycobot_description' for CMake config files
[0.489s] Level 1:colcon.colcon_core.shell:create_environment_hook('mycobot_description', 'cmake_prefix_path')
[0.490s] INFO:colcon.colcon_core.shell:Creating environment hook '/home/student36/RoboticsDesignProject/Git-repos/LeoRover-Team7/elephant_arm_ws/install/mycobot_description/share/mycobot_description/hook/cmake_prefix_path.ps1'
[0.499s] INFO:colcon.colcon_core.shell:Creating environment descriptor '/home/student36/RoboticsDesignProject/Git-repos/LeoRover-Team7/elephant_arm_ws/install/mycobot_description/share/mycobot_description/hook/cmake_prefix_path.dsv'
[0.500s] INFO:colcon.colcon_core.shell:Creating environment hook '/home/student36/RoboticsDesignProject/Git-repos/LeoRover-Team7/elephant_arm_ws/install/mycobot_description/share/mycobot_description/hook/cmake_prefix_path.sh'
[0.502s] Level 1:colcon.colcon_core.environment:checking '/home/student36/RoboticsDesignProject/Git-repos/LeoRover-Team7/elephant_arm_ws/install/mycobot_description/bin'
[0.506s] Level 1:colcon.colcon_core.environment:checking '/home/student36/RoboticsDesignProject/Git-repos/LeoRover-Team7/elephant_arm_ws/install/mycobot_description/lib/pkgconfig/mycobot_description.pc'
[0.506s] Level 1:colcon.colcon_core.environment:checking '/home/student36/RoboticsDesignProject/Git-repos/LeoRover-Team7/elephant_arm_ws/install/mycobot_description/lib/python3.12/site-packages'
[0.507s] Level 1:colcon.colcon_core.environment:checking '/home/student36/RoboticsDesignProject/Git-repos/LeoRover-Team7/elephant_arm_ws/install/mycobot_description/bin'
[0.508s] INFO:colcon.colcon_core.shell:Creating package script '/home/student36/RoboticsDesignProject/Git-repos/LeoRover-Team7/elephant_arm_ws/install/mycobot_description/share/mycobot_description/package.ps1'
[0.509s] INFO:colcon.colcon_core.shell:Creating package descriptor '/home/student36/RoboticsDesignProject/Git-repos/LeoRover-Team7/elephant_arm_ws/install/mycobot_description/share/mycobot_description/package.dsv'
[0.523s] INFO:colcon.colcon_core.shell:Creating package script '/home/student36/RoboticsDesignProject/Git-repos/LeoRover-Team7/elephant_arm_ws/install/mycobot_description/share/mycobot_description/package.sh'
[0.525s] INFO:colcon.colcon_core.shell:Creating package script '/home/student36/RoboticsDesignProject/Git-repos/LeoRover-Team7/elephant_arm_ws/install/mycobot_description/share/mycobot_description/package.bash'
[0.526s] INFO:colcon.colcon_core.shell:Creating package script '/home/student36/RoboticsDesignProject/Git-repos/LeoRover-Team7/elephant_arm_ws/install/mycobot_description/share/mycobot_description/package.zsh'
[0.528s] Level 1:colcon.colcon_core.environment:create_file_with_runtime_dependencies(/home/student36/RoboticsDesignProject/Git-repos/LeoRover-Team7/elephant_arm_ws/install/mycobot_description/share/colcon-core/packages/mycobot_description)
[0.529s] Level 1:colcon.colcon_core.environment:create_environment_scripts_only(mycobot_description)
[0.529s] Level 1:colcon.colcon_core.environment:checking '/home/student36/RoboticsDesignProject/Git-repos/LeoRover-Team7/elephant_arm_ws/install/mycobot_description' for CMake module files
[0.530s] Level 1:colcon.colcon_core.environment:checking '/home/student36/RoboticsDesignProject/Git-repos/LeoRover-Team7/elephant_arm_ws/install/mycobot_description' for CMake config files
[0.530s] Level 1:colcon.colcon_core.shell:create_environment_hook('mycobot_description', 'cmake_prefix_path')
[0.530s] INFO:colcon.colcon_core.shell:Creating environment hook '/home/student36/RoboticsDesignProject/Git-repos/LeoRover-Team7/elephant_arm_ws/install/mycobot_description/share/mycobot_description/hook/cmake_prefix_path.ps1'
[0.531s] INFO:colcon.colcon_core.shell:Creating environment descriptor '/home/student36/RoboticsDesignProject/Git-repos/LeoRover-Team7/elephant_arm_ws/install/mycobot_description/share/mycobot_description/hook/cmake_prefix_path.dsv'
[0.533s] INFO:colcon.colcon_core.shell:Creating environment hook '/home/student36/RoboticsDesignProject/Git-repos/LeoRover-Team7/elephant_arm_ws/install/mycobot_description/share/mycobot_description/hook/cmake_prefix_path.sh'
[0.535s] Level 1:colcon.colcon_core.environment:checking '/home/student36/RoboticsDesignProject/Git-repos/LeoRover-Team7/elephant_arm_ws/install/mycobot_description/bin'
[0.535s] Level 1:colcon.colcon_core.environment:checking '/home/student36/RoboticsDesignProject/Git-repos/LeoRover-Team7/elephant_arm_ws/install/mycobot_description/lib/pkgconfig/mycobot_description.pc'
[0.535s] Level 1:colcon.colcon_core.environment:checking '/home/student36/RoboticsDesignProject/Git-repos/LeoRover-Team7/elephant_arm_ws/install/mycobot_description/lib/python3.12/site-packages'
[0.535s] Level 1:colcon.colcon_core.environment:checking '/home/student36/RoboticsDesignProject/Git-repos/LeoRover-Team7/elephant_arm_ws/install/mycobot_description/bin'
[0.536s] INFO:colcon.colcon_core.shell:Creating package script '/home/student36/RoboticsDesignProject/Git-repos/LeoRover-Team7/elephant_arm_ws/install/mycobot_description/share/mycobot_description/package.ps1'
[0.537s] INFO:colcon.colcon_core.shell:Creating package descriptor '/home/student36/RoboticsDesignProject/Git-repos/LeoRover-Team7/elephant_arm_ws/install/mycobot_description/share/mycobot_description/package.dsv'
[0.542s] INFO:colcon.colcon_core.shell:Creating package script '/home/student36/RoboticsDesignProject/Git-repos/LeoRover-Team7/elephant_arm_ws/install/mycobot_description/share/mycobot_description/package.sh'
[0.547s] INFO:colcon.colcon_core.shell:Creating package script '/home/student36/RoboticsDesignProject/Git-repos/LeoRover-Team7/elephant_arm_ws/install/mycobot_description/share/mycobot_description/package.bash'
[0.557s] INFO:colcon.colcon_core.shell:Creating package script '/home/student36/RoboticsDesignProject/Git-repos/LeoRover-Team7/elephant_arm_ws/install/mycobot_description/share/mycobot_description/package.zsh'
[0.565s] Level 1:colcon.colcon_core.environment:create_file_with_runtime_dependencies(/home/student36/RoboticsDesignProject/Git-repos/LeoRover-Team7/elephant_arm_ws/install/mycobot_description/share/colcon-core/packages/mycobot_description)
[0.570s] INFO:colcon.colcon_ros.task.ament_cmake.build:Building ROS package in '/home/student36/RoboticsDesignProject/Git-repos/LeoRover-Team7/elephant_arm_ws/src/mycobot_ros2/mycobot_ros2' with build type 'ament_cmake'
[0.570s] INFO:colcon.colcon_cmake.task.cmake.build:Building CMake package in '/home/student36/RoboticsDesignProject/Git-repos/LeoRover-Team7/elephant_arm_ws/src/mycobot_ros2/mycobot_ros2'
[0.571s] INFO:colcon.colcon_core.shell:Skip shell extension 'powershell' for command environment: Not usable outside of PowerShell
[0.571s] DEBUG:colcon.colcon_core.shell:Skip shell extension 'dsv' for command environment
[0.580s] DEBUG:colcon.colcon_core.event_handler.log_command:Invoked command in '/home/student36/RoboticsDesignProject/Git-repos/LeoRover-Team7/elephant_arm_ws/build/rviz_marker_tools' returned '0': CMAKE_PREFIX_PATH=${CMAKE_PREFIX_PATH}:/home/student36/ros2_tutorial_workspace/install/the_simplest_python_package:/home/student36/ros2_tutorial_workspace/install/python_package_with_a_node:/home/student36/ros2_tutorial_workspace/install/python_package_that_uses_the_library:/home/student36/ros2_tutorial_workspace/install/python_package_with_a_library:/home/student36/ros2_tutorial_workspace/install/python_package_that_uses_the_services:/home/student36/ros2_tutorial_workspace/install/python_package_that_uses_the_actions:/home/student36/ros2_tutorial_workspace/install/python_package_that_uses_tf2:/home/student36/ros2_tutorial_workspace/install/python_package_that_uses_parameters_and_launch_files:/home/student36/ros2_tutorial_workspace/install/python_package_that_uses_nottf2:/home/student36/ros2_tutorial_workspace/install/python_package_that_uses_nav2:/home/student36/ros2_tutorial_workspace/install/python_package_that_uses_messages:/home/student36/ros2_tutorial_workspace/install/python_package_that_uses_geometry_msgs:/home/student36/ros2_tutorial_workspace/install/python_package_that_uses_gazebo:/home/student36/ws_moveit/install/moveit_configs_utils:/home/student36/elephant_arm_ws/install/mycobot_description:/opt/ros/jazzy DEBUGINFOD_URLS=https://debuginfod.ubuntu.com /usr/bin/cmake --build /home/student36/RoboticsDesignProject/Git-repos/LeoRover-Team7/elephant_arm_ws/build/rviz_marker_tools -- -j12 -l12
[0.581s] DEBUG:colcon.colcon_core.event_handler.log_command:Invoking command in '/home/student36/RoboticsDesignProject/Git-repos/LeoRover-Team7/elephant_arm_ws/build/rviz_marker_tools': CMAKE_PREFIX_PATH=${CMAKE_PREFIX_PATH}:/home/student36/ros2_tutorial_workspace/install/the_simplest_python_package:/home/student36/ros2_tutorial_workspace/install/python_package_with_a_node:/home/student36/ros2_tutorial_workspace/install/python_package_that_uses_the_library:/home/student36/ros2_tutorial_workspace/install/python_package_with_a_library:/home/student36/ros2_tutorial_workspace/install/python_package_that_uses_the_services:/home/student36/ros2_tutorial_workspace/install/python_package_that_uses_the_actions:/home/student36/ros2_tutorial_workspace/install/python_package_that_uses_tf2:/home/student36/ros2_tutorial_workspace/install/python_package_that_uses_parameters_and_launch_files:/home/student36/ros2_tutorial_workspace/install/python_package_that_uses_nottf2:/home/student36/ros2_tutorial_workspace/install/python_package_that_uses_nav2:/home/student36/ros2_tutorial_workspace/install/python_package_that_uses_messages:/home/student36/ros2_tutorial_workspace/install/python_package_that_uses_geometry_msgs:/home/student36/ros2_tutorial_workspace/install/python_package_that_uses_gazebo:/home/student36/ws_moveit/install/moveit_configs_utils:/home/student36/elephant_arm_ws/install/mycobot_description:/opt/ros/jazzy DEBUGINFOD_URLS=https://debuginfod.ubuntu.com /usr/bin/cmake --install /home/student36/RoboticsDesignProject/Git-repos/LeoRover-Team7/elephant_arm_ws/build/rviz_marker_tools
[0.582s] Level 1:colcon.colcon_core.environment:create_environment_scripts_only(mycobot_bringup)
[0.582s] Level 1:colcon.colcon_core.environment:checking '/home/student36/RoboticsDesignProject/Git-repos/LeoRover-Team7/elephant_arm_ws/install/mycobot_bringup' for CMake module files
[0.583s] DEBUG:colcon.colcon_core.event_handler.log_command:Invoked command in '/home/student36/RoboticsDesignProject/Git-repos/LeoRover-Team7/elephant_arm_ws/build/mycobot_bringup' returned '0': CMAKE_PREFIX_PATH=${CMAKE_PREFIX_PATH}:/home/student36/ros2_tutorial_workspace/install/the_simplest_python_package:/home/student36/ros2_tutorial_workspace/install/python_package_with_a_node:/home/student36/ros2_tutorial_workspace/install/python_package_that_uses_the_library:/home/student36/ros2_tutorial_workspace/install/python_package_with_a_library:/home/student36/ros2_tutorial_workspace/install/python_package_that_uses_the_services:/home/student36/ros2_tutorial_workspace/install/python_package_that_uses_the_actions:/home/student36/ros2_tutorial_workspace/install/python_package_that_uses_tf2:/home/student36/ros2_tutorial_workspace/install/python_package_that_uses_parameters_and_launch_files:/home/student36/ros2_tutorial_workspace/install/python_package_that_uses_nottf2:/home/student36/ros2_tutorial_workspace/install/python_package_that_uses_nav2:/home/student36/ros2_tutorial_workspace/install/python_package_that_uses_messages:/home/student36/ros2_tutorial_workspace/install/python_package_that_uses_geometry_msgs:/home/student36/ros2_tutorial_workspace/install/python_package_that_uses_gazebo:/home/student36/ws_moveit/install/moveit_configs_utils:/home/student36/elephant_arm_ws/install/mycobot_description:/opt/ros/jazzy DEBUGINFOD_URLS=https://debuginfod.ubuntu.com /usr/bin/cmake --install /home/student36/RoboticsDesignProject/Git-repos/LeoRover-Team7/elephant_arm_ws/build/mycobot_bringup
[0.583s] Level 1:colcon.colcon_core.environment:checking '/home/student36/RoboticsDesignProject/Git-repos/LeoRover-Team7/elephant_arm_ws/install/mycobot_bringup' for CMake config files
[0.584s] Level 1:colcon.colcon_core.shell:create_environment_hook('mycobot_bringup', 'cmake_prefix_path')
[0.584s] INFO:colcon.colcon_core.shell:Creating environment hook '/home/student36/RoboticsDesignProject/Git-repos/LeoRover-Team7/elephant_arm_ws/install/mycobot_bringup/share/mycobot_bringup/hook/cmake_prefix_path.ps1'
[0.585s] INFO:colcon.colcon_core.shell:Creating environment descriptor '/home/student36/RoboticsDesignProject/Git-repos/LeoRover-Team7/elephant_arm_ws/install/mycobot_bringup/share/mycobot_bringup/hook/cmake_prefix_path.dsv'
[0.585s] INFO:colcon.colcon_core.shell:Creating environment hook '/home/student36/RoboticsDesignProject/Git-repos/LeoRover-Team7/elephant_arm_ws/install/mycobot_bringup/share/mycobot_bringup/hook/cmake_prefix_path.sh'
[0.586s] Level 1:colcon.colcon_core.environment:checking '/home/student36/RoboticsDesignProject/Git-repos/LeoRover-Team7/elephant_arm_ws/install/mycobot_bringup/bin'
[0.586s] Level 1:colcon.colcon_core.environment:checking '/home/student36/RoboticsDesignProject/Git-repos/LeoRover-Team7/elephant_arm_ws/install/mycobot_bringup/lib/pkgconfig/mycobot_bringup.pc'
[0.586s] Level 1:colcon.colcon_core.environment:checking '/home/student36/RoboticsDesignProject/Git-repos/LeoRover-Team7/elephant_arm_ws/install/mycobot_bringup/lib/python3.12/site-packages'
[0.587s] Level 1:colcon.colcon_core.environment:checking '/home/student36/RoboticsDesignProject/Git-repos/LeoRover-Team7/elephant_arm_ws/install/mycobot_bringup/bin'
[0.587s] INFO:colcon.colcon_core.shell:Creating package script '/home/student36/RoboticsDesignProject/Git-repos/LeoRover-Team7/elephant_arm_ws/install/mycobot_bringup/share/mycobot_bringup/package.ps1'
[0.588s] INFO:colcon.colcon_core.shell:Creating package descriptor '/home/student36/RoboticsDesignProject/Git-repos/LeoRover-Team7/elephant_arm_ws/install/mycobot_bringup/share/mycobot_bringup/package.dsv'
[0.589s] INFO:colcon.colcon_core.shell:Creating package script '/home/student36/RoboticsDesignProject/Git-repos/LeoRover-Team7/elephant_arm_ws/install/mycobot_bringup/share/mycobot_bringup/package.sh'
[0.590s] INFO:colcon.colcon_core.shell:Creating package script '/home/student36/RoboticsDesignProject/Git-repos/LeoRover-Team7/elephant_arm_ws/install/mycobot_bringup/share/mycobot_bringup/package.bash'
[0.590s] INFO:colcon.colcon_core.shell:Creating package script '/home/student36/RoboticsDesignProject/Git-repos/LeoRover-Team7/elephant_arm_ws/install/mycobot_bringup/share/mycobot_bringup/package.zsh'
[0.591s] Level 1:colcon.colcon_core.environment:create_file_with_runtime_dependencies(/home/student36/RoboticsDesignProject/Git-repos/LeoRover-Team7/elephant_arm_ws/install/mycobot_bringup/share/colcon-core/packages/mycobot_bringup)
[0.592s] Level 1:colcon.colcon_core.environment:create_environment_scripts_only(mycobot_bringup)
[0.592s] Level 1:colcon.colcon_core.environment:checking '/home/student36/RoboticsDesignProject/Git-repos/LeoRover-Team7/elephant_arm_ws/install/mycobot_bringup' for CMake module files
[0.593s] Level 1:colcon.colcon_core.environment:checking '/home/student36/RoboticsDesignProject/Git-repos/LeoRover-Team7/elephant_arm_ws/install/mycobot_bringup' for CMake config files
[0.593s] Level 1:colcon.colcon_core.shell:create_environment_hook('mycobot_bringup', 'cmake_prefix_path')
[0.593s] INFO:colcon.colcon_core.shell:Creating environment hook '/home/student36/RoboticsDesignProject/Git-repos/LeoRover-Team7/elephant_arm_ws/install/mycobot_bringup/share/mycobot_bringup/hook/cmake_prefix_path.ps1'
[0.594s] INFO:colcon.colcon_core.shell:Creating environment descriptor '/home/student36/RoboticsDesignProject/Git-repos/LeoRover-Team7/elephant_arm_ws/install/mycobot_bringup/share/mycobot_bringup/hook/cmake_prefix_path.dsv'
[0.595s] INFO:colcon.colcon_core.shell:Creating environment hook '/home/student36/RoboticsDesignProject/Git-repos/LeoRover-Team7/elephant_arm_ws/install/mycobot_bringup/share/mycobot_bringup/hook/cmake_prefix_path.sh'
[0.596s] Level 1:colcon.colcon_core.environment:checking '/home/student36/RoboticsDesignProject/Git-repos/LeoRover-Team7/elephant_arm_ws/install/mycobot_bringup/bin'
[0.596s] Level 1:colcon.colcon_core.environment:checking '/home/student36/RoboticsDesignProject/Git-repos/LeoRover-Team7/elephant_arm_ws/install/mycobot_bringup/lib/pkgconfig/mycobot_bringup.pc'
[0.596s] Level 1:colcon.colcon_core.environment:checking '/home/student36/RoboticsDesignProject/Git-repos/LeoRover-Team7/elephant_arm_ws/install/mycobot_bringup/lib/python3.12/site-packages'
[0.599s] Level 1:colcon.colcon_core.environment:checking '/home/student36/RoboticsDesignProject/Git-repos/LeoRover-Team7/elephant_arm_ws/install/mycobot_bringup/bin'
[0.600s] INFO:colcon.colcon_core.shell:Creating package script '/home/student36/RoboticsDesignProject/Git-repos/LeoRover-Team7/elephant_arm_ws/install/mycobot_bringup/share/mycobot_bringup/package.ps1'
[0.601s] INFO:colcon.colcon_core.shell:Creating package descriptor '/home/student36/RoboticsDesignProject/Git-repos/LeoRover-Team7/elephant_arm_ws/install/mycobot_bringup/share/mycobot_bringup/package.dsv'
[0.602s] INFO:colcon.colcon_core.shell:Creating package script '/home/student36/RoboticsDesignProject/Git-repos/LeoRover-Team7/elephant_arm_ws/install/mycobot_bringup/share/mycobot_bringup/package.sh'
[0.604s] INFO:colcon.colcon_core.shell:Creating package script '/home/student36/RoboticsDesignProject/Git-repos/LeoRover-Team7/elephant_arm_ws/install/mycobot_bringup/share/mycobot_bringup/package.bash'
[0.605s] INFO:colcon.colcon_core.shell:Creating package script '/home/student36/RoboticsDesignProject/Git-repos/LeoRover-Team7/elephant_arm_ws/install/mycobot_bringup/share/mycobot_bringup/package.zsh'
[0.606s] Level 1:colcon.colcon_core.environment:create_file_with_runtime_dependencies(/home/student36/RoboticsDesignProject/Git-repos/LeoRover-Team7/elephant_arm_ws/install/mycobot_bringup/share/colcon-core/packages/mycobot_bringup)
[0.606s] Level 1:colcon.colcon_core.environment:create_environment_scripts_only(mycobot_moveit_config)
[0.606s] Level 1:colcon.colcon_core.environment:checking '/home/student36/RoboticsDesignProject/Git-repos/LeoRover-Team7/elephant_arm_ws/install/mycobot_moveit_config' for CMake module files
[0.607s] Level 1:colcon.colcon_core.environment:checking '/home/student36/RoboticsDesignProject/Git-repos/LeoRover-Team7/elephant_arm_ws/install/mycobot_moveit_config' for CMake config files
[0.607s] Level 1:colcon.colcon_core.shell:create_environment_hook('mycobot_moveit_config', 'cmake_prefix_path')
[0.608s] INFO:colcon.colcon_core.shell:Creating environment hook '/home/student36/RoboticsDesignProject/Git-repos/LeoRover-Team7/elephant_arm_ws/install/mycobot_moveit_config/share/mycobot_moveit_config/hook/cmake_prefix_path.ps1'
[0.609s] DEBUG:colcon.colcon_core.event_handler.log_command:Invoked command in '/home/student36/RoboticsDesignProject/Git-repos/LeoRover-Team7/elephant_arm_ws/build/mycobot_moveit_config' returned '0': CMAKE_PREFIX_PATH=${CMAKE_PREFIX_PATH}:/home/student36/ros2_tutorial_workspace/install/the_simplest_python_package:/home/student36/ros2_tutorial_workspace/install/python_package_with_a_node:/home/student36/ros2_tutorial_workspace/install/python_package_that_uses_the_library:/home/student36/ros2_tutorial_workspace/install/python_package_with_a_library:/home/student36/ros2_tutorial_workspace/install/python_package_that_uses_the_services:/home/student36/ros2_tutorial_workspace/install/python_package_that_uses_the_actions:/home/student36/ros2_tutorial_workspace/install/python_package_that_uses_tf2:/home/student36/ros2_tutorial_workspace/install/python_package_that_uses_parameters_and_launch_files:/home/student36/ros2_tutorial_workspace/install/python_package_that_uses_nottf2:/home/student36/ros2_tutorial_workspace/install/python_package_that_uses_nav2:/home/student36/ros2_tutorial_workspace/install/python_package_that_uses_messages:/home/student36/ros2_tutorial_workspace/install/python_package_that_uses_geometry_msgs:/home/student36/ros2_tutorial_workspace/install/python_package_that_uses_gazebo:/home/student36/ws_moveit/install/moveit_configs_utils:/home/student36/elephant_arm_ws/install/mycobot_description:/opt/ros/jazzy DEBUGINFOD_URLS=https://debuginfod.ubuntu.com /usr/bin/cmake --install /home/student36/RoboticsDesignProject/Git-repos/LeoRover-Team7/elephant_arm_ws/build/mycobot_moveit_config
[0.610s] INFO:colcon.colcon_core.shell:Creating environment descriptor '/home/student36/RoboticsDesignProject/Git-repos/LeoRover-Team7/elephant_arm_ws/install/mycobot_moveit_config/share/mycobot_moveit_config/hook/cmake_prefix_path.dsv'
[0.611s] INFO:colcon.colcon_core.shell:Creating environment hook '/home/student36/RoboticsDesignProject/Git-repos/LeoRover-Team7/elephant_arm_ws/install/mycobot_moveit_config/share/mycobot_moveit_config/hook/cmake_prefix_path.sh'
[0.612s] Level 1:colcon.colcon_core.environment:checking '/home/student36/RoboticsDesignProject/Git-repos/LeoRover-Team7/elephant_arm_ws/install/mycobot_moveit_config/bin'
[0.612s] Level 1:colcon.colcon_core.environment:checking '/home/student36/RoboticsDesignProject/Git-repos/LeoRover-Team7/elephant_arm_ws/install/mycobot_moveit_config/lib/pkgconfig/mycobot_moveit_config.pc'
[0.612s] Level 1:colcon.colcon_core.environment:checking '/home/student36/RoboticsDesignProject/Git-repos/LeoRover-Team7/elephant_arm_ws/install/mycobot_moveit_config/lib/python3.12/site-packages'
[0.613s] Level 1:colcon.colcon_core.environment:checking '/home/student36/RoboticsDesignProject/Git-repos/LeoRover-Team7/elephant_arm_ws/install/mycobot_moveit_config/bin'
[0.613s] INFO:colcon.colcon_core.shell:Creating package script '/home/student36/RoboticsDesignProject/Git-repos/LeoRover-Team7/elephant_arm_ws/install/mycobot_moveit_config/share/mycobot_moveit_config/package.ps1'
[0.614s] INFO:colcon.colcon_core.shell:Creating package descriptor '/home/student36/RoboticsDesignProject/Git-repos/LeoRover-Team7/elephant_arm_ws/install/mycobot_moveit_config/share/mycobot_moveit_config/package.dsv'
[0.615s] INFO:colcon.colcon_core.shell:Creating package script '/home/student36/RoboticsDesignProject/Git-repos/LeoRover-Team7/elephant_arm_ws/install/mycobot_moveit_config/share/mycobot_moveit_config/package.sh'
[0.615s] INFO:colcon.colcon_core.shell:Creating package script '/home/student36/RoboticsDesignProject/Git-repos/LeoRover-Team7/elephant_arm_ws/install/mycobot_moveit_config/share/mycobot_moveit_config/package.bash'
[0.616s] INFO:colcon.colcon_core.shell:Creating package script '/home/student36/RoboticsDesignProject/Git-repos/LeoRover-Team7/elephant_arm_ws/install/mycobot_moveit_config/share/mycobot_moveit_config/package.zsh'
[0.616s] Level 1:colcon.colcon_core.environment:create_file_with_runtime_dependencies(/home/student36/RoboticsDesignProject/Git-repos/LeoRover-Team7/elephant_arm_ws/install/mycobot_moveit_config/share/colcon-core/packages/mycobot_moveit_config)
[0.617s] Level 1:colcon.colcon_core.environment:create_environment_scripts_only(mycobot_moveit_config)
[0.617s] Level 1:colcon.colcon_core.environment:checking '/home/student36/RoboticsDesignProject/Git-repos/LeoRover-Team7/elephant_arm_ws/install/mycobot_moveit_config' for CMake module files
[0.618s] Level 1:colcon.colcon_core.environment:checking '/home/student36/RoboticsDesignProject/Git-repos/LeoRover-Team7/elephant_arm_ws/install/mycobot_moveit_config' for CMake config files
[0.618s] Level 1:colcon.colcon_core.shell:create_environment_hook('mycobot_moveit_config', 'cmake_prefix_path')
[0.618s] INFO:colcon.colcon_core.shell:Creating environment hook '/home/student36/RoboticsDesignProject/Git-repos/LeoRover-Team7/elephant_arm_ws/install/mycobot_moveit_config/share/mycobot_moveit_config/hook/cmake_prefix_path.ps1'
[0.619s] INFO:colcon.colcon_core.shell:Creating environment descriptor '/home/student36/RoboticsDesignProject/Git-repos/LeoRover-Team7/elephant_arm_ws/install/mycobot_moveit_config/share/mycobot_moveit_config/hook/cmake_prefix_path.dsv'
[0.620s] INFO:colcon.colcon_core.shell:Creating environment hook '/home/student36/RoboticsDesignProject/Git-repos/LeoRover-Team7/elephant_arm_ws/install/mycobot_moveit_config/share/mycobot_moveit_config/hook/cmake_prefix_path.sh'
[0.620s] Level 1:colcon.colcon_core.environment:checking '/home/student36/RoboticsDesignProject/Git-repos/LeoRover-Team7/elephant_arm_ws/install/mycobot_moveit_config/bin'
[0.620s] Level 1:colcon.colcon_core.environment:checking '/home/student36/RoboticsDesignProject/Git-repos/LeoRover-Team7/elephant_arm_ws/install/mycobot_moveit_config/lib/pkgconfig/mycobot_moveit_config.pc'
[0.621s] Level 1:colcon.colcon_core.environment:checking '/home/student36/RoboticsDesignProject/Git-repos/LeoRover-Team7/elephant_arm_ws/install/mycobot_moveit_config/lib/python3.12/site-packages'
[0.621s] Level 1:colcon.colcon_core.environment:checking '/home/student36/RoboticsDesignProject/Git-repos/LeoRover-Team7/elephant_arm_ws/install/mycobot_moveit_config/bin'
[0.622s] INFO:colcon.colcon_core.shell:Creating package script '/home/student36/RoboticsDesignProject/Git-repos/LeoRover-Team7/elephant_arm_ws/install/mycobot_moveit_config/share/mycobot_moveit_config/package.ps1'
[0.622s] INFO:colcon.colcon_core.shell:Creating package descriptor '/home/student36/RoboticsDesignProject/Git-repos/LeoRover-Team7/elephant_arm_ws/install/mycobot_moveit_config/share/mycobot_moveit_config/package.dsv'
[0.623s] INFO:colcon.colcon_core.shell:Creating package script '/home/student36/RoboticsDesignProject/Git-repos/LeoRover-Team7/elephant_arm_ws/install/mycobot_moveit_config/share/mycobot_moveit_config/package.sh'
[0.624s] INFO:colcon.colcon_core.shell:Creating package script '/home/student36/RoboticsDesignProject/Git-repos/LeoRover-Team7/elephant_arm_ws/install/mycobot_moveit_config/share/mycobot_moveit_config/package.bash'
[0.624s] INFO:colcon.colcon_core.shell:Creating package script '/home/student36/RoboticsDesignProject/Git-repos/LeoRover-Team7/elephant_arm_ws/install/mycobot_moveit_config/share/mycobot_moveit_config/package.zsh'
[0.625s] Level 1:colcon.colcon_core.environment:create_file_with_runtime_dependencies(/home/student36/RoboticsDesignProject/Git-repos/LeoRover-Team7/elephant_arm_ws/install/mycobot_moveit_config/share/colcon-core/packages/mycobot_moveit_config)
[0.627s] DEBUG:colcon.colcon_core.event_handler.log_command:Invoked command in '/home/student36/RoboticsDesignProject/Git-repos/LeoRover-Team7/elephant_arm_ws/build/hello_moveit' returned '0': CMAKE_PREFIX_PATH=${CMAKE_PREFIX_PATH}:/home/student36/ros2_tutorial_workspace/install/the_simplest_python_package:/home/student36/ros2_tutorial_workspace/install/python_package_with_a_node:/home/student36/ros2_tutorial_workspace/install/python_package_that_uses_the_library:/home/student36/ros2_tutorial_workspace/install/python_package_with_a_library:/home/student36/ros2_tutorial_workspace/install/python_package_that_uses_the_services:/home/student36/ros2_tutorial_workspace/install/python_package_that_uses_the_actions:/home/student36/ros2_tutorial_workspace/install/python_package_that_uses_tf2:/home/student36/ros2_tutorial_workspace/install/python_package_that_uses_parameters_and_launch_files:/home/student36/ros2_tutorial_workspace/install/python_package_that_uses_nottf2:/home/student36/ros2_tutorial_workspace/install/python_package_that_uses_nav2:/home/student36/ros2_tutorial_workspace/install/python_package_that_uses_messages:/home/student36/ros2_tutorial_workspace/install/python_package_that_uses_geometry_msgs:/home/student36/ros2_tutorial_workspace/install/python_package_that_uses_gazebo:/home/student36/ws_moveit/install/moveit_configs_utils:/home/student36/elephant_arm_ws/install/mycobot_description:/opt/ros/jazzy DEBUGINFOD_URLS=https://debuginfod.ubuntu.com /usr/bin/cmake --build /home/student36/RoboticsDesignProject/Git-repos/LeoRover-Team7/elephant_arm_ws/build/hello_moveit -- -j12 -l12
[0.628s] DEBUG:colcon.colcon_core.event_handler.log_command:Invoking command in '/home/student36/RoboticsDesignProject/Git-repos/LeoRover-Team7/elephant_arm_ws/build/hello_moveit': CMAKE_PREFIX_PATH=${CMAKE_PREFIX_PATH}:/home/student36/ros2_tutorial_workspace/install/the_simplest_python_package:/home/student36/ros2_tutorial_workspace/install/python_package_with_a_node:/home/student36/ros2_tutorial_workspace/install/python_package_that_uses_the_library:/home/student36/ros2_tutorial_workspace/install/python_package_with_a_library:/home/student36/ros2_tutorial_workspace/install/python_package_that_uses_the_services:/home/student36/ros2_tutorial_workspace/install/python_package_that_uses_the_actions:/home/student36/ros2_tutorial_workspace/install/python_package_that_uses_tf2:/home/student36/ros2_tutorial_workspace/install/python_package_that_uses_parameters_and_launch_files:/home/student36/ros2_tutorial_workspace/install/python_package_that_uses_nottf2:/home/student36/ros2_tutorial_workspace/install/python_package_that_uses_nav2:/home/student36/ros2_tutorial_workspace/install/python_package_that_uses_messages:/home/student36/ros2_tutorial_workspace/install/python_package_that_uses_geometry_msgs:/home/student36/ros2_tutorial_workspace/install/python_package_that_uses_gazebo:/home/student36/ws_moveit/install/moveit_configs_utils:/home/student36/elephant_arm_ws/install/mycobot_description:/opt/ros/jazzy DEBUGINFOD_URLS=https://debuginfod.ubuntu.com /usr/bin/cmake --install /home/student36/RoboticsDesignProject/Git-repos/LeoRover-Team7/elephant_arm_ws/build/hello_moveit
[0.629s] Level 1:colcon.colcon_core.environment:create_environment_scripts_only(mycobot_gazebo)
[0.629s] Level 1:colcon.colcon_core.environment:checking '/home/student36/RoboticsDesignProject/Git-repos/LeoRover-Team7/elephant_arm_ws/install/mycobot_gazebo' for CMake module files
[0.630s] DEBUG:colcon.colcon_core.event_handler.log_command:Invoked command in '/home/student36/RoboticsDesignProject/Git-repos/LeoRover-Team7/elephant_arm_ws/build/mycobot_gazebo' returned '0': CMAKE_PREFIX_PATH=${CMAKE_PREFIX_PATH}:/home/student36/ros2_tutorial_workspace/install/the_simplest_python_package:/home/student36/ros2_tutorial_workspace/install/python_package_with_a_node:/home/student36/ros2_tutorial_workspace/install/python_package_that_uses_the_library:/home/student36/ros2_tutorial_workspace/install/python_package_with_a_library:/home/student36/ros2_tutorial_workspace/install/python_package_that_uses_the_services:/home/student36/ros2_tutorial_workspace/install/python_package_that_uses_the_actions:/home/student36/ros2_tutorial_workspace/install/python_package_that_uses_tf2:/home/student36/ros2_tutorial_workspace/install/python_package_that_uses_parameters_and_launch_files:/home/student36/ros2_tutorial_workspace/install/python_package_that_uses_nottf2:/home/student36/ros2_tutorial_workspace/install/python_package_that_uses_nav2:/home/student36/ros2_tutorial_workspace/install/python_package_that_uses_messages:/home/student36/ros2_tutorial_workspace/install/python_package_that_uses_geometry_msgs:/home/student36/ros2_tutorial_workspace/install/python_package_that_uses_gazebo:/home/student36/ws_moveit/install/moveit_configs_utils:/home/student36/elephant_arm_ws/install/mycobot_description:/opt/ros/jazzy DEBUGINFOD_URLS=https://debuginfod.ubuntu.com /usr/bin/cmake --install /home/student36/RoboticsDesignProject/Git-repos/LeoRover-Team7/elephant_arm_ws/build/mycobot_gazebo
[0.632s] Level 1:colcon.colcon_core.environment:checking '/home/student36/RoboticsDesignProject/Git-repos/LeoRover-Team7/elephant_arm_ws/install/mycobot_gazebo' for CMake config files
[0.635s] Level 1:colcon.colcon_core.shell:create_environment_hook('mycobot_gazebo', 'cmake_prefix_path')
[0.635s] INFO:colcon.colcon_core.shell:Creating environment hook '/home/student36/RoboticsDesignProject/Git-repos/LeoRover-Team7/elephant_arm_ws/install/mycobot_gazebo/share/mycobot_gazebo/hook/cmake_prefix_path.ps1'
[0.636s] INFO:colcon.colcon_core.shell:Creating environment descriptor '/home/student36/RoboticsDesignProject/Git-repos/LeoRover-Team7/elephant_arm_ws/install/mycobot_gazebo/share/mycobot_gazebo/hook/cmake_prefix_path.dsv'
[0.636s] INFO:colcon.colcon_core.shell:Creating environment hook '/home/student36/RoboticsDesignProject/Git-repos/LeoRover-Team7/elephant_arm_ws/install/mycobot_gazebo/share/mycobot_gazebo/hook/cmake_prefix_path.sh'
[0.637s] Level 1:colcon.colcon_core.environment:checking '/home/student36/RoboticsDesignProject/Git-repos/LeoRover-Team7/elephant_arm_ws/install/mycobot_gazebo/bin'
[0.637s] Level 1:colcon.colcon_core.environment:checking '/home/student36/RoboticsDesignProject/Git-repos/LeoRover-Team7/elephant_arm_ws/install/mycobot_gazebo/lib/pkgconfig/mycobot_gazebo.pc'
[0.638s] Level 1:colcon.colcon_core.environment:checking '/home/student36/RoboticsDesignProject/Git-repos/LeoRover-Team7/elephant_arm_ws/install/mycobot_gazebo/lib/python3.12/site-packages'
[0.638s] Level 1:colcon.colcon_core.environment:checking '/home/student36/RoboticsDesignProject/Git-repos/LeoRover-Team7/elephant_arm_ws/install/mycobot_gazebo/bin'
[0.639s] INFO:colcon.colcon_core.shell:Creating package script '/home/student36/RoboticsDesignProject/Git-repos/LeoRover-Team7/elephant_arm_ws/install/mycobot_gazebo/share/mycobot_gazebo/package.ps1'
[0.639s] INFO:colcon.colcon_core.shell:Creating package descriptor '/home/student36/RoboticsDesignProject/Git-repos/LeoRover-Team7/elephant_arm_ws/install/mycobot_gazebo/share/mycobot_gazebo/package.dsv'
[0.640s] INFO:colcon.colcon_core.shell:Creating package script '/home/student36/RoboticsDesignProject/Git-repos/LeoRover-Team7/elephant_arm_ws/install/mycobot_gazebo/share/mycobot_gazebo/package.sh'
[0.640s] INFO:colcon.colcon_core.shell:Creating package script '/home/student36/RoboticsDesignProject/Git-repos/LeoRover-Team7/elephant_arm_ws/install/mycobot_gazebo/share/mycobot_gazebo/package.bash'
[0.641s] INFO:colcon.colcon_core.shell:Creating package script '/home/student36/RoboticsDesignProject/Git-repos/LeoRover-Team7/elephant_arm_ws/install/mycobot_gazebo/share/mycobot_gazebo/package.zsh'
[0.641s] Level 1:colcon.colcon_core.environment:create_file_with_runtime_dependencies(/home/student36/RoboticsDesignProject/Git-repos/LeoRover-Team7/elephant_arm_ws/install/mycobot_gazebo/share/colcon-core/packages/mycobot_gazebo)
[0.642s] Level 1:colcon.colcon_core.environment:create_environment_scripts_only(mycobot_gazebo)
[0.642s] Level 1:colcon.colcon_core.environment:checking '/home/student36/RoboticsDesignProject/Git-repos/LeoRover-Team7/elephant_arm_ws/install/mycobot_gazebo' for CMake module files
[0.643s] Level 1:colcon.colcon_core.environment:checking '/home/student36/RoboticsDesignProject/Git-repos/LeoRover-Team7/elephant_arm_ws/install/mycobot_gazebo' for CMake config files
[0.643s] Level 1:colcon.colcon_core.shell:create_environment_hook('mycobot_gazebo', 'cmake_prefix_path')
[0.644s] INFO:colcon.colcon_core.shell:Creating environment hook '/home/student36/RoboticsDesignProject/Git-repos/LeoRover-Team7/elephant_arm_ws/install/mycobot_gazebo/share/mycobot_gazebo/hook/cmake_prefix_path.ps1'
[0.644s] INFO:colcon.colcon_core.shell:Creating environment descriptor '/home/student36/RoboticsDesignProject/Git-repos/LeoRover-Team7/elephant_arm_ws/install/mycobot_gazebo/share/mycobot_gazebo/hook/cmake_prefix_path.dsv'
[0.645s] INFO:colcon.colcon_core.shell:Creating environment hook '/home/student36/RoboticsDesignProject/Git-repos/LeoRover-Team7/elephant_arm_ws/install/mycobot_gazebo/share/mycobot_gazebo/hook/cmake_prefix_path.sh'
[0.646s] Level 1:colcon.colcon_core.environment:checking '/home/student36/RoboticsDesignProject/Git-repos/LeoRover-Team7/elephant_arm_ws/install/mycobot_gazebo/bin'
[0.646s] Level 1:colcon.colcon_core.environment:checking '/home/student36/RoboticsDesignProject/Git-repos/LeoRover-Team7/elephant_arm_ws/install/mycobot_gazebo/lib/pkgconfig/mycobot_gazebo.pc'
[0.646s] Level 1:colcon.colcon_core.environment:checking '/home/student36/RoboticsDesignProject/Git-repos/LeoRover-Team7/elephant_arm_ws/install/mycobot_gazebo/lib/python3.12/site-packages'
[0.647s] Level 1:colcon.colcon_core.environment:checking '/home/student36/RoboticsDesignProject/Git-repos/LeoRover-Team7/elephant_arm_ws/install/mycobot_gazebo/bin'
[0.647s] INFO:colcon.colcon_core.shell:Creating package script '/home/student36/RoboticsDesignProject/Git-repos/LeoRover-Team7/elephant_arm_ws/install/mycobot_gazebo/share/mycobot_gazebo/package.ps1'
[0.648s] INFO:colcon.colcon_core.shell:Creating package descriptor '/home/student36/RoboticsDesignProject/Git-repos/LeoRover-Team7/elephant_arm_ws/install/mycobot_gazebo/share/mycobot_gazebo/package.dsv'
[0.648s] INFO:colcon.colcon_core.shell:Creating package script '/home/student36/RoboticsDesignProject/Git-repos/LeoRover-Team7/elephant_arm_ws/install/mycobot_gazebo/share/mycobot_gazebo/package.sh'
[0.649s] INFO:colcon.colcon_core.shell:Creating package script '/home/student36/RoboticsDesignProject/Git-repos/LeoRover-Team7/elephant_arm_ws/install/mycobot_gazebo/share/mycobot_gazebo/package.bash'
[0.649s] INFO:colcon.colcon_core.shell:Creating package script '/home/student36/RoboticsDesignProject/Git-repos/LeoRover-Team7/elephant_arm_ws/install/mycobot_gazebo/share/mycobot_gazebo/package.zsh'
[0.650s] Level 1:colcon.colcon_core.environment:create_file_with_runtime_dependencies(/home/student36/RoboticsDesignProject/Git-repos/LeoRover-Team7/elephant_arm_ws/install/mycobot_gazebo/share/colcon-core/packages/mycobot_gazebo)
[0.651s] Level 1:colcon.colcon_core.environment:create_environment_scripts_only(rviz_marker_tools)
[0.651s] Level 1:colcon.colcon_core.environment:checking '/home/student36/RoboticsDesignProject/Git-repos/LeoRover-Team7/elephant_arm_ws/install/rviz_marker_tools' for CMake module files
[0.653s] Level 1:colcon.colcon_core.environment:checking '/home/student36/RoboticsDesignProject/Git-repos/LeoRover-Team7/elephant_arm_ws/install/rviz_marker_tools' for CMake config files
[0.656s] DEBUG:colcon.colcon_core.event_handler.log_command:Invoked command in '/home/student36/RoboticsDesignProject/Git-repos/LeoRover-Team7/elephant_arm_ws/build/rviz_marker_tools' returned '0': CMAKE_PREFIX_PATH=${CMAKE_PREFIX_PATH}:/home/student36/ros2_tutorial_workspace/install/the_simplest_python_package:/home/student36/ros2_tutorial_workspace/install/python_package_with_a_node:/home/student36/ros2_tutorial_workspace/install/python_package_that_uses_the_library:/home/student36/ros2_tutorial_workspace/install/python_package_with_a_library:/home/student36/ros2_tutorial_workspace/install/python_package_that_uses_the_services:/home/student36/ros2_tutorial_workspace/install/python_package_that_uses_the_actions:/home/student36/ros2_tutorial_workspace/install/python_package_that_uses_tf2:/home/student36/ros2_tutorial_workspace/install/python_package_that_uses_parameters_and_launch_files:/home/student36/ros2_tutorial_workspace/install/python_package_that_uses_nottf2:/home/student36/ros2_tutorial_workspace/install/python_package_that_uses_nav2:/home/student36/ros2_tutorial_workspace/install/python_package_that_uses_messages:/home/student36/ros2_tutorial_workspace/install/python_package_that_uses_geometry_msgs:/home/student36/ros2_tutorial_workspace/install/python_package_that_uses_gazebo:/home/student36/ws_moveit/install/moveit_configs_utils:/home/student36/elephant_arm_ws/install/mycobot_description:/opt/ros/jazzy DEBUGINFOD_URLS=https://debuginfod.ubuntu.com /usr/bin/cmake --install /home/student36/RoboticsDesignProject/Git-repos/LeoRover-Team7/elephant_arm_ws/build/rviz_marker_tools
[0.656s] Level 1:colcon.colcon_core.shell:create_environment_hook('rviz_marker_tools', 'cmake_prefix_path')
[0.656s] INFO:colcon.colcon_core.shell:Creating environment hook '/home/student36/RoboticsDesignProject/Git-repos/LeoRover-Team7/elephant_arm_ws/install/rviz_marker_tools/share/rviz_marker_tools/hook/cmake_prefix_path.ps1'
[0.657s] INFO:colcon.colcon_core.shell:Creating environment descriptor '/home/student36/RoboticsDesignProject/Git-repos/LeoRover-Team7/elephant_arm_ws/install/rviz_marker_tools/share/rviz_marker_tools/hook/cmake_prefix_path.dsv'
[0.657s] INFO:colcon.colcon_core.shell:Creating environment hook '/home/student36/RoboticsDesignProject/Git-repos/LeoRover-Team7/elephant_arm_ws/install/rviz_marker_tools/share/rviz_marker_tools/hook/cmake_prefix_path.sh'
[0.658s] Level 1:colcon.colcon_core.environment:checking '/home/student36/RoboticsDesignProject/Git-repos/LeoRover-Team7/elephant_arm_ws/install/rviz_marker_tools/lib'
[0.658s] Level 1:colcon.colcon_core.shell:create_environment_hook('rviz_marker_tools', 'ld_library_path_lib')
[0.659s] INFO:colcon.colcon_core.shell:Creating environment hook '/home/student36/RoboticsDesignProject/Git-repos/LeoRover-Team7/elephant_arm_ws/install/rviz_marker_tools/share/rviz_marker_tools/hook/ld_library_path_lib.ps1'
[0.659s] INFO:colcon.colcon_core.shell:Creating environment descriptor '/home/student36/RoboticsDesignProject/Git-repos/LeoRover-Team7/elephant_arm_ws/install/rviz_marker_tools/share/rviz_marker_tools/hook/ld_library_path_lib.dsv'
[0.659s] INFO:colcon.colcon_core.shell:Creating environment hook '/home/student36/RoboticsDesignProject/Git-repos/LeoRover-Team7/elephant_arm_ws/install/rviz_marker_tools/share/rviz_marker_tools/hook/ld_library_path_lib.sh'
[0.660s] Level 1:colcon.colcon_core.environment:checking '/home/student36/RoboticsDesignProject/Git-repos/LeoRover-Team7/elephant_arm_ws/install/rviz_marker_tools/bin'
[0.660s] Level 1:colcon.colcon_core.environment:checking '/home/student36/RoboticsDesignProject/Git-repos/LeoRover-Team7/elephant_arm_ws/install/rviz_marker_tools/lib/pkgconfig/rviz_marker_tools.pc'
[0.660s] Level 1:colcon.colcon_core.environment:checking '/home/student36/RoboticsDesignProject/Git-repos/LeoRover-Team7/elephant_arm_ws/install/rviz_marker_tools/lib/python3.12/site-packages'
[0.661s] Level 1:colcon.colcon_core.environment:checking '/home/student36/RoboticsDesignProject/Git-repos/LeoRover-Team7/elephant_arm_ws/install/rviz_marker_tools/bin'
[0.661s] INFO:colcon.colcon_core.shell:Creating package script '/home/student36/RoboticsDesignProject/Git-repos/LeoRover-Team7/elephant_arm_ws/install/rviz_marker_tools/share/rviz_marker_tools/package.ps1'
[0.662s] INFO:colcon.colcon_core.shell:Creating package descriptor '/home/student36/RoboticsDesignProject/Git-repos/LeoRover-Team7/elephant_arm_ws/install/rviz_marker_tools/share/rviz_marker_tools/package.dsv'
[0.663s] INFO:colcon.colcon_core.shell:Creating package script '/home/student36/RoboticsDesignProject/Git-repos/LeoRover-Team7/elephant_arm_ws/install/rviz_marker_tools/share/rviz_marker_tools/package.sh'
[0.664s] INFO:colcon.colcon_core.shell:Creating package script '/home/student36/RoboticsDesignProject/Git-repos/LeoRover-Team7/elephant_arm_ws/install/rviz_marker_tools/share/rviz_marker_tools/package.bash'
[0.664s] INFO:colcon.colcon_core.shell:Creating package script '/home/student36/RoboticsDesignProject/Git-repos/LeoRover-Team7/elephant_arm_ws/install/rviz_marker_tools/share/rviz_marker_tools/package.zsh'
[0.664s] Level 1:colcon.colcon_core.environment:create_file_with_runtime_dependencies(/home/student36/RoboticsDesignProject/Git-repos/LeoRover-Team7/elephant_arm_ws/install/rviz_marker_tools/share/colcon-core/packages/rviz_marker_tools)
[0.665s] Level 1:colcon.colcon_core.environment:create_environment_scripts_only(rviz_marker_tools)
[0.665s] Level 1:colcon.colcon_core.environment:checking '/home/student36/RoboticsDesignProject/Git-repos/LeoRover-Team7/elephant_arm_ws/install/rviz_marker_tools' for CMake module files
[0.666s] Level 1:colcon.colcon_core.environment:checking '/home/student36/RoboticsDesignProject/Git-repos/LeoRover-Team7/elephant_arm_ws/install/rviz_marker_tools' for CMake config files
[0.666s] Level 1:colcon.colcon_core.shell:create_environment_hook('rviz_marker_tools', 'cmake_prefix_path')
[0.667s] INFO:colcon.colcon_core.shell:Creating environment hook '/home/student36/RoboticsDesignProject/Git-repos/LeoRover-Team7/elephant_arm_ws/install/rviz_marker_tools/share/rviz_marker_tools/hook/cmake_prefix_path.ps1'
[0.667s] INFO:colcon.colcon_core.shell:Creating environment descriptor '/home/student36/RoboticsDesignProject/Git-repos/LeoRover-Team7/elephant_arm_ws/install/rviz_marker_tools/share/rviz_marker_tools/hook/cmake_prefix_path.dsv'
[0.667s] INFO:colcon.colcon_core.shell:Creating environment hook '/home/student36/RoboticsDesignProject/Git-repos/LeoRover-Team7/elephant_arm_ws/install/rviz_marker_tools/share/rviz_marker_tools/hook/cmake_prefix_path.sh'
[0.668s] Level 1:colcon.colcon_core.environment:checking '/home/student36/RoboticsDesignProject/Git-repos/LeoRover-Team7/elephant_arm_ws/install/rviz_marker_tools/lib'
[0.668s] Level 1:colcon.colcon_core.shell:create_environment_hook('rviz_marker_tools', 'ld_library_path_lib')
[0.668s] INFO:colcon.colcon_core.shell:Creating environment hook '/home/student36/RoboticsDesignProject/Git-repos/LeoRover-Team7/elephant_arm_ws/install/rviz_marker_tools/share/rviz_marker_tools/hook/ld_library_path_lib.ps1'
[0.669s] INFO:colcon.colcon_core.shell:Creating environment descriptor '/home/student36/RoboticsDesignProject/Git-repos/LeoRover-Team7/elephant_arm_ws/install/rviz_marker_tools/share/rviz_marker_tools/hook/ld_library_path_lib.dsv'
[0.669s] INFO:colcon.colcon_core.shell:Creating environment hook '/home/student36/RoboticsDesignProject/Git-repos/LeoRover-Team7/elephant_arm_ws/install/rviz_marker_tools/share/rviz_marker_tools/hook/ld_library_path_lib.sh'
[0.670s] Level 1:colcon.colcon_core.environment:checking '/home/student36/RoboticsDesignProject/Git-repos/LeoRover-Team7/elephant_arm_ws/install/rviz_marker_tools/bin'
[0.670s] Level 1:colcon.colcon_core.environment:checking '/home/student36/RoboticsDesignProject/Git-repos/LeoRover-Team7/elephant_arm_ws/install/rviz_marker_tools/lib/pkgconfig/rviz_marker_tools.pc'
[0.670s] Level 1:colcon.colcon_core.environment:checking '/home/student36/RoboticsDesignProject/Git-repos/LeoRover-Team7/elephant_arm_ws/install/rviz_marker_tools/lib/python3.12/site-packages'
[0.671s] Level 1:colcon.colcon_core.environment:checking '/home/student36/RoboticsDesignProject/Git-repos/LeoRover-Team7/elephant_arm_ws/install/rviz_marker_tools/bin'
[0.671s] INFO:colcon.colcon_core.shell:Creating package script '/home/student36/RoboticsDesignProject/Git-repos/LeoRover-Team7/elephant_arm_ws/install/rviz_marker_tools/share/rviz_marker_tools/package.ps1'
[0.672s] INFO:colcon.colcon_core.shell:Creating package descriptor '/home/student36/RoboticsDesignProject/Git-repos/LeoRover-Team7/elephant_arm_ws/install/rviz_marker_tools/share/rviz_marker_tools/package.dsv'
[0.673s] INFO:colcon.colcon_core.shell:Creating package script '/home/student36/RoboticsDesignProject/Git-repos/LeoRover-Team7/elephant_arm_ws/install/rviz_marker_tools/share/rviz_marker_tools/package.sh'
[0.673s] INFO:colcon.colcon_core.shell:Creating package script '/home/student36/RoboticsDesignProject/Git-repos/LeoRover-Team7/elephant_arm_ws/install/rviz_marker_tools/share/rviz_marker_tools/package.bash'
[0.674s] INFO:colcon.colcon_core.shell:Creating package script '/home/student36/RoboticsDesignProject/Git-repos/LeoRover-Team7/elephant_arm_ws/install/rviz_marker_tools/share/rviz_marker_tools/package.zsh'
[0.674s] Level 1:colcon.colcon_core.environment:create_file_with_runtime_dependencies(/home/student36/RoboticsDesignProject/Git-repos/LeoRover-Team7/elephant_arm_ws/install/rviz_marker_tools/share/colcon-core/packages/rviz_marker_tools)
[0.679s] Level 1:colcon.colcon_core.environment:create_environment_scripts_only(hello_moveit)
[0.679s] Level 1:colcon.colcon_core.environment:checking '/home/student36/RoboticsDesignProject/Git-repos/LeoRover-Team7/elephant_arm_ws/install/hello_moveit' for CMake module files
[0.680s] DEBUG:colcon.colcon_core.event_handler.log_command:Invoking command in '/home/student36/RoboticsDesignProject/Git-repos/LeoRover-Team7/elephant_arm_ws/build/mycobot_ros2': CMAKE_PREFIX_PATH=/home/student36/RoboticsDesignProject/Git-repos/LeoRover-Team7/elephant_arm_ws/install/mycobot_description:/home/student36/RoboticsDesignProject/Git-repos/LeoRover-Team7/elephant_arm_ws/install/mtc_tutorial:/home/student36/RoboticsDesignProject/Git-repos/LeoRover-Team7/elephant_arm_ws/install/moveit_task_constructor_demo:/home/student36/RoboticsDesignProject/Git-repos/LeoRover-Team7/elephant_arm_ws/install/moveit_task_constructor_visualization:/home/student36/RoboticsDesignProject/Git-repos/LeoRover-Team7/elephant_arm_ws/install/moveit_task_constructor_capabilities:/home/student36/RoboticsDesignProject/Git-repos/LeoRover-Team7/elephant_arm_ws/install/moveit_task_constructor_core:/home/student36/RoboticsDesignProject/Git-repos/LeoRover-Team7/elephant_arm_ws/install/rviz_marker_tools:/home/student36/RoboticsDesignProject/Git-repos/LeoRover-Team7/elephant_arm_ws/install/mycobot_ros2:/home/student36/RoboticsDesignProject/Git-repos/LeoRover-Team7/elephant_arm_ws/install/mycobot_moveit_config:/home/student36/RoboticsDesignProject/Git-repos/LeoRover-Team7/elephant_arm_ws/install/mycobot_gazebo:/home/student36/RoboticsDesignProject/Git-repos/LeoRover-Team7/elephant_arm_ws/install/mycobot_bringup:/home/student36/RoboticsDesignProject/Git-repos/LeoRover-Team7/elephant_arm_ws/install/moveit_task_constructor_msgs:/home/student36/RoboticsDesignProject/Git-repos/LeoRover-Team7/elephant_arm_ws/install/hello_moveit:/home/student36/ros2_tutorial_workspace/install/package_with_interfaces:/home/student36/ws_moveit/install/robotiq_hardware_tests:/home/student36/ws_moveit/install/robotiq_driver:/home/student36/ws_moveit/install/serial:/home/student36/ws_moveit/install/moveit2_tutorials:/home/student36/ws_moveit/install/hello_moveit:/home/student36/ws_moveit/install/moveit_visual_tools:/home/student36/ws_moveit/install/rviz_visual_tools:/home/student36/ws_moveit/install/mtc_tutorial:/home/student36/ws_moveit/install/moveit_task_constructor_demo:/home/student36/ws_moveit/install/moveit_task_constructor_visualization:/home/student36/ws_moveit/install/moveit_task_constructor_capabilities:/home/student36/ws_moveit/install/elephant:/home/student36/ws_moveit/install/moveit_task_constructor_core:/home/student36/ws_moveit/install/rviz_marker_tools:/home/student36/ws_moveit/install/kortex_bringup:/home/student36/ws_moveit/install/kinova_gen3_lite_moveit_config:/home/student36/ws_moveit/install/kinova_gen3_7dof_robotiq_2f_85_moveit_config:/home/student36/ws_moveit/install/kinova_gen3_6dof_robotiq_2f_85_moveit_config:/home/student36/ws_moveit/install/kortex_description:/home/student36/ws_moveit/install/robotiq_description:/home/student36/ws_moveit/install/robotiq_controllers:/home/student36/ws_moveit/install/pilz_industrial_motion_planner_testutils:/home/student36/ws_moveit/install/mycobot_280_moveit2:/home/student36/ws_moveit/install/moveit_runtime:/home/student36/ws_moveit/install/moveit:/home/student36/ws_moveit/install/elephant_arm:/home/student36/ws_moveit/install/moveit_planners:/home/student36/ws_moveit/install/pilz_industrial_motion_planner:/home/student36/ws_moveit/install/mycobot_description:/home/student36/ws_moveit/install/moveit_task_constructor_msgs:/home/student36/ws_moveit/install/moveit_ros_control_interface:/home/student36/ws_moveit/install/moveit_plugins:/home/student36/ws_moveit/install/moveit_simple_controller_manager:/home/student36/ws_moveit/install/moveit_setup_assistant:/home/student36/ws_moveit/install/moveit_setup_srdf_plugins:/home/student36/ws_moveit/install/moveit_setup_core_plugins:/home/student36/ws_moveit/install/moveit_setup_controllers:/home/student36/ws_moveit/install/moveit_setup_app_plugins:/home/student36/ws_moveit/install/moveit_setup_framework:/home/student36/ws_moveit/install/moveit_servo:/home/student36/ws_moveit/install/moveit_ros_trajectory_cache:/home/student36/ws_moveit/install/moveit_ros:/home/student36/ws_moveit/install/moveit_ros_visualization:/home/student36/ws_moveit/install/moveit_py:/home/student36/ws_moveit/install/moveit_hybrid_planning:/home/student36/ws_moveit/install/moveit_ros_planning_interface:/home/student36/ws_moveit/install/moveit_ros_benchmarks:/home/student36/ws_moveit/install/moveit_ros_warehouse:/home/student36/ws_moveit/install/moveit_ros_robot_interaction:/home/student36/ws_moveit/install/moveit_ros_perception:/home/student36/ws_moveit/install/moveit_resources_prbt_pg70_support:/home/student36/ws_moveit/install/moveit_resources_prbt_moveit_config:/home/student36/ws_moveit/install/moveit_ros_move_group:/home/student36/ws_moveit/install/moveit_planners_ompl:/home/student36/ws_moveit/install/moveit_kinematics:/home/student36/ws_moveit/install/moveit_ros_planning:/home/student36/ws_moveit/install/moveit_ros_occupancy_map_monitor:/home/student36/ws_moveit/install/moveit_resources_prbt_support:/home/student36/ws_moveit/install/moveit_resources_prbt_ikfast_manipulator_plugin:/home/student36/ws_moveit/install/moveit_resources:/home/student36/ws_moveit/install/moveit_resources_pr2_description:/home/student36/ws_moveit/install/moveit_resources_panda_moveit_config:/home/student36/ws_moveit/install/dual_arm_panda_moveit_config:/home/student36/ws_moveit/install/moveit_resources_panda_description:/home/student36/ws_moveit/install/moveit_resources_fanuc_moveit_config:/home/student36/ws_moveit/install/moveit_resources_fanuc_description:/home/student36/ws_moveit/install/moveit_planners_stomp:/home/student36/ws_moveit/install/moveit_planners_chomp:/home/student36/ws_moveit/install/chomp_motion_planner:/home/student36/ws_moveit/install/moveit_core:/home/student36/ws_moveit/install/moveit_msgs:/home/student36/ws_moveit/install/moveit_common:/home/student36/ws_moveit/install/kortex_driver:/home/student36/ws_moveit/install/kortex_api:/home/student36/rplidar_ws/install/rplidar_ros:/home/student36/elephant_arm_ws/install/mycobot_280_moveit2:/opt/ros/jazzy/opt/gz_sim_vendor:/opt/ros/jazzy/opt/gz_sensors_vendor:/opt/ros/jazzy/opt/gz_physics_vendor:/opt/ros/jazzy/opt/sdformat_vendor:/opt/ros/jazzy/opt/gz_gui_vendor:/opt/ros/jazzy/opt/gz_transport_vendor:/opt/ros/jazzy/opt/gz_rendering_vendor:/opt/ros/jazzy/opt/gz_plugin_vendor:/opt/ros/jazzy/opt/gz_fuel_tools_vendor:/opt/ros/jazzy/opt/gz_msgs_vendor:/opt/ros/jazzy/opt/gz_common_vendor:/opt/ros/jazzy/opt/gz_math_vendor:/opt/ros/jazzy/opt/gz_utils_vendor:/opt/ros/jazzy/opt/gz_tools_vendor:/opt/ros/jazzy/opt/gz_ogre_next_vendor:/opt/ros/jazzy/opt/gz_dartsim_vendor:/opt/ros/jazzy/opt/gz_cmake_vendor:/home/student36/ros2_tutorial_workspace/install/the_simplest_python_package:/home/student36/ros2_tutorial_workspace/install/python_package_with_a_node:/home/student36/ros2_tutorial_workspace/install/python_package_that_uses_the_library:/home/student36/ros2_tutorial_workspace/install/python_package_with_a_library:/home/student36/ros2_tutorial_workspace/install/python_package_that_uses_the_services:/home/student36/ros2_tutorial_workspace/install/python_package_that_uses_the_actions:/home/student36/ros2_tutorial_workspace/install/python_package_that_uses_tf2:/home/student36/ros2_tutorial_workspace/install/python_package_that_uses_parameters_and_launch_files:/home/student36/ros2_tutorial_workspace/install/python_package_that_uses_nottf2:/home/student36/ros2_tutorial_workspace/install/python_package_that_uses_nav2:/home/student36/ros2_tutorial_workspace/install/python_package_that_uses_messages:/home/student36/ros2_tutorial_workspace/install/python_package_that_uses_geometry_msgs:/home/student36/ros2_tutorial_workspace/install/python_package_that_uses_gazebo:/home/student36/ws_moveit/install/moveit_configs_utils:/home/student36/elephant_arm_ws/install/mycobot_description:/opt/ros/jazzy DEBUGINFOD_URLS=https://debuginfod.ubuntu.com /usr/bin/cmake --build /home/student36/RoboticsDesignProject/Git-repos/LeoRover-Team7/elephant_arm_ws/build/mycobot_ros2 -- -j12 -l12
[0.680s] DEBUG:colcon.colcon_core.event_handler.log_command:Invoked command in '/home/student36/RoboticsDesignProject/Git-repos/LeoRover-Team7/elephant_arm_ws/build/hello_moveit' returned '0': CMAKE_PREFIX_PATH=${CMAKE_PREFIX_PATH}:/home/student36/ros2_tutorial_workspace/install/the_simplest_python_package:/home/student36/ros2_tutorial_workspace/install/python_package_with_a_node:/home/student36/ros2_tutorial_workspace/install/python_package_that_uses_the_library:/home/student36/ros2_tutorial_workspace/install/python_package_with_a_library:/home/student36/ros2_tutorial_workspace/install/python_package_that_uses_the_services:/home/student36/ros2_tutorial_workspace/install/python_package_that_uses_the_actions:/home/student36/ros2_tutorial_workspace/install/python_package_that_uses_tf2:/home/student36/ros2_tutorial_workspace/install/python_package_that_uses_parameters_and_launch_files:/home/student36/ros2_tutorial_workspace/install/python_package_that_uses_nottf2:/home/student36/ros2_tutorial_workspace/install/python_package_that_uses_nav2:/home/student36/ros2_tutorial_workspace/install/python_package_that_uses_messages:/home/student36/ros2_tutorial_workspace/install/python_package_that_uses_geometry_msgs:/home/student36/ros2_tutorial_workspace/install/python_package_that_uses_gazebo:/home/student36/ws_moveit/install/moveit_configs_utils:/home/student36/elephant_arm_ws/install/mycobot_description:/opt/ros/jazzy DEBUGINFOD_URLS=https://debuginfod.ubuntu.com /usr/bin/cmake --install /home/student36/RoboticsDesignProject/Git-repos/LeoRover-Team7/elephant_arm_ws/build/hello_moveit
[0.681s] Level 1:colcon.colcon_core.environment:checking '/home/student36/RoboticsDesignProject/Git-repos/LeoRover-Team7/elephant_arm_ws/install/hello_moveit' for CMake config files
[0.681s] Level 1:colcon.colcon_core.shell:create_environment_hook('hello_moveit', 'cmake_prefix_path')
[0.682s] INFO:colcon.colcon_core.shell:Creating environment hook '/home/student36/RoboticsDesignProject/Git-repos/LeoRover-Team7/elephant_arm_ws/install/hello_moveit/share/hello_moveit/hook/cmake_prefix_path.ps1'
[0.682s] INFO:colcon.colcon_core.shell:Creating environment descriptor '/home/student36/RoboticsDesignProject/Git-repos/LeoRover-Team7/elephant_arm_ws/install/hello_moveit/share/hello_moveit/hook/cmake_prefix_path.dsv'
[0.683s] INFO:colcon.colcon_core.shell:Creating environment hook '/home/student36/RoboticsDesignProject/Git-repos/LeoRover-Team7/elephant_arm_ws/install/hello_moveit/share/hello_moveit/hook/cmake_prefix_path.sh'
[0.684s] Level 1:colcon.colcon_core.environment:checking '/home/student36/RoboticsDesignProject/Git-repos/LeoRover-Team7/elephant_arm_ws/install/hello_moveit/lib'
[0.684s] Level 1:colcon.colcon_core.environment:checking '/home/student36/RoboticsDesignProject/Git-repos/LeoRover-Team7/elephant_arm_ws/install/hello_moveit/bin'
[0.684s] Level 1:colcon.colcon_core.environment:checking '/home/student36/RoboticsDesignProject/Git-repos/LeoRover-Team7/elephant_arm_ws/install/hello_moveit/lib/pkgconfig/hello_moveit.pc'
[0.684s] Level 1:colcon.colcon_core.environment:checking '/home/student36/RoboticsDesignProject/Git-repos/LeoRover-Team7/elephant_arm_ws/install/hello_moveit/lib/python3.12/site-packages'
[0.685s] Level 1:colcon.colcon_core.environment:checking '/home/student36/RoboticsDesignProject/Git-repos/LeoRover-Team7/elephant_arm_ws/install/hello_moveit/bin'
[0.685s] INFO:colcon.colcon_core.shell:Creating package script '/home/student36/RoboticsDesignProject/Git-repos/LeoRover-Team7/elephant_arm_ws/install/hello_moveit/share/hello_moveit/package.ps1'
[0.686s] INFO:colcon.colcon_core.shell:Creating package descriptor '/home/student36/RoboticsDesignProject/Git-repos/LeoRover-Team7/elephant_arm_ws/install/hello_moveit/share/hello_moveit/package.dsv'
[0.686s] INFO:colcon.colcon_core.shell:Creating package script '/home/student36/RoboticsDesignProject/Git-repos/LeoRover-Team7/elephant_arm_ws/install/hello_moveit/share/hello_moveit/package.sh'
[0.687s] INFO:colcon.colcon_core.shell:Creating package script '/home/student36/RoboticsDesignProject/Git-repos/LeoRover-Team7/elephant_arm_ws/install/hello_moveit/share/hello_moveit/package.bash'
[0.688s] INFO:colcon.colcon_core.shell:Creating package script '/home/student36/RoboticsDesignProject/Git-repos/LeoRover-Team7/elephant_arm_ws/install/hello_moveit/share/hello_moveit/package.zsh'
[0.688s] Level 1:colcon.colcon_core.environment:create_file_with_runtime_dependencies(/home/student36/RoboticsDesignProject/Git-repos/LeoRover-Team7/elephant_arm_ws/install/hello_moveit/share/colcon-core/packages/hello_moveit)
[0.689s] Level 1:colcon.colcon_core.environment:create_environment_scripts_only(hello_moveit)
[0.689s] Level 1:colcon.colcon_core.environment:checking '/home/student36/RoboticsDesignProject/Git-repos/LeoRover-Team7/elephant_arm_ws/install/hello_moveit' for CMake module files
[0.708s] Level 1:colcon.colcon_core.environment:checking '/home/student36/RoboticsDesignProject/Git-repos/LeoRover-Team7/elephant_arm_ws/install/hello_moveit' for CMake config files
[0.709s] Level 1:colcon.colcon_core.shell:create_environment_hook('hello_moveit', 'cmake_prefix_path')
[0.710s] INFO:colcon.colcon_core.shell:Creating environment hook '/home/student36/RoboticsDesignProject/Git-repos/LeoRover-Team7/elephant_arm_ws/install/hello_moveit/share/hello_moveit/hook/cmake_prefix_path.ps1'
[0.714s] INFO:colcon.colcon_core.shell:Creating environment descriptor '/home/student36/RoboticsDesignProject/Git-repos/LeoRover-Team7/elephant_arm_ws/install/hello_moveit/share/hello_moveit/hook/cmake_prefix_path.dsv'
[0.715s] INFO:colcon.colcon_core.shell:Creating environment hook '/home/student36/RoboticsDesignProject/Git-repos/LeoRover-Team7/elephant_arm_ws/install/hello_moveit/share/hello_moveit/hook/cmake_prefix_path.sh'
[0.716s] Level 1:colcon.colcon_core.environment:checking '/home/student36/RoboticsDesignProject/Git-repos/LeoRover-Team7/elephant_arm_ws/install/hello_moveit/lib'
[0.716s] Level 1:colcon.colcon_core.environment:checking '/home/student36/RoboticsDesignProject/Git-repos/LeoRover-Team7/elephant_arm_ws/install/hello_moveit/bin'
[0.716s] Level 1:colcon.colcon_core.environment:checking '/home/student36/RoboticsDesignProject/Git-repos/LeoRover-Team7/elephant_arm_ws/install/hello_moveit/lib/pkgconfig/hello_moveit.pc'
[0.717s] Level 1:colcon.colcon_core.environment:checking '/home/student36/RoboticsDesignProject/Git-repos/LeoRover-Team7/elephant_arm_ws/install/hello_moveit/lib/python3.12/site-packages'
[0.718s] Level 1:colcon.colcon_core.environment:checking '/home/student36/RoboticsDesignProject/Git-repos/LeoRover-Team7/elephant_arm_ws/install/hello_moveit/bin'
[0.719s] INFO:colcon.colcon_core.shell:Creating package script '/home/student36/RoboticsDesignProject/Git-repos/LeoRover-Team7/elephant_arm_ws/install/hello_moveit/share/hello_moveit/package.ps1'
[0.720s] INFO:colcon.colcon_core.shell:Creating package descriptor '/home/student36/RoboticsDesignProject/Git-repos/LeoRover-Team7/elephant_arm_ws/install/hello_moveit/share/hello_moveit/package.dsv'
[0.721s] INFO:colcon.colcon_core.shell:Creating package script '/home/student36/RoboticsDesignProject/Git-repos/LeoRover-Team7/elephant_arm_ws/install/hello_moveit/share/hello_moveit/package.sh'
[0.721s] INFO:colcon.colcon_core.shell:Creating package script '/home/student36/RoboticsDesignProject/Git-repos/LeoRover-Team7/elephant_arm_ws/install/hello_moveit/share/hello_moveit/package.bash'
[0.722s] INFO:colcon.colcon_core.shell:Creating package script '/home/student36/RoboticsDesignProject/Git-repos/LeoRover-Team7/elephant_arm_ws/install/hello_moveit/share/hello_moveit/package.zsh'
[0.722s] Level 1:colcon.colcon_core.environment:create_file_with_runtime_dependencies(/home/student36/RoboticsDesignProject/Git-repos/LeoRover-Team7/elephant_arm_ws/install/hello_moveit/share/colcon-core/packages/hello_moveit)
[0.762s] DEBUG:colcon.colcon_core.event_handler.log_command:Invoked command in '/home/student36/RoboticsDesignProject/Git-repos/LeoRover-Team7/elephant_arm_ws/build/mycobot_ros2' returned '0': CMAKE_PREFIX_PATH=/home/student36/RoboticsDesignProject/Git-repos/LeoRover-Team7/elephant_arm_ws/install/mycobot_description:/home/student36/RoboticsDesignProject/Git-repos/LeoRover-Team7/elephant_arm_ws/install/mtc_tutorial:/home/student36/RoboticsDesignProject/Git-repos/LeoRover-Team7/elephant_arm_ws/install/moveit_task_constructor_demo:/home/student36/RoboticsDesignProject/Git-repos/LeoRover-Team7/elephant_arm_ws/install/moveit_task_constructor_visualization:/home/student36/RoboticsDesignProject/Git-repos/LeoRover-Team7/elephant_arm_ws/install/moveit_task_constructor_capabilities:/home/student36/RoboticsDesignProject/Git-repos/LeoRover-Team7/elephant_arm_ws/install/moveit_task_constructor_core:/home/student36/RoboticsDesignProject/Git-repos/LeoRover-Team7/elephant_arm_ws/install/rviz_marker_tools:/home/student36/RoboticsDesignProject/Git-repos/LeoRover-Team7/elephant_arm_ws/install/mycobot_ros2:/home/student36/RoboticsDesignProject/Git-repos/LeoRover-Team7/elephant_arm_ws/install/mycobot_moveit_config:/home/student36/RoboticsDesignProject/Git-repos/LeoRover-Team7/elephant_arm_ws/install/mycobot_gazebo:/home/student36/RoboticsDesignProject/Git-repos/LeoRover-Team7/elephant_arm_ws/install/mycobot_bringup:/home/student36/RoboticsDesignProject/Git-repos/LeoRover-Team7/elephant_arm_ws/install/moveit_task_constructor_msgs:/home/student36/RoboticsDesignProject/Git-repos/LeoRover-Team7/elephant_arm_ws/install/hello_moveit:/home/student36/ros2_tutorial_workspace/install/package_with_interfaces:/home/student36/ws_moveit/install/robotiq_hardware_tests:/home/student36/ws_moveit/install/robotiq_driver:/home/student36/ws_moveit/install/serial:/home/student36/ws_moveit/install/moveit2_tutorials:/home/student36/ws_moveit/install/hello_moveit:/home/student36/ws_moveit/install/moveit_visual_tools:/home/student36/ws_moveit/install/rviz_visual_tools:/home/student36/ws_moveit/install/mtc_tutorial:/home/student36/ws_moveit/install/moveit_task_constructor_demo:/home/student36/ws_moveit/install/moveit_task_constructor_visualization:/home/student36/ws_moveit/install/moveit_task_constructor_capabilities:/home/student36/ws_moveit/install/elephant:/home/student36/ws_moveit/install/moveit_task_constructor_core:/home/student36/ws_moveit/install/rviz_marker_tools:/home/student36/ws_moveit/install/kortex_bringup:/home/student36/ws_moveit/install/kinova_gen3_lite_moveit_config:/home/student36/ws_moveit/install/kinova_gen3_7dof_robotiq_2f_85_moveit_config:/home/student36/ws_moveit/install/kinova_gen3_6dof_robotiq_2f_85_moveit_config:/home/student36/ws_moveit/install/kortex_description:/home/student36/ws_moveit/install/robotiq_description:/home/student36/ws_moveit/install/robotiq_controllers:/home/student36/ws_moveit/install/pilz_industrial_motion_planner_testutils:/home/student36/ws_moveit/install/mycobot_280_moveit2:/home/student36/ws_moveit/install/moveit_runtime:/home/student36/ws_moveit/install/moveit:/home/student36/ws_moveit/install/elephant_arm:/home/student36/ws_moveit/install/moveit_planners:/home/student36/ws_moveit/install/pilz_industrial_motion_planner:/home/student36/ws_moveit/install/mycobot_description:/home/student36/ws_moveit/install/moveit_task_constructor_msgs:/home/student36/ws_moveit/install/moveit_ros_control_interface:/home/student36/ws_moveit/install/moveit_plugins:/home/student36/ws_moveit/install/moveit_simple_controller_manager:/home/student36/ws_moveit/install/moveit_setup_assistant:/home/student36/ws_moveit/install/moveit_setup_srdf_plugins:/home/student36/ws_moveit/install/moveit_setup_core_plugins:/home/student36/ws_moveit/install/moveit_setup_controllers:/home/student36/ws_moveit/install/moveit_setup_app_plugins:/home/student36/ws_moveit/install/moveit_setup_framework:/home/student36/ws_moveit/install/moveit_servo:/home/student36/ws_moveit/install/moveit_ros_trajectory_cache:/home/student36/ws_moveit/install/moveit_ros:/home/student36/ws_moveit/install/moveit_ros_visualization:/home/student36/ws_moveit/install/moveit_py:/home/student36/ws_moveit/install/moveit_hybrid_planning:/home/student36/ws_moveit/install/moveit_ros_planning_interface:/home/student36/ws_moveit/install/moveit_ros_benchmarks:/home/student36/ws_moveit/install/moveit_ros_warehouse:/home/student36/ws_moveit/install/moveit_ros_robot_interaction:/home/student36/ws_moveit/install/moveit_ros_perception:/home/student36/ws_moveit/install/moveit_resources_prbt_pg70_support:/home/student36/ws_moveit/install/moveit_resources_prbt_moveit_config:/home/student36/ws_moveit/install/moveit_ros_move_group:/home/student36/ws_moveit/install/moveit_planners_ompl:/home/student36/ws_moveit/install/moveit_kinematics:/home/student36/ws_moveit/install/moveit_ros_planning:/home/student36/ws_moveit/install/moveit_ros_occupancy_map_monitor:/home/student36/ws_moveit/install/moveit_resources_prbt_support:/home/student36/ws_moveit/install/moveit_resources_prbt_ikfast_manipulator_plugin:/home/student36/ws_moveit/install/moveit_resources:/home/student36/ws_moveit/install/moveit_resources_pr2_description:/home/student36/ws_moveit/install/moveit_resources_panda_moveit_config:/home/student36/ws_moveit/install/dual_arm_panda_moveit_config:/home/student36/ws_moveit/install/moveit_resources_panda_description:/home/student36/ws_moveit/install/moveit_resources_fanuc_moveit_config:/home/student36/ws_moveit/install/moveit_resources_fanuc_description:/home/student36/ws_moveit/install/moveit_planners_stomp:/home/student36/ws_moveit/install/moveit_planners_chomp:/home/student36/ws_moveit/install/chomp_motion_planner:/home/student36/ws_moveit/install/moveit_core:/home/student36/ws_moveit/install/moveit_msgs:/home/student36/ws_moveit/install/moveit_common:/home/student36/ws_moveit/install/kortex_driver:/home/student36/ws_moveit/install/kortex_api:/home/student36/rplidar_ws/install/rplidar_ros:/home/student36/elephant_arm_ws/install/mycobot_280_moveit2:/opt/ros/jazzy/opt/gz_sim_vendor:/opt/ros/jazzy/opt/gz_sensors_vendor:/opt/ros/jazzy/opt/gz_physics_vendor:/opt/ros/jazzy/opt/sdformat_vendor:/opt/ros/jazzy/opt/gz_gui_vendor:/opt/ros/jazzy/opt/gz_transport_vendor:/opt/ros/jazzy/opt/gz_rendering_vendor:/opt/ros/jazzy/opt/gz_plugin_vendor:/opt/ros/jazzy/opt/gz_fuel_tools_vendor:/opt/ros/jazzy/opt/gz_msgs_vendor:/opt/ros/jazzy/opt/gz_common_vendor:/opt/ros/jazzy/opt/gz_math_vendor:/opt/ros/jazzy/opt/gz_utils_vendor:/opt/ros/jazzy/opt/gz_tools_vendor:/opt/ros/jazzy/opt/gz_ogre_next_vendor:/opt/ros/jazzy/opt/gz_dartsim_vendor:/opt/ros/jazzy/opt/gz_cmake_vendor:/home/student36/ros2_tutorial_workspace/install/the_simplest_python_package:/home/student36/ros2_tutorial_workspace/install/python_package_with_a_node:/home/student36/ros2_tutorial_workspace/install/python_package_that_uses_the_library:/home/student36/ros2_tutorial_workspace/install/python_package_with_a_library:/home/student36/ros2_tutorial_workspace/install/python_package_that_uses_the_services:/home/student36/ros2_tutorial_workspace/install/python_package_that_uses_the_actions:/home/student36/ros2_tutorial_workspace/install/python_package_that_uses_tf2:/home/student36/ros2_tutorial_workspace/install/python_package_that_uses_parameters_and_launch_files:/home/student36/ros2_tutorial_workspace/install/python_package_that_uses_nottf2:/home/student36/ros2_tutorial_workspace/install/python_package_that_uses_nav2:/home/student36/ros2_tutorial_workspace/install/python_package_that_uses_messages:/home/student36/ros2_tutorial_workspace/install/python_package_that_uses_geometry_msgs:/home/student36/ros2_tutorial_workspace/install/python_package_that_uses_gazebo:/home/student36/ws_moveit/install/moveit_configs_utils:/home/student36/elephant_arm_ws/install/mycobot_description:/opt/ros/jazzy DEBUGINFOD_URLS=https://debuginfod.ubuntu.com /usr/bin/cmake --build /home/student36/RoboticsDesignProject/Git-repos/LeoRover-Team7/elephant_arm_ws/build/mycobot_ros2 -- -j12 -l12
[0.764s] DEBUG:colcon.colcon_core.event_handler.log_command:Invoking command in '/home/student36/RoboticsDesignProject/Git-repos/LeoRover-Team7/elephant_arm_ws/build/mycobot_ros2': CMAKE_PREFIX_PATH=/home/student36/RoboticsDesignProject/Git-repos/LeoRover-Team7/elephant_arm_ws/install/mycobot_description:/home/student36/RoboticsDesignProject/Git-repos/LeoRover-Team7/elephant_arm_ws/install/mtc_tutorial:/home/student36/RoboticsDesignProject/Git-repos/LeoRover-Team7/elephant_arm_ws/install/moveit_task_constructor_demo:/home/student36/RoboticsDesignProject/Git-repos/LeoRover-Team7/elephant_arm_ws/install/moveit_task_constructor_visualization:/home/student36/RoboticsDesignProject/Git-repos/LeoRover-Team7/elephant_arm_ws/install/moveit_task_constructor_capabilities:/home/student36/RoboticsDesignProject/Git-repos/LeoRover-Team7/elephant_arm_ws/install/moveit_task_constructor_core:/home/student36/RoboticsDesignProject/Git-repos/LeoRover-Team7/elephant_arm_ws/install/rviz_marker_tools:/home/student36/RoboticsDesignProject/Git-repos/LeoRover-Team7/elephant_arm_ws/install/mycobot_ros2:/home/student36/RoboticsDesignProject/Git-repos/LeoRover-Team7/elephant_arm_ws/install/mycobot_moveit_config:/home/student36/RoboticsDesignProject/Git-repos/LeoRover-Team7/elephant_arm_ws/install/mycobot_gazebo:/home/student36/RoboticsDesignProject/Git-repos/LeoRover-Team7/elephant_arm_ws/install/mycobot_bringup:/home/student36/RoboticsDesignProject/Git-repos/LeoRover-Team7/elephant_arm_ws/install/moveit_task_constructor_msgs:/home/student36/RoboticsDesignProject/Git-repos/LeoRover-Team7/elephant_arm_ws/install/hello_moveit:/home/student36/ros2_tutorial_workspace/install/package_with_interfaces:/home/student36/ws_moveit/install/robotiq_hardware_tests:/home/student36/ws_moveit/install/robotiq_driver:/home/student36/ws_moveit/install/serial:/home/student36/ws_moveit/install/moveit2_tutorials:/home/student36/ws_moveit/install/hello_moveit:/home/student36/ws_moveit/install/moveit_visual_tools:/home/student36/ws_moveit/install/rviz_visual_tools:/home/student36/ws_moveit/install/mtc_tutorial:/home/student36/ws_moveit/install/moveit_task_constructor_demo:/home/student36/ws_moveit/install/moveit_task_constructor_visualization:/home/student36/ws_moveit/install/moveit_task_constructor_capabilities:/home/student36/ws_moveit/install/elephant:/home/student36/ws_moveit/install/moveit_task_constructor_core:/home/student36/ws_moveit/install/rviz_marker_tools:/home/student36/ws_moveit/install/kortex_bringup:/home/student36/ws_moveit/install/kinova_gen3_lite_moveit_config:/home/student36/ws_moveit/install/kinova_gen3_7dof_robotiq_2f_85_moveit_config:/home/student36/ws_moveit/install/kinova_gen3_6dof_robotiq_2f_85_moveit_config:/home/student36/ws_moveit/install/kortex_description:/home/student36/ws_moveit/install/robotiq_description:/home/student36/ws_moveit/install/robotiq_controllers:/home/student36/ws_moveit/install/pilz_industrial_motion_planner_testutils:/home/student36/ws_moveit/install/mycobot_280_moveit2:/home/student36/ws_moveit/install/moveit_runtime:/home/student36/ws_moveit/install/moveit:/home/student36/ws_moveit/install/elephant_arm:/home/student36/ws_moveit/install/moveit_planners:/home/student36/ws_moveit/install/pilz_industrial_motion_planner:/home/student36/ws_moveit/install/mycobot_description:/home/student36/ws_moveit/install/moveit_task_constructor_msgs:/home/student36/ws_moveit/install/moveit_ros_control_interface:/home/student36/ws_moveit/install/moveit_plugins:/home/student36/ws_moveit/install/moveit_simple_controller_manager:/home/student36/ws_moveit/install/moveit_setup_assistant:/home/student36/ws_moveit/install/moveit_setup_srdf_plugins:/home/student36/ws_moveit/install/moveit_setup_core_plugins:/home/student36/ws_moveit/install/moveit_setup_controllers:/home/student36/ws_moveit/install/moveit_setup_app_plugins:/home/student36/ws_moveit/install/moveit_setup_framework:/home/student36/ws_moveit/install/moveit_servo:/home/student36/ws_moveit/install/moveit_ros_trajectory_cache:/home/student36/ws_moveit/install/moveit_ros:/home/student36/ws_moveit/install/moveit_ros_visualization:/home/student36/ws_moveit/install/moveit_py:/home/student36/ws_moveit/install/moveit_hybrid_planning:/home/student36/ws_moveit/install/moveit_ros_planning_interface:/home/student36/ws_moveit/install/moveit_ros_benchmarks:/home/student36/ws_moveit/install/moveit_ros_warehouse:/home/student36/ws_moveit/install/moveit_ros_robot_interaction:/home/student36/ws_moveit/install/moveit_ros_perception:/home/student36/ws_moveit/install/moveit_resources_prbt_pg70_support:/home/student36/ws_moveit/install/moveit_resources_prbt_moveit_config:/home/student36/ws_moveit/install/moveit_ros_move_group:/home/student36/ws_moveit/install/moveit_planners_ompl:/home/student36/ws_moveit/install/moveit_kinematics:/home/student36/ws_moveit/install/moveit_ros_planning:/home/student36/ws_moveit/install/moveit_ros_occupancy_map_monitor:/home/student36/ws_moveit/install/moveit_resources_prbt_support:/home/student36/ws_moveit/install/moveit_resources_prbt_ikfast_manipulator_plugin:/home/student36/ws_moveit/install/moveit_resources:/home/student36/ws_moveit/install/moveit_resources_pr2_description:/home/student36/ws_moveit/install/moveit_resources_panda_moveit_config:/home/student36/ws_moveit/install/dual_arm_panda_moveit_config:/home/student36/ws_moveit/install/moveit_resources_panda_description:/home/student36/ws_moveit/install/moveit_resources_fanuc_moveit_config:/home/student36/ws_moveit/install/moveit_resources_fanuc_description:/home/student36/ws_moveit/install/moveit_planners_stomp:/home/student36/ws_moveit/install/moveit_planners_chomp:/home/student36/ws_moveit/install/chomp_motion_planner:/home/student36/ws_moveit/install/moveit_core:/home/student36/ws_moveit/install/moveit_msgs:/home/student36/ws_moveit/install/moveit_common:/home/student36/ws_moveit/install/kortex_driver:/home/student36/ws_moveit/install/kortex_api:/home/student36/rplidar_ws/install/rplidar_ros:/home/student36/elephant_arm_ws/install/mycobot_280_moveit2:/opt/ros/jazzy/opt/gz_sim_vendor:/opt/ros/jazzy/opt/gz_sensors_vendor:/opt/ros/jazzy/opt/gz_physics_vendor:/opt/ros/jazzy/opt/sdformat_vendor:/opt/ros/jazzy/opt/gz_gui_vendor:/opt/ros/jazzy/opt/gz_transport_vendor:/opt/ros/jazzy/opt/gz_rendering_vendor:/opt/ros/jazzy/opt/gz_plugin_vendor:/opt/ros/jazzy/opt/gz_fuel_tools_vendor:/opt/ros/jazzy/opt/gz_msgs_vendor:/opt/ros/jazzy/opt/gz_common_vendor:/opt/ros/jazzy/opt/gz_math_vendor:/opt/ros/jazzy/opt/gz_utils_vendor:/opt/ros/jazzy/opt/gz_tools_vendor:/opt/ros/jazzy/opt/gz_ogre_next_vendor:/opt/ros/jazzy/opt/gz_dartsim_vendor:/opt/ros/jazzy/opt/gz_cmake_vendor:/home/student36/ros2_tutorial_workspace/install/the_simplest_python_package:/home/student36/ros2_tutorial_workspace/install/python_package_with_a_node:/home/student36/ros2_tutorial_workspace/install/python_package_that_uses_the_library:/home/student36/ros2_tutorial_workspace/install/python_package_with_a_library:/home/student36/ros2_tutorial_workspace/install/python_package_that_uses_the_services:/home/student36/ros2_tutorial_workspace/install/python_package_that_uses_the_actions:/home/student36/ros2_tutorial_workspace/install/python_package_that_uses_tf2:/home/student36/ros2_tutorial_workspace/install/python_package_that_uses_parameters_and_launch_files:/home/student36/ros2_tutorial_workspace/install/python_package_that_uses_nottf2:/home/student36/ros2_tutorial_workspace/install/python_package_that_uses_nav2:/home/student36/ros2_tutorial_workspace/install/python_package_that_uses_messages:/home/student36/ros2_tutorial_workspace/install/python_package_that_uses_geometry_msgs:/home/student36/ros2_tutorial_workspace/install/python_package_that_uses_gazebo:/home/student36/ws_moveit/install/moveit_configs_utils:/home/student36/elephant_arm_ws/install/mycobot_description:/opt/ros/jazzy DEBUGINFOD_URLS=https://debuginfod.ubuntu.com /usr/bin/cmake --install /home/student36/RoboticsDesignProject/Git-repos/LeoRover-Team7/elephant_arm_ws/build/mycobot_ros2
[0.782s] Level 1:colcon.colcon_core.environment:create_environment_scripts_only(mycobot_ros2)
[0.782s] Level 1:colcon.colcon_core.environment:checking '/home/student36/RoboticsDesignProject/Git-repos/LeoRover-Team7/elephant_arm_ws/install/mycobot_ros2' for CMake module files
[0.783s] DEBUG:colcon.colcon_core.event_handler.log_command:Invoked command in '/home/student36/RoboticsDesignProject/Git-repos/LeoRover-Team7/elephant_arm_ws/build/mycobot_ros2' returned '0': CMAKE_PREFIX_PATH=/home/student36/RoboticsDesignProject/Git-repos/LeoRover-Team7/elephant_arm_ws/install/mycobot_description:/home/student36/RoboticsDesignProject/Git-repos/LeoRover-Team7/elephant_arm_ws/install/mtc_tutorial:/home/student36/RoboticsDesignProject/Git-repos/LeoRover-Team7/elephant_arm_ws/install/moveit_task_constructor_demo:/home/student36/RoboticsDesignProject/Git-repos/LeoRover-Team7/elephant_arm_ws/install/moveit_task_constructor_visualization:/home/student36/RoboticsDesignProject/Git-repos/LeoRover-Team7/elephant_arm_ws/install/moveit_task_constructor_capabilities:/home/student36/RoboticsDesignProject/Git-repos/LeoRover-Team7/elephant_arm_ws/install/moveit_task_constructor_core:/home/student36/RoboticsDesignProject/Git-repos/LeoRover-Team7/elephant_arm_ws/install/rviz_marker_tools:/home/student36/RoboticsDesignProject/Git-repos/LeoRover-Team7/elephant_arm_ws/install/mycobot_ros2:/home/student36/RoboticsDesignProject/Git-repos/LeoRover-Team7/elephant_arm_ws/install/mycobot_moveit_config:/home/student36/RoboticsDesignProject/Git-repos/LeoRover-Team7/elephant_arm_ws/install/mycobot_gazebo:/home/student36/RoboticsDesignProject/Git-repos/LeoRover-Team7/elephant_arm_ws/install/mycobot_bringup:/home/student36/RoboticsDesignProject/Git-repos/LeoRover-Team7/elephant_arm_ws/install/moveit_task_constructor_msgs:/home/student36/RoboticsDesignProject/Git-repos/LeoRover-Team7/elephant_arm_ws/install/hello_moveit:/home/student36/ros2_tutorial_workspace/install/package_with_interfaces:/home/student36/ws_moveit/install/robotiq_hardware_tests:/home/student36/ws_moveit/install/robotiq_driver:/home/student36/ws_moveit/install/serial:/home/student36/ws_moveit/install/moveit2_tutorials:/home/student36/ws_moveit/install/hello_moveit:/home/student36/ws_moveit/install/moveit_visual_tools:/home/student36/ws_moveit/install/rviz_visual_tools:/home/student36/ws_moveit/install/mtc_tutorial:/home/student36/ws_moveit/install/moveit_task_constructor_demo:/home/student36/ws_moveit/install/moveit_task_constructor_visualization:/home/student36/ws_moveit/install/moveit_task_constructor_capabilities:/home/student36/ws_moveit/install/elephant:/home/student36/ws_moveit/install/moveit_task_constructor_core:/home/student36/ws_moveit/install/rviz_marker_tools:/home/student36/ws_moveit/install/kortex_bringup:/home/student36/ws_moveit/install/kinova_gen3_lite_moveit_config:/home/student36/ws_moveit/install/kinova_gen3_7dof_robotiq_2f_85_moveit_config:/home/student36/ws_moveit/install/kinova_gen3_6dof_robotiq_2f_85_moveit_config:/home/student36/ws_moveit/install/kortex_description:/home/student36/ws_moveit/install/robotiq_description:/home/student36/ws_moveit/install/robotiq_controllers:/home/student36/ws_moveit/install/pilz_industrial_motion_planner_testutils:/home/student36/ws_moveit/install/mycobot_280_moveit2:/home/student36/ws_moveit/install/moveit_runtime:/home/student36/ws_moveit/install/moveit:/home/student36/ws_moveit/install/elephant_arm:/home/student36/ws_moveit/install/moveit_planners:/home/student36/ws_moveit/install/pilz_industrial_motion_planner:/home/student36/ws_moveit/install/mycobot_description:/home/student36/ws_moveit/install/moveit_task_constructor_msgs:/home/student36/ws_moveit/install/moveit_ros_control_interface:/home/student36/ws_moveit/install/moveit_plugins:/home/student36/ws_moveit/install/moveit_simple_controller_manager:/home/student36/ws_moveit/install/moveit_setup_assistant:/home/student36/ws_moveit/install/moveit_setup_srdf_plugins:/home/student36/ws_moveit/install/moveit_setup_core_plugins:/home/student36/ws_moveit/install/moveit_setup_controllers:/home/student36/ws_moveit/install/moveit_setup_app_plugins:/home/student36/ws_moveit/install/moveit_setup_framework:/home/student36/ws_moveit/install/moveit_servo:/home/student36/ws_moveit/install/moveit_ros_trajectory_cache:/home/student36/ws_moveit/install/moveit_ros:/home/student36/ws_moveit/install/moveit_ros_visualization:/home/student36/ws_moveit/install/moveit_py:/home/student36/ws_moveit/install/moveit_hybrid_planning:/home/student36/ws_moveit/install/moveit_ros_planning_interface:/home/student36/ws_moveit/install/moveit_ros_benchmarks:/home/student36/ws_moveit/install/moveit_ros_warehouse:/home/student36/ws_moveit/install/moveit_ros_robot_interaction:/home/student36/ws_moveit/install/moveit_ros_perception:/home/student36/ws_moveit/install/moveit_resources_prbt_pg70_support:/home/student36/ws_moveit/install/moveit_resources_prbt_moveit_config:/home/student36/ws_moveit/install/moveit_ros_move_group:/home/student36/ws_moveit/install/moveit_planners_ompl:/home/student36/ws_moveit/install/moveit_kinematics:/home/student36/ws_moveit/install/moveit_ros_planning:/home/student36/ws_moveit/install/moveit_ros_occupancy_map_monitor:/home/student36/ws_moveit/install/moveit_resources_prbt_support:/home/student36/ws_moveit/install/moveit_resources_prbt_ikfast_manipulator_plugin:/home/student36/ws_moveit/install/moveit_resources:/home/student36/ws_moveit/install/moveit_resources_pr2_description:/home/student36/ws_moveit/install/moveit_resources_panda_moveit_config:/home/student36/ws_moveit/install/dual_arm_panda_moveit_config:/home/student36/ws_moveit/install/moveit_resources_panda_description:/home/student36/ws_moveit/install/moveit_resources_fanuc_moveit_config:/home/student36/ws_moveit/install/moveit_resources_fanuc_description:/home/student36/ws_moveit/install/moveit_planners_stomp:/home/student36/ws_moveit/install/moveit_planners_chomp:/home/student36/ws_moveit/install/chomp_motion_planner:/home/student36/ws_moveit/install/moveit_core:/home/student36/ws_moveit/install/moveit_msgs:/home/student36/ws_moveit/install/moveit_common:/home/student36/ws_moveit/install/kortex_driver:/home/student36/ws_moveit/install/kortex_api:/home/student36/rplidar_ws/install/rplidar_ros:/home/student36/elephant_arm_ws/install/mycobot_280_moveit2:/opt/ros/jazzy/opt/gz_sim_vendor:/opt/ros/jazzy/opt/gz_sensors_vendor:/opt/ros/jazzy/opt/gz_physics_vendor:/opt/ros/jazzy/opt/sdformat_vendor:/opt/ros/jazzy/opt/gz_gui_vendor:/opt/ros/jazzy/opt/gz_transport_vendor:/opt/ros/jazzy/opt/gz_rendering_vendor:/opt/ros/jazzy/opt/gz_plugin_vendor:/opt/ros/jazzy/opt/gz_fuel_tools_vendor:/opt/ros/jazzy/opt/gz_msgs_vendor:/opt/ros/jazzy/opt/gz_common_vendor:/opt/ros/jazzy/opt/gz_math_vendor:/opt/ros/jazzy/opt/gz_utils_vendor:/opt/ros/jazzy/opt/gz_tools_vendor:/opt/ros/jazzy/opt/gz_ogre_next_vendor:/opt/ros/jazzy/opt/gz_dartsim_vendor:/opt/ros/jazzy/opt/gz_cmake_vendor:/home/student36/ros2_tutorial_workspace/install/the_simplest_python_package:/home/student36/ros2_tutorial_workspace/install/python_package_with_a_node:/home/student36/ros2_tutorial_workspace/install/python_package_that_uses_the_library:/home/student36/ros2_tutorial_workspace/install/python_package_with_a_library:/home/student36/ros2_tutorial_workspace/install/python_package_that_uses_the_services:/home/student36/ros2_tutorial_workspace/install/python_package_that_uses_the_actions:/home/student36/ros2_tutorial_workspace/install/python_package_that_uses_tf2:/home/student36/ros2_tutorial_workspace/install/python_package_that_uses_parameters_and_launch_files:/home/student36/ros2_tutorial_workspace/install/python_package_that_uses_nottf2:/home/student36/ros2_tutorial_workspace/install/python_package_that_uses_nav2:/home/student36/ros2_tutorial_workspace/install/python_package_that_uses_messages:/home/student36/ros2_tutorial_workspace/install/python_package_that_uses_geometry_msgs:/home/student36/ros2_tutorial_workspace/install/python_package_that_uses_gazebo:/home/student36/ws_moveit/install/moveit_configs_utils:/home/student36/elephant_arm_ws/install/mycobot_description:/opt/ros/jazzy DEBUGINFOD_URLS=https://debuginfod.ubuntu.com /usr/bin/cmake --install /home/student36/RoboticsDesignProject/Git-repos/LeoRover-Team7/elephant_arm_ws/build/mycobot_ros2
[0.783s] Level 1:colcon.colcon_core.environment:checking '/home/student36/RoboticsDesignProject/Git-repos/LeoRover-Team7/elephant_arm_ws/install/mycobot_ros2' for CMake config files
[0.783s] Level 1:colcon.colcon_core.shell:create_environment_hook('mycobot_ros2', 'cmake_prefix_path')
[0.783s] INFO:colcon.colcon_core.shell:Creating environment hook '/home/student36/RoboticsDesignProject/Git-repos/LeoRover-Team7/elephant_arm_ws/install/mycobot_ros2/share/mycobot_ros2/hook/cmake_prefix_path.ps1'
[0.784s] INFO:colcon.colcon_core.shell:Creating environment descriptor '/home/student36/RoboticsDesignProject/Git-repos/LeoRover-Team7/elephant_arm_ws/install/mycobot_ros2/share/mycobot_ros2/hook/cmake_prefix_path.dsv'
[0.784s] INFO:colcon.colcon_core.shell:Creating environment hook '/home/student36/RoboticsDesignProject/Git-repos/LeoRover-Team7/elephant_arm_ws/install/mycobot_ros2/share/mycobot_ros2/hook/cmake_prefix_path.sh'
[0.785s] Level 1:colcon.colcon_core.environment:checking '/home/student36/RoboticsDesignProject/Git-repos/LeoRover-Team7/elephant_arm_ws/install/mycobot_ros2/bin'
[0.785s] Level 1:colcon.colcon_core.environment:checking '/home/student36/RoboticsDesignProject/Git-repos/LeoRover-Team7/elephant_arm_ws/install/mycobot_ros2/lib/pkgconfig/mycobot_ros2.pc'
[0.786s] Level 1:colcon.colcon_core.environment:checking '/home/student36/RoboticsDesignProject/Git-repos/LeoRover-Team7/elephant_arm_ws/install/mycobot_ros2/lib/python3.12/site-packages'
[0.786s] Level 1:colcon.colcon_core.environment:checking '/home/student36/RoboticsDesignProject/Git-repos/LeoRover-Team7/elephant_arm_ws/install/mycobot_ros2/bin'
[0.786s] INFO:colcon.colcon_core.shell:Creating package script '/home/student36/RoboticsDesignProject/Git-repos/LeoRover-Team7/elephant_arm_ws/install/mycobot_ros2/share/mycobot_ros2/package.ps1'
[0.787s] INFO:colcon.colcon_core.shell:Creating package descriptor '/home/student36/RoboticsDesignProject/Git-repos/LeoRover-Team7/elephant_arm_ws/install/mycobot_ros2/share/mycobot_ros2/package.dsv'
[0.787s] INFO:colcon.colcon_core.shell:Creating package script '/home/student36/RoboticsDesignProject/Git-repos/LeoRover-Team7/elephant_arm_ws/install/mycobot_ros2/share/mycobot_ros2/package.sh'
[0.788s] INFO:colcon.colcon_core.shell:Creating package script '/home/student36/RoboticsDesignProject/Git-repos/LeoRover-Team7/elephant_arm_ws/install/mycobot_ros2/share/mycobot_ros2/package.bash'
[0.788s] INFO:colcon.colcon_core.shell:Creating package script '/home/student36/RoboticsDesignProject/Git-repos/LeoRover-Team7/elephant_arm_ws/install/mycobot_ros2/share/mycobot_ros2/package.zsh'
[0.789s] Level 1:colcon.colcon_core.environment:create_file_with_runtime_dependencies(/home/student36/RoboticsDesignProject/Git-repos/LeoRover-Team7/elephant_arm_ws/install/mycobot_ros2/share/colcon-core/packages/mycobot_ros2)
[0.791s] Level 1:colcon.colcon_core.environment:create_environment_scripts_only(mycobot_ros2)
[0.791s] Level 1:colcon.colcon_core.environment:checking '/home/student36/RoboticsDesignProject/Git-repos/LeoRover-Team7/elephant_arm_ws/install/mycobot_ros2' for CMake module files
[0.792s] Level 1:colcon.colcon_core.environment:checking '/home/student36/RoboticsDesignProject/Git-repos/LeoRover-Team7/elephant_arm_ws/install/mycobot_ros2' for CMake config files
[0.792s] Level 1:colcon.colcon_core.shell:create_environment_hook('mycobot_ros2', 'cmake_prefix_path')
[0.792s] INFO:colcon.colcon_core.shell:Creating environment hook '/home/student36/RoboticsDesignProject/Git-repos/LeoRover-Team7/elephant_arm_ws/install/mycobot_ros2/share/mycobot_ros2/hook/cmake_prefix_path.ps1'
[0.793s] INFO:colcon.colcon_core.shell:Creating environment descriptor '/home/student36/RoboticsDesignProject/Git-repos/LeoRover-Team7/elephant_arm_ws/install/mycobot_ros2/share/mycobot_ros2/hook/cmake_prefix_path.dsv'
[0.793s] INFO:colcon.colcon_core.shell:Creating environment hook '/home/student36/RoboticsDesignProject/Git-repos/LeoRover-Team7/elephant_arm_ws/install/mycobot_ros2/share/mycobot_ros2/hook/cmake_prefix_path.sh'
[0.794s] Level 1:colcon.colcon_core.environment:checking '/home/student36/RoboticsDesignProject/Git-repos/LeoRover-Team7/elephant_arm_ws/install/mycobot_ros2/bin'
[0.795s] Level 1:colcon.colcon_core.environment:checking '/home/student36/RoboticsDesignProject/Git-repos/LeoRover-Team7/elephant_arm_ws/install/mycobot_ros2/lib/pkgconfig/mycobot_ros2.pc'
[0.795s] Level 1:colcon.colcon_core.environment:checking '/home/student36/RoboticsDesignProject/Git-repos/LeoRover-Team7/elephant_arm_ws/install/mycobot_ros2/lib/python3.12/site-packages'
[0.795s] Level 1:colcon.colcon_core.environment:checking '/home/student36/RoboticsDesignProject/Git-repos/LeoRover-Team7/elephant_arm_ws/install/mycobot_ros2/bin'
[0.796s] INFO:colcon.colcon_core.shell:Creating package script '/home/student36/RoboticsDesignProject/Git-repos/LeoRover-Team7/elephant_arm_ws/install/mycobot_ros2/share/mycobot_ros2/package.ps1'
[0.797s] INFO:colcon.colcon_core.shell:Creating package descriptor '/home/student36/RoboticsDesignProject/Git-repos/LeoRover-Team7/elephant_arm_ws/install/mycobot_ros2/share/mycobot_ros2/package.dsv'
[0.798s] INFO:colcon.colcon_core.shell:Creating package script '/home/student36/RoboticsDesignProject/Git-repos/LeoRover-Team7/elephant_arm_ws/install/mycobot_ros2/share/mycobot_ros2/package.sh'
[0.799s] INFO:colcon.colcon_core.shell:Creating package script '/home/student36/RoboticsDesignProject/Git-repos/LeoRover-Team7/elephant_arm_ws/install/mycobot_ros2/share/mycobot_ros2/package.bash'
[0.799s] INFO:colcon.colcon_core.shell:Creating package script '/home/student36/RoboticsDesignProject/Git-repos/LeoRover-Team7/elephant_arm_ws/install/mycobot_ros2/share/mycobot_ros2/package.zsh'
[0.800s] Level 1:colcon.colcon_core.environment:create_file_with_runtime_dependencies(/home/student36/RoboticsDesignProject/Git-repos/LeoRover-Team7/elephant_arm_ws/install/mycobot_ros2/share/colcon-core/packages/mycobot_ros2)
[1.174s] DEBUG:colcon.colcon_core.event_handler.log_command:Invoked command in '/home/student36/RoboticsDesignProject/Git-repos/LeoRover-Team7/elephant_arm_ws/build/moveit_task_constructor_msgs' returned '0': CMAKE_PREFIX_PATH=${CMAKE_PREFIX_PATH}:/home/student36/ros2_tutorial_workspace/install/the_simplest_python_package:/home/student36/ros2_tutorial_workspace/install/python_package_with_a_node:/home/student36/ros2_tutorial_workspace/install/python_package_that_uses_the_library:/home/student36/ros2_tutorial_workspace/install/python_package_with_a_library:/home/student36/ros2_tutorial_workspace/install/python_package_that_uses_the_services:/home/student36/ros2_tutorial_workspace/install/python_package_that_uses_the_actions:/home/student36/ros2_tutorial_workspace/install/python_package_that_uses_tf2:/home/student36/ros2_tutorial_workspace/install/python_package_that_uses_parameters_and_launch_files:/home/student36/ros2_tutorial_workspace/install/python_package_that_uses_nottf2:/home/student36/ros2_tutorial_workspace/install/python_package_that_uses_nav2:/home/student36/ros2_tutorial_workspace/install/python_package_that_uses_messages:/home/student36/ros2_tutorial_workspace/install/python_package_that_uses_geometry_msgs:/home/student36/ros2_tutorial_workspace/install/python_package_that_uses_gazebo:/home/student36/ws_moveit/install/moveit_configs_utils:/home/student36/elephant_arm_ws/install/mycobot_description:/opt/ros/jazzy DEBUGINFOD_URLS=https://debuginfod.ubuntu.com /usr/bin/cmake --build /home/student36/RoboticsDesignProject/Git-repos/LeoRover-Team7/elephant_arm_ws/build/moveit_task_constructor_msgs -- -j12 -l12
[1.175s] DEBUG:colcon.colcon_core.event_handler.log_command:Invoking command in '/home/student36/RoboticsDesignProject/Git-repos/LeoRover-Team7/elephant_arm_ws/build/moveit_task_constructor_msgs': CMAKE_PREFIX_PATH=${CMAKE_PREFIX_PATH}:/home/student36/ros2_tutorial_workspace/install/the_simplest_python_package:/home/student36/ros2_tutorial_workspace/install/python_package_with_a_node:/home/student36/ros2_tutorial_workspace/install/python_package_that_uses_the_library:/home/student36/ros2_tutorial_workspace/install/python_package_with_a_library:/home/student36/ros2_tutorial_workspace/install/python_package_that_uses_the_services:/home/student36/ros2_tutorial_workspace/install/python_package_that_uses_the_actions:/home/student36/ros2_tutorial_workspace/install/python_package_that_uses_tf2:/home/student36/ros2_tutorial_workspace/install/python_package_that_uses_parameters_and_launch_files:/home/student36/ros2_tutorial_workspace/install/python_package_that_uses_nottf2:/home/student36/ros2_tutorial_workspace/install/python_package_that_uses_nav2:/home/student36/ros2_tutorial_workspace/install/python_package_that_uses_messages:/home/student36/ros2_tutorial_workspace/install/python_package_that_uses_geometry_msgs:/home/student36/ros2_tutorial_workspace/install/python_package_that_uses_gazebo:/home/student36/ws_moveit/install/moveit_configs_utils:/home/student36/elephant_arm_ws/install/mycobot_description:/opt/ros/jazzy DEBUGINFOD_URLS=https://debuginfod.ubuntu.com /usr/bin/cmake --install /home/student36/RoboticsDesignProject/Git-repos/LeoRover-Team7/elephant_arm_ws/build/moveit_task_constructor_msgs
[1.294s] Level 1:colcon.colcon_core.environment:create_environment_scripts_only(moveit_task_constructor_msgs)
[1.294s] Level 1:colcon.colcon_core.environment:checking '/home/student36/RoboticsDesignProject/Git-repos/LeoRover-Team7/elephant_arm_ws/install/moveit_task_constructor_msgs' for CMake module files
[1.295s] Level 1:colcon.colcon_core.environment:checking '/home/student36/RoboticsDesignProject/Git-repos/LeoRover-Team7/elephant_arm_ws/install/moveit_task_constructor_msgs' for CMake config files
[1.296s] DEBUG:colcon.colcon_core.event_handler.log_command:Invoked command in '/home/student36/RoboticsDesignProject/Git-repos/LeoRover-Team7/elephant_arm_ws/build/moveit_task_constructor_msgs' returned '0': CMAKE_PREFIX_PATH=${CMAKE_PREFIX_PATH}:/home/student36/ros2_tutorial_workspace/install/the_simplest_python_package:/home/student36/ros2_tutorial_workspace/install/python_package_with_a_node:/home/student36/ros2_tutorial_workspace/install/python_package_that_uses_the_library:/home/student36/ros2_tutorial_workspace/install/python_package_with_a_library:/home/student36/ros2_tutorial_workspace/install/python_package_that_uses_the_services:/home/student36/ros2_tutorial_workspace/install/python_package_that_uses_the_actions:/home/student36/ros2_tutorial_workspace/install/python_package_that_uses_tf2:/home/student36/ros2_tutorial_workspace/install/python_package_that_uses_parameters_and_launch_files:/home/student36/ros2_tutorial_workspace/install/python_package_that_uses_nottf2:/home/student36/ros2_tutorial_workspace/install/python_package_that_uses_nav2:/home/student36/ros2_tutorial_workspace/install/python_package_that_uses_messages:/home/student36/ros2_tutorial_workspace/install/python_package_that_uses_geometry_msgs:/home/student36/ros2_tutorial_workspace/install/python_package_that_uses_gazebo:/home/student36/ws_moveit/install/moveit_configs_utils:/home/student36/elephant_arm_ws/install/mycobot_description:/opt/ros/jazzy DEBUGINFOD_URLS=https://debuginfod.ubuntu.com /usr/bin/cmake --install /home/student36/RoboticsDesignProject/Git-repos/LeoRover-Team7/elephant_arm_ws/build/moveit_task_constructor_msgs
[1.297s] Level 1:colcon.colcon_core.shell:create_environment_hook('moveit_task_constructor_msgs', 'cmake_prefix_path')
[1.297s] INFO:colcon.colcon_core.shell:Creating environment hook '/home/student36/RoboticsDesignProject/Git-repos/LeoRover-Team7/elephant_arm_ws/install/moveit_task_constructor_msgs/share/moveit_task_constructor_msgs/hook/cmake_prefix_path.ps1'
[1.298s] INFO:colcon.colcon_core.shell:Creating environment descriptor '/home/student36/RoboticsDesignProject/Git-repos/LeoRover-Team7/elephant_arm_ws/install/moveit_task_constructor_msgs/share/moveit_task_constructor_msgs/hook/cmake_prefix_path.dsv'
[1.299s] INFO:colcon.colcon_core.shell:Creating environment hook '/home/student36/RoboticsDesignProject/Git-repos/LeoRover-Team7/elephant_arm_ws/install/moveit_task_constructor_msgs/share/moveit_task_constructor_msgs/hook/cmake_prefix_path.sh'
[1.300s] Level 1:colcon.colcon_core.environment:checking '/home/student36/RoboticsDesignProject/Git-repos/LeoRover-Team7/elephant_arm_ws/install/moveit_task_constructor_msgs/lib'
[1.300s] Level 1:colcon.colcon_core.shell:create_environment_hook('moveit_task_constructor_msgs', 'ld_library_path_lib')
[1.301s] INFO:colcon.colcon_core.shell:Creating environment hook '/home/student36/RoboticsDesignProject/Git-repos/LeoRover-Team7/elephant_arm_ws/install/moveit_task_constructor_msgs/share/moveit_task_constructor_msgs/hook/ld_library_path_lib.ps1'
[1.302s] INFO:colcon.colcon_core.shell:Creating environment descriptor '/home/student36/RoboticsDesignProject/Git-repos/LeoRover-Team7/elephant_arm_ws/install/moveit_task_constructor_msgs/share/moveit_task_constructor_msgs/hook/ld_library_path_lib.dsv'
[1.302s] INFO:colcon.colcon_core.shell:Creating environment hook '/home/student36/RoboticsDesignProject/Git-repos/LeoRover-Team7/elephant_arm_ws/install/moveit_task_constructor_msgs/share/moveit_task_constructor_msgs/hook/ld_library_path_lib.sh'
[1.303s] Level 1:colcon.colcon_core.environment:checking '/home/student36/RoboticsDesignProject/Git-repos/LeoRover-Team7/elephant_arm_ws/install/moveit_task_constructor_msgs/bin'
[1.303s] Level 1:colcon.colcon_core.environment:checking '/home/student36/RoboticsDesignProject/Git-repos/LeoRover-Team7/elephant_arm_ws/install/moveit_task_constructor_msgs/lib/pkgconfig/moveit_task_constructor_msgs.pc'
[1.304s] Level 1:colcon.colcon_core.environment:checking '/home/student36/RoboticsDesignProject/Git-repos/LeoRover-Team7/elephant_arm_ws/install/moveit_task_constructor_msgs/lib/python3.12/site-packages'
[1.304s] Level 1:colcon.colcon_core.shell:create_environment_hook('moveit_task_constructor_msgs', 'pythonpath')
[1.304s] INFO:colcon.colcon_core.shell:Creating environment hook '/home/student36/RoboticsDesignProject/Git-repos/LeoRover-Team7/elephant_arm_ws/install/moveit_task_constructor_msgs/share/moveit_task_constructor_msgs/hook/pythonpath.ps1'
[1.308s] INFO:colcon.colcon_core.shell:Creating environment descriptor '/home/student36/RoboticsDesignProject/Git-repos/LeoRover-Team7/elephant_arm_ws/install/moveit_task_constructor_msgs/share/moveit_task_constructor_msgs/hook/pythonpath.dsv'
[1.310s] INFO:colcon.colcon_core.shell:Creating environment hook '/home/student36/RoboticsDesignProject/Git-repos/LeoRover-Team7/elephant_arm_ws/install/moveit_task_constructor_msgs/share/moveit_task_constructor_msgs/hook/pythonpath.sh'
[1.316s] Level 1:colcon.colcon_core.environment:checking '/home/student36/RoboticsDesignProject/Git-repos/LeoRover-Team7/elephant_arm_ws/install/moveit_task_constructor_msgs/bin'
[1.317s] INFO:colcon.colcon_core.shell:Creating package script '/home/student36/RoboticsDesignProject/Git-repos/LeoRover-Team7/elephant_arm_ws/install/moveit_task_constructor_msgs/share/moveit_task_constructor_msgs/package.ps1'
[1.319s] INFO:colcon.colcon_core.shell:Creating package descriptor '/home/student36/RoboticsDesignProject/Git-repos/LeoRover-Team7/elephant_arm_ws/install/moveit_task_constructor_msgs/share/moveit_task_constructor_msgs/package.dsv'
[1.320s] INFO:colcon.colcon_core.shell:Creating package script '/home/student36/RoboticsDesignProject/Git-repos/LeoRover-Team7/elephant_arm_ws/install/moveit_task_constructor_msgs/share/moveit_task_constructor_msgs/package.sh'
[1.323s] INFO:colcon.colcon_core.shell:Creating package script '/home/student36/RoboticsDesignProject/Git-repos/LeoRover-Team7/elephant_arm_ws/install/moveit_task_constructor_msgs/share/moveit_task_constructor_msgs/package.bash'
[1.326s] INFO:colcon.colcon_core.shell:Creating package script '/home/student36/RoboticsDesignProject/Git-repos/LeoRover-Team7/elephant_arm_ws/install/moveit_task_constructor_msgs/share/moveit_task_constructor_msgs/package.zsh'
[1.330s] Level 1:colcon.colcon_core.environment:create_file_with_runtime_dependencies(/home/student36/RoboticsDesignProject/Git-repos/LeoRover-Team7/elephant_arm_ws/install/moveit_task_constructor_msgs/share/colcon-core/packages/moveit_task_constructor_msgs)
[1.331s] Level 1:colcon.colcon_core.environment:create_environment_scripts_only(moveit_task_constructor_msgs)
[1.331s] Level 1:colcon.colcon_core.environment:checking '/home/student36/RoboticsDesignProject/Git-repos/LeoRover-Team7/elephant_arm_ws/install/moveit_task_constructor_msgs' for CMake module files
[1.332s] Level 1:colcon.colcon_core.environment:checking '/home/student36/RoboticsDesignProject/Git-repos/LeoRover-Team7/elephant_arm_ws/install/moveit_task_constructor_msgs' for CMake config files
[1.336s] Level 1:colcon.colcon_core.shell:create_environment_hook('moveit_task_constructor_msgs', 'cmake_prefix_path')
[1.337s] INFO:colcon.colcon_core.shell:Creating environment hook '/home/student36/RoboticsDesignProject/Git-repos/LeoRover-Team7/elephant_arm_ws/install/moveit_task_constructor_msgs/share/moveit_task_constructor_msgs/hook/cmake_prefix_path.ps1'
[1.339s] INFO:colcon.colcon_core.shell:Creating environment descriptor '/home/student36/RoboticsDesignProject/Git-repos/LeoRover-Team7/elephant_arm_ws/install/moveit_task_constructor_msgs/share/moveit_task_constructor_msgs/hook/cmake_prefix_path.dsv'
[1.340s] INFO:colcon.colcon_core.shell:Creating environment hook '/home/student36/RoboticsDesignProject/Git-repos/LeoRover-Team7/elephant_arm_ws/install/moveit_task_constructor_msgs/share/moveit_task_constructor_msgs/hook/cmake_prefix_path.sh'
[1.344s] Level 1:colcon.colcon_core.environment:checking '/home/student36/RoboticsDesignProject/Git-repos/LeoRover-Team7/elephant_arm_ws/install/moveit_task_constructor_msgs/lib'
[1.344s] Level 1:colcon.colcon_core.shell:create_environment_hook('moveit_task_constructor_msgs', 'ld_library_path_lib')
[1.345s] INFO:colcon.colcon_core.shell:Creating environment hook '/home/student36/RoboticsDesignProject/Git-repos/LeoRover-Team7/elephant_arm_ws/install/moveit_task_constructor_msgs/share/moveit_task_constructor_msgs/hook/ld_library_path_lib.ps1'
[1.349s] INFO:colcon.colcon_core.shell:Creating environment descriptor '/home/student36/RoboticsDesignProject/Git-repos/LeoRover-Team7/elephant_arm_ws/install/moveit_task_constructor_msgs/share/moveit_task_constructor_msgs/hook/ld_library_path_lib.dsv'
[1.350s] INFO:colcon.colcon_core.shell:Creating environment hook '/home/student36/RoboticsDesignProject/Git-repos/LeoRover-Team7/elephant_arm_ws/install/moveit_task_constructor_msgs/share/moveit_task_constructor_msgs/hook/ld_library_path_lib.sh'
[1.351s] Level 1:colcon.colcon_core.environment:checking '/home/student36/RoboticsDesignProject/Git-repos/LeoRover-Team7/elephant_arm_ws/install/moveit_task_constructor_msgs/bin'
[1.351s] Level 1:colcon.colcon_core.environment:checking '/home/student36/RoboticsDesignProject/Git-repos/LeoRover-Team7/elephant_arm_ws/install/moveit_task_constructor_msgs/lib/pkgconfig/moveit_task_constructor_msgs.pc'
[1.352s] Level 1:colcon.colcon_core.environment:checking '/home/student36/RoboticsDesignProject/Git-repos/LeoRover-Team7/elephant_arm_ws/install/moveit_task_constructor_msgs/lib/python3.12/site-packages'
[1.352s] Level 1:colcon.colcon_core.shell:create_environment_hook('moveit_task_constructor_msgs', 'pythonpath')
[1.352s] INFO:colcon.colcon_core.shell:Creating environment hook '/home/student36/RoboticsDesignProject/Git-repos/LeoRover-Team7/elephant_arm_ws/install/moveit_task_constructor_msgs/share/moveit_task_constructor_msgs/hook/pythonpath.ps1'
[1.353s] INFO:colcon.colcon_core.shell:Creating environment descriptor '/home/student36/RoboticsDesignProject/Git-repos/LeoRover-Team7/elephant_arm_ws/install/moveit_task_constructor_msgs/share/moveit_task_constructor_msgs/hook/pythonpath.dsv'
[1.353s] INFO:colcon.colcon_core.shell:Creating environment hook '/home/student36/RoboticsDesignProject/Git-repos/LeoRover-Team7/elephant_arm_ws/install/moveit_task_constructor_msgs/share/moveit_task_constructor_msgs/hook/pythonpath.sh'
[1.354s] Level 1:colcon.colcon_core.environment:checking '/home/student36/RoboticsDesignProject/Git-repos/LeoRover-Team7/elephant_arm_ws/install/moveit_task_constructor_msgs/bin'
[1.355s] INFO:colcon.colcon_core.shell:Creating package script '/home/student36/RoboticsDesignProject/Git-repos/LeoRover-Team7/elephant_arm_ws/install/moveit_task_constructor_msgs/share/moveit_task_constructor_msgs/package.ps1'
[1.356s] INFO:colcon.colcon_core.shell:Creating package descriptor '/home/student36/RoboticsDesignProject/Git-repos/LeoRover-Team7/elephant_arm_ws/install/moveit_task_constructor_msgs/share/moveit_task_constructor_msgs/package.dsv'
[1.357s] INFO:colcon.colcon_core.shell:Creating package script '/home/student36/RoboticsDesignProject/Git-repos/LeoRover-Team7/elephant_arm_ws/install/moveit_task_constructor_msgs/share/moveit_task_constructor_msgs/package.sh'
[1.357s] INFO:colcon.colcon_core.shell:Creating package script '/home/student36/RoboticsDesignProject/Git-repos/LeoRover-Team7/elephant_arm_ws/install/moveit_task_constructor_msgs/share/moveit_task_constructor_msgs/package.bash'
[1.358s] INFO:colcon.colcon_core.shell:Creating package script '/home/student36/RoboticsDesignProject/Git-repos/LeoRover-Team7/elephant_arm_ws/install/moveit_task_constructor_msgs/share/moveit_task_constructor_msgs/package.zsh'
[1.359s] Level 1:colcon.colcon_core.environment:create_file_with_runtime_dependencies(/home/student36/RoboticsDesignProject/Git-repos/LeoRover-Team7/elephant_arm_ws/install/moveit_task_constructor_msgs/share/colcon-core/packages/moveit_task_constructor_msgs)
[1.359s] INFO:colcon.colcon_ros.task.ament_cmake.build:Building ROS package in '/home/student36/RoboticsDesignProject/Git-repos/LeoRover-Team7/elephant_arm_ws/src/moveit_task_constructor/core' with build type 'ament_cmake'
[1.359s] INFO:colcon.colcon_cmake.task.cmake.build:Building CMake package in '/home/student36/RoboticsDesignProject/Git-repos/LeoRover-Team7/elephant_arm_ws/src/moveit_task_constructor/core'
[1.360s] INFO:colcon.colcon_core.shell:Skip shell extension 'powershell' for command environment: Not usable outside of PowerShell
[1.360s] DEBUG:colcon.colcon_core.shell:Skip shell extension 'dsv' for command environment
[1.396s] DEBUG:colcon.colcon_core.event_handler.log_command:Invoking command in '/home/student36/RoboticsDesignProject/Git-repos/LeoRover-Team7/elephant_arm_ws/build/moveit_task_constructor_core': CMAKE_PREFIX_PATH=/home/student36/RoboticsDesignProject/Git-repos/LeoRover-Team7/elephant_arm_ws/install/rviz_marker_tools:/home/student36/RoboticsDesignProject/Git-repos/LeoRover-Team7/elephant_arm_ws/install/moveit_task_constructor_msgs:/home/student36/RoboticsDesignProject/Git-repos/LeoRover-Team7/elephant_arm_ws/install/mtc_tutorial:/home/student36/RoboticsDesignProject/Git-repos/LeoRover-Team7/elephant_arm_ws/install/moveit_task_constructor_demo:/home/student36/RoboticsDesignProject/Git-repos/LeoRover-Team7/elephant_arm_ws/install/moveit_task_constructor_visualization:/home/student36/RoboticsDesignProject/Git-repos/LeoRover-Team7/elephant_arm_ws/install/moveit_task_constructor_capabilities:/home/student36/RoboticsDesignProject/Git-repos/LeoRover-Team7/elephant_arm_ws/install/moveit_task_constructor_core:/home/student36/RoboticsDesignProject/Git-repos/LeoRover-Team7/elephant_arm_ws/install/mycobot_ros2:/home/student36/RoboticsDesignProject/Git-repos/LeoRover-Team7/elephant_arm_ws/install/mycobot_moveit_config:/home/student36/RoboticsDesignProject/Git-repos/LeoRover-Team7/elephant_arm_ws/install/mycobot_gazebo:/home/student36/RoboticsDesignProject/Git-repos/LeoRover-Team7/elephant_arm_ws/install/mycobot_description:/home/student36/RoboticsDesignProject/Git-repos/LeoRover-Team7/elephant_arm_ws/install/mycobot_bringup:/home/student36/RoboticsDesignProject/Git-repos/LeoRover-Team7/elephant_arm_ws/install/hello_moveit:/home/student36/ros2_tutorial_workspace/install/package_with_interfaces:/home/student36/ws_moveit/install/robotiq_hardware_tests:/home/student36/ws_moveit/install/robotiq_driver:/home/student36/ws_moveit/install/serial:/home/student36/ws_moveit/install/moveit2_tutorials:/home/student36/ws_moveit/install/hello_moveit:/home/student36/ws_moveit/install/moveit_visual_tools:/home/student36/ws_moveit/install/rviz_visual_tools:/home/student36/ws_moveit/install/mtc_tutorial:/home/student36/ws_moveit/install/moveit_task_constructor_demo:/home/student36/ws_moveit/install/moveit_task_constructor_visualization:/home/student36/ws_moveit/install/moveit_task_constructor_capabilities:/home/student36/ws_moveit/install/elephant:/home/student36/ws_moveit/install/moveit_task_constructor_core:/home/student36/ws_moveit/install/rviz_marker_tools:/home/student36/ws_moveit/install/kortex_bringup:/home/student36/ws_moveit/install/kinova_gen3_lite_moveit_config:/home/student36/ws_moveit/install/kinova_gen3_7dof_robotiq_2f_85_moveit_config:/home/student36/ws_moveit/install/kinova_gen3_6dof_robotiq_2f_85_moveit_config:/home/student36/ws_moveit/install/kortex_description:/home/student36/ws_moveit/install/robotiq_description:/home/student36/ws_moveit/install/robotiq_controllers:/home/student36/ws_moveit/install/pilz_industrial_motion_planner_testutils:/home/student36/ws_moveit/install/mycobot_280_moveit2:/home/student36/ws_moveit/install/moveit_runtime:/home/student36/ws_moveit/install/moveit:/home/student36/ws_moveit/install/elephant_arm:/home/student36/ws_moveit/install/moveit_planners:/home/student36/ws_moveit/install/pilz_industrial_motion_planner:/home/student36/ws_moveit/install/mycobot_description:/home/student36/ws_moveit/install/moveit_task_constructor_msgs:/home/student36/ws_moveit/install/moveit_ros_control_interface:/home/student36/ws_moveit/install/moveit_plugins:/home/student36/ws_moveit/install/moveit_simple_controller_manager:/home/student36/ws_moveit/install/moveit_setup_assistant:/home/student36/ws_moveit/install/moveit_setup_srdf_plugins:/home/student36/ws_moveit/install/moveit_setup_core_plugins:/home/student36/ws_moveit/install/moveit_setup_controllers:/home/student36/ws_moveit/install/moveit_setup_app_plugins:/home/student36/ws_moveit/install/moveit_setup_framework:/home/student36/ws_moveit/install/moveit_servo:/home/student36/ws_moveit/install/moveit_ros_trajectory_cache:/home/student36/ws_moveit/install/moveit_ros:/home/student36/ws_moveit/install/moveit_ros_visualization:/home/student36/ws_moveit/install/moveit_py:/home/student36/ws_moveit/install/moveit_hybrid_planning:/home/student36/ws_moveit/install/moveit_ros_planning_interface:/home/student36/ws_moveit/install/moveit_ros_benchmarks:/home/student36/ws_moveit/install/moveit_ros_warehouse:/home/student36/ws_moveit/install/moveit_ros_robot_interaction:/home/student36/ws_moveit/install/moveit_ros_perception:/home/student36/ws_moveit/install/moveit_resources_prbt_pg70_support:/home/student36/ws_moveit/install/moveit_resources_prbt_moveit_config:/home/student36/ws_moveit/install/moveit_ros_move_group:/home/student36/ws_moveit/install/moveit_planners_ompl:/home/student36/ws_moveit/install/moveit_kinematics:/home/student36/ws_moveit/install/moveit_ros_planning:/home/student36/ws_moveit/install/moveit_ros_occupancy_map_monitor:/home/student36/ws_moveit/install/moveit_resources_prbt_support:/home/student36/ws_moveit/install/moveit_resources_prbt_ikfast_manipulator_plugin:/home/student36/ws_moveit/install/moveit_resources:/home/student36/ws_moveit/install/moveit_resources_pr2_description:/home/student36/ws_moveit/install/moveit_resources_panda_moveit_config:/home/student36/ws_moveit/install/dual_arm_panda_moveit_config:/home/student36/ws_moveit/install/moveit_resources_panda_description:/home/student36/ws_moveit/install/moveit_resources_fanuc_moveit_config:/home/student36/ws_moveit/install/moveit_resources_fanuc_description:/home/student36/ws_moveit/install/moveit_planners_stomp:/home/student36/ws_moveit/install/moveit_planners_chomp:/home/student36/ws_moveit/install/chomp_motion_planner:/home/student36/ws_moveit/install/moveit_core:/home/student36/ws_moveit/install/moveit_msgs:/home/student36/ws_moveit/install/moveit_common:/home/student36/ws_moveit/install/kortex_driver:/home/student36/ws_moveit/install/kortex_api:/home/student36/rplidar_ws/install/rplidar_ros:/home/student36/elephant_arm_ws/install/mycobot_280_moveit2:/opt/ros/jazzy/opt/gz_sim_vendor:/opt/ros/jazzy/opt/gz_sensors_vendor:/opt/ros/jazzy/opt/gz_physics_vendor:/opt/ros/jazzy/opt/sdformat_vendor:/opt/ros/jazzy/opt/gz_gui_vendor:/opt/ros/jazzy/opt/gz_transport_vendor:/opt/ros/jazzy/opt/gz_rendering_vendor:/opt/ros/jazzy/opt/gz_plugin_vendor:/opt/ros/jazzy/opt/gz_fuel_tools_vendor:/opt/ros/jazzy/opt/gz_msgs_vendor:/opt/ros/jazzy/opt/gz_common_vendor:/opt/ros/jazzy/opt/gz_math_vendor:/opt/ros/jazzy/opt/gz_utils_vendor:/opt/ros/jazzy/opt/gz_tools_vendor:/opt/ros/jazzy/opt/gz_ogre_next_vendor:/opt/ros/jazzy/opt/gz_dartsim_vendor:/opt/ros/jazzy/opt/gz_cmake_vendor:/home/student36/ros2_tutorial_workspace/install/the_simplest_python_package:/home/student36/ros2_tutorial_workspace/install/python_package_with_a_node:/home/student36/ros2_tutorial_workspace/install/python_package_that_uses_the_library:/home/student36/ros2_tutorial_workspace/install/python_package_with_a_library:/home/student36/ros2_tutorial_workspace/install/python_package_that_uses_the_services:/home/student36/ros2_tutorial_workspace/install/python_package_that_uses_the_actions:/home/student36/ros2_tutorial_workspace/install/python_package_that_uses_tf2:/home/student36/ros2_tutorial_workspace/install/python_package_that_uses_parameters_and_launch_files:/home/student36/ros2_tutorial_workspace/install/python_package_that_uses_nottf2:/home/student36/ros2_tutorial_workspace/install/python_package_that_uses_nav2:/home/student36/ros2_tutorial_workspace/install/python_package_that_uses_messages:/home/student36/ros2_tutorial_workspace/install/python_package_that_uses_geometry_msgs:/home/student36/ros2_tutorial_workspace/install/python_package_that_uses_gazebo:/home/student36/ws_moveit/install/moveit_configs_utils:/home/student36/elephant_arm_ws/install/mycobot_description:/opt/ros/jazzy DEBUGINFOD_URLS=https://debuginfod.ubuntu.com LD_LIBRARY_PATH=/home/student36/RoboticsDesignProject/Git-repos/LeoRover-Team7/elephant_arm_ws/install/rviz_marker_tools/lib:/home/student36/RoboticsDesignProject/Git-repos/LeoRover-Team7/elephant_arm_ws/install/moveit_task_constructor_msgs/lib:/home/student36/RoboticsDesignProject/Git-repos/LeoRover-Team7/elephant_arm_ws/install/moveit_task_constructor_demo/lib:/home/student36/RoboticsDesignProject/Git-repos/LeoRover-Team7/elephant_arm_ws/install/moveit_task_constructor_visualization/lib:/home/student36/RoboticsDesignProject/Git-repos/LeoRover-Team7/elephant_arm_ws/install/moveit_task_constructor_capabilities/lib:/home/student36/RoboticsDesignProject/Git-repos/LeoRover-Team7/elephant_arm_ws/install/moveit_task_constructor_core/lib:/home/student36/ros2_tutorial_workspace/install/package_with_interfaces/lib:/home/student36/ws_moveit/install/robotiq_driver/lib:/home/student36/ws_moveit/install/serial/lib:/home/student36/ws_moveit/install/moveit_visual_tools/lib:/home/student36/ws_moveit/install/rviz_visual_tools/lib:/home/student36/ws_moveit/install/moveit_task_constructor_demo/lib:/home/student36/ws_moveit/install/moveit_task_constructor_visualization/lib:/home/student36/ws_moveit/install/moveit_task_constructor_capabilities/lib:/home/student36/ws_moveit/install/moveit_task_constructor_core/lib:/home/student36/ws_moveit/install/rviz_marker_tools/lib:/home/student36/ws_moveit/install/robotiq_controllers/lib:/home/student36/ws_moveit/install/pilz_industrial_motion_planner_testutils/lib:/home/student36/ws_moveit/install/pilz_industrial_motion_planner/lib:/home/student36/ws_moveit/install/moveit_task_constructor_msgs/lib:/home/student36/ws_moveit/install/moveit_ros_control_interface/lib:/home/student36/ws_moveit/install/moveit_simple_controller_manager/lib:/home/student36/ws_moveit/install/moveit_setup_assistant/lib:/home/student36/ws_moveit/install/moveit_setup_srdf_plugins/lib:/home/student36/ws_moveit/install/moveit_setup_core_plugins/lib:/home/student36/ws_moveit/install/moveit_setup_controllers/lib:/home/student36/ws_moveit/install/moveit_setup_app_plugins/lib:/home/student36/ws_moveit/install/moveit_setup_framework/lib:/home/student36/ws_moveit/install/moveit_servo/lib:/home/student36/ws_moveit/install/moveit_ros_trajectory_cache/lib:/home/student36/ws_moveit/install/moveit_ros_visualization/lib:/home/student36/ws_moveit/install/moveit_py/lib:/home/student36/ws_moveit/install/moveit_hybrid_planning/lib:/home/student36/ws_moveit/install/moveit_ros_planning_interface/lib:/home/student36/ws_moveit/install/moveit_ros_benchmarks/lib:/home/student36/ws_moveit/install/moveit_ros_warehouse/lib:/home/student36/ws_moveit/install/moveit_ros_robot_interaction/lib:/home/student36/ws_moveit/install/moveit_ros_perception/lib:/home/student36/ws_moveit/install/moveit_ros_move_group/lib:/home/student36/ws_moveit/install/moveit_planners_ompl/lib:/home/student36/ws_moveit/install/moveit_kinematics/lib:/home/student36/ws_moveit/install/moveit_ros_planning/lib:/home/student36/ws_moveit/install/moveit_ros_occupancy_map_monitor/lib:/home/student36/ws_moveit/install/moveit_resources_prbt_ikfast_manipulator_plugin/lib:/home/student36/ws_moveit/install/moveit_planners_stomp/lib:/home/student36/ws_moveit/install/moveit_planners_chomp/lib:/home/student36/ws_moveit/install/chomp_motion_planner/lib:/home/student36/ws_moveit/install/moveit_core/lib:/home/student36/ws_moveit/install/moveit_msgs/lib:/home/student36/ws_moveit/install/kortex_driver/lib:/opt/ros/jazzy/opt/gz_sim_vendor/lib:/opt/ros/jazzy/opt/gz_sensors_vendor/lib:/opt/ros/jazzy/opt/gz_physics_vendor/lib:/opt/ros/jazzy/opt/sdformat_vendor/lib:/opt/ros/jazzy/opt/rviz_ogre_vendor/lib:/opt/ros/jazzy/lib/x86_64-linux-gnu:/opt/ros/jazzy/opt/gz_gui_vendor/lib:/opt/ros/jazzy/opt/gz_transport_vendor/lib:/opt/ros/jazzy/opt/gz_rendering_vendor/lib:/opt/ros/jazzy/opt/gz_plugin_vendor/lib:/opt/ros/jazzy/opt/gz_fuel_tools_vendor/lib:/opt/ros/jazzy/opt/gz_msgs_vendor/lib:/opt/ros/jazzy/opt/gz_common_vendor/lib:/opt/ros/jazzy/opt/gz_math_vendor/lib:/opt/ros/jazzy/opt/gz_utils_vendor/lib:/opt/ros/jazzy/opt/gz_tools_vendor/lib:/opt/ros/jazzy/opt/gz_ogre_next_vendor/lib:/opt/ros/jazzy/opt/gz_dartsim_vendor/lib:/opt/ros/jazzy/opt/gz_cmake_vendor/lib:/opt/ros/jazzy/lib PYTHONPATH=/home/student36/RoboticsDesignProject/Git-repos/LeoRover-Team7/elephant_arm_ws/install/moveit_task_constructor_msgs/lib/python3.12/site-packages:/home/student36/RoboticsDesignProject/Git-repos/LeoRover-Team7/elephant_arm_ws/install/moveit_task_constructor_core/lib/python3.12/site-packages:/home/student36/ros2_tutorial_workspace/install/the_simplest_python_package/lib/python3.12/site-packages:/home/student36/ros2_tutorial_workspace/install/python_package_with_a_node/lib/python3.12/site-packages:/home/student36/ros2_tutorial_workspace/install/python_package_that_uses_the_library/lib/python3.12/site-packages:/home/student36/ros2_tutorial_workspace/install/python_package_with_a_library/lib/python3.12/site-packages:/home/student36/ros2_tutorial_workspace/install/python_package_that_uses_the_services/lib/python3.12/site-packages:/home/student36/ros2_tutorial_workspace/install/python_package_that_uses_the_actions/lib/python3.12/site-packages:/home/student36/ros2_tutorial_workspace/install/python_package_that_uses_tf2/lib/python3.12/site-packages:/home/student36/ros2_tutorial_workspace/install/python_package_that_uses_parameters_and_launch_files/lib/python3.12/site-packages:/home/student36/ros2_tutorial_workspace/install/python_package_that_uses_nottf2/lib/python3.12/site-packages:/home/student36/ros2_tutorial_workspace/install/python_package_that_uses_nav2/lib/python3.12/site-packages:/home/student36/ros2_tutorial_workspace/install/python_package_that_uses_messages/lib/python3.12/site-packages:/home/student36/ros2_tutorial_workspace/install/python_package_that_uses_geometry_msgs/lib/python3.12/site-packages:/home/student36/ros2_tutorial_workspace/install/python_package_that_uses_gazebo/lib/python3.12/site-packages:/home/student36/ros2_tutorial_workspace/install/package_with_interfaces/lib/python3.12/site-packages:/home/student36/ws_moveit/install/moveit_task_constructor_core/lib/python3.12/site-packages:/home/student36/ws_moveit/install/mycobot_description/lib/python3.12/site-packages:/home/student36/ws_moveit/install/moveit_task_constructor_msgs/lib/python3.12/site-packages:/home/student36/ws_moveit/install/moveit_py/lib/python3.12/site-packages:/home/student36/ws_moveit/install/moveit_msgs/lib/python3.12/site-packages:/home/student36/ws_moveit/install/moveit_configs_utils/lib/python3.12/site-packages:/home/student36/elephant_arm_ws/install/mycobot_description/lib/python3.12/site-packages:/opt/ros/jazzy/lib/python3.12/site-packages /usr/bin/cmake --build /home/student36/RoboticsDesignProject/Git-repos/LeoRover-Team7/elephant_arm_ws/build/moveit_task_constructor_core -- -j12 -l12
[2.227s] DEBUG:colcon.colcon_core.event_handler.log_command:Invoked command in '/home/student36/RoboticsDesignProject/Git-repos/LeoRover-Team7/elephant_arm_ws/build/moveit_task_constructor_core' returned '0': CMAKE_PREFIX_PATH=/home/student36/RoboticsDesignProject/Git-repos/LeoRover-Team7/elephant_arm_ws/install/rviz_marker_tools:/home/student36/RoboticsDesignProject/Git-repos/LeoRover-Team7/elephant_arm_ws/install/moveit_task_constructor_msgs:/home/student36/RoboticsDesignProject/Git-repos/LeoRover-Team7/elephant_arm_ws/install/mtc_tutorial:/home/student36/RoboticsDesignProject/Git-repos/LeoRover-Team7/elephant_arm_ws/install/moveit_task_constructor_demo:/home/student36/RoboticsDesignProject/Git-repos/LeoRover-Team7/elephant_arm_ws/install/moveit_task_constructor_visualization:/home/student36/RoboticsDesignProject/Git-repos/LeoRover-Team7/elephant_arm_ws/install/moveit_task_constructor_capabilities:/home/student36/RoboticsDesignProject/Git-repos/LeoRover-Team7/elephant_arm_ws/install/moveit_task_constructor_core:/home/student36/RoboticsDesignProject/Git-repos/LeoRover-Team7/elephant_arm_ws/install/mycobot_ros2:/home/student36/RoboticsDesignProject/Git-repos/LeoRover-Team7/elephant_arm_ws/install/mycobot_moveit_config:/home/student36/RoboticsDesignProject/Git-repos/LeoRover-Team7/elephant_arm_ws/install/mycobot_gazebo:/home/student36/RoboticsDesignProject/Git-repos/LeoRover-Team7/elephant_arm_ws/install/mycobot_description:/home/student36/RoboticsDesignProject/Git-repos/LeoRover-Team7/elephant_arm_ws/install/mycobot_bringup:/home/student36/RoboticsDesignProject/Git-repos/LeoRover-Team7/elephant_arm_ws/install/hello_moveit:/home/student36/ros2_tutorial_workspace/install/package_with_interfaces:/home/student36/ws_moveit/install/robotiq_hardware_tests:/home/student36/ws_moveit/install/robotiq_driver:/home/student36/ws_moveit/install/serial:/home/student36/ws_moveit/install/moveit2_tutorials:/home/student36/ws_moveit/install/hello_moveit:/home/student36/ws_moveit/install/moveit_visual_tools:/home/student36/ws_moveit/install/rviz_visual_tools:/home/student36/ws_moveit/install/mtc_tutorial:/home/student36/ws_moveit/install/moveit_task_constructor_demo:/home/student36/ws_moveit/install/moveit_task_constructor_visualization:/home/student36/ws_moveit/install/moveit_task_constructor_capabilities:/home/student36/ws_moveit/install/elephant:/home/student36/ws_moveit/install/moveit_task_constructor_core:/home/student36/ws_moveit/install/rviz_marker_tools:/home/student36/ws_moveit/install/kortex_bringup:/home/student36/ws_moveit/install/kinova_gen3_lite_moveit_config:/home/student36/ws_moveit/install/kinova_gen3_7dof_robotiq_2f_85_moveit_config:/home/student36/ws_moveit/install/kinova_gen3_6dof_robotiq_2f_85_moveit_config:/home/student36/ws_moveit/install/kortex_description:/home/student36/ws_moveit/install/robotiq_description:/home/student36/ws_moveit/install/robotiq_controllers:/home/student36/ws_moveit/install/pilz_industrial_motion_planner_testutils:/home/student36/ws_moveit/install/mycobot_280_moveit2:/home/student36/ws_moveit/install/moveit_runtime:/home/student36/ws_moveit/install/moveit:/home/student36/ws_moveit/install/elephant_arm:/home/student36/ws_moveit/install/moveit_planners:/home/student36/ws_moveit/install/pilz_industrial_motion_planner:/home/student36/ws_moveit/install/mycobot_description:/home/student36/ws_moveit/install/moveit_task_constructor_msgs:/home/student36/ws_moveit/install/moveit_ros_control_interface:/home/student36/ws_moveit/install/moveit_plugins:/home/student36/ws_moveit/install/moveit_simple_controller_manager:/home/student36/ws_moveit/install/moveit_setup_assistant:/home/student36/ws_moveit/install/moveit_setup_srdf_plugins:/home/student36/ws_moveit/install/moveit_setup_core_plugins:/home/student36/ws_moveit/install/moveit_setup_controllers:/home/student36/ws_moveit/install/moveit_setup_app_plugins:/home/student36/ws_moveit/install/moveit_setup_framework:/home/student36/ws_moveit/install/moveit_servo:/home/student36/ws_moveit/install/moveit_ros_trajectory_cache:/home/student36/ws_moveit/install/moveit_ros:/home/student36/ws_moveit/install/moveit_ros_visualization:/home/student36/ws_moveit/install/moveit_py:/home/student36/ws_moveit/install/moveit_hybrid_planning:/home/student36/ws_moveit/install/moveit_ros_planning_interface:/home/student36/ws_moveit/install/moveit_ros_benchmarks:/home/student36/ws_moveit/install/moveit_ros_warehouse:/home/student36/ws_moveit/install/moveit_ros_robot_interaction:/home/student36/ws_moveit/install/moveit_ros_perception:/home/student36/ws_moveit/install/moveit_resources_prbt_pg70_support:/home/student36/ws_moveit/install/moveit_resources_prbt_moveit_config:/home/student36/ws_moveit/install/moveit_ros_move_group:/home/student36/ws_moveit/install/moveit_planners_ompl:/home/student36/ws_moveit/install/moveit_kinematics:/home/student36/ws_moveit/install/moveit_ros_planning:/home/student36/ws_moveit/install/moveit_ros_occupancy_map_monitor:/home/student36/ws_moveit/install/moveit_resources_prbt_support:/home/student36/ws_moveit/install/moveit_resources_prbt_ikfast_manipulator_plugin:/home/student36/ws_moveit/install/moveit_resources:/home/student36/ws_moveit/install/moveit_resources_pr2_description:/home/student36/ws_moveit/install/moveit_resources_panda_moveit_config:/home/student36/ws_moveit/install/dual_arm_panda_moveit_config:/home/student36/ws_moveit/install/moveit_resources_panda_description:/home/student36/ws_moveit/install/moveit_resources_fanuc_moveit_config:/home/student36/ws_moveit/install/moveit_resources_fanuc_description:/home/student36/ws_moveit/install/moveit_planners_stomp:/home/student36/ws_moveit/install/moveit_planners_chomp:/home/student36/ws_moveit/install/chomp_motion_planner:/home/student36/ws_moveit/install/moveit_core:/home/student36/ws_moveit/install/moveit_msgs:/home/student36/ws_moveit/install/moveit_common:/home/student36/ws_moveit/install/kortex_driver:/home/student36/ws_moveit/install/kortex_api:/home/student36/rplidar_ws/install/rplidar_ros:/home/student36/elephant_arm_ws/install/mycobot_280_moveit2:/opt/ros/jazzy/opt/gz_sim_vendor:/opt/ros/jazzy/opt/gz_sensors_vendor:/opt/ros/jazzy/opt/gz_physics_vendor:/opt/ros/jazzy/opt/sdformat_vendor:/opt/ros/jazzy/opt/gz_gui_vendor:/opt/ros/jazzy/opt/gz_transport_vendor:/opt/ros/jazzy/opt/gz_rendering_vendor:/opt/ros/jazzy/opt/gz_plugin_vendor:/opt/ros/jazzy/opt/gz_fuel_tools_vendor:/opt/ros/jazzy/opt/gz_msgs_vendor:/opt/ros/jazzy/opt/gz_common_vendor:/opt/ros/jazzy/opt/gz_math_vendor:/opt/ros/jazzy/opt/gz_utils_vendor:/opt/ros/jazzy/opt/gz_tools_vendor:/opt/ros/jazzy/opt/gz_ogre_next_vendor:/opt/ros/jazzy/opt/gz_dartsim_vendor:/opt/ros/jazzy/opt/gz_cmake_vendor:/home/student36/ros2_tutorial_workspace/install/the_simplest_python_package:/home/student36/ros2_tutorial_workspace/install/python_package_with_a_node:/home/student36/ros2_tutorial_workspace/install/python_package_that_uses_the_library:/home/student36/ros2_tutorial_workspace/install/python_package_with_a_library:/home/student36/ros2_tutorial_workspace/install/python_package_that_uses_the_services:/home/student36/ros2_tutorial_workspace/install/python_package_that_uses_the_actions:/home/student36/ros2_tutorial_workspace/install/python_package_that_uses_tf2:/home/student36/ros2_tutorial_workspace/install/python_package_that_uses_parameters_and_launch_files:/home/student36/ros2_tutorial_workspace/install/python_package_that_uses_nottf2:/home/student36/ros2_tutorial_workspace/install/python_package_that_uses_nav2:/home/student36/ros2_tutorial_workspace/install/python_package_that_uses_messages:/home/student36/ros2_tutorial_workspace/install/python_package_that_uses_geometry_msgs:/home/student36/ros2_tutorial_workspace/install/python_package_that_uses_gazebo:/home/student36/ws_moveit/install/moveit_configs_utils:/home/student36/elephant_arm_ws/install/mycobot_description:/opt/ros/jazzy DEBUGINFOD_URLS=https://debuginfod.ubuntu.com LD_LIBRARY_PATH=/home/student36/RoboticsDesignProject/Git-repos/LeoRover-Team7/elephant_arm_ws/install/rviz_marker_tools/lib:/home/student36/RoboticsDesignProject/Git-repos/LeoRover-Team7/elephant_arm_ws/install/moveit_task_constructor_msgs/lib:/home/student36/RoboticsDesignProject/Git-repos/LeoRover-Team7/elephant_arm_ws/install/moveit_task_constructor_demo/lib:/home/student36/RoboticsDesignProject/Git-repos/LeoRover-Team7/elephant_arm_ws/install/moveit_task_constructor_visualization/lib:/home/student36/RoboticsDesignProject/Git-repos/LeoRover-Team7/elephant_arm_ws/install/moveit_task_constructor_capabilities/lib:/home/student36/RoboticsDesignProject/Git-repos/LeoRover-Team7/elephant_arm_ws/install/moveit_task_constructor_core/lib:/home/student36/ros2_tutorial_workspace/install/package_with_interfaces/lib:/home/student36/ws_moveit/install/robotiq_driver/lib:/home/student36/ws_moveit/install/serial/lib:/home/student36/ws_moveit/install/moveit_visual_tools/lib:/home/student36/ws_moveit/install/rviz_visual_tools/lib:/home/student36/ws_moveit/install/moveit_task_constructor_demo/lib:/home/student36/ws_moveit/install/moveit_task_constructor_visualization/lib:/home/student36/ws_moveit/install/moveit_task_constructor_capabilities/lib:/home/student36/ws_moveit/install/moveit_task_constructor_core/lib:/home/student36/ws_moveit/install/rviz_marker_tools/lib:/home/student36/ws_moveit/install/robotiq_controllers/lib:/home/student36/ws_moveit/install/pilz_industrial_motion_planner_testutils/lib:/home/student36/ws_moveit/install/pilz_industrial_motion_planner/lib:/home/student36/ws_moveit/install/moveit_task_constructor_msgs/lib:/home/student36/ws_moveit/install/moveit_ros_control_interface/lib:/home/student36/ws_moveit/install/moveit_simple_controller_manager/lib:/home/student36/ws_moveit/install/moveit_setup_assistant/lib:/home/student36/ws_moveit/install/moveit_setup_srdf_plugins/lib:/home/student36/ws_moveit/install/moveit_setup_core_plugins/lib:/home/student36/ws_moveit/install/moveit_setup_controllers/lib:/home/student36/ws_moveit/install/moveit_setup_app_plugins/lib:/home/student36/ws_moveit/install/moveit_setup_framework/lib:/home/student36/ws_moveit/install/moveit_servo/lib:/home/student36/ws_moveit/install/moveit_ros_trajectory_cache/lib:/home/student36/ws_moveit/install/moveit_ros_visualization/lib:/home/student36/ws_moveit/install/moveit_py/lib:/home/student36/ws_moveit/install/moveit_hybrid_planning/lib:/home/student36/ws_moveit/install/moveit_ros_planning_interface/lib:/home/student36/ws_moveit/install/moveit_ros_benchmarks/lib:/home/student36/ws_moveit/install/moveit_ros_warehouse/lib:/home/student36/ws_moveit/install/moveit_ros_robot_interaction/lib:/home/student36/ws_moveit/install/moveit_ros_perception/lib:/home/student36/ws_moveit/install/moveit_ros_move_group/lib:/home/student36/ws_moveit/install/moveit_planners_ompl/lib:/home/student36/ws_moveit/install/moveit_kinematics/lib:/home/student36/ws_moveit/install/moveit_ros_planning/lib:/home/student36/ws_moveit/install/moveit_ros_occupancy_map_monitor/lib:/home/student36/ws_moveit/install/moveit_resources_prbt_ikfast_manipulator_plugin/lib:/home/student36/ws_moveit/install/moveit_planners_stomp/lib:/home/student36/ws_moveit/install/moveit_planners_chomp/lib:/home/student36/ws_moveit/install/chomp_motion_planner/lib:/home/student36/ws_moveit/install/moveit_core/lib:/home/student36/ws_moveit/install/moveit_msgs/lib:/home/student36/ws_moveit/install/kortex_driver/lib:/opt/ros/jazzy/opt/gz_sim_vendor/lib:/opt/ros/jazzy/opt/gz_sensors_vendor/lib:/opt/ros/jazzy/opt/gz_physics_vendor/lib:/opt/ros/jazzy/opt/sdformat_vendor/lib:/opt/ros/jazzy/opt/rviz_ogre_vendor/lib:/opt/ros/jazzy/lib/x86_64-linux-gnu:/opt/ros/jazzy/opt/gz_gui_vendor/lib:/opt/ros/jazzy/opt/gz_transport_vendor/lib:/opt/ros/jazzy/opt/gz_rendering_vendor/lib:/opt/ros/jazzy/opt/gz_plugin_vendor/lib:/opt/ros/jazzy/opt/gz_fuel_tools_vendor/lib:/opt/ros/jazzy/opt/gz_msgs_vendor/lib:/opt/ros/jazzy/opt/gz_common_vendor/lib:/opt/ros/jazzy/opt/gz_math_vendor/lib:/opt/ros/jazzy/opt/gz_utils_vendor/lib:/opt/ros/jazzy/opt/gz_tools_vendor/lib:/opt/ros/jazzy/opt/gz_ogre_next_vendor/lib:/opt/ros/jazzy/opt/gz_dartsim_vendor/lib:/opt/ros/jazzy/opt/gz_cmake_vendor/lib:/opt/ros/jazzy/lib PYTHONPATH=/home/student36/RoboticsDesignProject/Git-repos/LeoRover-Team7/elephant_arm_ws/install/moveit_task_constructor_msgs/lib/python3.12/site-packages:/home/student36/RoboticsDesignProject/Git-repos/LeoRover-Team7/elephant_arm_ws/install/moveit_task_constructor_core/lib/python3.12/site-packages:/home/student36/ros2_tutorial_workspace/install/the_simplest_python_package/lib/python3.12/site-packages:/home/student36/ros2_tutorial_workspace/install/python_package_with_a_node/lib/python3.12/site-packages:/home/student36/ros2_tutorial_workspace/install/python_package_that_uses_the_library/lib/python3.12/site-packages:/home/student36/ros2_tutorial_workspace/install/python_package_with_a_library/lib/python3.12/site-packages:/home/student36/ros2_tutorial_workspace/install/python_package_that_uses_the_services/lib/python3.12/site-packages:/home/student36/ros2_tutorial_workspace/install/python_package_that_uses_the_actions/lib/python3.12/site-packages:/home/student36/ros2_tutorial_workspace/install/python_package_that_uses_tf2/lib/python3.12/site-packages:/home/student36/ros2_tutorial_workspace/install/python_package_that_uses_parameters_and_launch_files/lib/python3.12/site-packages:/home/student36/ros2_tutorial_workspace/install/python_package_that_uses_nottf2/lib/python3.12/site-packages:/home/student36/ros2_tutorial_workspace/install/python_package_that_uses_nav2/lib/python3.12/site-packages:/home/student36/ros2_tutorial_workspace/install/python_package_that_uses_messages/lib/python3.12/site-packages:/home/student36/ros2_tutorial_workspace/install/python_package_that_uses_geometry_msgs/lib/python3.12/site-packages:/home/student36/ros2_tutorial_workspace/install/python_package_that_uses_gazebo/lib/python3.12/site-packages:/home/student36/ros2_tutorial_workspace/install/package_with_interfaces/lib/python3.12/site-packages:/home/student36/ws_moveit/install/moveit_task_constructor_core/lib/python3.12/site-packages:/home/student36/ws_moveit/install/mycobot_description/lib/python3.12/site-packages:/home/student36/ws_moveit/install/moveit_task_constructor_msgs/lib/python3.12/site-packages:/home/student36/ws_moveit/install/moveit_py/lib/python3.12/site-packages:/home/student36/ws_moveit/install/moveit_msgs/lib/python3.12/site-packages:/home/student36/ws_moveit/install/moveit_configs_utils/lib/python3.12/site-packages:/home/student36/elephant_arm_ws/install/mycobot_description/lib/python3.12/site-packages:/opt/ros/jazzy/lib/python3.12/site-packages /usr/bin/cmake --build /home/student36/RoboticsDesignProject/Git-repos/LeoRover-Team7/elephant_arm_ws/build/moveit_task_constructor_core -- -j12 -l12
[2.229s] DEBUG:colcon.colcon_core.event_handler.log_command:Invoking command in '/home/student36/RoboticsDesignProject/Git-repos/LeoRover-Team7/elephant_arm_ws/build/moveit_task_constructor_core': CMAKE_PREFIX_PATH=/home/student36/RoboticsDesignProject/Git-repos/LeoRover-Team7/elephant_arm_ws/install/rviz_marker_tools:/home/student36/RoboticsDesignProject/Git-repos/LeoRover-Team7/elephant_arm_ws/install/moveit_task_constructor_msgs:/home/student36/RoboticsDesignProject/Git-repos/LeoRover-Team7/elephant_arm_ws/install/mtc_tutorial:/home/student36/RoboticsDesignProject/Git-repos/LeoRover-Team7/elephant_arm_ws/install/moveit_task_constructor_demo:/home/student36/RoboticsDesignProject/Git-repos/LeoRover-Team7/elephant_arm_ws/install/moveit_task_constructor_visualization:/home/student36/RoboticsDesignProject/Git-repos/LeoRover-Team7/elephant_arm_ws/install/moveit_task_constructor_capabilities:/home/student36/RoboticsDesignProject/Git-repos/LeoRover-Team7/elephant_arm_ws/install/moveit_task_constructor_core:/home/student36/RoboticsDesignProject/Git-repos/LeoRover-Team7/elephant_arm_ws/install/mycobot_ros2:/home/student36/RoboticsDesignProject/Git-repos/LeoRover-Team7/elephant_arm_ws/install/mycobot_moveit_config:/home/student36/RoboticsDesignProject/Git-repos/LeoRover-Team7/elephant_arm_ws/install/mycobot_gazebo:/home/student36/RoboticsDesignProject/Git-repos/LeoRover-Team7/elephant_arm_ws/install/mycobot_description:/home/student36/RoboticsDesignProject/Git-repos/LeoRover-Team7/elephant_arm_ws/install/mycobot_bringup:/home/student36/RoboticsDesignProject/Git-repos/LeoRover-Team7/elephant_arm_ws/install/hello_moveit:/home/student36/ros2_tutorial_workspace/install/package_with_interfaces:/home/student36/ws_moveit/install/robotiq_hardware_tests:/home/student36/ws_moveit/install/robotiq_driver:/home/student36/ws_moveit/install/serial:/home/student36/ws_moveit/install/moveit2_tutorials:/home/student36/ws_moveit/install/hello_moveit:/home/student36/ws_moveit/install/moveit_visual_tools:/home/student36/ws_moveit/install/rviz_visual_tools:/home/student36/ws_moveit/install/mtc_tutorial:/home/student36/ws_moveit/install/moveit_task_constructor_demo:/home/student36/ws_moveit/install/moveit_task_constructor_visualization:/home/student36/ws_moveit/install/moveit_task_constructor_capabilities:/home/student36/ws_moveit/install/elephant:/home/student36/ws_moveit/install/moveit_task_constructor_core:/home/student36/ws_moveit/install/rviz_marker_tools:/home/student36/ws_moveit/install/kortex_bringup:/home/student36/ws_moveit/install/kinova_gen3_lite_moveit_config:/home/student36/ws_moveit/install/kinova_gen3_7dof_robotiq_2f_85_moveit_config:/home/student36/ws_moveit/install/kinova_gen3_6dof_robotiq_2f_85_moveit_config:/home/student36/ws_moveit/install/kortex_description:/home/student36/ws_moveit/install/robotiq_description:/home/student36/ws_moveit/install/robotiq_controllers:/home/student36/ws_moveit/install/pilz_industrial_motion_planner_testutils:/home/student36/ws_moveit/install/mycobot_280_moveit2:/home/student36/ws_moveit/install/moveit_runtime:/home/student36/ws_moveit/install/moveit:/home/student36/ws_moveit/install/elephant_arm:/home/student36/ws_moveit/install/moveit_planners:/home/student36/ws_moveit/install/pilz_industrial_motion_planner:/home/student36/ws_moveit/install/mycobot_description:/home/student36/ws_moveit/install/moveit_task_constructor_msgs:/home/student36/ws_moveit/install/moveit_ros_control_interface:/home/student36/ws_moveit/install/moveit_plugins:/home/student36/ws_moveit/install/moveit_simple_controller_manager:/home/student36/ws_moveit/install/moveit_setup_assistant:/home/student36/ws_moveit/install/moveit_setup_srdf_plugins:/home/student36/ws_moveit/install/moveit_setup_core_plugins:/home/student36/ws_moveit/install/moveit_setup_controllers:/home/student36/ws_moveit/install/moveit_setup_app_plugins:/home/student36/ws_moveit/install/moveit_setup_framework:/home/student36/ws_moveit/install/moveit_servo:/home/student36/ws_moveit/install/moveit_ros_trajectory_cache:/home/student36/ws_moveit/install/moveit_ros:/home/student36/ws_moveit/install/moveit_ros_visualization:/home/student36/ws_moveit/install/moveit_py:/home/student36/ws_moveit/install/moveit_hybrid_planning:/home/student36/ws_moveit/install/moveit_ros_planning_interface:/home/student36/ws_moveit/install/moveit_ros_benchmarks:/home/student36/ws_moveit/install/moveit_ros_warehouse:/home/student36/ws_moveit/install/moveit_ros_robot_interaction:/home/student36/ws_moveit/install/moveit_ros_perception:/home/student36/ws_moveit/install/moveit_resources_prbt_pg70_support:/home/student36/ws_moveit/install/moveit_resources_prbt_moveit_config:/home/student36/ws_moveit/install/moveit_ros_move_group:/home/student36/ws_moveit/install/moveit_planners_ompl:/home/student36/ws_moveit/install/moveit_kinematics:/home/student36/ws_moveit/install/moveit_ros_planning:/home/student36/ws_moveit/install/moveit_ros_occupancy_map_monitor:/home/student36/ws_moveit/install/moveit_resources_prbt_support:/home/student36/ws_moveit/install/moveit_resources_prbt_ikfast_manipulator_plugin:/home/student36/ws_moveit/install/moveit_resources:/home/student36/ws_moveit/install/moveit_resources_pr2_description:/home/student36/ws_moveit/install/moveit_resources_panda_moveit_config:/home/student36/ws_moveit/install/dual_arm_panda_moveit_config:/home/student36/ws_moveit/install/moveit_resources_panda_description:/home/student36/ws_moveit/install/moveit_resources_fanuc_moveit_config:/home/student36/ws_moveit/install/moveit_resources_fanuc_description:/home/student36/ws_moveit/install/moveit_planners_stomp:/home/student36/ws_moveit/install/moveit_planners_chomp:/home/student36/ws_moveit/install/chomp_motion_planner:/home/student36/ws_moveit/install/moveit_core:/home/student36/ws_moveit/install/moveit_msgs:/home/student36/ws_moveit/install/moveit_common:/home/student36/ws_moveit/install/kortex_driver:/home/student36/ws_moveit/install/kortex_api:/home/student36/rplidar_ws/install/rplidar_ros:/home/student36/elephant_arm_ws/install/mycobot_280_moveit2:/opt/ros/jazzy/opt/gz_sim_vendor:/opt/ros/jazzy/opt/gz_sensors_vendor:/opt/ros/jazzy/opt/gz_physics_vendor:/opt/ros/jazzy/opt/sdformat_vendor:/opt/ros/jazzy/opt/gz_gui_vendor:/opt/ros/jazzy/opt/gz_transport_vendor:/opt/ros/jazzy/opt/gz_rendering_vendor:/opt/ros/jazzy/opt/gz_plugin_vendor:/opt/ros/jazzy/opt/gz_fuel_tools_vendor:/opt/ros/jazzy/opt/gz_msgs_vendor:/opt/ros/jazzy/opt/gz_common_vendor:/opt/ros/jazzy/opt/gz_math_vendor:/opt/ros/jazzy/opt/gz_utils_vendor:/opt/ros/jazzy/opt/gz_tools_vendor:/opt/ros/jazzy/opt/gz_ogre_next_vendor:/opt/ros/jazzy/opt/gz_dartsim_vendor:/opt/ros/jazzy/opt/gz_cmake_vendor:/home/student36/ros2_tutorial_workspace/install/the_simplest_python_package:/home/student36/ros2_tutorial_workspace/install/python_package_with_a_node:/home/student36/ros2_tutorial_workspace/install/python_package_that_uses_the_library:/home/student36/ros2_tutorial_workspace/install/python_package_with_a_library:/home/student36/ros2_tutorial_workspace/install/python_package_that_uses_the_services:/home/student36/ros2_tutorial_workspace/install/python_package_that_uses_the_actions:/home/student36/ros2_tutorial_workspace/install/python_package_that_uses_tf2:/home/student36/ros2_tutorial_workspace/install/python_package_that_uses_parameters_and_launch_files:/home/student36/ros2_tutorial_workspace/install/python_package_that_uses_nottf2:/home/student36/ros2_tutorial_workspace/install/python_package_that_uses_nav2:/home/student36/ros2_tutorial_workspace/install/python_package_that_uses_messages:/home/student36/ros2_tutorial_workspace/install/python_package_that_uses_geometry_msgs:/home/student36/ros2_tutorial_workspace/install/python_package_that_uses_gazebo:/home/student36/ws_moveit/install/moveit_configs_utils:/home/student36/elephant_arm_ws/install/mycobot_description:/opt/ros/jazzy DEBUGINFOD_URLS=https://debuginfod.ubuntu.com LD_LIBRARY_PATH=/home/student36/RoboticsDesignProject/Git-repos/LeoRover-Team7/elephant_arm_ws/install/rviz_marker_tools/lib:/home/student36/RoboticsDesignProject/Git-repos/LeoRover-Team7/elephant_arm_ws/install/moveit_task_constructor_msgs/lib:/home/student36/RoboticsDesignProject/Git-repos/LeoRover-Team7/elephant_arm_ws/install/moveit_task_constructor_demo/lib:/home/student36/RoboticsDesignProject/Git-repos/LeoRover-Team7/elephant_arm_ws/install/moveit_task_constructor_visualization/lib:/home/student36/RoboticsDesignProject/Git-repos/LeoRover-Team7/elephant_arm_ws/install/moveit_task_constructor_capabilities/lib:/home/student36/RoboticsDesignProject/Git-repos/LeoRover-Team7/elephant_arm_ws/install/moveit_task_constructor_core/lib:/home/student36/ros2_tutorial_workspace/install/package_with_interfaces/lib:/home/student36/ws_moveit/install/robotiq_driver/lib:/home/student36/ws_moveit/install/serial/lib:/home/student36/ws_moveit/install/moveit_visual_tools/lib:/home/student36/ws_moveit/install/rviz_visual_tools/lib:/home/student36/ws_moveit/install/moveit_task_constructor_demo/lib:/home/student36/ws_moveit/install/moveit_task_constructor_visualization/lib:/home/student36/ws_moveit/install/moveit_task_constructor_capabilities/lib:/home/student36/ws_moveit/install/moveit_task_constructor_core/lib:/home/student36/ws_moveit/install/rviz_marker_tools/lib:/home/student36/ws_moveit/install/robotiq_controllers/lib:/home/student36/ws_moveit/install/pilz_industrial_motion_planner_testutils/lib:/home/student36/ws_moveit/install/pilz_industrial_motion_planner/lib:/home/student36/ws_moveit/install/moveit_task_constructor_msgs/lib:/home/student36/ws_moveit/install/moveit_ros_control_interface/lib:/home/student36/ws_moveit/install/moveit_simple_controller_manager/lib:/home/student36/ws_moveit/install/moveit_setup_assistant/lib:/home/student36/ws_moveit/install/moveit_setup_srdf_plugins/lib:/home/student36/ws_moveit/install/moveit_setup_core_plugins/lib:/home/student36/ws_moveit/install/moveit_setup_controllers/lib:/home/student36/ws_moveit/install/moveit_setup_app_plugins/lib:/home/student36/ws_moveit/install/moveit_setup_framework/lib:/home/student36/ws_moveit/install/moveit_servo/lib:/home/student36/ws_moveit/install/moveit_ros_trajectory_cache/lib:/home/student36/ws_moveit/install/moveit_ros_visualization/lib:/home/student36/ws_moveit/install/moveit_py/lib:/home/student36/ws_moveit/install/moveit_hybrid_planning/lib:/home/student36/ws_moveit/install/moveit_ros_planning_interface/lib:/home/student36/ws_moveit/install/moveit_ros_benchmarks/lib:/home/student36/ws_moveit/install/moveit_ros_warehouse/lib:/home/student36/ws_moveit/install/moveit_ros_robot_interaction/lib:/home/student36/ws_moveit/install/moveit_ros_perception/lib:/home/student36/ws_moveit/install/moveit_ros_move_group/lib:/home/student36/ws_moveit/install/moveit_planners_ompl/lib:/home/student36/ws_moveit/install/moveit_kinematics/lib:/home/student36/ws_moveit/install/moveit_ros_planning/lib:/home/student36/ws_moveit/install/moveit_ros_occupancy_map_monitor/lib:/home/student36/ws_moveit/install/moveit_resources_prbt_ikfast_manipulator_plugin/lib:/home/student36/ws_moveit/install/moveit_planners_stomp/lib:/home/student36/ws_moveit/install/moveit_planners_chomp/lib:/home/student36/ws_moveit/install/chomp_motion_planner/lib:/home/student36/ws_moveit/install/moveit_core/lib:/home/student36/ws_moveit/install/moveit_msgs/lib:/home/student36/ws_moveit/install/kortex_driver/lib:/opt/ros/jazzy/opt/gz_sim_vendor/lib:/opt/ros/jazzy/opt/gz_sensors_vendor/lib:/opt/ros/jazzy/opt/gz_physics_vendor/lib:/opt/ros/jazzy/opt/sdformat_vendor/lib:/opt/ros/jazzy/opt/rviz_ogre_vendor/lib:/opt/ros/jazzy/lib/x86_64-linux-gnu:/opt/ros/jazzy/opt/gz_gui_vendor/lib:/opt/ros/jazzy/opt/gz_transport_vendor/lib:/opt/ros/jazzy/opt/gz_rendering_vendor/lib:/opt/ros/jazzy/opt/gz_plugin_vendor/lib:/opt/ros/jazzy/opt/gz_fuel_tools_vendor/lib:/opt/ros/jazzy/opt/gz_msgs_vendor/lib:/opt/ros/jazzy/opt/gz_common_vendor/lib:/opt/ros/jazzy/opt/gz_math_vendor/lib:/opt/ros/jazzy/opt/gz_utils_vendor/lib:/opt/ros/jazzy/opt/gz_tools_vendor/lib:/opt/ros/jazzy/opt/gz_ogre_next_vendor/lib:/opt/ros/jazzy/opt/gz_dartsim_vendor/lib:/opt/ros/jazzy/opt/gz_cmake_vendor/lib:/opt/ros/jazzy/lib PYTHONPATH=/home/student36/RoboticsDesignProject/Git-repos/LeoRover-Team7/elephant_arm_ws/install/moveit_task_constructor_msgs/lib/python3.12/site-packages:/home/student36/RoboticsDesignProject/Git-repos/LeoRover-Team7/elephant_arm_ws/install/moveit_task_constructor_core/lib/python3.12/site-packages:/home/student36/ros2_tutorial_workspace/install/the_simplest_python_package/lib/python3.12/site-packages:/home/student36/ros2_tutorial_workspace/install/python_package_with_a_node/lib/python3.12/site-packages:/home/student36/ros2_tutorial_workspace/install/python_package_that_uses_the_library/lib/python3.12/site-packages:/home/student36/ros2_tutorial_workspace/install/python_package_with_a_library/lib/python3.12/site-packages:/home/student36/ros2_tutorial_workspace/install/python_package_that_uses_the_services/lib/python3.12/site-packages:/home/student36/ros2_tutorial_workspace/install/python_package_that_uses_the_actions/lib/python3.12/site-packages:/home/student36/ros2_tutorial_workspace/install/python_package_that_uses_tf2/lib/python3.12/site-packages:/home/student36/ros2_tutorial_workspace/install/python_package_that_uses_parameters_and_launch_files/lib/python3.12/site-packages:/home/student36/ros2_tutorial_workspace/install/python_package_that_uses_nottf2/lib/python3.12/site-packages:/home/student36/ros2_tutorial_workspace/install/python_package_that_uses_nav2/lib/python3.12/site-packages:/home/student36/ros2_tutorial_workspace/install/python_package_that_uses_messages/lib/python3.12/site-packages:/home/student36/ros2_tutorial_workspace/install/python_package_that_uses_geometry_msgs/lib/python3.12/site-packages:/home/student36/ros2_tutorial_workspace/install/python_package_that_uses_gazebo/lib/python3.12/site-packages:/home/student36/ros2_tutorial_workspace/install/package_with_interfaces/lib/python3.12/site-packages:/home/student36/ws_moveit/install/moveit_task_constructor_core/lib/python3.12/site-packages:/home/student36/ws_moveit/install/mycobot_description/lib/python3.12/site-packages:/home/student36/ws_moveit/install/moveit_task_constructor_msgs/lib/python3.12/site-packages:/home/student36/ws_moveit/install/moveit_py/lib/python3.12/site-packages:/home/student36/ws_moveit/install/moveit_msgs/lib/python3.12/site-packages:/home/student36/ws_moveit/install/moveit_configs_utils/lib/python3.12/site-packages:/home/student36/elephant_arm_ws/install/mycobot_description/lib/python3.12/site-packages:/opt/ros/jazzy/lib/python3.12/site-packages /usr/bin/cmake --install /home/student36/RoboticsDesignProject/Git-repos/LeoRover-Team7/elephant_arm_ws/build/moveit_task_constructor_core
[2.316s] Level 1:colcon.colcon_core.environment:create_environment_scripts_only(moveit_task_constructor_core)
[2.316s] Level 1:colcon.colcon_core.environment:checking '/home/student36/RoboticsDesignProject/Git-repos/LeoRover-Team7/elephant_arm_ws/install/moveit_task_constructor_core' for CMake module files
[2.316s] DEBUG:colcon.colcon_core.event_handler.log_command:Invoked command in '/home/student36/RoboticsDesignProject/Git-repos/LeoRover-Team7/elephant_arm_ws/build/moveit_task_constructor_core' returned '0': CMAKE_PREFIX_PATH=/home/student36/RoboticsDesignProject/Git-repos/LeoRover-Team7/elephant_arm_ws/install/rviz_marker_tools:/home/student36/RoboticsDesignProject/Git-repos/LeoRover-Team7/elephant_arm_ws/install/moveit_task_constructor_msgs:/home/student36/RoboticsDesignProject/Git-repos/LeoRover-Team7/elephant_arm_ws/install/mtc_tutorial:/home/student36/RoboticsDesignProject/Git-repos/LeoRover-Team7/elephant_arm_ws/install/moveit_task_constructor_demo:/home/student36/RoboticsDesignProject/Git-repos/LeoRover-Team7/elephant_arm_ws/install/moveit_task_constructor_visualization:/home/student36/RoboticsDesignProject/Git-repos/LeoRover-Team7/elephant_arm_ws/install/moveit_task_constructor_capabilities:/home/student36/RoboticsDesignProject/Git-repos/LeoRover-Team7/elephant_arm_ws/install/moveit_task_constructor_core:/home/student36/RoboticsDesignProject/Git-repos/LeoRover-Team7/elephant_arm_ws/install/mycobot_ros2:/home/student36/RoboticsDesignProject/Git-repos/LeoRover-Team7/elephant_arm_ws/install/mycobot_moveit_config:/home/student36/RoboticsDesignProject/Git-repos/LeoRover-Team7/elephant_arm_ws/install/mycobot_gazebo:/home/student36/RoboticsDesignProject/Git-repos/LeoRover-Team7/elephant_arm_ws/install/mycobot_description:/home/student36/RoboticsDesignProject/Git-repos/LeoRover-Team7/elephant_arm_ws/install/mycobot_bringup:/home/student36/RoboticsDesignProject/Git-repos/LeoRover-Team7/elephant_arm_ws/install/hello_moveit:/home/student36/ros2_tutorial_workspace/install/package_with_interfaces:/home/student36/ws_moveit/install/robotiq_hardware_tests:/home/student36/ws_moveit/install/robotiq_driver:/home/student36/ws_moveit/install/serial:/home/student36/ws_moveit/install/moveit2_tutorials:/home/student36/ws_moveit/install/hello_moveit:/home/student36/ws_moveit/install/moveit_visual_tools:/home/student36/ws_moveit/install/rviz_visual_tools:/home/student36/ws_moveit/install/mtc_tutorial:/home/student36/ws_moveit/install/moveit_task_constructor_demo:/home/student36/ws_moveit/install/moveit_task_constructor_visualization:/home/student36/ws_moveit/install/moveit_task_constructor_capabilities:/home/student36/ws_moveit/install/elephant:/home/student36/ws_moveit/install/moveit_task_constructor_core:/home/student36/ws_moveit/install/rviz_marker_tools:/home/student36/ws_moveit/install/kortex_bringup:/home/student36/ws_moveit/install/kinova_gen3_lite_moveit_config:/home/student36/ws_moveit/install/kinova_gen3_7dof_robotiq_2f_85_moveit_config:/home/student36/ws_moveit/install/kinova_gen3_6dof_robotiq_2f_85_moveit_config:/home/student36/ws_moveit/install/kortex_description:/home/student36/ws_moveit/install/robotiq_description:/home/student36/ws_moveit/install/robotiq_controllers:/home/student36/ws_moveit/install/pilz_industrial_motion_planner_testutils:/home/student36/ws_moveit/install/mycobot_280_moveit2:/home/student36/ws_moveit/install/moveit_runtime:/home/student36/ws_moveit/install/moveit:/home/student36/ws_moveit/install/elephant_arm:/home/student36/ws_moveit/install/moveit_planners:/home/student36/ws_moveit/install/pilz_industrial_motion_planner:/home/student36/ws_moveit/install/mycobot_description:/home/student36/ws_moveit/install/moveit_task_constructor_msgs:/home/student36/ws_moveit/install/moveit_ros_control_interface:/home/student36/ws_moveit/install/moveit_plugins:/home/student36/ws_moveit/install/moveit_simple_controller_manager:/home/student36/ws_moveit/install/moveit_setup_assistant:/home/student36/ws_moveit/install/moveit_setup_srdf_plugins:/home/student36/ws_moveit/install/moveit_setup_core_plugins:/home/student36/ws_moveit/install/moveit_setup_controllers:/home/student36/ws_moveit/install/moveit_setup_app_plugins:/home/student36/ws_moveit/install/moveit_setup_framework:/home/student36/ws_moveit/install/moveit_servo:/home/student36/ws_moveit/install/moveit_ros_trajectory_cache:/home/student36/ws_moveit/install/moveit_ros:/home/student36/ws_moveit/install/moveit_ros_visualization:/home/student36/ws_moveit/install/moveit_py:/home/student36/ws_moveit/install/moveit_hybrid_planning:/home/student36/ws_moveit/install/moveit_ros_planning_interface:/home/student36/ws_moveit/install/moveit_ros_benchmarks:/home/student36/ws_moveit/install/moveit_ros_warehouse:/home/student36/ws_moveit/install/moveit_ros_robot_interaction:/home/student36/ws_moveit/install/moveit_ros_perception:/home/student36/ws_moveit/install/moveit_resources_prbt_pg70_support:/home/student36/ws_moveit/install/moveit_resources_prbt_moveit_config:/home/student36/ws_moveit/install/moveit_ros_move_group:/home/student36/ws_moveit/install/moveit_planners_ompl:/home/student36/ws_moveit/install/moveit_kinematics:/home/student36/ws_moveit/install/moveit_ros_planning:/home/student36/ws_moveit/install/moveit_ros_occupancy_map_monitor:/home/student36/ws_moveit/install/moveit_resources_prbt_support:/home/student36/ws_moveit/install/moveit_resources_prbt_ikfast_manipulator_plugin:/home/student36/ws_moveit/install/moveit_resources:/home/student36/ws_moveit/install/moveit_resources_pr2_description:/home/student36/ws_moveit/install/moveit_resources_panda_moveit_config:/home/student36/ws_moveit/install/dual_arm_panda_moveit_config:/home/student36/ws_moveit/install/moveit_resources_panda_description:/home/student36/ws_moveit/install/moveit_resources_fanuc_moveit_config:/home/student36/ws_moveit/install/moveit_resources_fanuc_description:/home/student36/ws_moveit/install/moveit_planners_stomp:/home/student36/ws_moveit/install/moveit_planners_chomp:/home/student36/ws_moveit/install/chomp_motion_planner:/home/student36/ws_moveit/install/moveit_core:/home/student36/ws_moveit/install/moveit_msgs:/home/student36/ws_moveit/install/moveit_common:/home/student36/ws_moveit/install/kortex_driver:/home/student36/ws_moveit/install/kortex_api:/home/student36/rplidar_ws/install/rplidar_ros:/home/student36/elephant_arm_ws/install/mycobot_280_moveit2:/opt/ros/jazzy/opt/gz_sim_vendor:/opt/ros/jazzy/opt/gz_sensors_vendor:/opt/ros/jazzy/opt/gz_physics_vendor:/opt/ros/jazzy/opt/sdformat_vendor:/opt/ros/jazzy/opt/gz_gui_vendor:/opt/ros/jazzy/opt/gz_transport_vendor:/opt/ros/jazzy/opt/gz_rendering_vendor:/opt/ros/jazzy/opt/gz_plugin_vendor:/opt/ros/jazzy/opt/gz_fuel_tools_vendor:/opt/ros/jazzy/opt/gz_msgs_vendor:/opt/ros/jazzy/opt/gz_common_vendor:/opt/ros/jazzy/opt/gz_math_vendor:/opt/ros/jazzy/opt/gz_utils_vendor:/opt/ros/jazzy/opt/gz_tools_vendor:/opt/ros/jazzy/opt/gz_ogre_next_vendor:/opt/ros/jazzy/opt/gz_dartsim_vendor:/opt/ros/jazzy/opt/gz_cmake_vendor:/home/student36/ros2_tutorial_workspace/install/the_simplest_python_package:/home/student36/ros2_tutorial_workspace/install/python_package_with_a_node:/home/student36/ros2_tutorial_workspace/install/python_package_that_uses_the_library:/home/student36/ros2_tutorial_workspace/install/python_package_with_a_library:/home/student36/ros2_tutorial_workspace/install/python_package_that_uses_the_services:/home/student36/ros2_tutorial_workspace/install/python_package_that_uses_the_actions:/home/student36/ros2_tutorial_workspace/install/python_package_that_uses_tf2:/home/student36/ros2_tutorial_workspace/install/python_package_that_uses_parameters_and_launch_files:/home/student36/ros2_tutorial_workspace/install/python_package_that_uses_nottf2:/home/student36/ros2_tutorial_workspace/install/python_package_that_uses_nav2:/home/student36/ros2_tutorial_workspace/install/python_package_that_uses_messages:/home/student36/ros2_tutorial_workspace/install/python_package_that_uses_geometry_msgs:/home/student36/ros2_tutorial_workspace/install/python_package_that_uses_gazebo:/home/student36/ws_moveit/install/moveit_configs_utils:/home/student36/elephant_arm_ws/install/mycobot_description:/opt/ros/jazzy DEBUGINFOD_URLS=https://debuginfod.ubuntu.com LD_LIBRARY_PATH=/home/student36/RoboticsDesignProject/Git-repos/LeoRover-Team7/elephant_arm_ws/install/rviz_marker_tools/lib:/home/student36/RoboticsDesignProject/Git-repos/LeoRover-Team7/elephant_arm_ws/install/moveit_task_constructor_msgs/lib:/home/student36/RoboticsDesignProject/Git-repos/LeoRover-Team7/elephant_arm_ws/install/moveit_task_constructor_demo/lib:/home/student36/RoboticsDesignProject/Git-repos/LeoRover-Team7/elephant_arm_ws/install/moveit_task_constructor_visualization/lib:/home/student36/RoboticsDesignProject/Git-repos/LeoRover-Team7/elephant_arm_ws/install/moveit_task_constructor_capabilities/lib:/home/student36/RoboticsDesignProject/Git-repos/LeoRover-Team7/elephant_arm_ws/install/moveit_task_constructor_core/lib:/home/student36/ros2_tutorial_workspace/install/package_with_interfaces/lib:/home/student36/ws_moveit/install/robotiq_driver/lib:/home/student36/ws_moveit/install/serial/lib:/home/student36/ws_moveit/install/moveit_visual_tools/lib:/home/student36/ws_moveit/install/rviz_visual_tools/lib:/home/student36/ws_moveit/install/moveit_task_constructor_demo/lib:/home/student36/ws_moveit/install/moveit_task_constructor_visualization/lib:/home/student36/ws_moveit/install/moveit_task_constructor_capabilities/lib:/home/student36/ws_moveit/install/moveit_task_constructor_core/lib:/home/student36/ws_moveit/install/rviz_marker_tools/lib:/home/student36/ws_moveit/install/robotiq_controllers/lib:/home/student36/ws_moveit/install/pilz_industrial_motion_planner_testutils/lib:/home/student36/ws_moveit/install/pilz_industrial_motion_planner/lib:/home/student36/ws_moveit/install/moveit_task_constructor_msgs/lib:/home/student36/ws_moveit/install/moveit_ros_control_interface/lib:/home/student36/ws_moveit/install/moveit_simple_controller_manager/lib:/home/student36/ws_moveit/install/moveit_setup_assistant/lib:/home/student36/ws_moveit/install/moveit_setup_srdf_plugins/lib:/home/student36/ws_moveit/install/moveit_setup_core_plugins/lib:/home/student36/ws_moveit/install/moveit_setup_controllers/lib:/home/student36/ws_moveit/install/moveit_setup_app_plugins/lib:/home/student36/ws_moveit/install/moveit_setup_framework/lib:/home/student36/ws_moveit/install/moveit_servo/lib:/home/student36/ws_moveit/install/moveit_ros_trajectory_cache/lib:/home/student36/ws_moveit/install/moveit_ros_visualization/lib:/home/student36/ws_moveit/install/moveit_py/lib:/home/student36/ws_moveit/install/moveit_hybrid_planning/lib:/home/student36/ws_moveit/install/moveit_ros_planning_interface/lib:/home/student36/ws_moveit/install/moveit_ros_benchmarks/lib:/home/student36/ws_moveit/install/moveit_ros_warehouse/lib:/home/student36/ws_moveit/install/moveit_ros_robot_interaction/lib:/home/student36/ws_moveit/install/moveit_ros_perception/lib:/home/student36/ws_moveit/install/moveit_ros_move_group/lib:/home/student36/ws_moveit/install/moveit_planners_ompl/lib:/home/student36/ws_moveit/install/moveit_kinematics/lib:/home/student36/ws_moveit/install/moveit_ros_planning/lib:/home/student36/ws_moveit/install/moveit_ros_occupancy_map_monitor/lib:/home/student36/ws_moveit/install/moveit_resources_prbt_ikfast_manipulator_plugin/lib:/home/student36/ws_moveit/install/moveit_planners_stomp/lib:/home/student36/ws_moveit/install/moveit_planners_chomp/lib:/home/student36/ws_moveit/install/chomp_motion_planner/lib:/home/student36/ws_moveit/install/moveit_core/lib:/home/student36/ws_moveit/install/moveit_msgs/lib:/home/student36/ws_moveit/install/kortex_driver/lib:/opt/ros/jazzy/opt/gz_sim_vendor/lib:/opt/ros/jazzy/opt/gz_sensors_vendor/lib:/opt/ros/jazzy/opt/gz_physics_vendor/lib:/opt/ros/jazzy/opt/sdformat_vendor/lib:/opt/ros/jazzy/opt/rviz_ogre_vendor/lib:/opt/ros/jazzy/lib/x86_64-linux-gnu:/opt/ros/jazzy/opt/gz_gui_vendor/lib:/opt/ros/jazzy/opt/gz_transport_vendor/lib:/opt/ros/jazzy/opt/gz_rendering_vendor/lib:/opt/ros/jazzy/opt/gz_plugin_vendor/lib:/opt/ros/jazzy/opt/gz_fuel_tools_vendor/lib:/opt/ros/jazzy/opt/gz_msgs_vendor/lib:/opt/ros/jazzy/opt/gz_common_vendor/lib:/opt/ros/jazzy/opt/gz_math_vendor/lib:/opt/ros/jazzy/opt/gz_utils_vendor/lib:/opt/ros/jazzy/opt/gz_tools_vendor/lib:/opt/ros/jazzy/opt/gz_ogre_next_vendor/lib:/opt/ros/jazzy/opt/gz_dartsim_vendor/lib:/opt/ros/jazzy/opt/gz_cmake_vendor/lib:/opt/ros/jazzy/lib PYTHONPATH=/home/student36/RoboticsDesignProject/Git-repos/LeoRover-Team7/elephant_arm_ws/install/moveit_task_constructor_msgs/lib/python3.12/site-packages:/home/student36/RoboticsDesignProject/Git-repos/LeoRover-Team7/elephant_arm_ws/install/moveit_task_constructor_core/lib/python3.12/site-packages:/home/student36/ros2_tutorial_workspace/install/the_simplest_python_package/lib/python3.12/site-packages:/home/student36/ros2_tutorial_workspace/install/python_package_with_a_node/lib/python3.12/site-packages:/home/student36/ros2_tutorial_workspace/install/python_package_that_uses_the_library/lib/python3.12/site-packages:/home/student36/ros2_tutorial_workspace/install/python_package_with_a_library/lib/python3.12/site-packages:/home/student36/ros2_tutorial_workspace/install/python_package_that_uses_the_services/lib/python3.12/site-packages:/home/student36/ros2_tutorial_workspace/install/python_package_that_uses_the_actions/lib/python3.12/site-packages:/home/student36/ros2_tutorial_workspace/install/python_package_that_uses_tf2/lib/python3.12/site-packages:/home/student36/ros2_tutorial_workspace/install/python_package_that_uses_parameters_and_launch_files/lib/python3.12/site-packages:/home/student36/ros2_tutorial_workspace/install/python_package_that_uses_nottf2/lib/python3.12/site-packages:/home/student36/ros2_tutorial_workspace/install/python_package_that_uses_nav2/lib/python3.12/site-packages:/home/student36/ros2_tutorial_workspace/install/python_package_that_uses_messages/lib/python3.12/site-packages:/home/student36/ros2_tutorial_workspace/install/python_package_that_uses_geometry_msgs/lib/python3.12/site-packages:/home/student36/ros2_tutorial_workspace/install/python_package_that_uses_gazebo/lib/python3.12/site-packages:/home/student36/ros2_tutorial_workspace/install/package_with_interfaces/lib/python3.12/site-packages:/home/student36/ws_moveit/install/moveit_task_constructor_core/lib/python3.12/site-packages:/home/student36/ws_moveit/install/mycobot_description/lib/python3.12/site-packages:/home/student36/ws_moveit/install/moveit_task_constructor_msgs/lib/python3.12/site-packages:/home/student36/ws_moveit/install/moveit_py/lib/python3.12/site-packages:/home/student36/ws_moveit/install/moveit_msgs/lib/python3.12/site-packages:/home/student36/ws_moveit/install/moveit_configs_utils/lib/python3.12/site-packages:/home/student36/elephant_arm_ws/install/mycobot_description/lib/python3.12/site-packages:/opt/ros/jazzy/lib/python3.12/site-packages /usr/bin/cmake --install /home/student36/RoboticsDesignProject/Git-repos/LeoRover-Team7/elephant_arm_ws/build/moveit_task_constructor_core
[2.317s] Level 1:colcon.colcon_core.shell:create_environment_hook('moveit_task_constructor_core', 'cmake_module_path')
[2.317s] INFO:colcon.colcon_core.shell:Creating environment hook '/home/student36/RoboticsDesignProject/Git-repos/LeoRover-Team7/elephant_arm_ws/install/moveit_task_constructor_core/share/moveit_task_constructor_core/hook/cmake_module_path.ps1'
[2.318s] INFO:colcon.colcon_core.shell:Creating environment descriptor '/home/student36/RoboticsDesignProject/Git-repos/LeoRover-Team7/elephant_arm_ws/install/moveit_task_constructor_core/share/moveit_task_constructor_core/hook/cmake_module_path.dsv'
[2.318s] INFO:colcon.colcon_core.shell:Creating environment hook '/home/student36/RoboticsDesignProject/Git-repos/LeoRover-Team7/elephant_arm_ws/install/moveit_task_constructor_core/share/moveit_task_constructor_core/hook/cmake_module_path.sh'
[2.319s] Level 1:colcon.colcon_core.environment:checking '/home/student36/RoboticsDesignProject/Git-repos/LeoRover-Team7/elephant_arm_ws/install/moveit_task_constructor_core' for CMake config files
[2.320s] Level 1:colcon.colcon_core.shell:create_environment_hook('moveit_task_constructor_core', 'cmake_prefix_path')
[2.320s] INFO:colcon.colcon_core.shell:Creating environment hook '/home/student36/RoboticsDesignProject/Git-repos/LeoRover-Team7/elephant_arm_ws/install/moveit_task_constructor_core/share/moveit_task_constructor_core/hook/cmake_prefix_path.ps1'
[2.321s] INFO:colcon.colcon_core.shell:Creating environment descriptor '/home/student36/RoboticsDesignProject/Git-repos/LeoRover-Team7/elephant_arm_ws/install/moveit_task_constructor_core/share/moveit_task_constructor_core/hook/cmake_prefix_path.dsv'
[2.321s] INFO:colcon.colcon_core.shell:Creating environment hook '/home/student36/RoboticsDesignProject/Git-repos/LeoRover-Team7/elephant_arm_ws/install/moveit_task_constructor_core/share/moveit_task_constructor_core/hook/cmake_prefix_path.sh'
[2.322s] Level 1:colcon.colcon_core.environment:checking '/home/student36/RoboticsDesignProject/Git-repos/LeoRover-Team7/elephant_arm_ws/install/moveit_task_constructor_core/lib'
[2.322s] Level 1:colcon.colcon_core.shell:create_environment_hook('moveit_task_constructor_core', 'ld_library_path_lib')
[2.322s] INFO:colcon.colcon_core.shell:Creating environment hook '/home/student36/RoboticsDesignProject/Git-repos/LeoRover-Team7/elephant_arm_ws/install/moveit_task_constructor_core/share/moveit_task_constructor_core/hook/ld_library_path_lib.ps1'
[2.323s] INFO:colcon.colcon_core.shell:Creating environment descriptor '/home/student36/RoboticsDesignProject/Git-repos/LeoRover-Team7/elephant_arm_ws/install/moveit_task_constructor_core/share/moveit_task_constructor_core/hook/ld_library_path_lib.dsv'
[2.323s] INFO:colcon.colcon_core.shell:Creating environment hook '/home/student36/RoboticsDesignProject/Git-repos/LeoRover-Team7/elephant_arm_ws/install/moveit_task_constructor_core/share/moveit_task_constructor_core/hook/ld_library_path_lib.sh'
[2.324s] Level 1:colcon.colcon_core.environment:checking '/home/student36/RoboticsDesignProject/Git-repos/LeoRover-Team7/elephant_arm_ws/install/moveit_task_constructor_core/bin'
[2.324s] Level 1:colcon.colcon_core.environment:checking '/home/student36/RoboticsDesignProject/Git-repos/LeoRover-Team7/elephant_arm_ws/install/moveit_task_constructor_core/lib/pkgconfig/moveit_task_constructor_core.pc'
[2.324s] Level 1:colcon.colcon_core.environment:checking '/home/student36/RoboticsDesignProject/Git-repos/LeoRover-Team7/elephant_arm_ws/install/moveit_task_constructor_core/lib/python3.12/site-packages'
[2.324s] Level 1:colcon.colcon_core.shell:create_environment_hook('moveit_task_constructor_core', 'pythonpath')
[2.324s] INFO:colcon.colcon_core.shell:Creating environment hook '/home/student36/RoboticsDesignProject/Git-repos/LeoRover-Team7/elephant_arm_ws/install/moveit_task_constructor_core/share/moveit_task_constructor_core/hook/pythonpath.ps1'
[2.325s] INFO:colcon.colcon_core.shell:Creating environment descriptor '/home/student36/RoboticsDesignProject/Git-repos/LeoRover-Team7/elephant_arm_ws/install/moveit_task_constructor_core/share/moveit_task_constructor_core/hook/pythonpath.dsv'
[2.325s] INFO:colcon.colcon_core.shell:Creating environment hook '/home/student36/RoboticsDesignProject/Git-repos/LeoRover-Team7/elephant_arm_ws/install/moveit_task_constructor_core/share/moveit_task_constructor_core/hook/pythonpath.sh'
[2.326s] Level 1:colcon.colcon_core.environment:checking '/home/student36/RoboticsDesignProject/Git-repos/LeoRover-Team7/elephant_arm_ws/install/moveit_task_constructor_core/bin'
[2.327s] INFO:colcon.colcon_core.shell:Creating package script '/home/student36/RoboticsDesignProject/Git-repos/LeoRover-Team7/elephant_arm_ws/install/moveit_task_constructor_core/share/moveit_task_constructor_core/package.ps1'
[2.327s] INFO:colcon.colcon_core.shell:Creating package descriptor '/home/student36/RoboticsDesignProject/Git-repos/LeoRover-Team7/elephant_arm_ws/install/moveit_task_constructor_core/share/moveit_task_constructor_core/package.dsv'
[2.328s] INFO:colcon.colcon_core.shell:Creating package script '/home/student36/RoboticsDesignProject/Git-repos/LeoRover-Team7/elephant_arm_ws/install/moveit_task_constructor_core/share/moveit_task_constructor_core/package.sh'
[2.329s] INFO:colcon.colcon_core.shell:Creating package script '/home/student36/RoboticsDesignProject/Git-repos/LeoRover-Team7/elephant_arm_ws/install/moveit_task_constructor_core/share/moveit_task_constructor_core/package.bash'
[2.329s] INFO:colcon.colcon_core.shell:Creating package script '/home/student36/RoboticsDesignProject/Git-repos/LeoRover-Team7/elephant_arm_ws/install/moveit_task_constructor_core/share/moveit_task_constructor_core/package.zsh'
[2.330s] Level 1:colcon.colcon_core.environment:create_file_with_runtime_dependencies(/home/student36/RoboticsDesignProject/Git-repos/LeoRover-Team7/elephant_arm_ws/install/moveit_task_constructor_core/share/colcon-core/packages/moveit_task_constructor_core)
[2.330s] Level 1:colcon.colcon_core.environment:create_environment_scripts_only(moveit_task_constructor_core)
[2.331s] Level 1:colcon.colcon_core.environment:checking '/home/student36/RoboticsDesignProject/Git-repos/LeoRover-Team7/elephant_arm_ws/install/moveit_task_constructor_core' for CMake module files
[2.331s] Level 1:colcon.colcon_core.shell:create_environment_hook('moveit_task_constructor_core', 'cmake_module_path')
[2.332s] INFO:colcon.colcon_core.shell:Creating environment hook '/home/student36/RoboticsDesignProject/Git-repos/LeoRover-Team7/elephant_arm_ws/install/moveit_task_constructor_core/share/moveit_task_constructor_core/hook/cmake_module_path.ps1'
[2.332s] INFO:colcon.colcon_core.shell:Creating environment descriptor '/home/student36/RoboticsDesignProject/Git-repos/LeoRover-Team7/elephant_arm_ws/install/moveit_task_constructor_core/share/moveit_task_constructor_core/hook/cmake_module_path.dsv'
[2.333s] INFO:colcon.colcon_core.shell:Creating environment hook '/home/student36/RoboticsDesignProject/Git-repos/LeoRover-Team7/elephant_arm_ws/install/moveit_task_constructor_core/share/moveit_task_constructor_core/hook/cmake_module_path.sh'
[2.333s] Level 1:colcon.colcon_core.environment:checking '/home/student36/RoboticsDesignProject/Git-repos/LeoRover-Team7/elephant_arm_ws/install/moveit_task_constructor_core' for CMake config files
[2.334s] Level 1:colcon.colcon_core.shell:create_environment_hook('moveit_task_constructor_core', 'cmake_prefix_path')
[2.334s] INFO:colcon.colcon_core.shell:Creating environment hook '/home/student36/RoboticsDesignProject/Git-repos/LeoRover-Team7/elephant_arm_ws/install/moveit_task_constructor_core/share/moveit_task_constructor_core/hook/cmake_prefix_path.ps1'
[2.335s] INFO:colcon.colcon_core.shell:Creating environment descriptor '/home/student36/RoboticsDesignProject/Git-repos/LeoRover-Team7/elephant_arm_ws/install/moveit_task_constructor_core/share/moveit_task_constructor_core/hook/cmake_prefix_path.dsv'
[2.335s] INFO:colcon.colcon_core.shell:Creating environment hook '/home/student36/RoboticsDesignProject/Git-repos/LeoRover-Team7/elephant_arm_ws/install/moveit_task_constructor_core/share/moveit_task_constructor_core/hook/cmake_prefix_path.sh'
[2.336s] Level 1:colcon.colcon_core.environment:checking '/home/student36/RoboticsDesignProject/Git-repos/LeoRover-Team7/elephant_arm_ws/install/moveit_task_constructor_core/lib'
[2.336s] Level 1:colcon.colcon_core.shell:create_environment_hook('moveit_task_constructor_core', 'ld_library_path_lib')
[2.336s] INFO:colcon.colcon_core.shell:Creating environment hook '/home/student36/RoboticsDesignProject/Git-repos/LeoRover-Team7/elephant_arm_ws/install/moveit_task_constructor_core/share/moveit_task_constructor_core/hook/ld_library_path_lib.ps1'
[2.337s] INFO:colcon.colcon_core.shell:Creating environment descriptor '/home/student36/RoboticsDesignProject/Git-repos/LeoRover-Team7/elephant_arm_ws/install/moveit_task_constructor_core/share/moveit_task_constructor_core/hook/ld_library_path_lib.dsv'
[2.337s] INFO:colcon.colcon_core.shell:Creating environment hook '/home/student36/RoboticsDesignProject/Git-repos/LeoRover-Team7/elephant_arm_ws/install/moveit_task_constructor_core/share/moveit_task_constructor_core/hook/ld_library_path_lib.sh'
[2.338s] Level 1:colcon.colcon_core.environment:checking '/home/student36/RoboticsDesignProject/Git-repos/LeoRover-Team7/elephant_arm_ws/install/moveit_task_constructor_core/bin'
[2.338s] Level 1:colcon.colcon_core.environment:checking '/home/student36/RoboticsDesignProject/Git-repos/LeoRover-Team7/elephant_arm_ws/install/moveit_task_constructor_core/lib/pkgconfig/moveit_task_constructor_core.pc'
[2.338s] Level 1:colcon.colcon_core.environment:checking '/home/student36/RoboticsDesignProject/Git-repos/LeoRover-Team7/elephant_arm_ws/install/moveit_task_constructor_core/lib/python3.12/site-packages'
[2.338s] Level 1:colcon.colcon_core.shell:create_environment_hook('moveit_task_constructor_core', 'pythonpath')
[2.339s] INFO:colcon.colcon_core.shell:Creating environment hook '/home/student36/RoboticsDesignProject/Git-repos/LeoRover-Team7/elephant_arm_ws/install/moveit_task_constructor_core/share/moveit_task_constructor_core/hook/pythonpath.ps1'
[2.339s] INFO:colcon.colcon_core.shell:Creating environment descriptor '/home/student36/RoboticsDesignProject/Git-repos/LeoRover-Team7/elephant_arm_ws/install/moveit_task_constructor_core/share/moveit_task_constructor_core/hook/pythonpath.dsv'
[2.340s] INFO:colcon.colcon_core.shell:Creating environment hook '/home/student36/RoboticsDesignProject/Git-repos/LeoRover-Team7/elephant_arm_ws/install/moveit_task_constructor_core/share/moveit_task_constructor_core/hook/pythonpath.sh'
[2.341s] Level 1:colcon.colcon_core.environment:checking '/home/student36/RoboticsDesignProject/Git-repos/LeoRover-Team7/elephant_arm_ws/install/moveit_task_constructor_core/bin'
[2.341s] INFO:colcon.colcon_core.shell:Creating package script '/home/student36/RoboticsDesignProject/Git-repos/LeoRover-Team7/elephant_arm_ws/install/moveit_task_constructor_core/share/moveit_task_constructor_core/package.ps1'
[2.342s] INFO:colcon.colcon_core.shell:Creating package descriptor '/home/student36/RoboticsDesignProject/Git-repos/LeoRover-Team7/elephant_arm_ws/install/moveit_task_constructor_core/share/moveit_task_constructor_core/package.dsv'
[2.343s] INFO:colcon.colcon_core.shell:Creating package script '/home/student36/RoboticsDesignProject/Git-repos/LeoRover-Team7/elephant_arm_ws/install/moveit_task_constructor_core/share/moveit_task_constructor_core/package.sh'
[2.343s] INFO:colcon.colcon_core.shell:Creating package script '/home/student36/RoboticsDesignProject/Git-repos/LeoRover-Team7/elephant_arm_ws/install/moveit_task_constructor_core/share/moveit_task_constructor_core/package.bash'
[2.344s] INFO:colcon.colcon_core.shell:Creating package script '/home/student36/RoboticsDesignProject/Git-repos/LeoRover-Team7/elephant_arm_ws/install/moveit_task_constructor_core/share/moveit_task_constructor_core/package.zsh'
[2.344s] Level 1:colcon.colcon_core.environment:create_file_with_runtime_dependencies(/home/student36/RoboticsDesignProject/Git-repos/LeoRover-Team7/elephant_arm_ws/install/moveit_task_constructor_core/share/colcon-core/packages/moveit_task_constructor_core)
[2.345s] INFO:colcon.colcon_ros.task.ament_cmake.build:Building ROS package in '/home/student36/RoboticsDesignProject/Git-repos/LeoRover-Team7/elephant_arm_ws/src/moveit_task_constructor/capabilities' with build type 'ament_cmake'
[2.345s] INFO:colcon.colcon_cmake.task.cmake.build:Building CMake package in '/home/student36/RoboticsDesignProject/Git-repos/LeoRover-Team7/elephant_arm_ws/src/moveit_task_constructor/capabilities'
[2.345s] INFO:colcon.colcon_core.shell:Skip shell extension 'powershell' for command environment: Not usable outside of PowerShell
[2.345s] DEBUG:colcon.colcon_core.shell:Skip shell extension 'dsv' for command environment
[2.365s] INFO:colcon.colcon_ros.task.ament_cmake.build:Building ROS package in '/home/student36/RoboticsDesignProject/Git-repos/LeoRover-Team7/elephant_arm_ws/src/moveit_task_constructor/visualization' with build type 'ament_cmake'
[2.365s] INFO:colcon.colcon_cmake.task.cmake.build:Building CMake package in '/home/student36/RoboticsDesignProject/Git-repos/LeoRover-Team7/elephant_arm_ws/src/moveit_task_constructor/visualization'
[2.365s] INFO:colcon.colcon_core.shell:Skip shell extension 'powershell' for command environment: Not usable outside of PowerShell
[2.365s] DEBUG:colcon.colcon_core.shell:Skip shell extension 'dsv' for command environment
[2.373s] INFO:colcon.colcon_ros.task.ament_cmake.build:Building ROS package in '/home/student36/RoboticsDesignProject/Git-repos/LeoRover-Team7/elephant_arm_ws/src/mtc_tutorial' with build type 'ament_cmake'
[2.373s] INFO:colcon.colcon_cmake.task.cmake.build:Building CMake package in '/home/student36/RoboticsDesignProject/Git-repos/LeoRover-Team7/elephant_arm_ws/src/mtc_tutorial'
[2.373s] INFO:colcon.colcon_core.shell:Skip shell extension 'powershell' for command environment: Not usable outside of PowerShell
[2.373s] DEBUG:colcon.colcon_core.shell:Skip shell extension 'dsv' for command environment
[2.394s] DEBUG:colcon.colcon_core.event_handler.log_command:Invoking command in '/home/student36/RoboticsDesignProject/Git-repos/LeoRover-Team7/elephant_arm_ws/build/moveit_task_constructor_capabilities': CMAKE_PREFIX_PATH=/home/student36/RoboticsDesignProject/Git-repos/LeoRover-Team7/elephant_arm_ws/install/moveit_task_constructor_core:/home/student36/RoboticsDesignProject/Git-repos/LeoRover-Team7/elephant_arm_ws/install/rviz_marker_tools:/home/student36/RoboticsDesignProject/Git-repos/LeoRover-Team7/elephant_arm_ws/install/moveit_task_constructor_msgs:/home/student36/RoboticsDesignProject/Git-repos/LeoRover-Team7/elephant_arm_ws/install/mtc_tutorial:/home/student36/RoboticsDesignProject/Git-repos/LeoRover-Team7/elephant_arm_ws/install/moveit_task_constructor_demo:/home/student36/RoboticsDesignProject/Git-repos/LeoRover-Team7/elephant_arm_ws/install/moveit_task_constructor_visualization:/home/student36/RoboticsDesignProject/Git-repos/LeoRover-Team7/elephant_arm_ws/install/moveit_task_constructor_capabilities:/home/student36/RoboticsDesignProject/Git-repos/LeoRover-Team7/elephant_arm_ws/install/mycobot_ros2:/home/student36/RoboticsDesignProject/Git-repos/LeoRover-Team7/elephant_arm_ws/install/mycobot_moveit_config:/home/student36/RoboticsDesignProject/Git-repos/LeoRover-Team7/elephant_arm_ws/install/mycobot_gazebo:/home/student36/RoboticsDesignProject/Git-repos/LeoRover-Team7/elephant_arm_ws/install/mycobot_description:/home/student36/RoboticsDesignProject/Git-repos/LeoRover-Team7/elephant_arm_ws/install/mycobot_bringup:/home/student36/RoboticsDesignProject/Git-repos/LeoRover-Team7/elephant_arm_ws/install/hello_moveit:/home/student36/ros2_tutorial_workspace/install/package_with_interfaces:/home/student36/ws_moveit/install/robotiq_hardware_tests:/home/student36/ws_moveit/install/robotiq_driver:/home/student36/ws_moveit/install/serial:/home/student36/ws_moveit/install/moveit2_tutorials:/home/student36/ws_moveit/install/hello_moveit:/home/student36/ws_moveit/install/moveit_visual_tools:/home/student36/ws_moveit/install/rviz_visual_tools:/home/student36/ws_moveit/install/mtc_tutorial:/home/student36/ws_moveit/install/moveit_task_constructor_demo:/home/student36/ws_moveit/install/moveit_task_constructor_visualization:/home/student36/ws_moveit/install/moveit_task_constructor_capabilities:/home/student36/ws_moveit/install/elephant:/home/student36/ws_moveit/install/moveit_task_constructor_core:/home/student36/ws_moveit/install/rviz_marker_tools:/home/student36/ws_moveit/install/kortex_bringup:/home/student36/ws_moveit/install/kinova_gen3_lite_moveit_config:/home/student36/ws_moveit/install/kinova_gen3_7dof_robotiq_2f_85_moveit_config:/home/student36/ws_moveit/install/kinova_gen3_6dof_robotiq_2f_85_moveit_config:/home/student36/ws_moveit/install/kortex_description:/home/student36/ws_moveit/install/robotiq_description:/home/student36/ws_moveit/install/robotiq_controllers:/home/student36/ws_moveit/install/pilz_industrial_motion_planner_testutils:/home/student36/ws_moveit/install/mycobot_280_moveit2:/home/student36/ws_moveit/install/moveit_runtime:/home/student36/ws_moveit/install/moveit:/home/student36/ws_moveit/install/elephant_arm:/home/student36/ws_moveit/install/moveit_planners:/home/student36/ws_moveit/install/pilz_industrial_motion_planner:/home/student36/ws_moveit/install/mycobot_description:/home/student36/ws_moveit/install/moveit_task_constructor_msgs:/home/student36/ws_moveit/install/moveit_ros_control_interface:/home/student36/ws_moveit/install/moveit_plugins:/home/student36/ws_moveit/install/moveit_simple_controller_manager:/home/student36/ws_moveit/install/moveit_setup_assistant:/home/student36/ws_moveit/install/moveit_setup_srdf_plugins:/home/student36/ws_moveit/install/moveit_setup_core_plugins:/home/student36/ws_moveit/install/moveit_setup_controllers:/home/student36/ws_moveit/install/moveit_setup_app_plugins:/home/student36/ws_moveit/install/moveit_setup_framework:/home/student36/ws_moveit/install/moveit_servo:/home/student36/ws_moveit/install/moveit_ros_trajectory_cache:/home/student36/ws_moveit/install/moveit_ros:/home/student36/ws_moveit/install/moveit_ros_visualization:/home/student36/ws_moveit/install/moveit_py:/home/student36/ws_moveit/install/moveit_hybrid_planning:/home/student36/ws_moveit/install/moveit_ros_planning_interface:/home/student36/ws_moveit/install/moveit_ros_benchmarks:/home/student36/ws_moveit/install/moveit_ros_warehouse:/home/student36/ws_moveit/install/moveit_ros_robot_interaction:/home/student36/ws_moveit/install/moveit_ros_perception:/home/student36/ws_moveit/install/moveit_resources_prbt_pg70_support:/home/student36/ws_moveit/install/moveit_resources_prbt_moveit_config:/home/student36/ws_moveit/install/moveit_ros_move_group:/home/student36/ws_moveit/install/moveit_planners_ompl:/home/student36/ws_moveit/install/moveit_kinematics:/home/student36/ws_moveit/install/moveit_ros_planning:/home/student36/ws_moveit/install/moveit_ros_occupancy_map_monitor:/home/student36/ws_moveit/install/moveit_resources_prbt_support:/home/student36/ws_moveit/install/moveit_resources_prbt_ikfast_manipulator_plugin:/home/student36/ws_moveit/install/moveit_resources:/home/student36/ws_moveit/install/moveit_resources_pr2_description:/home/student36/ws_moveit/install/moveit_resources_panda_moveit_config:/home/student36/ws_moveit/install/dual_arm_panda_moveit_config:/home/student36/ws_moveit/install/moveit_resources_panda_description:/home/student36/ws_moveit/install/moveit_resources_fanuc_moveit_config:/home/student36/ws_moveit/install/moveit_resources_fanuc_description:/home/student36/ws_moveit/install/moveit_planners_stomp:/home/student36/ws_moveit/install/moveit_planners_chomp:/home/student36/ws_moveit/install/chomp_motion_planner:/home/student36/ws_moveit/install/moveit_core:/home/student36/ws_moveit/install/moveit_msgs:/home/student36/ws_moveit/install/moveit_common:/home/student36/ws_moveit/install/kortex_driver:/home/student36/ws_moveit/install/kortex_api:/home/student36/rplidar_ws/install/rplidar_ros:/home/student36/elephant_arm_ws/install/mycobot_280_moveit2:/opt/ros/jazzy/opt/gz_sim_vendor:/opt/ros/jazzy/opt/gz_sensors_vendor:/opt/ros/jazzy/opt/gz_physics_vendor:/opt/ros/jazzy/opt/sdformat_vendor:/opt/ros/jazzy/opt/gz_gui_vendor:/opt/ros/jazzy/opt/gz_transport_vendor:/opt/ros/jazzy/opt/gz_rendering_vendor:/opt/ros/jazzy/opt/gz_plugin_vendor:/opt/ros/jazzy/opt/gz_fuel_tools_vendor:/opt/ros/jazzy/opt/gz_msgs_vendor:/opt/ros/jazzy/opt/gz_common_vendor:/opt/ros/jazzy/opt/gz_math_vendor:/opt/ros/jazzy/opt/gz_utils_vendor:/opt/ros/jazzy/opt/gz_tools_vendor:/opt/ros/jazzy/opt/gz_ogre_next_vendor:/opt/ros/jazzy/opt/gz_dartsim_vendor:/opt/ros/jazzy/opt/gz_cmake_vendor:/home/student36/ros2_tutorial_workspace/install/the_simplest_python_package:/home/student36/ros2_tutorial_workspace/install/python_package_with_a_node:/home/student36/ros2_tutorial_workspace/install/python_package_that_uses_the_library:/home/student36/ros2_tutorial_workspace/install/python_package_with_a_library:/home/student36/ros2_tutorial_workspace/install/python_package_that_uses_the_services:/home/student36/ros2_tutorial_workspace/install/python_package_that_uses_the_actions:/home/student36/ros2_tutorial_workspace/install/python_package_that_uses_tf2:/home/student36/ros2_tutorial_workspace/install/python_package_that_uses_parameters_and_launch_files:/home/student36/ros2_tutorial_workspace/install/python_package_that_uses_nottf2:/home/student36/ros2_tutorial_workspace/install/python_package_that_uses_nav2:/home/student36/ros2_tutorial_workspace/install/python_package_that_uses_messages:/home/student36/ros2_tutorial_workspace/install/python_package_that_uses_geometry_msgs:/home/student36/ros2_tutorial_workspace/install/python_package_that_uses_gazebo:/home/student36/ws_moveit/install/moveit_configs_utils:/home/student36/elephant_arm_ws/install/mycobot_description:/opt/ros/jazzy DEBUGINFOD_URLS=https://debuginfod.ubuntu.com LD_LIBRARY_PATH=/home/student36/RoboticsDesignProject/Git-repos/LeoRover-Team7/elephant_arm_ws/install/moveit_task_constructor_core/lib:/home/student36/RoboticsDesignProject/Git-repos/LeoRover-Team7/elephant_arm_ws/install/rviz_marker_tools/lib:/home/student36/RoboticsDesignProject/Git-repos/LeoRover-Team7/elephant_arm_ws/install/moveit_task_constructor_msgs/lib:/home/student36/RoboticsDesignProject/Git-repos/LeoRover-Team7/elephant_arm_ws/install/moveit_task_constructor_demo/lib:/home/student36/RoboticsDesignProject/Git-repos/LeoRover-Team7/elephant_arm_ws/install/moveit_task_constructor_visualization/lib:/home/student36/RoboticsDesignProject/Git-repos/LeoRover-Team7/elephant_arm_ws/install/moveit_task_constructor_capabilities/lib:/home/student36/ros2_tutorial_workspace/install/package_with_interfaces/lib:/home/student36/ws_moveit/install/robotiq_driver/lib:/home/student36/ws_moveit/install/serial/lib:/home/student36/ws_moveit/install/moveit_visual_tools/lib:/home/student36/ws_moveit/install/rviz_visual_tools/lib:/home/student36/ws_moveit/install/moveit_task_constructor_demo/lib:/home/student36/ws_moveit/install/moveit_task_constructor_visualization/lib:/home/student36/ws_moveit/install/moveit_task_constructor_capabilities/lib:/home/student36/ws_moveit/install/moveit_task_constructor_core/lib:/home/student36/ws_moveit/install/rviz_marker_tools/lib:/home/student36/ws_moveit/install/robotiq_controllers/lib:/home/student36/ws_moveit/install/pilz_industrial_motion_planner_testutils/lib:/home/student36/ws_moveit/install/pilz_industrial_motion_planner/lib:/home/student36/ws_moveit/install/moveit_task_constructor_msgs/lib:/home/student36/ws_moveit/install/moveit_ros_control_interface/lib:/home/student36/ws_moveit/install/moveit_simple_controller_manager/lib:/home/student36/ws_moveit/install/moveit_setup_assistant/lib:/home/student36/ws_moveit/install/moveit_setup_srdf_plugins/lib:/home/student36/ws_moveit/install/moveit_setup_core_plugins/lib:/home/student36/ws_moveit/install/moveit_setup_controllers/lib:/home/student36/ws_moveit/install/moveit_setup_app_plugins/lib:/home/student36/ws_moveit/install/moveit_setup_framework/lib:/home/student36/ws_moveit/install/moveit_servo/lib:/home/student36/ws_moveit/install/moveit_ros_trajectory_cache/lib:/home/student36/ws_moveit/install/moveit_ros_visualization/lib:/home/student36/ws_moveit/install/moveit_py/lib:/home/student36/ws_moveit/install/moveit_hybrid_planning/lib:/home/student36/ws_moveit/install/moveit_ros_planning_interface/lib:/home/student36/ws_moveit/install/moveit_ros_benchmarks/lib:/home/student36/ws_moveit/install/moveit_ros_warehouse/lib:/home/student36/ws_moveit/install/moveit_ros_robot_interaction/lib:/home/student36/ws_moveit/install/moveit_ros_perception/lib:/home/student36/ws_moveit/install/moveit_ros_move_group/lib:/home/student36/ws_moveit/install/moveit_planners_ompl/lib:/home/student36/ws_moveit/install/moveit_kinematics/lib:/home/student36/ws_moveit/install/moveit_ros_planning/lib:/home/student36/ws_moveit/install/moveit_ros_occupancy_map_monitor/lib:/home/student36/ws_moveit/install/moveit_resources_prbt_ikfast_manipulator_plugin/lib:/home/student36/ws_moveit/install/moveit_planners_stomp/lib:/home/student36/ws_moveit/install/moveit_planners_chomp/lib:/home/student36/ws_moveit/install/chomp_motion_planner/lib:/home/student36/ws_moveit/install/moveit_core/lib:/home/student36/ws_moveit/install/moveit_msgs/lib:/home/student36/ws_moveit/install/kortex_driver/lib:/opt/ros/jazzy/opt/gz_sim_vendor/lib:/opt/ros/jazzy/opt/gz_sensors_vendor/lib:/opt/ros/jazzy/opt/gz_physics_vendor/lib:/opt/ros/jazzy/opt/sdformat_vendor/lib:/opt/ros/jazzy/opt/rviz_ogre_vendor/lib:/opt/ros/jazzy/lib/x86_64-linux-gnu:/opt/ros/jazzy/opt/gz_gui_vendor/lib:/opt/ros/jazzy/opt/gz_transport_vendor/lib:/opt/ros/jazzy/opt/gz_rendering_vendor/lib:/opt/ros/jazzy/opt/gz_plugin_vendor/lib:/opt/ros/jazzy/opt/gz_fuel_tools_vendor/lib:/opt/ros/jazzy/opt/gz_msgs_vendor/lib:/opt/ros/jazzy/opt/gz_common_vendor/lib:/opt/ros/jazzy/opt/gz_math_vendor/lib:/opt/ros/jazzy/opt/gz_utils_vendor/lib:/opt/ros/jazzy/opt/gz_tools_vendor/lib:/opt/ros/jazzy/opt/gz_ogre_next_vendor/lib:/opt/ros/jazzy/opt/gz_dartsim_vendor/lib:/opt/ros/jazzy/opt/gz_cmake_vendor/lib:/opt/ros/jazzy/lib /usr/bin/cmake --build /home/student36/RoboticsDesignProject/Git-repos/LeoRover-Team7/elephant_arm_ws/build/moveit_task_constructor_capabilities -- -j12 -l12
[2.399s] DEBUG:colcon.colcon_core.event_handler.log_command:Invoking command in '/home/student36/RoboticsDesignProject/Git-repos/LeoRover-Team7/elephant_arm_ws/build/moveit_task_constructor_visualization': CMAKE_PREFIX_PATH=/home/student36/RoboticsDesignProject/Git-repos/LeoRover-Team7/elephant_arm_ws/install/moveit_task_constructor_core:/home/student36/RoboticsDesignProject/Git-repos/LeoRover-Team7/elephant_arm_ws/install/rviz_marker_tools:/home/student36/RoboticsDesignProject/Git-repos/LeoRover-Team7/elephant_arm_ws/install/moveit_task_constructor_msgs:/home/student36/RoboticsDesignProject/Git-repos/LeoRover-Team7/elephant_arm_ws/install/mtc_tutorial:/home/student36/RoboticsDesignProject/Git-repos/LeoRover-Team7/elephant_arm_ws/install/moveit_task_constructor_demo:/home/student36/RoboticsDesignProject/Git-repos/LeoRover-Team7/elephant_arm_ws/install/moveit_task_constructor_visualization:/home/student36/RoboticsDesignProject/Git-repos/LeoRover-Team7/elephant_arm_ws/install/moveit_task_constructor_capabilities:/home/student36/RoboticsDesignProject/Git-repos/LeoRover-Team7/elephant_arm_ws/install/mycobot_ros2:/home/student36/RoboticsDesignProject/Git-repos/LeoRover-Team7/elephant_arm_ws/install/mycobot_moveit_config:/home/student36/RoboticsDesignProject/Git-repos/LeoRover-Team7/elephant_arm_ws/install/mycobot_gazebo:/home/student36/RoboticsDesignProject/Git-repos/LeoRover-Team7/elephant_arm_ws/install/mycobot_description:/home/student36/RoboticsDesignProject/Git-repos/LeoRover-Team7/elephant_arm_ws/install/mycobot_bringup:/home/student36/RoboticsDesignProject/Git-repos/LeoRover-Team7/elephant_arm_ws/install/hello_moveit:/home/student36/ros2_tutorial_workspace/install/package_with_interfaces:/home/student36/ws_moveit/install/robotiq_hardware_tests:/home/student36/ws_moveit/install/robotiq_driver:/home/student36/ws_moveit/install/serial:/home/student36/ws_moveit/install/moveit2_tutorials:/home/student36/ws_moveit/install/hello_moveit:/home/student36/ws_moveit/install/moveit_visual_tools:/home/student36/ws_moveit/install/rviz_visual_tools:/home/student36/ws_moveit/install/mtc_tutorial:/home/student36/ws_moveit/install/moveit_task_constructor_demo:/home/student36/ws_moveit/install/moveit_task_constructor_visualization:/home/student36/ws_moveit/install/moveit_task_constructor_capabilities:/home/student36/ws_moveit/install/elephant:/home/student36/ws_moveit/install/moveit_task_constructor_core:/home/student36/ws_moveit/install/rviz_marker_tools:/home/student36/ws_moveit/install/kortex_bringup:/home/student36/ws_moveit/install/kinova_gen3_lite_moveit_config:/home/student36/ws_moveit/install/kinova_gen3_7dof_robotiq_2f_85_moveit_config:/home/student36/ws_moveit/install/kinova_gen3_6dof_robotiq_2f_85_moveit_config:/home/student36/ws_moveit/install/kortex_description:/home/student36/ws_moveit/install/robotiq_description:/home/student36/ws_moveit/install/robotiq_controllers:/home/student36/ws_moveit/install/pilz_industrial_motion_planner_testutils:/home/student36/ws_moveit/install/mycobot_280_moveit2:/home/student36/ws_moveit/install/moveit_runtime:/home/student36/ws_moveit/install/moveit:/home/student36/ws_moveit/install/elephant_arm:/home/student36/ws_moveit/install/moveit_planners:/home/student36/ws_moveit/install/pilz_industrial_motion_planner:/home/student36/ws_moveit/install/mycobot_description:/home/student36/ws_moveit/install/moveit_task_constructor_msgs:/home/student36/ws_moveit/install/moveit_ros_control_interface:/home/student36/ws_moveit/install/moveit_plugins:/home/student36/ws_moveit/install/moveit_simple_controller_manager:/home/student36/ws_moveit/install/moveit_setup_assistant:/home/student36/ws_moveit/install/moveit_setup_srdf_plugins:/home/student36/ws_moveit/install/moveit_setup_core_plugins:/home/student36/ws_moveit/install/moveit_setup_controllers:/home/student36/ws_moveit/install/moveit_setup_app_plugins:/home/student36/ws_moveit/install/moveit_setup_framework:/home/student36/ws_moveit/install/moveit_servo:/home/student36/ws_moveit/install/moveit_ros_trajectory_cache:/home/student36/ws_moveit/install/moveit_ros:/home/student36/ws_moveit/install/moveit_ros_visualization:/home/student36/ws_moveit/install/moveit_py:/home/student36/ws_moveit/install/moveit_hybrid_planning:/home/student36/ws_moveit/install/moveit_ros_planning_interface:/home/student36/ws_moveit/install/moveit_ros_benchmarks:/home/student36/ws_moveit/install/moveit_ros_warehouse:/home/student36/ws_moveit/install/moveit_ros_robot_interaction:/home/student36/ws_moveit/install/moveit_ros_perception:/home/student36/ws_moveit/install/moveit_resources_prbt_pg70_support:/home/student36/ws_moveit/install/moveit_resources_prbt_moveit_config:/home/student36/ws_moveit/install/moveit_ros_move_group:/home/student36/ws_moveit/install/moveit_planners_ompl:/home/student36/ws_moveit/install/moveit_kinematics:/home/student36/ws_moveit/install/moveit_ros_planning:/home/student36/ws_moveit/install/moveit_ros_occupancy_map_monitor:/home/student36/ws_moveit/install/moveit_resources_prbt_support:/home/student36/ws_moveit/install/moveit_resources_prbt_ikfast_manipulator_plugin:/home/student36/ws_moveit/install/moveit_resources:/home/student36/ws_moveit/install/moveit_resources_pr2_description:/home/student36/ws_moveit/install/moveit_resources_panda_moveit_config:/home/student36/ws_moveit/install/dual_arm_panda_moveit_config:/home/student36/ws_moveit/install/moveit_resources_panda_description:/home/student36/ws_moveit/install/moveit_resources_fanuc_moveit_config:/home/student36/ws_moveit/install/moveit_resources_fanuc_description:/home/student36/ws_moveit/install/moveit_planners_stomp:/home/student36/ws_moveit/install/moveit_planners_chomp:/home/student36/ws_moveit/install/chomp_motion_planner:/home/student36/ws_moveit/install/moveit_core:/home/student36/ws_moveit/install/moveit_msgs:/home/student36/ws_moveit/install/moveit_common:/home/student36/ws_moveit/install/kortex_driver:/home/student36/ws_moveit/install/kortex_api:/home/student36/rplidar_ws/install/rplidar_ros:/home/student36/elephant_arm_ws/install/mycobot_280_moveit2:/opt/ros/jazzy/opt/gz_sim_vendor:/opt/ros/jazzy/opt/gz_sensors_vendor:/opt/ros/jazzy/opt/gz_physics_vendor:/opt/ros/jazzy/opt/sdformat_vendor:/opt/ros/jazzy/opt/gz_gui_vendor:/opt/ros/jazzy/opt/gz_transport_vendor:/opt/ros/jazzy/opt/gz_rendering_vendor:/opt/ros/jazzy/opt/gz_plugin_vendor:/opt/ros/jazzy/opt/gz_fuel_tools_vendor:/opt/ros/jazzy/opt/gz_msgs_vendor:/opt/ros/jazzy/opt/gz_common_vendor:/opt/ros/jazzy/opt/gz_math_vendor:/opt/ros/jazzy/opt/gz_utils_vendor:/opt/ros/jazzy/opt/gz_tools_vendor:/opt/ros/jazzy/opt/gz_ogre_next_vendor:/opt/ros/jazzy/opt/gz_dartsim_vendor:/opt/ros/jazzy/opt/gz_cmake_vendor:/home/student36/ros2_tutorial_workspace/install/the_simplest_python_package:/home/student36/ros2_tutorial_workspace/install/python_package_with_a_node:/home/student36/ros2_tutorial_workspace/install/python_package_that_uses_the_library:/home/student36/ros2_tutorial_workspace/install/python_package_with_a_library:/home/student36/ros2_tutorial_workspace/install/python_package_that_uses_the_services:/home/student36/ros2_tutorial_workspace/install/python_package_that_uses_the_actions:/home/student36/ros2_tutorial_workspace/install/python_package_that_uses_tf2:/home/student36/ros2_tutorial_workspace/install/python_package_that_uses_parameters_and_launch_files:/home/student36/ros2_tutorial_workspace/install/python_package_that_uses_nottf2:/home/student36/ros2_tutorial_workspace/install/python_package_that_uses_nav2:/home/student36/ros2_tutorial_workspace/install/python_package_that_uses_messages:/home/student36/ros2_tutorial_workspace/install/python_package_that_uses_geometry_msgs:/home/student36/ros2_tutorial_workspace/install/python_package_that_uses_gazebo:/home/student36/ws_moveit/install/moveit_configs_utils:/home/student36/elephant_arm_ws/install/mycobot_description:/opt/ros/jazzy DEBUGINFOD_URLS=https://debuginfod.ubuntu.com LD_LIBRARY_PATH=/home/student36/RoboticsDesignProject/Git-repos/LeoRover-Team7/elephant_arm_ws/install/moveit_task_constructor_core/lib:/home/student36/RoboticsDesignProject/Git-repos/LeoRover-Team7/elephant_arm_ws/install/rviz_marker_tools/lib:/home/student36/RoboticsDesignProject/Git-repos/LeoRover-Team7/elephant_arm_ws/install/moveit_task_constructor_msgs/lib:/home/student36/RoboticsDesignProject/Git-repos/LeoRover-Team7/elephant_arm_ws/install/moveit_task_constructor_demo/lib:/home/student36/RoboticsDesignProject/Git-repos/LeoRover-Team7/elephant_arm_ws/install/moveit_task_constructor_visualization/lib:/home/student36/RoboticsDesignProject/Git-repos/LeoRover-Team7/elephant_arm_ws/install/moveit_task_constructor_capabilities/lib:/home/student36/ros2_tutorial_workspace/install/package_with_interfaces/lib:/home/student36/ws_moveit/install/robotiq_driver/lib:/home/student36/ws_moveit/install/serial/lib:/home/student36/ws_moveit/install/moveit_visual_tools/lib:/home/student36/ws_moveit/install/rviz_visual_tools/lib:/home/student36/ws_moveit/install/moveit_task_constructor_demo/lib:/home/student36/ws_moveit/install/moveit_task_constructor_visualization/lib:/home/student36/ws_moveit/install/moveit_task_constructor_capabilities/lib:/home/student36/ws_moveit/install/moveit_task_constructor_core/lib:/home/student36/ws_moveit/install/rviz_marker_tools/lib:/home/student36/ws_moveit/install/robotiq_controllers/lib:/home/student36/ws_moveit/install/pilz_industrial_motion_planner_testutils/lib:/home/student36/ws_moveit/install/pilz_industrial_motion_planner/lib:/home/student36/ws_moveit/install/moveit_task_constructor_msgs/lib:/home/student36/ws_moveit/install/moveit_ros_control_interface/lib:/home/student36/ws_moveit/install/moveit_simple_controller_manager/lib:/home/student36/ws_moveit/install/moveit_setup_assistant/lib:/home/student36/ws_moveit/install/moveit_setup_srdf_plugins/lib:/home/student36/ws_moveit/install/moveit_setup_core_plugins/lib:/home/student36/ws_moveit/install/moveit_setup_controllers/lib:/home/student36/ws_moveit/install/moveit_setup_app_plugins/lib:/home/student36/ws_moveit/install/moveit_setup_framework/lib:/home/student36/ws_moveit/install/moveit_servo/lib:/home/student36/ws_moveit/install/moveit_ros_trajectory_cache/lib:/home/student36/ws_moveit/install/moveit_ros_visualization/lib:/home/student36/ws_moveit/install/moveit_py/lib:/home/student36/ws_moveit/install/moveit_hybrid_planning/lib:/home/student36/ws_moveit/install/moveit_ros_planning_interface/lib:/home/student36/ws_moveit/install/moveit_ros_benchmarks/lib:/home/student36/ws_moveit/install/moveit_ros_warehouse/lib:/home/student36/ws_moveit/install/moveit_ros_robot_interaction/lib:/home/student36/ws_moveit/install/moveit_ros_perception/lib:/home/student36/ws_moveit/install/moveit_ros_move_group/lib:/home/student36/ws_moveit/install/moveit_planners_ompl/lib:/home/student36/ws_moveit/install/moveit_kinematics/lib:/home/student36/ws_moveit/install/moveit_ros_planning/lib:/home/student36/ws_moveit/install/moveit_ros_occupancy_map_monitor/lib:/home/student36/ws_moveit/install/moveit_resources_prbt_ikfast_manipulator_plugin/lib:/home/student36/ws_moveit/install/moveit_planners_stomp/lib:/home/student36/ws_moveit/install/moveit_planners_chomp/lib:/home/student36/ws_moveit/install/chomp_motion_planner/lib:/home/student36/ws_moveit/install/moveit_core/lib:/home/student36/ws_moveit/install/moveit_msgs/lib:/home/student36/ws_moveit/install/kortex_driver/lib:/opt/ros/jazzy/opt/gz_sim_vendor/lib:/opt/ros/jazzy/opt/gz_sensors_vendor/lib:/opt/ros/jazzy/opt/gz_physics_vendor/lib:/opt/ros/jazzy/opt/sdformat_vendor/lib:/opt/ros/jazzy/opt/rviz_ogre_vendor/lib:/opt/ros/jazzy/lib/x86_64-linux-gnu:/opt/ros/jazzy/opt/gz_gui_vendor/lib:/opt/ros/jazzy/opt/gz_transport_vendor/lib:/opt/ros/jazzy/opt/gz_rendering_vendor/lib:/opt/ros/jazzy/opt/gz_plugin_vendor/lib:/opt/ros/jazzy/opt/gz_fuel_tools_vendor/lib:/opt/ros/jazzy/opt/gz_msgs_vendor/lib:/opt/ros/jazzy/opt/gz_common_vendor/lib:/opt/ros/jazzy/opt/gz_math_vendor/lib:/opt/ros/jazzy/opt/gz_utils_vendor/lib:/opt/ros/jazzy/opt/gz_tools_vendor/lib:/opt/ros/jazzy/opt/gz_ogre_next_vendor/lib:/opt/ros/jazzy/opt/gz_dartsim_vendor/lib:/opt/ros/jazzy/opt/gz_cmake_vendor/lib:/opt/ros/jazzy/lib /usr/bin/cmake --build /home/student36/RoboticsDesignProject/Git-repos/LeoRover-Team7/elephant_arm_ws/build/moveit_task_constructor_visualization -- -j12 -l12
[2.415s] DEBUG:colcon.colcon_core.event_handler.log_command:Invoking command in '/home/student36/RoboticsDesignProject/Git-repos/LeoRover-Team7/elephant_arm_ws/build/mtc_tutorial': CMAKE_PREFIX_PATH=/home/student36/RoboticsDesignProject/Git-repos/LeoRover-Team7/elephant_arm_ws/install/moveit_task_constructor_core:/home/student36/RoboticsDesignProject/Git-repos/LeoRover-Team7/elephant_arm_ws/install/rviz_marker_tools:/home/student36/RoboticsDesignProject/Git-repos/LeoRover-Team7/elephant_arm_ws/install/moveit_task_constructor_msgs:/home/student36/RoboticsDesignProject/Git-repos/LeoRover-Team7/elephant_arm_ws/install/mtc_tutorial:/home/student36/RoboticsDesignProject/Git-repos/LeoRover-Team7/elephant_arm_ws/install/moveit_task_constructor_demo:/home/student36/RoboticsDesignProject/Git-repos/LeoRover-Team7/elephant_arm_ws/install/moveit_task_constructor_visualization:/home/student36/RoboticsDesignProject/Git-repos/LeoRover-Team7/elephant_arm_ws/install/moveit_task_constructor_capabilities:/home/student36/RoboticsDesignProject/Git-repos/LeoRover-Team7/elephant_arm_ws/install/mycobot_ros2:/home/student36/RoboticsDesignProject/Git-repos/LeoRover-Team7/elephant_arm_ws/install/mycobot_moveit_config:/home/student36/RoboticsDesignProject/Git-repos/LeoRover-Team7/elephant_arm_ws/install/mycobot_gazebo:/home/student36/RoboticsDesignProject/Git-repos/LeoRover-Team7/elephant_arm_ws/install/mycobot_description:/home/student36/RoboticsDesignProject/Git-repos/LeoRover-Team7/elephant_arm_ws/install/mycobot_bringup:/home/student36/RoboticsDesignProject/Git-repos/LeoRover-Team7/elephant_arm_ws/install/hello_moveit:/home/student36/ros2_tutorial_workspace/install/package_with_interfaces:/home/student36/ws_moveit/install/robotiq_hardware_tests:/home/student36/ws_moveit/install/robotiq_driver:/home/student36/ws_moveit/install/serial:/home/student36/ws_moveit/install/moveit2_tutorials:/home/student36/ws_moveit/install/hello_moveit:/home/student36/ws_moveit/install/moveit_visual_tools:/home/student36/ws_moveit/install/rviz_visual_tools:/home/student36/ws_moveit/install/mtc_tutorial:/home/student36/ws_moveit/install/moveit_task_constructor_demo:/home/student36/ws_moveit/install/moveit_task_constructor_visualization:/home/student36/ws_moveit/install/moveit_task_constructor_capabilities:/home/student36/ws_moveit/install/elephant:/home/student36/ws_moveit/install/moveit_task_constructor_core:/home/student36/ws_moveit/install/rviz_marker_tools:/home/student36/ws_moveit/install/kortex_bringup:/home/student36/ws_moveit/install/kinova_gen3_lite_moveit_config:/home/student36/ws_moveit/install/kinova_gen3_7dof_robotiq_2f_85_moveit_config:/home/student36/ws_moveit/install/kinova_gen3_6dof_robotiq_2f_85_moveit_config:/home/student36/ws_moveit/install/kortex_description:/home/student36/ws_moveit/install/robotiq_description:/home/student36/ws_moveit/install/robotiq_controllers:/home/student36/ws_moveit/install/pilz_industrial_motion_planner_testutils:/home/student36/ws_moveit/install/mycobot_280_moveit2:/home/student36/ws_moveit/install/moveit_runtime:/home/student36/ws_moveit/install/moveit:/home/student36/ws_moveit/install/elephant_arm:/home/student36/ws_moveit/install/moveit_planners:/home/student36/ws_moveit/install/pilz_industrial_motion_planner:/home/student36/ws_moveit/install/mycobot_description:/home/student36/ws_moveit/install/moveit_task_constructor_msgs:/home/student36/ws_moveit/install/moveit_ros_control_interface:/home/student36/ws_moveit/install/moveit_plugins:/home/student36/ws_moveit/install/moveit_simple_controller_manager:/home/student36/ws_moveit/install/moveit_setup_assistant:/home/student36/ws_moveit/install/moveit_setup_srdf_plugins:/home/student36/ws_moveit/install/moveit_setup_core_plugins:/home/student36/ws_moveit/install/moveit_setup_controllers:/home/student36/ws_moveit/install/moveit_setup_app_plugins:/home/student36/ws_moveit/install/moveit_setup_framework:/home/student36/ws_moveit/install/moveit_servo:/home/student36/ws_moveit/install/moveit_ros_trajectory_cache:/home/student36/ws_moveit/install/moveit_ros:/home/student36/ws_moveit/install/moveit_ros_visualization:/home/student36/ws_moveit/install/moveit_py:/home/student36/ws_moveit/install/moveit_hybrid_planning:/home/student36/ws_moveit/install/moveit_ros_planning_interface:/home/student36/ws_moveit/install/moveit_ros_benchmarks:/home/student36/ws_moveit/install/moveit_ros_warehouse:/home/student36/ws_moveit/install/moveit_ros_robot_interaction:/home/student36/ws_moveit/install/moveit_ros_perception:/home/student36/ws_moveit/install/moveit_resources_prbt_pg70_support:/home/student36/ws_moveit/install/moveit_resources_prbt_moveit_config:/home/student36/ws_moveit/install/moveit_ros_move_group:/home/student36/ws_moveit/install/moveit_planners_ompl:/home/student36/ws_moveit/install/moveit_kinematics:/home/student36/ws_moveit/install/moveit_ros_planning:/home/student36/ws_moveit/install/moveit_ros_occupancy_map_monitor:/home/student36/ws_moveit/install/moveit_resources_prbt_support:/home/student36/ws_moveit/install/moveit_resources_prbt_ikfast_manipulator_plugin:/home/student36/ws_moveit/install/moveit_resources:/home/student36/ws_moveit/install/moveit_resources_pr2_description:/home/student36/ws_moveit/install/moveit_resources_panda_moveit_config:/home/student36/ws_moveit/install/dual_arm_panda_moveit_config:/home/student36/ws_moveit/install/moveit_resources_panda_description:/home/student36/ws_moveit/install/moveit_resources_fanuc_moveit_config:/home/student36/ws_moveit/install/moveit_resources_fanuc_description:/home/student36/ws_moveit/install/moveit_planners_stomp:/home/student36/ws_moveit/install/moveit_planners_chomp:/home/student36/ws_moveit/install/chomp_motion_planner:/home/student36/ws_moveit/install/moveit_core:/home/student36/ws_moveit/install/moveit_msgs:/home/student36/ws_moveit/install/moveit_common:/home/student36/ws_moveit/install/kortex_driver:/home/student36/ws_moveit/install/kortex_api:/home/student36/rplidar_ws/install/rplidar_ros:/home/student36/elephant_arm_ws/install/mycobot_280_moveit2:/opt/ros/jazzy/opt/gz_sim_vendor:/opt/ros/jazzy/opt/gz_sensors_vendor:/opt/ros/jazzy/opt/gz_physics_vendor:/opt/ros/jazzy/opt/sdformat_vendor:/opt/ros/jazzy/opt/gz_gui_vendor:/opt/ros/jazzy/opt/gz_transport_vendor:/opt/ros/jazzy/opt/gz_rendering_vendor:/opt/ros/jazzy/opt/gz_plugin_vendor:/opt/ros/jazzy/opt/gz_fuel_tools_vendor:/opt/ros/jazzy/opt/gz_msgs_vendor:/opt/ros/jazzy/opt/gz_common_vendor:/opt/ros/jazzy/opt/gz_math_vendor:/opt/ros/jazzy/opt/gz_utils_vendor:/opt/ros/jazzy/opt/gz_tools_vendor:/opt/ros/jazzy/opt/gz_ogre_next_vendor:/opt/ros/jazzy/opt/gz_dartsim_vendor:/opt/ros/jazzy/opt/gz_cmake_vendor:/home/student36/ros2_tutorial_workspace/install/the_simplest_python_package:/home/student36/ros2_tutorial_workspace/install/python_package_with_a_node:/home/student36/ros2_tutorial_workspace/install/python_package_that_uses_the_library:/home/student36/ros2_tutorial_workspace/install/python_package_with_a_library:/home/student36/ros2_tutorial_workspace/install/python_package_that_uses_the_services:/home/student36/ros2_tutorial_workspace/install/python_package_that_uses_the_actions:/home/student36/ros2_tutorial_workspace/install/python_package_that_uses_tf2:/home/student36/ros2_tutorial_workspace/install/python_package_that_uses_parameters_and_launch_files:/home/student36/ros2_tutorial_workspace/install/python_package_that_uses_nottf2:/home/student36/ros2_tutorial_workspace/install/python_package_that_uses_nav2:/home/student36/ros2_tutorial_workspace/install/python_package_that_uses_messages:/home/student36/ros2_tutorial_workspace/install/python_package_that_uses_geometry_msgs:/home/student36/ros2_tutorial_workspace/install/python_package_that_uses_gazebo:/home/student36/ws_moveit/install/moveit_configs_utils:/home/student36/elephant_arm_ws/install/mycobot_description:/opt/ros/jazzy DEBUGINFOD_URLS=https://debuginfod.ubuntu.com LD_LIBRARY_PATH=/home/student36/RoboticsDesignProject/Git-repos/LeoRover-Team7/elephant_arm_ws/install/moveit_task_constructor_core/lib:/home/student36/RoboticsDesignProject/Git-repos/LeoRover-Team7/elephant_arm_ws/install/rviz_marker_tools/lib:/home/student36/RoboticsDesignProject/Git-repos/LeoRover-Team7/elephant_arm_ws/install/moveit_task_constructor_msgs/lib:/home/student36/RoboticsDesignProject/Git-repos/LeoRover-Team7/elephant_arm_ws/install/moveit_task_constructor_demo/lib:/home/student36/RoboticsDesignProject/Git-repos/LeoRover-Team7/elephant_arm_ws/install/moveit_task_constructor_visualization/lib:/home/student36/RoboticsDesignProject/Git-repos/LeoRover-Team7/elephant_arm_ws/install/moveit_task_constructor_capabilities/lib:/home/student36/ros2_tutorial_workspace/install/package_with_interfaces/lib:/home/student36/ws_moveit/install/robotiq_driver/lib:/home/student36/ws_moveit/install/serial/lib:/home/student36/ws_moveit/install/moveit_visual_tools/lib:/home/student36/ws_moveit/install/rviz_visual_tools/lib:/home/student36/ws_moveit/install/moveit_task_constructor_demo/lib:/home/student36/ws_moveit/install/moveit_task_constructor_visualization/lib:/home/student36/ws_moveit/install/moveit_task_constructor_capabilities/lib:/home/student36/ws_moveit/install/moveit_task_constructor_core/lib:/home/student36/ws_moveit/install/rviz_marker_tools/lib:/home/student36/ws_moveit/install/robotiq_controllers/lib:/home/student36/ws_moveit/install/pilz_industrial_motion_planner_testutils/lib:/home/student36/ws_moveit/install/pilz_industrial_motion_planner/lib:/home/student36/ws_moveit/install/moveit_task_constructor_msgs/lib:/home/student36/ws_moveit/install/moveit_ros_control_interface/lib:/home/student36/ws_moveit/install/moveit_simple_controller_manager/lib:/home/student36/ws_moveit/install/moveit_setup_assistant/lib:/home/student36/ws_moveit/install/moveit_setup_srdf_plugins/lib:/home/student36/ws_moveit/install/moveit_setup_core_plugins/lib:/home/student36/ws_moveit/install/moveit_setup_controllers/lib:/home/student36/ws_moveit/install/moveit_setup_app_plugins/lib:/home/student36/ws_moveit/install/moveit_setup_framework/lib:/home/student36/ws_moveit/install/moveit_servo/lib:/home/student36/ws_moveit/install/moveit_ros_trajectory_cache/lib:/home/student36/ws_moveit/install/moveit_ros_visualization/lib:/home/student36/ws_moveit/install/moveit_py/lib:/home/student36/ws_moveit/install/moveit_hybrid_planning/lib:/home/student36/ws_moveit/install/moveit_ros_planning_interface/lib:/home/student36/ws_moveit/install/moveit_ros_benchmarks/lib:/home/student36/ws_moveit/install/moveit_ros_warehouse/lib:/home/student36/ws_moveit/install/moveit_ros_robot_interaction/lib:/home/student36/ws_moveit/install/moveit_ros_perception/lib:/home/student36/ws_moveit/install/moveit_ros_move_group/lib:/home/student36/ws_moveit/install/moveit_planners_ompl/lib:/home/student36/ws_moveit/install/moveit_kinematics/lib:/home/student36/ws_moveit/install/moveit_ros_planning/lib:/home/student36/ws_moveit/install/moveit_ros_occupancy_map_monitor/lib:/home/student36/ws_moveit/install/moveit_resources_prbt_ikfast_manipulator_plugin/lib:/home/student36/ws_moveit/install/moveit_planners_stomp/lib:/home/student36/ws_moveit/install/moveit_planners_chomp/lib:/home/student36/ws_moveit/install/chomp_motion_planner/lib:/home/student36/ws_moveit/install/moveit_core/lib:/home/student36/ws_moveit/install/moveit_msgs/lib:/home/student36/ws_moveit/install/kortex_driver/lib:/opt/ros/jazzy/opt/gz_sim_vendor/lib:/opt/ros/jazzy/opt/gz_sensors_vendor/lib:/opt/ros/jazzy/opt/gz_physics_vendor/lib:/opt/ros/jazzy/opt/sdformat_vendor/lib:/opt/ros/jazzy/opt/rviz_ogre_vendor/lib:/opt/ros/jazzy/lib/x86_64-linux-gnu:/opt/ros/jazzy/opt/gz_gui_vendor/lib:/opt/ros/jazzy/opt/gz_transport_vendor/lib:/opt/ros/jazzy/opt/gz_rendering_vendor/lib:/opt/ros/jazzy/opt/gz_plugin_vendor/lib:/opt/ros/jazzy/opt/gz_fuel_tools_vendor/lib:/opt/ros/jazzy/opt/gz_msgs_vendor/lib:/opt/ros/jazzy/opt/gz_common_vendor/lib:/opt/ros/jazzy/opt/gz_math_vendor/lib:/opt/ros/jazzy/opt/gz_utils_vendor/lib:/opt/ros/jazzy/opt/gz_tools_vendor/lib:/opt/ros/jazzy/opt/gz_ogre_next_vendor/lib:/opt/ros/jazzy/opt/gz_dartsim_vendor/lib:/opt/ros/jazzy/opt/gz_cmake_vendor/lib:/opt/ros/jazzy/lib /usr/bin/cmake --build /home/student36/RoboticsDesignProject/Git-repos/LeoRover-Team7/elephant_arm_ws/build/mtc_tutorial -- -j12 -l12
[2.664s] DEBUG:colcon.colcon_core.event_handler.log_command:Invoked command in '/home/student36/RoboticsDesignProject/Git-repos/LeoRover-Team7/elephant_arm_ws/build/moveit_task_constructor_capabilities' returned '0': CMAKE_PREFIX_PATH=/home/student36/RoboticsDesignProject/Git-repos/LeoRover-Team7/elephant_arm_ws/install/moveit_task_constructor_core:/home/student36/RoboticsDesignProject/Git-repos/LeoRover-Team7/elephant_arm_ws/install/rviz_marker_tools:/home/student36/RoboticsDesignProject/Git-repos/LeoRover-Team7/elephant_arm_ws/install/moveit_task_constructor_msgs:/home/student36/RoboticsDesignProject/Git-repos/LeoRover-Team7/elephant_arm_ws/install/mtc_tutorial:/home/student36/RoboticsDesignProject/Git-repos/LeoRover-Team7/elephant_arm_ws/install/moveit_task_constructor_demo:/home/student36/RoboticsDesignProject/Git-repos/LeoRover-Team7/elephant_arm_ws/install/moveit_task_constructor_visualization:/home/student36/RoboticsDesignProject/Git-repos/LeoRover-Team7/elephant_arm_ws/install/moveit_task_constructor_capabilities:/home/student36/RoboticsDesignProject/Git-repos/LeoRover-Team7/elephant_arm_ws/install/mycobot_ros2:/home/student36/RoboticsDesignProject/Git-repos/LeoRover-Team7/elephant_arm_ws/install/mycobot_moveit_config:/home/student36/RoboticsDesignProject/Git-repos/LeoRover-Team7/elephant_arm_ws/install/mycobot_gazebo:/home/student36/RoboticsDesignProject/Git-repos/LeoRover-Team7/elephant_arm_ws/install/mycobot_description:/home/student36/RoboticsDesignProject/Git-repos/LeoRover-Team7/elephant_arm_ws/install/mycobot_bringup:/home/student36/RoboticsDesignProject/Git-repos/LeoRover-Team7/elephant_arm_ws/install/hello_moveit:/home/student36/ros2_tutorial_workspace/install/package_with_interfaces:/home/student36/ws_moveit/install/robotiq_hardware_tests:/home/student36/ws_moveit/install/robotiq_driver:/home/student36/ws_moveit/install/serial:/home/student36/ws_moveit/install/moveit2_tutorials:/home/student36/ws_moveit/install/hello_moveit:/home/student36/ws_moveit/install/moveit_visual_tools:/home/student36/ws_moveit/install/rviz_visual_tools:/home/student36/ws_moveit/install/mtc_tutorial:/home/student36/ws_moveit/install/moveit_task_constructor_demo:/home/student36/ws_moveit/install/moveit_task_constructor_visualization:/home/student36/ws_moveit/install/moveit_task_constructor_capabilities:/home/student36/ws_moveit/install/elephant:/home/student36/ws_moveit/install/moveit_task_constructor_core:/home/student36/ws_moveit/install/rviz_marker_tools:/home/student36/ws_moveit/install/kortex_bringup:/home/student36/ws_moveit/install/kinova_gen3_lite_moveit_config:/home/student36/ws_moveit/install/kinova_gen3_7dof_robotiq_2f_85_moveit_config:/home/student36/ws_moveit/install/kinova_gen3_6dof_robotiq_2f_85_moveit_config:/home/student36/ws_moveit/install/kortex_description:/home/student36/ws_moveit/install/robotiq_description:/home/student36/ws_moveit/install/robotiq_controllers:/home/student36/ws_moveit/install/pilz_industrial_motion_planner_testutils:/home/student36/ws_moveit/install/mycobot_280_moveit2:/home/student36/ws_moveit/install/moveit_runtime:/home/student36/ws_moveit/install/moveit:/home/student36/ws_moveit/install/elephant_arm:/home/student36/ws_moveit/install/moveit_planners:/home/student36/ws_moveit/install/pilz_industrial_motion_planner:/home/student36/ws_moveit/install/mycobot_description:/home/student36/ws_moveit/install/moveit_task_constructor_msgs:/home/student36/ws_moveit/install/moveit_ros_control_interface:/home/student36/ws_moveit/install/moveit_plugins:/home/student36/ws_moveit/install/moveit_simple_controller_manager:/home/student36/ws_moveit/install/moveit_setup_assistant:/home/student36/ws_moveit/install/moveit_setup_srdf_plugins:/home/student36/ws_moveit/install/moveit_setup_core_plugins:/home/student36/ws_moveit/install/moveit_setup_controllers:/home/student36/ws_moveit/install/moveit_setup_app_plugins:/home/student36/ws_moveit/install/moveit_setup_framework:/home/student36/ws_moveit/install/moveit_servo:/home/student36/ws_moveit/install/moveit_ros_trajectory_cache:/home/student36/ws_moveit/install/moveit_ros:/home/student36/ws_moveit/install/moveit_ros_visualization:/home/student36/ws_moveit/install/moveit_py:/home/student36/ws_moveit/install/moveit_hybrid_planning:/home/student36/ws_moveit/install/moveit_ros_planning_interface:/home/student36/ws_moveit/install/moveit_ros_benchmarks:/home/student36/ws_moveit/install/moveit_ros_warehouse:/home/student36/ws_moveit/install/moveit_ros_robot_interaction:/home/student36/ws_moveit/install/moveit_ros_perception:/home/student36/ws_moveit/install/moveit_resources_prbt_pg70_support:/home/student36/ws_moveit/install/moveit_resources_prbt_moveit_config:/home/student36/ws_moveit/install/moveit_ros_move_group:/home/student36/ws_moveit/install/moveit_planners_ompl:/home/student36/ws_moveit/install/moveit_kinematics:/home/student36/ws_moveit/install/moveit_ros_planning:/home/student36/ws_moveit/install/moveit_ros_occupancy_map_monitor:/home/student36/ws_moveit/install/moveit_resources_prbt_support:/home/student36/ws_moveit/install/moveit_resources_prbt_ikfast_manipulator_plugin:/home/student36/ws_moveit/install/moveit_resources:/home/student36/ws_moveit/install/moveit_resources_pr2_description:/home/student36/ws_moveit/install/moveit_resources_panda_moveit_config:/home/student36/ws_moveit/install/dual_arm_panda_moveit_config:/home/student36/ws_moveit/install/moveit_resources_panda_description:/home/student36/ws_moveit/install/moveit_resources_fanuc_moveit_config:/home/student36/ws_moveit/install/moveit_resources_fanuc_description:/home/student36/ws_moveit/install/moveit_planners_stomp:/home/student36/ws_moveit/install/moveit_planners_chomp:/home/student36/ws_moveit/install/chomp_motion_planner:/home/student36/ws_moveit/install/moveit_core:/home/student36/ws_moveit/install/moveit_msgs:/home/student36/ws_moveit/install/moveit_common:/home/student36/ws_moveit/install/kortex_driver:/home/student36/ws_moveit/install/kortex_api:/home/student36/rplidar_ws/install/rplidar_ros:/home/student36/elephant_arm_ws/install/mycobot_280_moveit2:/opt/ros/jazzy/opt/gz_sim_vendor:/opt/ros/jazzy/opt/gz_sensors_vendor:/opt/ros/jazzy/opt/gz_physics_vendor:/opt/ros/jazzy/opt/sdformat_vendor:/opt/ros/jazzy/opt/gz_gui_vendor:/opt/ros/jazzy/opt/gz_transport_vendor:/opt/ros/jazzy/opt/gz_rendering_vendor:/opt/ros/jazzy/opt/gz_plugin_vendor:/opt/ros/jazzy/opt/gz_fuel_tools_vendor:/opt/ros/jazzy/opt/gz_msgs_vendor:/opt/ros/jazzy/opt/gz_common_vendor:/opt/ros/jazzy/opt/gz_math_vendor:/opt/ros/jazzy/opt/gz_utils_vendor:/opt/ros/jazzy/opt/gz_tools_vendor:/opt/ros/jazzy/opt/gz_ogre_next_vendor:/opt/ros/jazzy/opt/gz_dartsim_vendor:/opt/ros/jazzy/opt/gz_cmake_vendor:/home/student36/ros2_tutorial_workspace/install/the_simplest_python_package:/home/student36/ros2_tutorial_workspace/install/python_package_with_a_node:/home/student36/ros2_tutorial_workspace/install/python_package_that_uses_the_library:/home/student36/ros2_tutorial_workspace/install/python_package_with_a_library:/home/student36/ros2_tutorial_workspace/install/python_package_that_uses_the_services:/home/student36/ros2_tutorial_workspace/install/python_package_that_uses_the_actions:/home/student36/ros2_tutorial_workspace/install/python_package_that_uses_tf2:/home/student36/ros2_tutorial_workspace/install/python_package_that_uses_parameters_and_launch_files:/home/student36/ros2_tutorial_workspace/install/python_package_that_uses_nottf2:/home/student36/ros2_tutorial_workspace/install/python_package_that_uses_nav2:/home/student36/ros2_tutorial_workspace/install/python_package_that_uses_messages:/home/student36/ros2_tutorial_workspace/install/python_package_that_uses_geometry_msgs:/home/student36/ros2_tutorial_workspace/install/python_package_that_uses_gazebo:/home/student36/ws_moveit/install/moveit_configs_utils:/home/student36/elephant_arm_ws/install/mycobot_description:/opt/ros/jazzy DEBUGINFOD_URLS=https://debuginfod.ubuntu.com LD_LIBRARY_PATH=/home/student36/RoboticsDesignProject/Git-repos/LeoRover-Team7/elephant_arm_ws/install/moveit_task_constructor_core/lib:/home/student36/RoboticsDesignProject/Git-repos/LeoRover-Team7/elephant_arm_ws/install/rviz_marker_tools/lib:/home/student36/RoboticsDesignProject/Git-repos/LeoRover-Team7/elephant_arm_ws/install/moveit_task_constructor_msgs/lib:/home/student36/RoboticsDesignProject/Git-repos/LeoRover-Team7/elephant_arm_ws/install/moveit_task_constructor_demo/lib:/home/student36/RoboticsDesignProject/Git-repos/LeoRover-Team7/elephant_arm_ws/install/moveit_task_constructor_visualization/lib:/home/student36/RoboticsDesignProject/Git-repos/LeoRover-Team7/elephant_arm_ws/install/moveit_task_constructor_capabilities/lib:/home/student36/ros2_tutorial_workspace/install/package_with_interfaces/lib:/home/student36/ws_moveit/install/robotiq_driver/lib:/home/student36/ws_moveit/install/serial/lib:/home/student36/ws_moveit/install/moveit_visual_tools/lib:/home/student36/ws_moveit/install/rviz_visual_tools/lib:/home/student36/ws_moveit/install/moveit_task_constructor_demo/lib:/home/student36/ws_moveit/install/moveit_task_constructor_visualization/lib:/home/student36/ws_moveit/install/moveit_task_constructor_capabilities/lib:/home/student36/ws_moveit/install/moveit_task_constructor_core/lib:/home/student36/ws_moveit/install/rviz_marker_tools/lib:/home/student36/ws_moveit/install/robotiq_controllers/lib:/home/student36/ws_moveit/install/pilz_industrial_motion_planner_testutils/lib:/home/student36/ws_moveit/install/pilz_industrial_motion_planner/lib:/home/student36/ws_moveit/install/moveit_task_constructor_msgs/lib:/home/student36/ws_moveit/install/moveit_ros_control_interface/lib:/home/student36/ws_moveit/install/moveit_simple_controller_manager/lib:/home/student36/ws_moveit/install/moveit_setup_assistant/lib:/home/student36/ws_moveit/install/moveit_setup_srdf_plugins/lib:/home/student36/ws_moveit/install/moveit_setup_core_plugins/lib:/home/student36/ws_moveit/install/moveit_setup_controllers/lib:/home/student36/ws_moveit/install/moveit_setup_app_plugins/lib:/home/student36/ws_moveit/install/moveit_setup_framework/lib:/home/student36/ws_moveit/install/moveit_servo/lib:/home/student36/ws_moveit/install/moveit_ros_trajectory_cache/lib:/home/student36/ws_moveit/install/moveit_ros_visualization/lib:/home/student36/ws_moveit/install/moveit_py/lib:/home/student36/ws_moveit/install/moveit_hybrid_planning/lib:/home/student36/ws_moveit/install/moveit_ros_planning_interface/lib:/home/student36/ws_moveit/install/moveit_ros_benchmarks/lib:/home/student36/ws_moveit/install/moveit_ros_warehouse/lib:/home/student36/ws_moveit/install/moveit_ros_robot_interaction/lib:/home/student36/ws_moveit/install/moveit_ros_perception/lib:/home/student36/ws_moveit/install/moveit_ros_move_group/lib:/home/student36/ws_moveit/install/moveit_planners_ompl/lib:/home/student36/ws_moveit/install/moveit_kinematics/lib:/home/student36/ws_moveit/install/moveit_ros_planning/lib:/home/student36/ws_moveit/install/moveit_ros_occupancy_map_monitor/lib:/home/student36/ws_moveit/install/moveit_resources_prbt_ikfast_manipulator_plugin/lib:/home/student36/ws_moveit/install/moveit_planners_stomp/lib:/home/student36/ws_moveit/install/moveit_planners_chomp/lib:/home/student36/ws_moveit/install/chomp_motion_planner/lib:/home/student36/ws_moveit/install/moveit_core/lib:/home/student36/ws_moveit/install/moveit_msgs/lib:/home/student36/ws_moveit/install/kortex_driver/lib:/opt/ros/jazzy/opt/gz_sim_vendor/lib:/opt/ros/jazzy/opt/gz_sensors_vendor/lib:/opt/ros/jazzy/opt/gz_physics_vendor/lib:/opt/ros/jazzy/opt/sdformat_vendor/lib:/opt/ros/jazzy/opt/rviz_ogre_vendor/lib:/opt/ros/jazzy/lib/x86_64-linux-gnu:/opt/ros/jazzy/opt/gz_gui_vendor/lib:/opt/ros/jazzy/opt/gz_transport_vendor/lib:/opt/ros/jazzy/opt/gz_rendering_vendor/lib:/opt/ros/jazzy/opt/gz_plugin_vendor/lib:/opt/ros/jazzy/opt/gz_fuel_tools_vendor/lib:/opt/ros/jazzy/opt/gz_msgs_vendor/lib:/opt/ros/jazzy/opt/gz_common_vendor/lib:/opt/ros/jazzy/opt/gz_math_vendor/lib:/opt/ros/jazzy/opt/gz_utils_vendor/lib:/opt/ros/jazzy/opt/gz_tools_vendor/lib:/opt/ros/jazzy/opt/gz_ogre_next_vendor/lib:/opt/ros/jazzy/opt/gz_dartsim_vendor/lib:/opt/ros/jazzy/opt/gz_cmake_vendor/lib:/opt/ros/jazzy/lib /usr/bin/cmake --build /home/student36/RoboticsDesignProject/Git-repos/LeoRover-Team7/elephant_arm_ws/build/moveit_task_constructor_capabilities -- -j12 -l12
[2.666s] DEBUG:colcon.colcon_core.event_handler.log_command:Invoking command in '/home/student36/RoboticsDesignProject/Git-repos/LeoRover-Team7/elephant_arm_ws/build/moveit_task_constructor_capabilities': CMAKE_PREFIX_PATH=/home/student36/RoboticsDesignProject/Git-repos/LeoRover-Team7/elephant_arm_ws/install/moveit_task_constructor_core:/home/student36/RoboticsDesignProject/Git-repos/LeoRover-Team7/elephant_arm_ws/install/rviz_marker_tools:/home/student36/RoboticsDesignProject/Git-repos/LeoRover-Team7/elephant_arm_ws/install/moveit_task_constructor_msgs:/home/student36/RoboticsDesignProject/Git-repos/LeoRover-Team7/elephant_arm_ws/install/mtc_tutorial:/home/student36/RoboticsDesignProject/Git-repos/LeoRover-Team7/elephant_arm_ws/install/moveit_task_constructor_demo:/home/student36/RoboticsDesignProject/Git-repos/LeoRover-Team7/elephant_arm_ws/install/moveit_task_constructor_visualization:/home/student36/RoboticsDesignProject/Git-repos/LeoRover-Team7/elephant_arm_ws/install/moveit_task_constructor_capabilities:/home/student36/RoboticsDesignProject/Git-repos/LeoRover-Team7/elephant_arm_ws/install/mycobot_ros2:/home/student36/RoboticsDesignProject/Git-repos/LeoRover-Team7/elephant_arm_ws/install/mycobot_moveit_config:/home/student36/RoboticsDesignProject/Git-repos/LeoRover-Team7/elephant_arm_ws/install/mycobot_gazebo:/home/student36/RoboticsDesignProject/Git-repos/LeoRover-Team7/elephant_arm_ws/install/mycobot_description:/home/student36/RoboticsDesignProject/Git-repos/LeoRover-Team7/elephant_arm_ws/install/mycobot_bringup:/home/student36/RoboticsDesignProject/Git-repos/LeoRover-Team7/elephant_arm_ws/install/hello_moveit:/home/student36/ros2_tutorial_workspace/install/package_with_interfaces:/home/student36/ws_moveit/install/robotiq_hardware_tests:/home/student36/ws_moveit/install/robotiq_driver:/home/student36/ws_moveit/install/serial:/home/student36/ws_moveit/install/moveit2_tutorials:/home/student36/ws_moveit/install/hello_moveit:/home/student36/ws_moveit/install/moveit_visual_tools:/home/student36/ws_moveit/install/rviz_visual_tools:/home/student36/ws_moveit/install/mtc_tutorial:/home/student36/ws_moveit/install/moveit_task_constructor_demo:/home/student36/ws_moveit/install/moveit_task_constructor_visualization:/home/student36/ws_moveit/install/moveit_task_constructor_capabilities:/home/student36/ws_moveit/install/elephant:/home/student36/ws_moveit/install/moveit_task_constructor_core:/home/student36/ws_moveit/install/rviz_marker_tools:/home/student36/ws_moveit/install/kortex_bringup:/home/student36/ws_moveit/install/kinova_gen3_lite_moveit_config:/home/student36/ws_moveit/install/kinova_gen3_7dof_robotiq_2f_85_moveit_config:/home/student36/ws_moveit/install/kinova_gen3_6dof_robotiq_2f_85_moveit_config:/home/student36/ws_moveit/install/kortex_description:/home/student36/ws_moveit/install/robotiq_description:/home/student36/ws_moveit/install/robotiq_controllers:/home/student36/ws_moveit/install/pilz_industrial_motion_planner_testutils:/home/student36/ws_moveit/install/mycobot_280_moveit2:/home/student36/ws_moveit/install/moveit_runtime:/home/student36/ws_moveit/install/moveit:/home/student36/ws_moveit/install/elephant_arm:/home/student36/ws_moveit/install/moveit_planners:/home/student36/ws_moveit/install/pilz_industrial_motion_planner:/home/student36/ws_moveit/install/mycobot_description:/home/student36/ws_moveit/install/moveit_task_constructor_msgs:/home/student36/ws_moveit/install/moveit_ros_control_interface:/home/student36/ws_moveit/install/moveit_plugins:/home/student36/ws_moveit/install/moveit_simple_controller_manager:/home/student36/ws_moveit/install/moveit_setup_assistant:/home/student36/ws_moveit/install/moveit_setup_srdf_plugins:/home/student36/ws_moveit/install/moveit_setup_core_plugins:/home/student36/ws_moveit/install/moveit_setup_controllers:/home/student36/ws_moveit/install/moveit_setup_app_plugins:/home/student36/ws_moveit/install/moveit_setup_framework:/home/student36/ws_moveit/install/moveit_servo:/home/student36/ws_moveit/install/moveit_ros_trajectory_cache:/home/student36/ws_moveit/install/moveit_ros:/home/student36/ws_moveit/install/moveit_ros_visualization:/home/student36/ws_moveit/install/moveit_py:/home/student36/ws_moveit/install/moveit_hybrid_planning:/home/student36/ws_moveit/install/moveit_ros_planning_interface:/home/student36/ws_moveit/install/moveit_ros_benchmarks:/home/student36/ws_moveit/install/moveit_ros_warehouse:/home/student36/ws_moveit/install/moveit_ros_robot_interaction:/home/student36/ws_moveit/install/moveit_ros_perception:/home/student36/ws_moveit/install/moveit_resources_prbt_pg70_support:/home/student36/ws_moveit/install/moveit_resources_prbt_moveit_config:/home/student36/ws_moveit/install/moveit_ros_move_group:/home/student36/ws_moveit/install/moveit_planners_ompl:/home/student36/ws_moveit/install/moveit_kinematics:/home/student36/ws_moveit/install/moveit_ros_planning:/home/student36/ws_moveit/install/moveit_ros_occupancy_map_monitor:/home/student36/ws_moveit/install/moveit_resources_prbt_support:/home/student36/ws_moveit/install/moveit_resources_prbt_ikfast_manipulator_plugin:/home/student36/ws_moveit/install/moveit_resources:/home/student36/ws_moveit/install/moveit_resources_pr2_description:/home/student36/ws_moveit/install/moveit_resources_panda_moveit_config:/home/student36/ws_moveit/install/dual_arm_panda_moveit_config:/home/student36/ws_moveit/install/moveit_resources_panda_description:/home/student36/ws_moveit/install/moveit_resources_fanuc_moveit_config:/home/student36/ws_moveit/install/moveit_resources_fanuc_description:/home/student36/ws_moveit/install/moveit_planners_stomp:/home/student36/ws_moveit/install/moveit_planners_chomp:/home/student36/ws_moveit/install/chomp_motion_planner:/home/student36/ws_moveit/install/moveit_core:/home/student36/ws_moveit/install/moveit_msgs:/home/student36/ws_moveit/install/moveit_common:/home/student36/ws_moveit/install/kortex_driver:/home/student36/ws_moveit/install/kortex_api:/home/student36/rplidar_ws/install/rplidar_ros:/home/student36/elephant_arm_ws/install/mycobot_280_moveit2:/opt/ros/jazzy/opt/gz_sim_vendor:/opt/ros/jazzy/opt/gz_sensors_vendor:/opt/ros/jazzy/opt/gz_physics_vendor:/opt/ros/jazzy/opt/sdformat_vendor:/opt/ros/jazzy/opt/gz_gui_vendor:/opt/ros/jazzy/opt/gz_transport_vendor:/opt/ros/jazzy/opt/gz_rendering_vendor:/opt/ros/jazzy/opt/gz_plugin_vendor:/opt/ros/jazzy/opt/gz_fuel_tools_vendor:/opt/ros/jazzy/opt/gz_msgs_vendor:/opt/ros/jazzy/opt/gz_common_vendor:/opt/ros/jazzy/opt/gz_math_vendor:/opt/ros/jazzy/opt/gz_utils_vendor:/opt/ros/jazzy/opt/gz_tools_vendor:/opt/ros/jazzy/opt/gz_ogre_next_vendor:/opt/ros/jazzy/opt/gz_dartsim_vendor:/opt/ros/jazzy/opt/gz_cmake_vendor:/home/student36/ros2_tutorial_workspace/install/the_simplest_python_package:/home/student36/ros2_tutorial_workspace/install/python_package_with_a_node:/home/student36/ros2_tutorial_workspace/install/python_package_that_uses_the_library:/home/student36/ros2_tutorial_workspace/install/python_package_with_a_library:/home/student36/ros2_tutorial_workspace/install/python_package_that_uses_the_services:/home/student36/ros2_tutorial_workspace/install/python_package_that_uses_the_actions:/home/student36/ros2_tutorial_workspace/install/python_package_that_uses_tf2:/home/student36/ros2_tutorial_workspace/install/python_package_that_uses_parameters_and_launch_files:/home/student36/ros2_tutorial_workspace/install/python_package_that_uses_nottf2:/home/student36/ros2_tutorial_workspace/install/python_package_that_uses_nav2:/home/student36/ros2_tutorial_workspace/install/python_package_that_uses_messages:/home/student36/ros2_tutorial_workspace/install/python_package_that_uses_geometry_msgs:/home/student36/ros2_tutorial_workspace/install/python_package_that_uses_gazebo:/home/student36/ws_moveit/install/moveit_configs_utils:/home/student36/elephant_arm_ws/install/mycobot_description:/opt/ros/jazzy DEBUGINFOD_URLS=https://debuginfod.ubuntu.com LD_LIBRARY_PATH=/home/student36/RoboticsDesignProject/Git-repos/LeoRover-Team7/elephant_arm_ws/install/moveit_task_constructor_core/lib:/home/student36/RoboticsDesignProject/Git-repos/LeoRover-Team7/elephant_arm_ws/install/rviz_marker_tools/lib:/home/student36/RoboticsDesignProject/Git-repos/LeoRover-Team7/elephant_arm_ws/install/moveit_task_constructor_msgs/lib:/home/student36/RoboticsDesignProject/Git-repos/LeoRover-Team7/elephant_arm_ws/install/moveit_task_constructor_demo/lib:/home/student36/RoboticsDesignProject/Git-repos/LeoRover-Team7/elephant_arm_ws/install/moveit_task_constructor_visualization/lib:/home/student36/RoboticsDesignProject/Git-repos/LeoRover-Team7/elephant_arm_ws/install/moveit_task_constructor_capabilities/lib:/home/student36/ros2_tutorial_workspace/install/package_with_interfaces/lib:/home/student36/ws_moveit/install/robotiq_driver/lib:/home/student36/ws_moveit/install/serial/lib:/home/student36/ws_moveit/install/moveit_visual_tools/lib:/home/student36/ws_moveit/install/rviz_visual_tools/lib:/home/student36/ws_moveit/install/moveit_task_constructor_demo/lib:/home/student36/ws_moveit/install/moveit_task_constructor_visualization/lib:/home/student36/ws_moveit/install/moveit_task_constructor_capabilities/lib:/home/student36/ws_moveit/install/moveit_task_constructor_core/lib:/home/student36/ws_moveit/install/rviz_marker_tools/lib:/home/student36/ws_moveit/install/robotiq_controllers/lib:/home/student36/ws_moveit/install/pilz_industrial_motion_planner_testutils/lib:/home/student36/ws_moveit/install/pilz_industrial_motion_planner/lib:/home/student36/ws_moveit/install/moveit_task_constructor_msgs/lib:/home/student36/ws_moveit/install/moveit_ros_control_interface/lib:/home/student36/ws_moveit/install/moveit_simple_controller_manager/lib:/home/student36/ws_moveit/install/moveit_setup_assistant/lib:/home/student36/ws_moveit/install/moveit_setup_srdf_plugins/lib:/home/student36/ws_moveit/install/moveit_setup_core_plugins/lib:/home/student36/ws_moveit/install/moveit_setup_controllers/lib:/home/student36/ws_moveit/install/moveit_setup_app_plugins/lib:/home/student36/ws_moveit/install/moveit_setup_framework/lib:/home/student36/ws_moveit/install/moveit_servo/lib:/home/student36/ws_moveit/install/moveit_ros_trajectory_cache/lib:/home/student36/ws_moveit/install/moveit_ros_visualization/lib:/home/student36/ws_moveit/install/moveit_py/lib:/home/student36/ws_moveit/install/moveit_hybrid_planning/lib:/home/student36/ws_moveit/install/moveit_ros_planning_interface/lib:/home/student36/ws_moveit/install/moveit_ros_benchmarks/lib:/home/student36/ws_moveit/install/moveit_ros_warehouse/lib:/home/student36/ws_moveit/install/moveit_ros_robot_interaction/lib:/home/student36/ws_moveit/install/moveit_ros_perception/lib:/home/student36/ws_moveit/install/moveit_ros_move_group/lib:/home/student36/ws_moveit/install/moveit_planners_ompl/lib:/home/student36/ws_moveit/install/moveit_kinematics/lib:/home/student36/ws_moveit/install/moveit_ros_planning/lib:/home/student36/ws_moveit/install/moveit_ros_occupancy_map_monitor/lib:/home/student36/ws_moveit/install/moveit_resources_prbt_ikfast_manipulator_plugin/lib:/home/student36/ws_moveit/install/moveit_planners_stomp/lib:/home/student36/ws_moveit/install/moveit_planners_chomp/lib:/home/student36/ws_moveit/install/chomp_motion_planner/lib:/home/student36/ws_moveit/install/moveit_core/lib:/home/student36/ws_moveit/install/moveit_msgs/lib:/home/student36/ws_moveit/install/kortex_driver/lib:/opt/ros/jazzy/opt/gz_sim_vendor/lib:/opt/ros/jazzy/opt/gz_sensors_vendor/lib:/opt/ros/jazzy/opt/gz_physics_vendor/lib:/opt/ros/jazzy/opt/sdformat_vendor/lib:/opt/ros/jazzy/opt/rviz_ogre_vendor/lib:/opt/ros/jazzy/lib/x86_64-linux-gnu:/opt/ros/jazzy/opt/gz_gui_vendor/lib:/opt/ros/jazzy/opt/gz_transport_vendor/lib:/opt/ros/jazzy/opt/gz_rendering_vendor/lib:/opt/ros/jazzy/opt/gz_plugin_vendor/lib:/opt/ros/jazzy/opt/gz_fuel_tools_vendor/lib:/opt/ros/jazzy/opt/gz_msgs_vendor/lib:/opt/ros/jazzy/opt/gz_common_vendor/lib:/opt/ros/jazzy/opt/gz_math_vendor/lib:/opt/ros/jazzy/opt/gz_utils_vendor/lib:/opt/ros/jazzy/opt/gz_tools_vendor/lib:/opt/ros/jazzy/opt/gz_ogre_next_vendor/lib:/opt/ros/jazzy/opt/gz_dartsim_vendor/lib:/opt/ros/jazzy/opt/gz_cmake_vendor/lib:/opt/ros/jazzy/lib /usr/bin/cmake --install /home/student36/RoboticsDesignProject/Git-repos/LeoRover-Team7/elephant_arm_ws/build/moveit_task_constructor_capabilities
[2.684s] Level 1:colcon.colcon_core.environment:create_environment_scripts_only(moveit_task_constructor_capabilities)
[2.685s] Level 1:colcon.colcon_core.environment:checking '/home/student36/RoboticsDesignProject/Git-repos/LeoRover-Team7/elephant_arm_ws/install/moveit_task_constructor_capabilities' for CMake module files
[2.685s] DEBUG:colcon.colcon_core.event_handler.log_command:Invoked command in '/home/student36/RoboticsDesignProject/Git-repos/LeoRover-Team7/elephant_arm_ws/build/moveit_task_constructor_capabilities' returned '0': CMAKE_PREFIX_PATH=/home/student36/RoboticsDesignProject/Git-repos/LeoRover-Team7/elephant_arm_ws/install/moveit_task_constructor_core:/home/student36/RoboticsDesignProject/Git-repos/LeoRover-Team7/elephant_arm_ws/install/rviz_marker_tools:/home/student36/RoboticsDesignProject/Git-repos/LeoRover-Team7/elephant_arm_ws/install/moveit_task_constructor_msgs:/home/student36/RoboticsDesignProject/Git-repos/LeoRover-Team7/elephant_arm_ws/install/mtc_tutorial:/home/student36/RoboticsDesignProject/Git-repos/LeoRover-Team7/elephant_arm_ws/install/moveit_task_constructor_demo:/home/student36/RoboticsDesignProject/Git-repos/LeoRover-Team7/elephant_arm_ws/install/moveit_task_constructor_visualization:/home/student36/RoboticsDesignProject/Git-repos/LeoRover-Team7/elephant_arm_ws/install/moveit_task_constructor_capabilities:/home/student36/RoboticsDesignProject/Git-repos/LeoRover-Team7/elephant_arm_ws/install/mycobot_ros2:/home/student36/RoboticsDesignProject/Git-repos/LeoRover-Team7/elephant_arm_ws/install/mycobot_moveit_config:/home/student36/RoboticsDesignProject/Git-repos/LeoRover-Team7/elephant_arm_ws/install/mycobot_gazebo:/home/student36/RoboticsDesignProject/Git-repos/LeoRover-Team7/elephant_arm_ws/install/mycobot_description:/home/student36/RoboticsDesignProject/Git-repos/LeoRover-Team7/elephant_arm_ws/install/mycobot_bringup:/home/student36/RoboticsDesignProject/Git-repos/LeoRover-Team7/elephant_arm_ws/install/hello_moveit:/home/student36/ros2_tutorial_workspace/install/package_with_interfaces:/home/student36/ws_moveit/install/robotiq_hardware_tests:/home/student36/ws_moveit/install/robotiq_driver:/home/student36/ws_moveit/install/serial:/home/student36/ws_moveit/install/moveit2_tutorials:/home/student36/ws_moveit/install/hello_moveit:/home/student36/ws_moveit/install/moveit_visual_tools:/home/student36/ws_moveit/install/rviz_visual_tools:/home/student36/ws_moveit/install/mtc_tutorial:/home/student36/ws_moveit/install/moveit_task_constructor_demo:/home/student36/ws_moveit/install/moveit_task_constructor_visualization:/home/student36/ws_moveit/install/moveit_task_constructor_capabilities:/home/student36/ws_moveit/install/elephant:/home/student36/ws_moveit/install/moveit_task_constructor_core:/home/student36/ws_moveit/install/rviz_marker_tools:/home/student36/ws_moveit/install/kortex_bringup:/home/student36/ws_moveit/install/kinova_gen3_lite_moveit_config:/home/student36/ws_moveit/install/kinova_gen3_7dof_robotiq_2f_85_moveit_config:/home/student36/ws_moveit/install/kinova_gen3_6dof_robotiq_2f_85_moveit_config:/home/student36/ws_moveit/install/kortex_description:/home/student36/ws_moveit/install/robotiq_description:/home/student36/ws_moveit/install/robotiq_controllers:/home/student36/ws_moveit/install/pilz_industrial_motion_planner_testutils:/home/student36/ws_moveit/install/mycobot_280_moveit2:/home/student36/ws_moveit/install/moveit_runtime:/home/student36/ws_moveit/install/moveit:/home/student36/ws_moveit/install/elephant_arm:/home/student36/ws_moveit/install/moveit_planners:/home/student36/ws_moveit/install/pilz_industrial_motion_planner:/home/student36/ws_moveit/install/mycobot_description:/home/student36/ws_moveit/install/moveit_task_constructor_msgs:/home/student36/ws_moveit/install/moveit_ros_control_interface:/home/student36/ws_moveit/install/moveit_plugins:/home/student36/ws_moveit/install/moveit_simple_controller_manager:/home/student36/ws_moveit/install/moveit_setup_assistant:/home/student36/ws_moveit/install/moveit_setup_srdf_plugins:/home/student36/ws_moveit/install/moveit_setup_core_plugins:/home/student36/ws_moveit/install/moveit_setup_controllers:/home/student36/ws_moveit/install/moveit_setup_app_plugins:/home/student36/ws_moveit/install/moveit_setup_framework:/home/student36/ws_moveit/install/moveit_servo:/home/student36/ws_moveit/install/moveit_ros_trajectory_cache:/home/student36/ws_moveit/install/moveit_ros:/home/student36/ws_moveit/install/moveit_ros_visualization:/home/student36/ws_moveit/install/moveit_py:/home/student36/ws_moveit/install/moveit_hybrid_planning:/home/student36/ws_moveit/install/moveit_ros_planning_interface:/home/student36/ws_moveit/install/moveit_ros_benchmarks:/home/student36/ws_moveit/install/moveit_ros_warehouse:/home/student36/ws_moveit/install/moveit_ros_robot_interaction:/home/student36/ws_moveit/install/moveit_ros_perception:/home/student36/ws_moveit/install/moveit_resources_prbt_pg70_support:/home/student36/ws_moveit/install/moveit_resources_prbt_moveit_config:/home/student36/ws_moveit/install/moveit_ros_move_group:/home/student36/ws_moveit/install/moveit_planners_ompl:/home/student36/ws_moveit/install/moveit_kinematics:/home/student36/ws_moveit/install/moveit_ros_planning:/home/student36/ws_moveit/install/moveit_ros_occupancy_map_monitor:/home/student36/ws_moveit/install/moveit_resources_prbt_support:/home/student36/ws_moveit/install/moveit_resources_prbt_ikfast_manipulator_plugin:/home/student36/ws_moveit/install/moveit_resources:/home/student36/ws_moveit/install/moveit_resources_pr2_description:/home/student36/ws_moveit/install/moveit_resources_panda_moveit_config:/home/student36/ws_moveit/install/dual_arm_panda_moveit_config:/home/student36/ws_moveit/install/moveit_resources_panda_description:/home/student36/ws_moveit/install/moveit_resources_fanuc_moveit_config:/home/student36/ws_moveit/install/moveit_resources_fanuc_description:/home/student36/ws_moveit/install/moveit_planners_stomp:/home/student36/ws_moveit/install/moveit_planners_chomp:/home/student36/ws_moveit/install/chomp_motion_planner:/home/student36/ws_moveit/install/moveit_core:/home/student36/ws_moveit/install/moveit_msgs:/home/student36/ws_moveit/install/moveit_common:/home/student36/ws_moveit/install/kortex_driver:/home/student36/ws_moveit/install/kortex_api:/home/student36/rplidar_ws/install/rplidar_ros:/home/student36/elephant_arm_ws/install/mycobot_280_moveit2:/opt/ros/jazzy/opt/gz_sim_vendor:/opt/ros/jazzy/opt/gz_sensors_vendor:/opt/ros/jazzy/opt/gz_physics_vendor:/opt/ros/jazzy/opt/sdformat_vendor:/opt/ros/jazzy/opt/gz_gui_vendor:/opt/ros/jazzy/opt/gz_transport_vendor:/opt/ros/jazzy/opt/gz_rendering_vendor:/opt/ros/jazzy/opt/gz_plugin_vendor:/opt/ros/jazzy/opt/gz_fuel_tools_vendor:/opt/ros/jazzy/opt/gz_msgs_vendor:/opt/ros/jazzy/opt/gz_common_vendor:/opt/ros/jazzy/opt/gz_math_vendor:/opt/ros/jazzy/opt/gz_utils_vendor:/opt/ros/jazzy/opt/gz_tools_vendor:/opt/ros/jazzy/opt/gz_ogre_next_vendor:/opt/ros/jazzy/opt/gz_dartsim_vendor:/opt/ros/jazzy/opt/gz_cmake_vendor:/home/student36/ros2_tutorial_workspace/install/the_simplest_python_package:/home/student36/ros2_tutorial_workspace/install/python_package_with_a_node:/home/student36/ros2_tutorial_workspace/install/python_package_that_uses_the_library:/home/student36/ros2_tutorial_workspace/install/python_package_with_a_library:/home/student36/ros2_tutorial_workspace/install/python_package_that_uses_the_services:/home/student36/ros2_tutorial_workspace/install/python_package_that_uses_the_actions:/home/student36/ros2_tutorial_workspace/install/python_package_that_uses_tf2:/home/student36/ros2_tutorial_workspace/install/python_package_that_uses_parameters_and_launch_files:/home/student36/ros2_tutorial_workspace/install/python_package_that_uses_nottf2:/home/student36/ros2_tutorial_workspace/install/python_package_that_uses_nav2:/home/student36/ros2_tutorial_workspace/install/python_package_that_uses_messages:/home/student36/ros2_tutorial_workspace/install/python_package_that_uses_geometry_msgs:/home/student36/ros2_tutorial_workspace/install/python_package_that_uses_gazebo:/home/student36/ws_moveit/install/moveit_configs_utils:/home/student36/elephant_arm_ws/install/mycobot_description:/opt/ros/jazzy DEBUGINFOD_URLS=https://debuginfod.ubuntu.com LD_LIBRARY_PATH=/home/student36/RoboticsDesignProject/Git-repos/LeoRover-Team7/elephant_arm_ws/install/moveit_task_constructor_core/lib:/home/student36/RoboticsDesignProject/Git-repos/LeoRover-Team7/elephant_arm_ws/install/rviz_marker_tools/lib:/home/student36/RoboticsDesignProject/Git-repos/LeoRover-Team7/elephant_arm_ws/install/moveit_task_constructor_msgs/lib:/home/student36/RoboticsDesignProject/Git-repos/LeoRover-Team7/elephant_arm_ws/install/moveit_task_constructor_demo/lib:/home/student36/RoboticsDesignProject/Git-repos/LeoRover-Team7/elephant_arm_ws/install/moveit_task_constructor_visualization/lib:/home/student36/RoboticsDesignProject/Git-repos/LeoRover-Team7/elephant_arm_ws/install/moveit_task_constructor_capabilities/lib:/home/student36/ros2_tutorial_workspace/install/package_with_interfaces/lib:/home/student36/ws_moveit/install/robotiq_driver/lib:/home/student36/ws_moveit/install/serial/lib:/home/student36/ws_moveit/install/moveit_visual_tools/lib:/home/student36/ws_moveit/install/rviz_visual_tools/lib:/home/student36/ws_moveit/install/moveit_task_constructor_demo/lib:/home/student36/ws_moveit/install/moveit_task_constructor_visualization/lib:/home/student36/ws_moveit/install/moveit_task_constructor_capabilities/lib:/home/student36/ws_moveit/install/moveit_task_constructor_core/lib:/home/student36/ws_moveit/install/rviz_marker_tools/lib:/home/student36/ws_moveit/install/robotiq_controllers/lib:/home/student36/ws_moveit/install/pilz_industrial_motion_planner_testutils/lib:/home/student36/ws_moveit/install/pilz_industrial_motion_planner/lib:/home/student36/ws_moveit/install/moveit_task_constructor_msgs/lib:/home/student36/ws_moveit/install/moveit_ros_control_interface/lib:/home/student36/ws_moveit/install/moveit_simple_controller_manager/lib:/home/student36/ws_moveit/install/moveit_setup_assistant/lib:/home/student36/ws_moveit/install/moveit_setup_srdf_plugins/lib:/home/student36/ws_moveit/install/moveit_setup_core_plugins/lib:/home/student36/ws_moveit/install/moveit_setup_controllers/lib:/home/student36/ws_moveit/install/moveit_setup_app_plugins/lib:/home/student36/ws_moveit/install/moveit_setup_framework/lib:/home/student36/ws_moveit/install/moveit_servo/lib:/home/student36/ws_moveit/install/moveit_ros_trajectory_cache/lib:/home/student36/ws_moveit/install/moveit_ros_visualization/lib:/home/student36/ws_moveit/install/moveit_py/lib:/home/student36/ws_moveit/install/moveit_hybrid_planning/lib:/home/student36/ws_moveit/install/moveit_ros_planning_interface/lib:/home/student36/ws_moveit/install/moveit_ros_benchmarks/lib:/home/student36/ws_moveit/install/moveit_ros_warehouse/lib:/home/student36/ws_moveit/install/moveit_ros_robot_interaction/lib:/home/student36/ws_moveit/install/moveit_ros_perception/lib:/home/student36/ws_moveit/install/moveit_ros_move_group/lib:/home/student36/ws_moveit/install/moveit_planners_ompl/lib:/home/student36/ws_moveit/install/moveit_kinematics/lib:/home/student36/ws_moveit/install/moveit_ros_planning/lib:/home/student36/ws_moveit/install/moveit_ros_occupancy_map_monitor/lib:/home/student36/ws_moveit/install/moveit_resources_prbt_ikfast_manipulator_plugin/lib:/home/student36/ws_moveit/install/moveit_planners_stomp/lib:/home/student36/ws_moveit/install/moveit_planners_chomp/lib:/home/student36/ws_moveit/install/chomp_motion_planner/lib:/home/student36/ws_moveit/install/moveit_core/lib:/home/student36/ws_moveit/install/moveit_msgs/lib:/home/student36/ws_moveit/install/kortex_driver/lib:/opt/ros/jazzy/opt/gz_sim_vendor/lib:/opt/ros/jazzy/opt/gz_sensors_vendor/lib:/opt/ros/jazzy/opt/gz_physics_vendor/lib:/opt/ros/jazzy/opt/sdformat_vendor/lib:/opt/ros/jazzy/opt/rviz_ogre_vendor/lib:/opt/ros/jazzy/lib/x86_64-linux-gnu:/opt/ros/jazzy/opt/gz_gui_vendor/lib:/opt/ros/jazzy/opt/gz_transport_vendor/lib:/opt/ros/jazzy/opt/gz_rendering_vendor/lib:/opt/ros/jazzy/opt/gz_plugin_vendor/lib:/opt/ros/jazzy/opt/gz_fuel_tools_vendor/lib:/opt/ros/jazzy/opt/gz_msgs_vendor/lib:/opt/ros/jazzy/opt/gz_common_vendor/lib:/opt/ros/jazzy/opt/gz_math_vendor/lib:/opt/ros/jazzy/opt/gz_utils_vendor/lib:/opt/ros/jazzy/opt/gz_tools_vendor/lib:/opt/ros/jazzy/opt/gz_ogre_next_vendor/lib:/opt/ros/jazzy/opt/gz_dartsim_vendor/lib:/opt/ros/jazzy/opt/gz_cmake_vendor/lib:/opt/ros/jazzy/lib /usr/bin/cmake --install /home/student36/RoboticsDesignProject/Git-repos/LeoRover-Team7/elephant_arm_ws/build/moveit_task_constructor_capabilities
[2.686s] Level 1:colcon.colcon_core.environment:checking '/home/student36/RoboticsDesignProject/Git-repos/LeoRover-Team7/elephant_arm_ws/install/moveit_task_constructor_capabilities' for CMake config files
[2.686s] Level 1:colcon.colcon_core.shell:create_environment_hook('moveit_task_constructor_capabilities', 'cmake_prefix_path')
[2.686s] INFO:colcon.colcon_core.shell:Creating environment hook '/home/student36/RoboticsDesignProject/Git-repos/LeoRover-Team7/elephant_arm_ws/install/moveit_task_constructor_capabilities/share/moveit_task_constructor_capabilities/hook/cmake_prefix_path.ps1'
[2.687s] INFO:colcon.colcon_core.shell:Creating environment descriptor '/home/student36/RoboticsDesignProject/Git-repos/LeoRover-Team7/elephant_arm_ws/install/moveit_task_constructor_capabilities/share/moveit_task_constructor_capabilities/hook/cmake_prefix_path.dsv'
[2.687s] INFO:colcon.colcon_core.shell:Creating environment hook '/home/student36/RoboticsDesignProject/Git-repos/LeoRover-Team7/elephant_arm_ws/install/moveit_task_constructor_capabilities/share/moveit_task_constructor_capabilities/hook/cmake_prefix_path.sh'
[2.688s] Level 1:colcon.colcon_core.environment:checking '/home/student36/RoboticsDesignProject/Git-repos/LeoRover-Team7/elephant_arm_ws/install/moveit_task_constructor_capabilities/lib'
[2.688s] Level 1:colcon.colcon_core.shell:create_environment_hook('moveit_task_constructor_capabilities', 'ld_library_path_lib')
[2.689s] INFO:colcon.colcon_core.shell:Creating environment hook '/home/student36/RoboticsDesignProject/Git-repos/LeoRover-Team7/elephant_arm_ws/install/moveit_task_constructor_capabilities/share/moveit_task_constructor_capabilities/hook/ld_library_path_lib.ps1'
[2.699s] INFO:colcon.colcon_core.shell:Creating environment descriptor '/home/student36/RoboticsDesignProject/Git-repos/LeoRover-Team7/elephant_arm_ws/install/moveit_task_constructor_capabilities/share/moveit_task_constructor_capabilities/hook/ld_library_path_lib.dsv'
[2.700s] INFO:colcon.colcon_core.shell:Creating environment hook '/home/student36/RoboticsDesignProject/Git-repos/LeoRover-Team7/elephant_arm_ws/install/moveit_task_constructor_capabilities/share/moveit_task_constructor_capabilities/hook/ld_library_path_lib.sh'
[2.701s] Level 1:colcon.colcon_core.environment:checking '/home/student36/RoboticsDesignProject/Git-repos/LeoRover-Team7/elephant_arm_ws/install/moveit_task_constructor_capabilities/bin'
[2.702s] Level 1:colcon.colcon_core.environment:checking '/home/student36/RoboticsDesignProject/Git-repos/LeoRover-Team7/elephant_arm_ws/install/moveit_task_constructor_capabilities/lib/pkgconfig/moveit_task_constructor_capabilities.pc'
[2.702s] Level 1:colcon.colcon_core.environment:checking '/home/student36/RoboticsDesignProject/Git-repos/LeoRover-Team7/elephant_arm_ws/install/moveit_task_constructor_capabilities/lib/python3.12/site-packages'
[2.703s] Level 1:colcon.colcon_core.environment:checking '/home/student36/RoboticsDesignProject/Git-repos/LeoRover-Team7/elephant_arm_ws/install/moveit_task_constructor_capabilities/bin'
[2.703s] INFO:colcon.colcon_core.shell:Creating package script '/home/student36/RoboticsDesignProject/Git-repos/LeoRover-Team7/elephant_arm_ws/install/moveit_task_constructor_capabilities/share/moveit_task_constructor_capabilities/package.ps1'
[2.704s] INFO:colcon.colcon_core.shell:Creating package descriptor '/home/student36/RoboticsDesignProject/Git-repos/LeoRover-Team7/elephant_arm_ws/install/moveit_task_constructor_capabilities/share/moveit_task_constructor_capabilities/package.dsv'
[2.705s] INFO:colcon.colcon_core.shell:Creating package script '/home/student36/RoboticsDesignProject/Git-repos/LeoRover-Team7/elephant_arm_ws/install/moveit_task_constructor_capabilities/share/moveit_task_constructor_capabilities/package.sh'
[2.706s] INFO:colcon.colcon_core.shell:Creating package script '/home/student36/RoboticsDesignProject/Git-repos/LeoRover-Team7/elephant_arm_ws/install/moveit_task_constructor_capabilities/share/moveit_task_constructor_capabilities/package.bash'
[2.707s] INFO:colcon.colcon_core.shell:Creating package script '/home/student36/RoboticsDesignProject/Git-repos/LeoRover-Team7/elephant_arm_ws/install/moveit_task_constructor_capabilities/share/moveit_task_constructor_capabilities/package.zsh'
[2.708s] Level 1:colcon.colcon_core.environment:create_file_with_runtime_dependencies(/home/student36/RoboticsDesignProject/Git-repos/LeoRover-Team7/elephant_arm_ws/install/moveit_task_constructor_capabilities/share/colcon-core/packages/moveit_task_constructor_capabilities)
[2.709s] Level 1:colcon.colcon_core.environment:create_environment_scripts_only(moveit_task_constructor_capabilities)
[2.709s] Level 1:colcon.colcon_core.environment:checking '/home/student36/RoboticsDesignProject/Git-repos/LeoRover-Team7/elephant_arm_ws/install/moveit_task_constructor_capabilities' for CMake module files
[2.709s] Level 1:colcon.colcon_core.environment:checking '/home/student36/RoboticsDesignProject/Git-repos/LeoRover-Team7/elephant_arm_ws/install/moveit_task_constructor_capabilities' for CMake config files
[2.710s] Level 1:colcon.colcon_core.shell:create_environment_hook('moveit_task_constructor_capabilities', 'cmake_prefix_path')
[2.710s] INFO:colcon.colcon_core.shell:Creating environment hook '/home/student36/RoboticsDesignProject/Git-repos/LeoRover-Team7/elephant_arm_ws/install/moveit_task_constructor_capabilities/share/moveit_task_constructor_capabilities/hook/cmake_prefix_path.ps1'
[2.712s] INFO:colcon.colcon_core.shell:Creating environment descriptor '/home/student36/RoboticsDesignProject/Git-repos/LeoRover-Team7/elephant_arm_ws/install/moveit_task_constructor_capabilities/share/moveit_task_constructor_capabilities/hook/cmake_prefix_path.dsv'
[2.713s] INFO:colcon.colcon_core.shell:Creating environment hook '/home/student36/RoboticsDesignProject/Git-repos/LeoRover-Team7/elephant_arm_ws/install/moveit_task_constructor_capabilities/share/moveit_task_constructor_capabilities/hook/cmake_prefix_path.sh'
[2.715s] Level 1:colcon.colcon_core.environment:checking '/home/student36/RoboticsDesignProject/Git-repos/LeoRover-Team7/elephant_arm_ws/install/moveit_task_constructor_capabilities/lib'
[2.715s] Level 1:colcon.colcon_core.shell:create_environment_hook('moveit_task_constructor_capabilities', 'ld_library_path_lib')
[2.716s] INFO:colcon.colcon_core.shell:Creating environment hook '/home/student36/RoboticsDesignProject/Git-repos/LeoRover-Team7/elephant_arm_ws/install/moveit_task_constructor_capabilities/share/moveit_task_constructor_capabilities/hook/ld_library_path_lib.ps1'
[2.717s] INFO:colcon.colcon_core.shell:Creating environment descriptor '/home/student36/RoboticsDesignProject/Git-repos/LeoRover-Team7/elephant_arm_ws/install/moveit_task_constructor_capabilities/share/moveit_task_constructor_capabilities/hook/ld_library_path_lib.dsv'
[2.718s] INFO:colcon.colcon_core.shell:Creating environment hook '/home/student36/RoboticsDesignProject/Git-repos/LeoRover-Team7/elephant_arm_ws/install/moveit_task_constructor_capabilities/share/moveit_task_constructor_capabilities/hook/ld_library_path_lib.sh'
[2.719s] Level 1:colcon.colcon_core.environment:checking '/home/student36/RoboticsDesignProject/Git-repos/LeoRover-Team7/elephant_arm_ws/install/moveit_task_constructor_capabilities/bin'
[2.719s] Level 1:colcon.colcon_core.environment:checking '/home/student36/RoboticsDesignProject/Git-repos/LeoRover-Team7/elephant_arm_ws/install/moveit_task_constructor_capabilities/lib/pkgconfig/moveit_task_constructor_capabilities.pc'
[2.720s] Level 1:colcon.colcon_core.environment:checking '/home/student36/RoboticsDesignProject/Git-repos/LeoRover-Team7/elephant_arm_ws/install/moveit_task_constructor_capabilities/lib/python3.12/site-packages'
[2.720s] Level 1:colcon.colcon_core.environment:checking '/home/student36/RoboticsDesignProject/Git-repos/LeoRover-Team7/elephant_arm_ws/install/moveit_task_constructor_capabilities/bin'
[2.720s] INFO:colcon.colcon_core.shell:Creating package script '/home/student36/RoboticsDesignProject/Git-repos/LeoRover-Team7/elephant_arm_ws/install/moveit_task_constructor_capabilities/share/moveit_task_constructor_capabilities/package.ps1'
[2.722s] INFO:colcon.colcon_core.shell:Creating package descriptor '/home/student36/RoboticsDesignProject/Git-repos/LeoRover-Team7/elephant_arm_ws/install/moveit_task_constructor_capabilities/share/moveit_task_constructor_capabilities/package.dsv'
[2.723s] INFO:colcon.colcon_core.shell:Creating package script '/home/student36/RoboticsDesignProject/Git-repos/LeoRover-Team7/elephant_arm_ws/install/moveit_task_constructor_capabilities/share/moveit_task_constructor_capabilities/package.sh'
[2.724s] INFO:colcon.colcon_core.shell:Creating package script '/home/student36/RoboticsDesignProject/Git-repos/LeoRover-Team7/elephant_arm_ws/install/moveit_task_constructor_capabilities/share/moveit_task_constructor_capabilities/package.bash'
[2.724s] INFO:colcon.colcon_core.shell:Creating package script '/home/student36/RoboticsDesignProject/Git-repos/LeoRover-Team7/elephant_arm_ws/install/moveit_task_constructor_capabilities/share/moveit_task_constructor_capabilities/package.zsh'
[2.725s] Level 1:colcon.colcon_core.environment:create_file_with_runtime_dependencies(/home/student36/RoboticsDesignProject/Git-repos/LeoRover-Team7/elephant_arm_ws/install/moveit_task_constructor_capabilities/share/colcon-core/packages/moveit_task_constructor_capabilities)
[3.086s] DEBUG:colcon.colcon_core.event_handler.log_command:Invoked command in '/home/student36/RoboticsDesignProject/Git-repos/LeoRover-Team7/elephant_arm_ws/build/moveit_task_constructor_visualization' returned '0': CMAKE_PREFIX_PATH=/home/student36/RoboticsDesignProject/Git-repos/LeoRover-Team7/elephant_arm_ws/install/moveit_task_constructor_core:/home/student36/RoboticsDesignProject/Git-repos/LeoRover-Team7/elephant_arm_ws/install/rviz_marker_tools:/home/student36/RoboticsDesignProject/Git-repos/LeoRover-Team7/elephant_arm_ws/install/moveit_task_constructor_msgs:/home/student36/RoboticsDesignProject/Git-repos/LeoRover-Team7/elephant_arm_ws/install/mtc_tutorial:/home/student36/RoboticsDesignProject/Git-repos/LeoRover-Team7/elephant_arm_ws/install/moveit_task_constructor_demo:/home/student36/RoboticsDesignProject/Git-repos/LeoRover-Team7/elephant_arm_ws/install/moveit_task_constructor_visualization:/home/student36/RoboticsDesignProject/Git-repos/LeoRover-Team7/elephant_arm_ws/install/moveit_task_constructor_capabilities:/home/student36/RoboticsDesignProject/Git-repos/LeoRover-Team7/elephant_arm_ws/install/mycobot_ros2:/home/student36/RoboticsDesignProject/Git-repos/LeoRover-Team7/elephant_arm_ws/install/mycobot_moveit_config:/home/student36/RoboticsDesignProject/Git-repos/LeoRover-Team7/elephant_arm_ws/install/mycobot_gazebo:/home/student36/RoboticsDesignProject/Git-repos/LeoRover-Team7/elephant_arm_ws/install/mycobot_description:/home/student36/RoboticsDesignProject/Git-repos/LeoRover-Team7/elephant_arm_ws/install/mycobot_bringup:/home/student36/RoboticsDesignProject/Git-repos/LeoRover-Team7/elephant_arm_ws/install/hello_moveit:/home/student36/ros2_tutorial_workspace/install/package_with_interfaces:/home/student36/ws_moveit/install/robotiq_hardware_tests:/home/student36/ws_moveit/install/robotiq_driver:/home/student36/ws_moveit/install/serial:/home/student36/ws_moveit/install/moveit2_tutorials:/home/student36/ws_moveit/install/hello_moveit:/home/student36/ws_moveit/install/moveit_visual_tools:/home/student36/ws_moveit/install/rviz_visual_tools:/home/student36/ws_moveit/install/mtc_tutorial:/home/student36/ws_moveit/install/moveit_task_constructor_demo:/home/student36/ws_moveit/install/moveit_task_constructor_visualization:/home/student36/ws_moveit/install/moveit_task_constructor_capabilities:/home/student36/ws_moveit/install/elephant:/home/student36/ws_moveit/install/moveit_task_constructor_core:/home/student36/ws_moveit/install/rviz_marker_tools:/home/student36/ws_moveit/install/kortex_bringup:/home/student36/ws_moveit/install/kinova_gen3_lite_moveit_config:/home/student36/ws_moveit/install/kinova_gen3_7dof_robotiq_2f_85_moveit_config:/home/student36/ws_moveit/install/kinova_gen3_6dof_robotiq_2f_85_moveit_config:/home/student36/ws_moveit/install/kortex_description:/home/student36/ws_moveit/install/robotiq_description:/home/student36/ws_moveit/install/robotiq_controllers:/home/student36/ws_moveit/install/pilz_industrial_motion_planner_testutils:/home/student36/ws_moveit/install/mycobot_280_moveit2:/home/student36/ws_moveit/install/moveit_runtime:/home/student36/ws_moveit/install/moveit:/home/student36/ws_moveit/install/elephant_arm:/home/student36/ws_moveit/install/moveit_planners:/home/student36/ws_moveit/install/pilz_industrial_motion_planner:/home/student36/ws_moveit/install/mycobot_description:/home/student36/ws_moveit/install/moveit_task_constructor_msgs:/home/student36/ws_moveit/install/moveit_ros_control_interface:/home/student36/ws_moveit/install/moveit_plugins:/home/student36/ws_moveit/install/moveit_simple_controller_manager:/home/student36/ws_moveit/install/moveit_setup_assistant:/home/student36/ws_moveit/install/moveit_setup_srdf_plugins:/home/student36/ws_moveit/install/moveit_setup_core_plugins:/home/student36/ws_moveit/install/moveit_setup_controllers:/home/student36/ws_moveit/install/moveit_setup_app_plugins:/home/student36/ws_moveit/install/moveit_setup_framework:/home/student36/ws_moveit/install/moveit_servo:/home/student36/ws_moveit/install/moveit_ros_trajectory_cache:/home/student36/ws_moveit/install/moveit_ros:/home/student36/ws_moveit/install/moveit_ros_visualization:/home/student36/ws_moveit/install/moveit_py:/home/student36/ws_moveit/install/moveit_hybrid_planning:/home/student36/ws_moveit/install/moveit_ros_planning_interface:/home/student36/ws_moveit/install/moveit_ros_benchmarks:/home/student36/ws_moveit/install/moveit_ros_warehouse:/home/student36/ws_moveit/install/moveit_ros_robot_interaction:/home/student36/ws_moveit/install/moveit_ros_perception:/home/student36/ws_moveit/install/moveit_resources_prbt_pg70_support:/home/student36/ws_moveit/install/moveit_resources_prbt_moveit_config:/home/student36/ws_moveit/install/moveit_ros_move_group:/home/student36/ws_moveit/install/moveit_planners_ompl:/home/student36/ws_moveit/install/moveit_kinematics:/home/student36/ws_moveit/install/moveit_ros_planning:/home/student36/ws_moveit/install/moveit_ros_occupancy_map_monitor:/home/student36/ws_moveit/install/moveit_resources_prbt_support:/home/student36/ws_moveit/install/moveit_resources_prbt_ikfast_manipulator_plugin:/home/student36/ws_moveit/install/moveit_resources:/home/student36/ws_moveit/install/moveit_resources_pr2_description:/home/student36/ws_moveit/install/moveit_resources_panda_moveit_config:/home/student36/ws_moveit/install/dual_arm_panda_moveit_config:/home/student36/ws_moveit/install/moveit_resources_panda_description:/home/student36/ws_moveit/install/moveit_resources_fanuc_moveit_config:/home/student36/ws_moveit/install/moveit_resources_fanuc_description:/home/student36/ws_moveit/install/moveit_planners_stomp:/home/student36/ws_moveit/install/moveit_planners_chomp:/home/student36/ws_moveit/install/chomp_motion_planner:/home/student36/ws_moveit/install/moveit_core:/home/student36/ws_moveit/install/moveit_msgs:/home/student36/ws_moveit/install/moveit_common:/home/student36/ws_moveit/install/kortex_driver:/home/student36/ws_moveit/install/kortex_api:/home/student36/rplidar_ws/install/rplidar_ros:/home/student36/elephant_arm_ws/install/mycobot_280_moveit2:/opt/ros/jazzy/opt/gz_sim_vendor:/opt/ros/jazzy/opt/gz_sensors_vendor:/opt/ros/jazzy/opt/gz_physics_vendor:/opt/ros/jazzy/opt/sdformat_vendor:/opt/ros/jazzy/opt/gz_gui_vendor:/opt/ros/jazzy/opt/gz_transport_vendor:/opt/ros/jazzy/opt/gz_rendering_vendor:/opt/ros/jazzy/opt/gz_plugin_vendor:/opt/ros/jazzy/opt/gz_fuel_tools_vendor:/opt/ros/jazzy/opt/gz_msgs_vendor:/opt/ros/jazzy/opt/gz_common_vendor:/opt/ros/jazzy/opt/gz_math_vendor:/opt/ros/jazzy/opt/gz_utils_vendor:/opt/ros/jazzy/opt/gz_tools_vendor:/opt/ros/jazzy/opt/gz_ogre_next_vendor:/opt/ros/jazzy/opt/gz_dartsim_vendor:/opt/ros/jazzy/opt/gz_cmake_vendor:/home/student36/ros2_tutorial_workspace/install/the_simplest_python_package:/home/student36/ros2_tutorial_workspace/install/python_package_with_a_node:/home/student36/ros2_tutorial_workspace/install/python_package_that_uses_the_library:/home/student36/ros2_tutorial_workspace/install/python_package_with_a_library:/home/student36/ros2_tutorial_workspace/install/python_package_that_uses_the_services:/home/student36/ros2_tutorial_workspace/install/python_package_that_uses_the_actions:/home/student36/ros2_tutorial_workspace/install/python_package_that_uses_tf2:/home/student36/ros2_tutorial_workspace/install/python_package_that_uses_parameters_and_launch_files:/home/student36/ros2_tutorial_workspace/install/python_package_that_uses_nottf2:/home/student36/ros2_tutorial_workspace/install/python_package_that_uses_nav2:/home/student36/ros2_tutorial_workspace/install/python_package_that_uses_messages:/home/student36/ros2_tutorial_workspace/install/python_package_that_uses_geometry_msgs:/home/student36/ros2_tutorial_workspace/install/python_package_that_uses_gazebo:/home/student36/ws_moveit/install/moveit_configs_utils:/home/student36/elephant_arm_ws/install/mycobot_description:/opt/ros/jazzy DEBUGINFOD_URLS=https://debuginfod.ubuntu.com LD_LIBRARY_PATH=/home/student36/RoboticsDesignProject/Git-repos/LeoRover-Team7/elephant_arm_ws/install/moveit_task_constructor_core/lib:/home/student36/RoboticsDesignProject/Git-repos/LeoRover-Team7/elephant_arm_ws/install/rviz_marker_tools/lib:/home/student36/RoboticsDesignProject/Git-repos/LeoRover-Team7/elephant_arm_ws/install/moveit_task_constructor_msgs/lib:/home/student36/RoboticsDesignProject/Git-repos/LeoRover-Team7/elephant_arm_ws/install/moveit_task_constructor_demo/lib:/home/student36/RoboticsDesignProject/Git-repos/LeoRover-Team7/elephant_arm_ws/install/moveit_task_constructor_visualization/lib:/home/student36/RoboticsDesignProject/Git-repos/LeoRover-Team7/elephant_arm_ws/install/moveit_task_constructor_capabilities/lib:/home/student36/ros2_tutorial_workspace/install/package_with_interfaces/lib:/home/student36/ws_moveit/install/robotiq_driver/lib:/home/student36/ws_moveit/install/serial/lib:/home/student36/ws_moveit/install/moveit_visual_tools/lib:/home/student36/ws_moveit/install/rviz_visual_tools/lib:/home/student36/ws_moveit/install/moveit_task_constructor_demo/lib:/home/student36/ws_moveit/install/moveit_task_constructor_visualization/lib:/home/student36/ws_moveit/install/moveit_task_constructor_capabilities/lib:/home/student36/ws_moveit/install/moveit_task_constructor_core/lib:/home/student36/ws_moveit/install/rviz_marker_tools/lib:/home/student36/ws_moveit/install/robotiq_controllers/lib:/home/student36/ws_moveit/install/pilz_industrial_motion_planner_testutils/lib:/home/student36/ws_moveit/install/pilz_industrial_motion_planner/lib:/home/student36/ws_moveit/install/moveit_task_constructor_msgs/lib:/home/student36/ws_moveit/install/moveit_ros_control_interface/lib:/home/student36/ws_moveit/install/moveit_simple_controller_manager/lib:/home/student36/ws_moveit/install/moveit_setup_assistant/lib:/home/student36/ws_moveit/install/moveit_setup_srdf_plugins/lib:/home/student36/ws_moveit/install/moveit_setup_core_plugins/lib:/home/student36/ws_moveit/install/moveit_setup_controllers/lib:/home/student36/ws_moveit/install/moveit_setup_app_plugins/lib:/home/student36/ws_moveit/install/moveit_setup_framework/lib:/home/student36/ws_moveit/install/moveit_servo/lib:/home/student36/ws_moveit/install/moveit_ros_trajectory_cache/lib:/home/student36/ws_moveit/install/moveit_ros_visualization/lib:/home/student36/ws_moveit/install/moveit_py/lib:/home/student36/ws_moveit/install/moveit_hybrid_planning/lib:/home/student36/ws_moveit/install/moveit_ros_planning_interface/lib:/home/student36/ws_moveit/install/moveit_ros_benchmarks/lib:/home/student36/ws_moveit/install/moveit_ros_warehouse/lib:/home/student36/ws_moveit/install/moveit_ros_robot_interaction/lib:/home/student36/ws_moveit/install/moveit_ros_perception/lib:/home/student36/ws_moveit/install/moveit_ros_move_group/lib:/home/student36/ws_moveit/install/moveit_planners_ompl/lib:/home/student36/ws_moveit/install/moveit_kinematics/lib:/home/student36/ws_moveit/install/moveit_ros_planning/lib:/home/student36/ws_moveit/install/moveit_ros_occupancy_map_monitor/lib:/home/student36/ws_moveit/install/moveit_resources_prbt_ikfast_manipulator_plugin/lib:/home/student36/ws_moveit/install/moveit_planners_stomp/lib:/home/student36/ws_moveit/install/moveit_planners_chomp/lib:/home/student36/ws_moveit/install/chomp_motion_planner/lib:/home/student36/ws_moveit/install/moveit_core/lib:/home/student36/ws_moveit/install/moveit_msgs/lib:/home/student36/ws_moveit/install/kortex_driver/lib:/opt/ros/jazzy/opt/gz_sim_vendor/lib:/opt/ros/jazzy/opt/gz_sensors_vendor/lib:/opt/ros/jazzy/opt/gz_physics_vendor/lib:/opt/ros/jazzy/opt/sdformat_vendor/lib:/opt/ros/jazzy/opt/rviz_ogre_vendor/lib:/opt/ros/jazzy/lib/x86_64-linux-gnu:/opt/ros/jazzy/opt/gz_gui_vendor/lib:/opt/ros/jazzy/opt/gz_transport_vendor/lib:/opt/ros/jazzy/opt/gz_rendering_vendor/lib:/opt/ros/jazzy/opt/gz_plugin_vendor/lib:/opt/ros/jazzy/opt/gz_fuel_tools_vendor/lib:/opt/ros/jazzy/opt/gz_msgs_vendor/lib:/opt/ros/jazzy/opt/gz_common_vendor/lib:/opt/ros/jazzy/opt/gz_math_vendor/lib:/opt/ros/jazzy/opt/gz_utils_vendor/lib:/opt/ros/jazzy/opt/gz_tools_vendor/lib:/opt/ros/jazzy/opt/gz_ogre_next_vendor/lib:/opt/ros/jazzy/opt/gz_dartsim_vendor/lib:/opt/ros/jazzy/opt/gz_cmake_vendor/lib:/opt/ros/jazzy/lib /usr/bin/cmake --build /home/student36/RoboticsDesignProject/Git-repos/LeoRover-Team7/elephant_arm_ws/build/moveit_task_constructor_visualization -- -j12 -l12
[3.088s] DEBUG:colcon.colcon_core.event_handler.log_command:Invoking command in '/home/student36/RoboticsDesignProject/Git-repos/LeoRover-Team7/elephant_arm_ws/build/moveit_task_constructor_visualization': CMAKE_PREFIX_PATH=/home/student36/RoboticsDesignProject/Git-repos/LeoRover-Team7/elephant_arm_ws/install/moveit_task_constructor_core:/home/student36/RoboticsDesignProject/Git-repos/LeoRover-Team7/elephant_arm_ws/install/rviz_marker_tools:/home/student36/RoboticsDesignProject/Git-repos/LeoRover-Team7/elephant_arm_ws/install/moveit_task_constructor_msgs:/home/student36/RoboticsDesignProject/Git-repos/LeoRover-Team7/elephant_arm_ws/install/mtc_tutorial:/home/student36/RoboticsDesignProject/Git-repos/LeoRover-Team7/elephant_arm_ws/install/moveit_task_constructor_demo:/home/student36/RoboticsDesignProject/Git-repos/LeoRover-Team7/elephant_arm_ws/install/moveit_task_constructor_visualization:/home/student36/RoboticsDesignProject/Git-repos/LeoRover-Team7/elephant_arm_ws/install/moveit_task_constructor_capabilities:/home/student36/RoboticsDesignProject/Git-repos/LeoRover-Team7/elephant_arm_ws/install/mycobot_ros2:/home/student36/RoboticsDesignProject/Git-repos/LeoRover-Team7/elephant_arm_ws/install/mycobot_moveit_config:/home/student36/RoboticsDesignProject/Git-repos/LeoRover-Team7/elephant_arm_ws/install/mycobot_gazebo:/home/student36/RoboticsDesignProject/Git-repos/LeoRover-Team7/elephant_arm_ws/install/mycobot_description:/home/student36/RoboticsDesignProject/Git-repos/LeoRover-Team7/elephant_arm_ws/install/mycobot_bringup:/home/student36/RoboticsDesignProject/Git-repos/LeoRover-Team7/elephant_arm_ws/install/hello_moveit:/home/student36/ros2_tutorial_workspace/install/package_with_interfaces:/home/student36/ws_moveit/install/robotiq_hardware_tests:/home/student36/ws_moveit/install/robotiq_driver:/home/student36/ws_moveit/install/serial:/home/student36/ws_moveit/install/moveit2_tutorials:/home/student36/ws_moveit/install/hello_moveit:/home/student36/ws_moveit/install/moveit_visual_tools:/home/student36/ws_moveit/install/rviz_visual_tools:/home/student36/ws_moveit/install/mtc_tutorial:/home/student36/ws_moveit/install/moveit_task_constructor_demo:/home/student36/ws_moveit/install/moveit_task_constructor_visualization:/home/student36/ws_moveit/install/moveit_task_constructor_capabilities:/home/student36/ws_moveit/install/elephant:/home/student36/ws_moveit/install/moveit_task_constructor_core:/home/student36/ws_moveit/install/rviz_marker_tools:/home/student36/ws_moveit/install/kortex_bringup:/home/student36/ws_moveit/install/kinova_gen3_lite_moveit_config:/home/student36/ws_moveit/install/kinova_gen3_7dof_robotiq_2f_85_moveit_config:/home/student36/ws_moveit/install/kinova_gen3_6dof_robotiq_2f_85_moveit_config:/home/student36/ws_moveit/install/kortex_description:/home/student36/ws_moveit/install/robotiq_description:/home/student36/ws_moveit/install/robotiq_controllers:/home/student36/ws_moveit/install/pilz_industrial_motion_planner_testutils:/home/student36/ws_moveit/install/mycobot_280_moveit2:/home/student36/ws_moveit/install/moveit_runtime:/home/student36/ws_moveit/install/moveit:/home/student36/ws_moveit/install/elephant_arm:/home/student36/ws_moveit/install/moveit_planners:/home/student36/ws_moveit/install/pilz_industrial_motion_planner:/home/student36/ws_moveit/install/mycobot_description:/home/student36/ws_moveit/install/moveit_task_constructor_msgs:/home/student36/ws_moveit/install/moveit_ros_control_interface:/home/student36/ws_moveit/install/moveit_plugins:/home/student36/ws_moveit/install/moveit_simple_controller_manager:/home/student36/ws_moveit/install/moveit_setup_assistant:/home/student36/ws_moveit/install/moveit_setup_srdf_plugins:/home/student36/ws_moveit/install/moveit_setup_core_plugins:/home/student36/ws_moveit/install/moveit_setup_controllers:/home/student36/ws_moveit/install/moveit_setup_app_plugins:/home/student36/ws_moveit/install/moveit_setup_framework:/home/student36/ws_moveit/install/moveit_servo:/home/student36/ws_moveit/install/moveit_ros_trajectory_cache:/home/student36/ws_moveit/install/moveit_ros:/home/student36/ws_moveit/install/moveit_ros_visualization:/home/student36/ws_moveit/install/moveit_py:/home/student36/ws_moveit/install/moveit_hybrid_planning:/home/student36/ws_moveit/install/moveit_ros_planning_interface:/home/student36/ws_moveit/install/moveit_ros_benchmarks:/home/student36/ws_moveit/install/moveit_ros_warehouse:/home/student36/ws_moveit/install/moveit_ros_robot_interaction:/home/student36/ws_moveit/install/moveit_ros_perception:/home/student36/ws_moveit/install/moveit_resources_prbt_pg70_support:/home/student36/ws_moveit/install/moveit_resources_prbt_moveit_config:/home/student36/ws_moveit/install/moveit_ros_move_group:/home/student36/ws_moveit/install/moveit_planners_ompl:/home/student36/ws_moveit/install/moveit_kinematics:/home/student36/ws_moveit/install/moveit_ros_planning:/home/student36/ws_moveit/install/moveit_ros_occupancy_map_monitor:/home/student36/ws_moveit/install/moveit_resources_prbt_support:/home/student36/ws_moveit/install/moveit_resources_prbt_ikfast_manipulator_plugin:/home/student36/ws_moveit/install/moveit_resources:/home/student36/ws_moveit/install/moveit_resources_pr2_description:/home/student36/ws_moveit/install/moveit_resources_panda_moveit_config:/home/student36/ws_moveit/install/dual_arm_panda_moveit_config:/home/student36/ws_moveit/install/moveit_resources_panda_description:/home/student36/ws_moveit/install/moveit_resources_fanuc_moveit_config:/home/student36/ws_moveit/install/moveit_resources_fanuc_description:/home/student36/ws_moveit/install/moveit_planners_stomp:/home/student36/ws_moveit/install/moveit_planners_chomp:/home/student36/ws_moveit/install/chomp_motion_planner:/home/student36/ws_moveit/install/moveit_core:/home/student36/ws_moveit/install/moveit_msgs:/home/student36/ws_moveit/install/moveit_common:/home/student36/ws_moveit/install/kortex_driver:/home/student36/ws_moveit/install/kortex_api:/home/student36/rplidar_ws/install/rplidar_ros:/home/student36/elephant_arm_ws/install/mycobot_280_moveit2:/opt/ros/jazzy/opt/gz_sim_vendor:/opt/ros/jazzy/opt/gz_sensors_vendor:/opt/ros/jazzy/opt/gz_physics_vendor:/opt/ros/jazzy/opt/sdformat_vendor:/opt/ros/jazzy/opt/gz_gui_vendor:/opt/ros/jazzy/opt/gz_transport_vendor:/opt/ros/jazzy/opt/gz_rendering_vendor:/opt/ros/jazzy/opt/gz_plugin_vendor:/opt/ros/jazzy/opt/gz_fuel_tools_vendor:/opt/ros/jazzy/opt/gz_msgs_vendor:/opt/ros/jazzy/opt/gz_common_vendor:/opt/ros/jazzy/opt/gz_math_vendor:/opt/ros/jazzy/opt/gz_utils_vendor:/opt/ros/jazzy/opt/gz_tools_vendor:/opt/ros/jazzy/opt/gz_ogre_next_vendor:/opt/ros/jazzy/opt/gz_dartsim_vendor:/opt/ros/jazzy/opt/gz_cmake_vendor:/home/student36/ros2_tutorial_workspace/install/the_simplest_python_package:/home/student36/ros2_tutorial_workspace/install/python_package_with_a_node:/home/student36/ros2_tutorial_workspace/install/python_package_that_uses_the_library:/home/student36/ros2_tutorial_workspace/install/python_package_with_a_library:/home/student36/ros2_tutorial_workspace/install/python_package_that_uses_the_services:/home/student36/ros2_tutorial_workspace/install/python_package_that_uses_the_actions:/home/student36/ros2_tutorial_workspace/install/python_package_that_uses_tf2:/home/student36/ros2_tutorial_workspace/install/python_package_that_uses_parameters_and_launch_files:/home/student36/ros2_tutorial_workspace/install/python_package_that_uses_nottf2:/home/student36/ros2_tutorial_workspace/install/python_package_that_uses_nav2:/home/student36/ros2_tutorial_workspace/install/python_package_that_uses_messages:/home/student36/ros2_tutorial_workspace/install/python_package_that_uses_geometry_msgs:/home/student36/ros2_tutorial_workspace/install/python_package_that_uses_gazebo:/home/student36/ws_moveit/install/moveit_configs_utils:/home/student36/elephant_arm_ws/install/mycobot_description:/opt/ros/jazzy DEBUGINFOD_URLS=https://debuginfod.ubuntu.com LD_LIBRARY_PATH=/home/student36/RoboticsDesignProject/Git-repos/LeoRover-Team7/elephant_arm_ws/install/moveit_task_constructor_core/lib:/home/student36/RoboticsDesignProject/Git-repos/LeoRover-Team7/elephant_arm_ws/install/rviz_marker_tools/lib:/home/student36/RoboticsDesignProject/Git-repos/LeoRover-Team7/elephant_arm_ws/install/moveit_task_constructor_msgs/lib:/home/student36/RoboticsDesignProject/Git-repos/LeoRover-Team7/elephant_arm_ws/install/moveit_task_constructor_demo/lib:/home/student36/RoboticsDesignProject/Git-repos/LeoRover-Team7/elephant_arm_ws/install/moveit_task_constructor_visualization/lib:/home/student36/RoboticsDesignProject/Git-repos/LeoRover-Team7/elephant_arm_ws/install/moveit_task_constructor_capabilities/lib:/home/student36/ros2_tutorial_workspace/install/package_with_interfaces/lib:/home/student36/ws_moveit/install/robotiq_driver/lib:/home/student36/ws_moveit/install/serial/lib:/home/student36/ws_moveit/install/moveit_visual_tools/lib:/home/student36/ws_moveit/install/rviz_visual_tools/lib:/home/student36/ws_moveit/install/moveit_task_constructor_demo/lib:/home/student36/ws_moveit/install/moveit_task_constructor_visualization/lib:/home/student36/ws_moveit/install/moveit_task_constructor_capabilities/lib:/home/student36/ws_moveit/install/moveit_task_constructor_core/lib:/home/student36/ws_moveit/install/rviz_marker_tools/lib:/home/student36/ws_moveit/install/robotiq_controllers/lib:/home/student36/ws_moveit/install/pilz_industrial_motion_planner_testutils/lib:/home/student36/ws_moveit/install/pilz_industrial_motion_planner/lib:/home/student36/ws_moveit/install/moveit_task_constructor_msgs/lib:/home/student36/ws_moveit/install/moveit_ros_control_interface/lib:/home/student36/ws_moveit/install/moveit_simple_controller_manager/lib:/home/student36/ws_moveit/install/moveit_setup_assistant/lib:/home/student36/ws_moveit/install/moveit_setup_srdf_plugins/lib:/home/student36/ws_moveit/install/moveit_setup_core_plugins/lib:/home/student36/ws_moveit/install/moveit_setup_controllers/lib:/home/student36/ws_moveit/install/moveit_setup_app_plugins/lib:/home/student36/ws_moveit/install/moveit_setup_framework/lib:/home/student36/ws_moveit/install/moveit_servo/lib:/home/student36/ws_moveit/install/moveit_ros_trajectory_cache/lib:/home/student36/ws_moveit/install/moveit_ros_visualization/lib:/home/student36/ws_moveit/install/moveit_py/lib:/home/student36/ws_moveit/install/moveit_hybrid_planning/lib:/home/student36/ws_moveit/install/moveit_ros_planning_interface/lib:/home/student36/ws_moveit/install/moveit_ros_benchmarks/lib:/home/student36/ws_moveit/install/moveit_ros_warehouse/lib:/home/student36/ws_moveit/install/moveit_ros_robot_interaction/lib:/home/student36/ws_moveit/install/moveit_ros_perception/lib:/home/student36/ws_moveit/install/moveit_ros_move_group/lib:/home/student36/ws_moveit/install/moveit_planners_ompl/lib:/home/student36/ws_moveit/install/moveit_kinematics/lib:/home/student36/ws_moveit/install/moveit_ros_planning/lib:/home/student36/ws_moveit/install/moveit_ros_occupancy_map_monitor/lib:/home/student36/ws_moveit/install/moveit_resources_prbt_ikfast_manipulator_plugin/lib:/home/student36/ws_moveit/install/moveit_planners_stomp/lib:/home/student36/ws_moveit/install/moveit_planners_chomp/lib:/home/student36/ws_moveit/install/chomp_motion_planner/lib:/home/student36/ws_moveit/install/moveit_core/lib:/home/student36/ws_moveit/install/moveit_msgs/lib:/home/student36/ws_moveit/install/kortex_driver/lib:/opt/ros/jazzy/opt/gz_sim_vendor/lib:/opt/ros/jazzy/opt/gz_sensors_vendor/lib:/opt/ros/jazzy/opt/gz_physics_vendor/lib:/opt/ros/jazzy/opt/sdformat_vendor/lib:/opt/ros/jazzy/opt/rviz_ogre_vendor/lib:/opt/ros/jazzy/lib/x86_64-linux-gnu:/opt/ros/jazzy/opt/gz_gui_vendor/lib:/opt/ros/jazzy/opt/gz_transport_vendor/lib:/opt/ros/jazzy/opt/gz_rendering_vendor/lib:/opt/ros/jazzy/opt/gz_plugin_vendor/lib:/opt/ros/jazzy/opt/gz_fuel_tools_vendor/lib:/opt/ros/jazzy/opt/gz_msgs_vendor/lib:/opt/ros/jazzy/opt/gz_common_vendor/lib:/opt/ros/jazzy/opt/gz_math_vendor/lib:/opt/ros/jazzy/opt/gz_utils_vendor/lib:/opt/ros/jazzy/opt/gz_tools_vendor/lib:/opt/ros/jazzy/opt/gz_ogre_next_vendor/lib:/opt/ros/jazzy/opt/gz_dartsim_vendor/lib:/opt/ros/jazzy/opt/gz_cmake_vendor/lib:/opt/ros/jazzy/lib /usr/bin/cmake --install /home/student36/RoboticsDesignProject/Git-repos/LeoRover-Team7/elephant_arm_ws/build/moveit_task_constructor_visualization
[3.112s] Level 1:colcon.colcon_core.environment:create_environment_scripts_only(moveit_task_constructor_visualization)
[3.112s] Level 1:colcon.colcon_core.environment:checking '/home/student36/RoboticsDesignProject/Git-repos/LeoRover-Team7/elephant_arm_ws/install/moveit_task_constructor_visualization' for CMake module files
[3.114s] Level 1:colcon.colcon_core.environment:checking '/home/student36/RoboticsDesignProject/Git-repos/LeoRover-Team7/elephant_arm_ws/install/moveit_task_constructor_visualization' for CMake config files
[3.114s] DEBUG:colcon.colcon_core.event_handler.log_command:Invoked command in '/home/student36/RoboticsDesignProject/Git-repos/LeoRover-Team7/elephant_arm_ws/build/moveit_task_constructor_visualization' returned '0': CMAKE_PREFIX_PATH=/home/student36/RoboticsDesignProject/Git-repos/LeoRover-Team7/elephant_arm_ws/install/moveit_task_constructor_core:/home/student36/RoboticsDesignProject/Git-repos/LeoRover-Team7/elephant_arm_ws/install/rviz_marker_tools:/home/student36/RoboticsDesignProject/Git-repos/LeoRover-Team7/elephant_arm_ws/install/moveit_task_constructor_msgs:/home/student36/RoboticsDesignProject/Git-repos/LeoRover-Team7/elephant_arm_ws/install/mtc_tutorial:/home/student36/RoboticsDesignProject/Git-repos/LeoRover-Team7/elephant_arm_ws/install/moveit_task_constructor_demo:/home/student36/RoboticsDesignProject/Git-repos/LeoRover-Team7/elephant_arm_ws/install/moveit_task_constructor_visualization:/home/student36/RoboticsDesignProject/Git-repos/LeoRover-Team7/elephant_arm_ws/install/moveit_task_constructor_capabilities:/home/student36/RoboticsDesignProject/Git-repos/LeoRover-Team7/elephant_arm_ws/install/mycobot_ros2:/home/student36/RoboticsDesignProject/Git-repos/LeoRover-Team7/elephant_arm_ws/install/mycobot_moveit_config:/home/student36/RoboticsDesignProject/Git-repos/LeoRover-Team7/elephant_arm_ws/install/mycobot_gazebo:/home/student36/RoboticsDesignProject/Git-repos/LeoRover-Team7/elephant_arm_ws/install/mycobot_description:/home/student36/RoboticsDesignProject/Git-repos/LeoRover-Team7/elephant_arm_ws/install/mycobot_bringup:/home/student36/RoboticsDesignProject/Git-repos/LeoRover-Team7/elephant_arm_ws/install/hello_moveit:/home/student36/ros2_tutorial_workspace/install/package_with_interfaces:/home/student36/ws_moveit/install/robotiq_hardware_tests:/home/student36/ws_moveit/install/robotiq_driver:/home/student36/ws_moveit/install/serial:/home/student36/ws_moveit/install/moveit2_tutorials:/home/student36/ws_moveit/install/hello_moveit:/home/student36/ws_moveit/install/moveit_visual_tools:/home/student36/ws_moveit/install/rviz_visual_tools:/home/student36/ws_moveit/install/mtc_tutorial:/home/student36/ws_moveit/install/moveit_task_constructor_demo:/home/student36/ws_moveit/install/moveit_task_constructor_visualization:/home/student36/ws_moveit/install/moveit_task_constructor_capabilities:/home/student36/ws_moveit/install/elephant:/home/student36/ws_moveit/install/moveit_task_constructor_core:/home/student36/ws_moveit/install/rviz_marker_tools:/home/student36/ws_moveit/install/kortex_bringup:/home/student36/ws_moveit/install/kinova_gen3_lite_moveit_config:/home/student36/ws_moveit/install/kinova_gen3_7dof_robotiq_2f_85_moveit_config:/home/student36/ws_moveit/install/kinova_gen3_6dof_robotiq_2f_85_moveit_config:/home/student36/ws_moveit/install/kortex_description:/home/student36/ws_moveit/install/robotiq_description:/home/student36/ws_moveit/install/robotiq_controllers:/home/student36/ws_moveit/install/pilz_industrial_motion_planner_testutils:/home/student36/ws_moveit/install/mycobot_280_moveit2:/home/student36/ws_moveit/install/moveit_runtime:/home/student36/ws_moveit/install/moveit:/home/student36/ws_moveit/install/elephant_arm:/home/student36/ws_moveit/install/moveit_planners:/home/student36/ws_moveit/install/pilz_industrial_motion_planner:/home/student36/ws_moveit/install/mycobot_description:/home/student36/ws_moveit/install/moveit_task_constructor_msgs:/home/student36/ws_moveit/install/moveit_ros_control_interface:/home/student36/ws_moveit/install/moveit_plugins:/home/student36/ws_moveit/install/moveit_simple_controller_manager:/home/student36/ws_moveit/install/moveit_setup_assistant:/home/student36/ws_moveit/install/moveit_setup_srdf_plugins:/home/student36/ws_moveit/install/moveit_setup_core_plugins:/home/student36/ws_moveit/install/moveit_setup_controllers:/home/student36/ws_moveit/install/moveit_setup_app_plugins:/home/student36/ws_moveit/install/moveit_setup_framework:/home/student36/ws_moveit/install/moveit_servo:/home/student36/ws_moveit/install/moveit_ros_trajectory_cache:/home/student36/ws_moveit/install/moveit_ros:/home/student36/ws_moveit/install/moveit_ros_visualization:/home/student36/ws_moveit/install/moveit_py:/home/student36/ws_moveit/install/moveit_hybrid_planning:/home/student36/ws_moveit/install/moveit_ros_planning_interface:/home/student36/ws_moveit/install/moveit_ros_benchmarks:/home/student36/ws_moveit/install/moveit_ros_warehouse:/home/student36/ws_moveit/install/moveit_ros_robot_interaction:/home/student36/ws_moveit/install/moveit_ros_perception:/home/student36/ws_moveit/install/moveit_resources_prbt_pg70_support:/home/student36/ws_moveit/install/moveit_resources_prbt_moveit_config:/home/student36/ws_moveit/install/moveit_ros_move_group:/home/student36/ws_moveit/install/moveit_planners_ompl:/home/student36/ws_moveit/install/moveit_kinematics:/home/student36/ws_moveit/install/moveit_ros_planning:/home/student36/ws_moveit/install/moveit_ros_occupancy_map_monitor:/home/student36/ws_moveit/install/moveit_resources_prbt_support:/home/student36/ws_moveit/install/moveit_resources_prbt_ikfast_manipulator_plugin:/home/student36/ws_moveit/install/moveit_resources:/home/student36/ws_moveit/install/moveit_resources_pr2_description:/home/student36/ws_moveit/install/moveit_resources_panda_moveit_config:/home/student36/ws_moveit/install/dual_arm_panda_moveit_config:/home/student36/ws_moveit/install/moveit_resources_panda_description:/home/student36/ws_moveit/install/moveit_resources_fanuc_moveit_config:/home/student36/ws_moveit/install/moveit_resources_fanuc_description:/home/student36/ws_moveit/install/moveit_planners_stomp:/home/student36/ws_moveit/install/moveit_planners_chomp:/home/student36/ws_moveit/install/chomp_motion_planner:/home/student36/ws_moveit/install/moveit_core:/home/student36/ws_moveit/install/moveit_msgs:/home/student36/ws_moveit/install/moveit_common:/home/student36/ws_moveit/install/kortex_driver:/home/student36/ws_moveit/install/kortex_api:/home/student36/rplidar_ws/install/rplidar_ros:/home/student36/elephant_arm_ws/install/mycobot_280_moveit2:/opt/ros/jazzy/opt/gz_sim_vendor:/opt/ros/jazzy/opt/gz_sensors_vendor:/opt/ros/jazzy/opt/gz_physics_vendor:/opt/ros/jazzy/opt/sdformat_vendor:/opt/ros/jazzy/opt/gz_gui_vendor:/opt/ros/jazzy/opt/gz_transport_vendor:/opt/ros/jazzy/opt/gz_rendering_vendor:/opt/ros/jazzy/opt/gz_plugin_vendor:/opt/ros/jazzy/opt/gz_fuel_tools_vendor:/opt/ros/jazzy/opt/gz_msgs_vendor:/opt/ros/jazzy/opt/gz_common_vendor:/opt/ros/jazzy/opt/gz_math_vendor:/opt/ros/jazzy/opt/gz_utils_vendor:/opt/ros/jazzy/opt/gz_tools_vendor:/opt/ros/jazzy/opt/gz_ogre_next_vendor:/opt/ros/jazzy/opt/gz_dartsim_vendor:/opt/ros/jazzy/opt/gz_cmake_vendor:/home/student36/ros2_tutorial_workspace/install/the_simplest_python_package:/home/student36/ros2_tutorial_workspace/install/python_package_with_a_node:/home/student36/ros2_tutorial_workspace/install/python_package_that_uses_the_library:/home/student36/ros2_tutorial_workspace/install/python_package_with_a_library:/home/student36/ros2_tutorial_workspace/install/python_package_that_uses_the_services:/home/student36/ros2_tutorial_workspace/install/python_package_that_uses_the_actions:/home/student36/ros2_tutorial_workspace/install/python_package_that_uses_tf2:/home/student36/ros2_tutorial_workspace/install/python_package_that_uses_parameters_and_launch_files:/home/student36/ros2_tutorial_workspace/install/python_package_that_uses_nottf2:/home/student36/ros2_tutorial_workspace/install/python_package_that_uses_nav2:/home/student36/ros2_tutorial_workspace/install/python_package_that_uses_messages:/home/student36/ros2_tutorial_workspace/install/python_package_that_uses_geometry_msgs:/home/student36/ros2_tutorial_workspace/install/python_package_that_uses_gazebo:/home/student36/ws_moveit/install/moveit_configs_utils:/home/student36/elephant_arm_ws/install/mycobot_description:/opt/ros/jazzy DEBUGINFOD_URLS=https://debuginfod.ubuntu.com LD_LIBRARY_PATH=/home/student36/RoboticsDesignProject/Git-repos/LeoRover-Team7/elephant_arm_ws/install/moveit_task_constructor_core/lib:/home/student36/RoboticsDesignProject/Git-repos/LeoRover-Team7/elephant_arm_ws/install/rviz_marker_tools/lib:/home/student36/RoboticsDesignProject/Git-repos/LeoRover-Team7/elephant_arm_ws/install/moveit_task_constructor_msgs/lib:/home/student36/RoboticsDesignProject/Git-repos/LeoRover-Team7/elephant_arm_ws/install/moveit_task_constructor_demo/lib:/home/student36/RoboticsDesignProject/Git-repos/LeoRover-Team7/elephant_arm_ws/install/moveit_task_constructor_visualization/lib:/home/student36/RoboticsDesignProject/Git-repos/LeoRover-Team7/elephant_arm_ws/install/moveit_task_constructor_capabilities/lib:/home/student36/ros2_tutorial_workspace/install/package_with_interfaces/lib:/home/student36/ws_moveit/install/robotiq_driver/lib:/home/student36/ws_moveit/install/serial/lib:/home/student36/ws_moveit/install/moveit_visual_tools/lib:/home/student36/ws_moveit/install/rviz_visual_tools/lib:/home/student36/ws_moveit/install/moveit_task_constructor_demo/lib:/home/student36/ws_moveit/install/moveit_task_constructor_visualization/lib:/home/student36/ws_moveit/install/moveit_task_constructor_capabilities/lib:/home/student36/ws_moveit/install/moveit_task_constructor_core/lib:/home/student36/ws_moveit/install/rviz_marker_tools/lib:/home/student36/ws_moveit/install/robotiq_controllers/lib:/home/student36/ws_moveit/install/pilz_industrial_motion_planner_testutils/lib:/home/student36/ws_moveit/install/pilz_industrial_motion_planner/lib:/home/student36/ws_moveit/install/moveit_task_constructor_msgs/lib:/home/student36/ws_moveit/install/moveit_ros_control_interface/lib:/home/student36/ws_moveit/install/moveit_simple_controller_manager/lib:/home/student36/ws_moveit/install/moveit_setup_assistant/lib:/home/student36/ws_moveit/install/moveit_setup_srdf_plugins/lib:/home/student36/ws_moveit/install/moveit_setup_core_plugins/lib:/home/student36/ws_moveit/install/moveit_setup_controllers/lib:/home/student36/ws_moveit/install/moveit_setup_app_plugins/lib:/home/student36/ws_moveit/install/moveit_setup_framework/lib:/home/student36/ws_moveit/install/moveit_servo/lib:/home/student36/ws_moveit/install/moveit_ros_trajectory_cache/lib:/home/student36/ws_moveit/install/moveit_ros_visualization/lib:/home/student36/ws_moveit/install/moveit_py/lib:/home/student36/ws_moveit/install/moveit_hybrid_planning/lib:/home/student36/ws_moveit/install/moveit_ros_planning_interface/lib:/home/student36/ws_moveit/install/moveit_ros_benchmarks/lib:/home/student36/ws_moveit/install/moveit_ros_warehouse/lib:/home/student36/ws_moveit/install/moveit_ros_robot_interaction/lib:/home/student36/ws_moveit/install/moveit_ros_perception/lib:/home/student36/ws_moveit/install/moveit_ros_move_group/lib:/home/student36/ws_moveit/install/moveit_planners_ompl/lib:/home/student36/ws_moveit/install/moveit_kinematics/lib:/home/student36/ws_moveit/install/moveit_ros_planning/lib:/home/student36/ws_moveit/install/moveit_ros_occupancy_map_monitor/lib:/home/student36/ws_moveit/install/moveit_resources_prbt_ikfast_manipulator_plugin/lib:/home/student36/ws_moveit/install/moveit_planners_stomp/lib:/home/student36/ws_moveit/install/moveit_planners_chomp/lib:/home/student36/ws_moveit/install/chomp_motion_planner/lib:/home/student36/ws_moveit/install/moveit_core/lib:/home/student36/ws_moveit/install/moveit_msgs/lib:/home/student36/ws_moveit/install/kortex_driver/lib:/opt/ros/jazzy/opt/gz_sim_vendor/lib:/opt/ros/jazzy/opt/gz_sensors_vendor/lib:/opt/ros/jazzy/opt/gz_physics_vendor/lib:/opt/ros/jazzy/opt/sdformat_vendor/lib:/opt/ros/jazzy/opt/rviz_ogre_vendor/lib:/opt/ros/jazzy/lib/x86_64-linux-gnu:/opt/ros/jazzy/opt/gz_gui_vendor/lib:/opt/ros/jazzy/opt/gz_transport_vendor/lib:/opt/ros/jazzy/opt/gz_rendering_vendor/lib:/opt/ros/jazzy/opt/gz_plugin_vendor/lib:/opt/ros/jazzy/opt/gz_fuel_tools_vendor/lib:/opt/ros/jazzy/opt/gz_msgs_vendor/lib:/opt/ros/jazzy/opt/gz_common_vendor/lib:/opt/ros/jazzy/opt/gz_math_vendor/lib:/opt/ros/jazzy/opt/gz_utils_vendor/lib:/opt/ros/jazzy/opt/gz_tools_vendor/lib:/opt/ros/jazzy/opt/gz_ogre_next_vendor/lib:/opt/ros/jazzy/opt/gz_dartsim_vendor/lib:/opt/ros/jazzy/opt/gz_cmake_vendor/lib:/opt/ros/jazzy/lib /usr/bin/cmake --install /home/student36/RoboticsDesignProject/Git-repos/LeoRover-Team7/elephant_arm_ws/build/moveit_task_constructor_visualization
[3.115s] Level 1:colcon.colcon_core.shell:create_environment_hook('moveit_task_constructor_visualization', 'cmake_prefix_path')
[3.115s] INFO:colcon.colcon_core.shell:Creating environment hook '/home/student36/RoboticsDesignProject/Git-repos/LeoRover-Team7/elephant_arm_ws/install/moveit_task_constructor_visualization/share/moveit_task_constructor_visualization/hook/cmake_prefix_path.ps1'
[3.116s] INFO:colcon.colcon_core.shell:Creating environment descriptor '/home/student36/RoboticsDesignProject/Git-repos/LeoRover-Team7/elephant_arm_ws/install/moveit_task_constructor_visualization/share/moveit_task_constructor_visualization/hook/cmake_prefix_path.dsv'
[3.116s] INFO:colcon.colcon_core.shell:Creating environment hook '/home/student36/RoboticsDesignProject/Git-repos/LeoRover-Team7/elephant_arm_ws/install/moveit_task_constructor_visualization/share/moveit_task_constructor_visualization/hook/cmake_prefix_path.sh'
[3.117s] Level 1:colcon.colcon_core.environment:checking '/home/student36/RoboticsDesignProject/Git-repos/LeoRover-Team7/elephant_arm_ws/install/moveit_task_constructor_visualization/lib'
[3.117s] Level 1:colcon.colcon_core.shell:create_environment_hook('moveit_task_constructor_visualization', 'ld_library_path_lib')
[3.118s] INFO:colcon.colcon_core.shell:Creating environment hook '/home/student36/RoboticsDesignProject/Git-repos/LeoRover-Team7/elephant_arm_ws/install/moveit_task_constructor_visualization/share/moveit_task_constructor_visualization/hook/ld_library_path_lib.ps1'
[3.118s] INFO:colcon.colcon_core.shell:Creating environment descriptor '/home/student36/RoboticsDesignProject/Git-repos/LeoRover-Team7/elephant_arm_ws/install/moveit_task_constructor_visualization/share/moveit_task_constructor_visualization/hook/ld_library_path_lib.dsv'
[3.119s] INFO:colcon.colcon_core.shell:Creating environment hook '/home/student36/RoboticsDesignProject/Git-repos/LeoRover-Team7/elephant_arm_ws/install/moveit_task_constructor_visualization/share/moveit_task_constructor_visualization/hook/ld_library_path_lib.sh'
[3.119s] Level 1:colcon.colcon_core.environment:checking '/home/student36/RoboticsDesignProject/Git-repos/LeoRover-Team7/elephant_arm_ws/install/moveit_task_constructor_visualization/bin'
[3.120s] Level 1:colcon.colcon_core.environment:checking '/home/student36/RoboticsDesignProject/Git-repos/LeoRover-Team7/elephant_arm_ws/install/moveit_task_constructor_visualization/lib/pkgconfig/moveit_task_constructor_visualization.pc'
[3.120s] Level 1:colcon.colcon_core.environment:checking '/home/student36/RoboticsDesignProject/Git-repos/LeoRover-Team7/elephant_arm_ws/install/moveit_task_constructor_visualization/lib/python3.12/site-packages'
[3.121s] Level 1:colcon.colcon_core.environment:checking '/home/student36/RoboticsDesignProject/Git-repos/LeoRover-Team7/elephant_arm_ws/install/moveit_task_constructor_visualization/bin'
[3.121s] INFO:colcon.colcon_core.shell:Creating package script '/home/student36/RoboticsDesignProject/Git-repos/LeoRover-Team7/elephant_arm_ws/install/moveit_task_constructor_visualization/share/moveit_task_constructor_visualization/package.ps1'
[3.122s] INFO:colcon.colcon_core.shell:Creating package descriptor '/home/student36/RoboticsDesignProject/Git-repos/LeoRover-Team7/elephant_arm_ws/install/moveit_task_constructor_visualization/share/moveit_task_constructor_visualization/package.dsv'
[3.122s] INFO:colcon.colcon_core.shell:Creating package script '/home/student36/RoboticsDesignProject/Git-repos/LeoRover-Team7/elephant_arm_ws/install/moveit_task_constructor_visualization/share/moveit_task_constructor_visualization/package.sh'
[3.123s] INFO:colcon.colcon_core.shell:Creating package script '/home/student36/RoboticsDesignProject/Git-repos/LeoRover-Team7/elephant_arm_ws/install/moveit_task_constructor_visualization/share/moveit_task_constructor_visualization/package.bash'
[3.123s] INFO:colcon.colcon_core.shell:Creating package script '/home/student36/RoboticsDesignProject/Git-repos/LeoRover-Team7/elephant_arm_ws/install/moveit_task_constructor_visualization/share/moveit_task_constructor_visualization/package.zsh'
[3.124s] Level 1:colcon.colcon_core.environment:create_file_with_runtime_dependencies(/home/student36/RoboticsDesignProject/Git-repos/LeoRover-Team7/elephant_arm_ws/install/moveit_task_constructor_visualization/share/colcon-core/packages/moveit_task_constructor_visualization)
[3.125s] Level 1:colcon.colcon_core.environment:create_environment_scripts_only(moveit_task_constructor_visualization)
[3.125s] Level 1:colcon.colcon_core.environment:checking '/home/student36/RoboticsDesignProject/Git-repos/LeoRover-Team7/elephant_arm_ws/install/moveit_task_constructor_visualization' for CMake module files
[3.126s] Level 1:colcon.colcon_core.environment:checking '/home/student36/RoboticsDesignProject/Git-repos/LeoRover-Team7/elephant_arm_ws/install/moveit_task_constructor_visualization' for CMake config files
[3.126s] Level 1:colcon.colcon_core.shell:create_environment_hook('moveit_task_constructor_visualization', 'cmake_prefix_path')
[3.126s] INFO:colcon.colcon_core.shell:Creating environment hook '/home/student36/RoboticsDesignProject/Git-repos/LeoRover-Team7/elephant_arm_ws/install/moveit_task_constructor_visualization/share/moveit_task_constructor_visualization/hook/cmake_prefix_path.ps1'
[3.127s] INFO:colcon.colcon_core.shell:Creating environment descriptor '/home/student36/RoboticsDesignProject/Git-repos/LeoRover-Team7/elephant_arm_ws/install/moveit_task_constructor_visualization/share/moveit_task_constructor_visualization/hook/cmake_prefix_path.dsv'
[3.128s] INFO:colcon.colcon_core.shell:Creating environment hook '/home/student36/RoboticsDesignProject/Git-repos/LeoRover-Team7/elephant_arm_ws/install/moveit_task_constructor_visualization/share/moveit_task_constructor_visualization/hook/cmake_prefix_path.sh'
[3.129s] Level 1:colcon.colcon_core.environment:checking '/home/student36/RoboticsDesignProject/Git-repos/LeoRover-Team7/elephant_arm_ws/install/moveit_task_constructor_visualization/lib'
[3.129s] Level 1:colcon.colcon_core.shell:create_environment_hook('moveit_task_constructor_visualization', 'ld_library_path_lib')
[3.129s] INFO:colcon.colcon_core.shell:Creating environment hook '/home/student36/RoboticsDesignProject/Git-repos/LeoRover-Team7/elephant_arm_ws/install/moveit_task_constructor_visualization/share/moveit_task_constructor_visualization/hook/ld_library_path_lib.ps1'
[3.130s] INFO:colcon.colcon_core.shell:Creating environment descriptor '/home/student36/RoboticsDesignProject/Git-repos/LeoRover-Team7/elephant_arm_ws/install/moveit_task_constructor_visualization/share/moveit_task_constructor_visualization/hook/ld_library_path_lib.dsv'
[3.131s] INFO:colcon.colcon_core.shell:Creating environment hook '/home/student36/RoboticsDesignProject/Git-repos/LeoRover-Team7/elephant_arm_ws/install/moveit_task_constructor_visualization/share/moveit_task_constructor_visualization/hook/ld_library_path_lib.sh'
[3.131s] Level 1:colcon.colcon_core.environment:checking '/home/student36/RoboticsDesignProject/Git-repos/LeoRover-Team7/elephant_arm_ws/install/moveit_task_constructor_visualization/bin'
[3.131s] Level 1:colcon.colcon_core.environment:checking '/home/student36/RoboticsDesignProject/Git-repos/LeoRover-Team7/elephant_arm_ws/install/moveit_task_constructor_visualization/lib/pkgconfig/moveit_task_constructor_visualization.pc'
[3.132s] Level 1:colcon.colcon_core.environment:checking '/home/student36/RoboticsDesignProject/Git-repos/LeoRover-Team7/elephant_arm_ws/install/moveit_task_constructor_visualization/lib/python3.12/site-packages'
[3.132s] Level 1:colcon.colcon_core.environment:checking '/home/student36/RoboticsDesignProject/Git-repos/LeoRover-Team7/elephant_arm_ws/install/moveit_task_constructor_visualization/bin'
[3.133s] INFO:colcon.colcon_core.shell:Creating package script '/home/student36/RoboticsDesignProject/Git-repos/LeoRover-Team7/elephant_arm_ws/install/moveit_task_constructor_visualization/share/moveit_task_constructor_visualization/package.ps1'
[3.133s] INFO:colcon.colcon_core.shell:Creating package descriptor '/home/student36/RoboticsDesignProject/Git-repos/LeoRover-Team7/elephant_arm_ws/install/moveit_task_constructor_visualization/share/moveit_task_constructor_visualization/package.dsv'
[3.134s] INFO:colcon.colcon_core.shell:Creating package script '/home/student36/RoboticsDesignProject/Git-repos/LeoRover-Team7/elephant_arm_ws/install/moveit_task_constructor_visualization/share/moveit_task_constructor_visualization/package.sh'
[3.135s] INFO:colcon.colcon_core.shell:Creating package script '/home/student36/RoboticsDesignProject/Git-repos/LeoRover-Team7/elephant_arm_ws/install/moveit_task_constructor_visualization/share/moveit_task_constructor_visualization/package.bash'
[3.135s] INFO:colcon.colcon_core.shell:Creating package script '/home/student36/RoboticsDesignProject/Git-repos/LeoRover-Team7/elephant_arm_ws/install/moveit_task_constructor_visualization/share/moveit_task_constructor_visualization/package.zsh'
[3.136s] Level 1:colcon.colcon_core.environment:create_file_with_runtime_dependencies(/home/student36/RoboticsDesignProject/Git-repos/LeoRover-Team7/elephant_arm_ws/install/moveit_task_constructor_visualization/share/colcon-core/packages/moveit_task_constructor_visualization)
[3.136s] INFO:colcon.colcon_ros.task.ament_cmake.build:Building ROS package in '/home/student36/RoboticsDesignProject/Git-repos/LeoRover-Team7/elephant_arm_ws/src/moveit_task_constructor/demo' with build type 'ament_cmake'
[3.136s] INFO:colcon.colcon_cmake.task.cmake.build:Building CMake package in '/home/student36/RoboticsDesignProject/Git-repos/LeoRover-Team7/elephant_arm_ws/src/moveit_task_constructor/demo'
[3.137s] INFO:colcon.colcon_core.shell:Skip shell extension 'powershell' for command environment: Not usable outside of PowerShell
[3.137s] DEBUG:colcon.colcon_core.shell:Skip shell extension 'dsv' for command environment
[3.194s] DEBUG:colcon.colcon_core.event_handler.log_command:Invoking command in '/home/student36/RoboticsDesignProject/Git-repos/LeoRover-Team7/elephant_arm_ws/build/moveit_task_constructor_demo': CMAKE_PREFIX_PATH=/home/student36/RoboticsDesignProject/Git-repos/LeoRover-Team7/elephant_arm_ws/install/moveit_task_constructor_visualization:/home/student36/RoboticsDesignProject/Git-repos/LeoRover-Team7/elephant_arm_ws/install/moveit_task_constructor_capabilities:/home/student36/RoboticsDesignProject/Git-repos/LeoRover-Team7/elephant_arm_ws/install/moveit_task_constructor_core:/home/student36/RoboticsDesignProject/Git-repos/LeoRover-Team7/elephant_arm_ws/install/rviz_marker_tools:/home/student36/RoboticsDesignProject/Git-repos/LeoRover-Team7/elephant_arm_ws/install/moveit_task_constructor_msgs:/home/student36/RoboticsDesignProject/Git-repos/LeoRover-Team7/elephant_arm_ws/install/mtc_tutorial:/home/student36/RoboticsDesignProject/Git-repos/LeoRover-Team7/elephant_arm_ws/install/moveit_task_constructor_demo:/home/student36/RoboticsDesignProject/Git-repos/LeoRover-Team7/elephant_arm_ws/install/mycobot_ros2:/home/student36/RoboticsDesignProject/Git-repos/LeoRover-Team7/elephant_arm_ws/install/mycobot_moveit_config:/home/student36/RoboticsDesignProject/Git-repos/LeoRover-Team7/elephant_arm_ws/install/mycobot_gazebo:/home/student36/RoboticsDesignProject/Git-repos/LeoRover-Team7/elephant_arm_ws/install/mycobot_description:/home/student36/RoboticsDesignProject/Git-repos/LeoRover-Team7/elephant_arm_ws/install/mycobot_bringup:/home/student36/RoboticsDesignProject/Git-repos/LeoRover-Team7/elephant_arm_ws/install/hello_moveit:/home/student36/ros2_tutorial_workspace/install/package_with_interfaces:/home/student36/ws_moveit/install/robotiq_hardware_tests:/home/student36/ws_moveit/install/robotiq_driver:/home/student36/ws_moveit/install/serial:/home/student36/ws_moveit/install/moveit2_tutorials:/home/student36/ws_moveit/install/hello_moveit:/home/student36/ws_moveit/install/moveit_visual_tools:/home/student36/ws_moveit/install/rviz_visual_tools:/home/student36/ws_moveit/install/mtc_tutorial:/home/student36/ws_moveit/install/moveit_task_constructor_demo:/home/student36/ws_moveit/install/moveit_task_constructor_visualization:/home/student36/ws_moveit/install/moveit_task_constructor_capabilities:/home/student36/ws_moveit/install/elephant:/home/student36/ws_moveit/install/moveit_task_constructor_core:/home/student36/ws_moveit/install/rviz_marker_tools:/home/student36/ws_moveit/install/kortex_bringup:/home/student36/ws_moveit/install/kinova_gen3_lite_moveit_config:/home/student36/ws_moveit/install/kinova_gen3_7dof_robotiq_2f_85_moveit_config:/home/student36/ws_moveit/install/kinova_gen3_6dof_robotiq_2f_85_moveit_config:/home/student36/ws_moveit/install/kortex_description:/home/student36/ws_moveit/install/robotiq_description:/home/student36/ws_moveit/install/robotiq_controllers:/home/student36/ws_moveit/install/pilz_industrial_motion_planner_testutils:/home/student36/ws_moveit/install/mycobot_280_moveit2:/home/student36/ws_moveit/install/moveit_runtime:/home/student36/ws_moveit/install/moveit:/home/student36/ws_moveit/install/elephant_arm:/home/student36/ws_moveit/install/moveit_planners:/home/student36/ws_moveit/install/pilz_industrial_motion_planner:/home/student36/ws_moveit/install/mycobot_description:/home/student36/ws_moveit/install/moveit_task_constructor_msgs:/home/student36/ws_moveit/install/moveit_ros_control_interface:/home/student36/ws_moveit/install/moveit_plugins:/home/student36/ws_moveit/install/moveit_simple_controller_manager:/home/student36/ws_moveit/install/moveit_setup_assistant:/home/student36/ws_moveit/install/moveit_setup_srdf_plugins:/home/student36/ws_moveit/install/moveit_setup_core_plugins:/home/student36/ws_moveit/install/moveit_setup_controllers:/home/student36/ws_moveit/install/moveit_setup_app_plugins:/home/student36/ws_moveit/install/moveit_setup_framework:/home/student36/ws_moveit/install/moveit_servo:/home/student36/ws_moveit/install/moveit_ros_trajectory_cache:/home/student36/ws_moveit/install/moveit_ros:/home/student36/ws_moveit/install/moveit_ros_visualization:/home/student36/ws_moveit/install/moveit_py:/home/student36/ws_moveit/install/moveit_hybrid_planning:/home/student36/ws_moveit/install/moveit_ros_planning_interface:/home/student36/ws_moveit/install/moveit_ros_benchmarks:/home/student36/ws_moveit/install/moveit_ros_warehouse:/home/student36/ws_moveit/install/moveit_ros_robot_interaction:/home/student36/ws_moveit/install/moveit_ros_perception:/home/student36/ws_moveit/install/moveit_resources_prbt_pg70_support:/home/student36/ws_moveit/install/moveit_resources_prbt_moveit_config:/home/student36/ws_moveit/install/moveit_ros_move_group:/home/student36/ws_moveit/install/moveit_planners_ompl:/home/student36/ws_moveit/install/moveit_kinematics:/home/student36/ws_moveit/install/moveit_ros_planning:/home/student36/ws_moveit/install/moveit_ros_occupancy_map_monitor:/home/student36/ws_moveit/install/moveit_resources_prbt_support:/home/student36/ws_moveit/install/moveit_resources_prbt_ikfast_manipulator_plugin:/home/student36/ws_moveit/install/moveit_resources:/home/student36/ws_moveit/install/moveit_resources_pr2_description:/home/student36/ws_moveit/install/moveit_resources_panda_moveit_config:/home/student36/ws_moveit/install/dual_arm_panda_moveit_config:/home/student36/ws_moveit/install/moveit_resources_panda_description:/home/student36/ws_moveit/install/moveit_resources_fanuc_moveit_config:/home/student36/ws_moveit/install/moveit_resources_fanuc_description:/home/student36/ws_moveit/install/moveit_planners_stomp:/home/student36/ws_moveit/install/moveit_planners_chomp:/home/student36/ws_moveit/install/chomp_motion_planner:/home/student36/ws_moveit/install/moveit_core:/home/student36/ws_moveit/install/moveit_msgs:/home/student36/ws_moveit/install/moveit_common:/home/student36/ws_moveit/install/kortex_driver:/home/student36/ws_moveit/install/kortex_api:/home/student36/rplidar_ws/install/rplidar_ros:/home/student36/elephant_arm_ws/install/mycobot_280_moveit2:/opt/ros/jazzy/opt/gz_sim_vendor:/opt/ros/jazzy/opt/gz_sensors_vendor:/opt/ros/jazzy/opt/gz_physics_vendor:/opt/ros/jazzy/opt/sdformat_vendor:/opt/ros/jazzy/opt/gz_gui_vendor:/opt/ros/jazzy/opt/gz_transport_vendor:/opt/ros/jazzy/opt/gz_rendering_vendor:/opt/ros/jazzy/opt/gz_plugin_vendor:/opt/ros/jazzy/opt/gz_fuel_tools_vendor:/opt/ros/jazzy/opt/gz_msgs_vendor:/opt/ros/jazzy/opt/gz_common_vendor:/opt/ros/jazzy/opt/gz_math_vendor:/opt/ros/jazzy/opt/gz_utils_vendor:/opt/ros/jazzy/opt/gz_tools_vendor:/opt/ros/jazzy/opt/gz_ogre_next_vendor:/opt/ros/jazzy/opt/gz_dartsim_vendor:/opt/ros/jazzy/opt/gz_cmake_vendor:/home/student36/ros2_tutorial_workspace/install/the_simplest_python_package:/home/student36/ros2_tutorial_workspace/install/python_package_with_a_node:/home/student36/ros2_tutorial_workspace/install/python_package_that_uses_the_library:/home/student36/ros2_tutorial_workspace/install/python_package_with_a_library:/home/student36/ros2_tutorial_workspace/install/python_package_that_uses_the_services:/home/student36/ros2_tutorial_workspace/install/python_package_that_uses_the_actions:/home/student36/ros2_tutorial_workspace/install/python_package_that_uses_tf2:/home/student36/ros2_tutorial_workspace/install/python_package_that_uses_parameters_and_launch_files:/home/student36/ros2_tutorial_workspace/install/python_package_that_uses_nottf2:/home/student36/ros2_tutorial_workspace/install/python_package_that_uses_nav2:/home/student36/ros2_tutorial_workspace/install/python_package_that_uses_messages:/home/student36/ros2_tutorial_workspace/install/python_package_that_uses_geometry_msgs:/home/student36/ros2_tutorial_workspace/install/python_package_that_uses_gazebo:/home/student36/ws_moveit/install/moveit_configs_utils:/home/student36/elephant_arm_ws/install/mycobot_description:/opt/ros/jazzy DEBUGINFOD_URLS=https://debuginfod.ubuntu.com LD_LIBRARY_PATH=/home/student36/RoboticsDesignProject/Git-repos/LeoRover-Team7/elephant_arm_ws/install/moveit_task_constructor_visualization/lib:/home/student36/RoboticsDesignProject/Git-repos/LeoRover-Team7/elephant_arm_ws/install/moveit_task_constructor_capabilities/lib:/home/student36/RoboticsDesignProject/Git-repos/LeoRover-Team7/elephant_arm_ws/install/moveit_task_constructor_core/lib:/home/student36/RoboticsDesignProject/Git-repos/LeoRover-Team7/elephant_arm_ws/install/rviz_marker_tools/lib:/home/student36/RoboticsDesignProject/Git-repos/LeoRover-Team7/elephant_arm_ws/install/moveit_task_constructor_msgs/lib:/home/student36/RoboticsDesignProject/Git-repos/LeoRover-Team7/elephant_arm_ws/install/moveit_task_constructor_demo/lib:/home/student36/ros2_tutorial_workspace/install/package_with_interfaces/lib:/home/student36/ws_moveit/install/robotiq_driver/lib:/home/student36/ws_moveit/install/serial/lib:/home/student36/ws_moveit/install/moveit_visual_tools/lib:/home/student36/ws_moveit/install/rviz_visual_tools/lib:/home/student36/ws_moveit/install/moveit_task_constructor_demo/lib:/home/student36/ws_moveit/install/moveit_task_constructor_visualization/lib:/home/student36/ws_moveit/install/moveit_task_constructor_capabilities/lib:/home/student36/ws_moveit/install/moveit_task_constructor_core/lib:/home/student36/ws_moveit/install/rviz_marker_tools/lib:/home/student36/ws_moveit/install/robotiq_controllers/lib:/home/student36/ws_moveit/install/pilz_industrial_motion_planner_testutils/lib:/home/student36/ws_moveit/install/pilz_industrial_motion_planner/lib:/home/student36/ws_moveit/install/moveit_task_constructor_msgs/lib:/home/student36/ws_moveit/install/moveit_ros_control_interface/lib:/home/student36/ws_moveit/install/moveit_simple_controller_manager/lib:/home/student36/ws_moveit/install/moveit_setup_assistant/lib:/home/student36/ws_moveit/install/moveit_setup_srdf_plugins/lib:/home/student36/ws_moveit/install/moveit_setup_core_plugins/lib:/home/student36/ws_moveit/install/moveit_setup_controllers/lib:/home/student36/ws_moveit/install/moveit_setup_app_plugins/lib:/home/student36/ws_moveit/install/moveit_setup_framework/lib:/home/student36/ws_moveit/install/moveit_servo/lib:/home/student36/ws_moveit/install/moveit_ros_trajectory_cache/lib:/home/student36/ws_moveit/install/moveit_ros_visualization/lib:/home/student36/ws_moveit/install/moveit_py/lib:/home/student36/ws_moveit/install/moveit_hybrid_planning/lib:/home/student36/ws_moveit/install/moveit_ros_planning_interface/lib:/home/student36/ws_moveit/install/moveit_ros_benchmarks/lib:/home/student36/ws_moveit/install/moveit_ros_warehouse/lib:/home/student36/ws_moveit/install/moveit_ros_robot_interaction/lib:/home/student36/ws_moveit/install/moveit_ros_perception/lib:/home/student36/ws_moveit/install/moveit_ros_move_group/lib:/home/student36/ws_moveit/install/moveit_planners_ompl/lib:/home/student36/ws_moveit/install/moveit_kinematics/lib:/home/student36/ws_moveit/install/moveit_ros_planning/lib:/home/student36/ws_moveit/install/moveit_ros_occupancy_map_monitor/lib:/home/student36/ws_moveit/install/moveit_resources_prbt_ikfast_manipulator_plugin/lib:/home/student36/ws_moveit/install/moveit_planners_stomp/lib:/home/student36/ws_moveit/install/moveit_planners_chomp/lib:/home/student36/ws_moveit/install/chomp_motion_planner/lib:/home/student36/ws_moveit/install/moveit_core/lib:/home/student36/ws_moveit/install/moveit_msgs/lib:/home/student36/ws_moveit/install/kortex_driver/lib:/opt/ros/jazzy/opt/gz_sim_vendor/lib:/opt/ros/jazzy/opt/gz_sensors_vendor/lib:/opt/ros/jazzy/opt/gz_physics_vendor/lib:/opt/ros/jazzy/opt/sdformat_vendor/lib:/opt/ros/jazzy/opt/rviz_ogre_vendor/lib:/opt/ros/jazzy/lib/x86_64-linux-gnu:/opt/ros/jazzy/opt/gz_gui_vendor/lib:/opt/ros/jazzy/opt/gz_transport_vendor/lib:/opt/ros/jazzy/opt/gz_rendering_vendor/lib:/opt/ros/jazzy/opt/gz_plugin_vendor/lib:/opt/ros/jazzy/opt/gz_fuel_tools_vendor/lib:/opt/ros/jazzy/opt/gz_msgs_vendor/lib:/opt/ros/jazzy/opt/gz_common_vendor/lib:/opt/ros/jazzy/opt/gz_math_vendor/lib:/opt/ros/jazzy/opt/gz_utils_vendor/lib:/opt/ros/jazzy/opt/gz_tools_vendor/lib:/opt/ros/jazzy/opt/gz_ogre_next_vendor/lib:/opt/ros/jazzy/opt/gz_dartsim_vendor/lib:/opt/ros/jazzy/opt/gz_cmake_vendor/lib:/opt/ros/jazzy/lib /usr/bin/cmake --build /home/student36/RoboticsDesignProject/Git-repos/LeoRover-Team7/elephant_arm_ws/build/moveit_task_constructor_demo -- -j12 -l12
[3.449s] DEBUG:colcon.colcon_core.event_handler.log_command:Invoked command in '/home/student36/RoboticsDesignProject/Git-repos/LeoRover-Team7/elephant_arm_ws/build/moveit_task_constructor_demo' returned '0': CMAKE_PREFIX_PATH=/home/student36/RoboticsDesignProject/Git-repos/LeoRover-Team7/elephant_arm_ws/install/moveit_task_constructor_visualization:/home/student36/RoboticsDesignProject/Git-repos/LeoRover-Team7/elephant_arm_ws/install/moveit_task_constructor_capabilities:/home/student36/RoboticsDesignProject/Git-repos/LeoRover-Team7/elephant_arm_ws/install/moveit_task_constructor_core:/home/student36/RoboticsDesignProject/Git-repos/LeoRover-Team7/elephant_arm_ws/install/rviz_marker_tools:/home/student36/RoboticsDesignProject/Git-repos/LeoRover-Team7/elephant_arm_ws/install/moveit_task_constructor_msgs:/home/student36/RoboticsDesignProject/Git-repos/LeoRover-Team7/elephant_arm_ws/install/mtc_tutorial:/home/student36/RoboticsDesignProject/Git-repos/LeoRover-Team7/elephant_arm_ws/install/moveit_task_constructor_demo:/home/student36/RoboticsDesignProject/Git-repos/LeoRover-Team7/elephant_arm_ws/install/mycobot_ros2:/home/student36/RoboticsDesignProject/Git-repos/LeoRover-Team7/elephant_arm_ws/install/mycobot_moveit_config:/home/student36/RoboticsDesignProject/Git-repos/LeoRover-Team7/elephant_arm_ws/install/mycobot_gazebo:/home/student36/RoboticsDesignProject/Git-repos/LeoRover-Team7/elephant_arm_ws/install/mycobot_description:/home/student36/RoboticsDesignProject/Git-repos/LeoRover-Team7/elephant_arm_ws/install/mycobot_bringup:/home/student36/RoboticsDesignProject/Git-repos/LeoRover-Team7/elephant_arm_ws/install/hello_moveit:/home/student36/ros2_tutorial_workspace/install/package_with_interfaces:/home/student36/ws_moveit/install/robotiq_hardware_tests:/home/student36/ws_moveit/install/robotiq_driver:/home/student36/ws_moveit/install/serial:/home/student36/ws_moveit/install/moveit2_tutorials:/home/student36/ws_moveit/install/hello_moveit:/home/student36/ws_moveit/install/moveit_visual_tools:/home/student36/ws_moveit/install/rviz_visual_tools:/home/student36/ws_moveit/install/mtc_tutorial:/home/student36/ws_moveit/install/moveit_task_constructor_demo:/home/student36/ws_moveit/install/moveit_task_constructor_visualization:/home/student36/ws_moveit/install/moveit_task_constructor_capabilities:/home/student36/ws_moveit/install/elephant:/home/student36/ws_moveit/install/moveit_task_constructor_core:/home/student36/ws_moveit/install/rviz_marker_tools:/home/student36/ws_moveit/install/kortex_bringup:/home/student36/ws_moveit/install/kinova_gen3_lite_moveit_config:/home/student36/ws_moveit/install/kinova_gen3_7dof_robotiq_2f_85_moveit_config:/home/student36/ws_moveit/install/kinova_gen3_6dof_robotiq_2f_85_moveit_config:/home/student36/ws_moveit/install/kortex_description:/home/student36/ws_moveit/install/robotiq_description:/home/student36/ws_moveit/install/robotiq_controllers:/home/student36/ws_moveit/install/pilz_industrial_motion_planner_testutils:/home/student36/ws_moveit/install/mycobot_280_moveit2:/home/student36/ws_moveit/install/moveit_runtime:/home/student36/ws_moveit/install/moveit:/home/student36/ws_moveit/install/elephant_arm:/home/student36/ws_moveit/install/moveit_planners:/home/student36/ws_moveit/install/pilz_industrial_motion_planner:/home/student36/ws_moveit/install/mycobot_description:/home/student36/ws_moveit/install/moveit_task_constructor_msgs:/home/student36/ws_moveit/install/moveit_ros_control_interface:/home/student36/ws_moveit/install/moveit_plugins:/home/student36/ws_moveit/install/moveit_simple_controller_manager:/home/student36/ws_moveit/install/moveit_setup_assistant:/home/student36/ws_moveit/install/moveit_setup_srdf_plugins:/home/student36/ws_moveit/install/moveit_setup_core_plugins:/home/student36/ws_moveit/install/moveit_setup_controllers:/home/student36/ws_moveit/install/moveit_setup_app_plugins:/home/student36/ws_moveit/install/moveit_setup_framework:/home/student36/ws_moveit/install/moveit_servo:/home/student36/ws_moveit/install/moveit_ros_trajectory_cache:/home/student36/ws_moveit/install/moveit_ros:/home/student36/ws_moveit/install/moveit_ros_visualization:/home/student36/ws_moveit/install/moveit_py:/home/student36/ws_moveit/install/moveit_hybrid_planning:/home/student36/ws_moveit/install/moveit_ros_planning_interface:/home/student36/ws_moveit/install/moveit_ros_benchmarks:/home/student36/ws_moveit/install/moveit_ros_warehouse:/home/student36/ws_moveit/install/moveit_ros_robot_interaction:/home/student36/ws_moveit/install/moveit_ros_perception:/home/student36/ws_moveit/install/moveit_resources_prbt_pg70_support:/home/student36/ws_moveit/install/moveit_resources_prbt_moveit_config:/home/student36/ws_moveit/install/moveit_ros_move_group:/home/student36/ws_moveit/install/moveit_planners_ompl:/home/student36/ws_moveit/install/moveit_kinematics:/home/student36/ws_moveit/install/moveit_ros_planning:/home/student36/ws_moveit/install/moveit_ros_occupancy_map_monitor:/home/student36/ws_moveit/install/moveit_resources_prbt_support:/home/student36/ws_moveit/install/moveit_resources_prbt_ikfast_manipulator_plugin:/home/student36/ws_moveit/install/moveit_resources:/home/student36/ws_moveit/install/moveit_resources_pr2_description:/home/student36/ws_moveit/install/moveit_resources_panda_moveit_config:/home/student36/ws_moveit/install/dual_arm_panda_moveit_config:/home/student36/ws_moveit/install/moveit_resources_panda_description:/home/student36/ws_moveit/install/moveit_resources_fanuc_moveit_config:/home/student36/ws_moveit/install/moveit_resources_fanuc_description:/home/student36/ws_moveit/install/moveit_planners_stomp:/home/student36/ws_moveit/install/moveit_planners_chomp:/home/student36/ws_moveit/install/chomp_motion_planner:/home/student36/ws_moveit/install/moveit_core:/home/student36/ws_moveit/install/moveit_msgs:/home/student36/ws_moveit/install/moveit_common:/home/student36/ws_moveit/install/kortex_driver:/home/student36/ws_moveit/install/kortex_api:/home/student36/rplidar_ws/install/rplidar_ros:/home/student36/elephant_arm_ws/install/mycobot_280_moveit2:/opt/ros/jazzy/opt/gz_sim_vendor:/opt/ros/jazzy/opt/gz_sensors_vendor:/opt/ros/jazzy/opt/gz_physics_vendor:/opt/ros/jazzy/opt/sdformat_vendor:/opt/ros/jazzy/opt/gz_gui_vendor:/opt/ros/jazzy/opt/gz_transport_vendor:/opt/ros/jazzy/opt/gz_rendering_vendor:/opt/ros/jazzy/opt/gz_plugin_vendor:/opt/ros/jazzy/opt/gz_fuel_tools_vendor:/opt/ros/jazzy/opt/gz_msgs_vendor:/opt/ros/jazzy/opt/gz_common_vendor:/opt/ros/jazzy/opt/gz_math_vendor:/opt/ros/jazzy/opt/gz_utils_vendor:/opt/ros/jazzy/opt/gz_tools_vendor:/opt/ros/jazzy/opt/gz_ogre_next_vendor:/opt/ros/jazzy/opt/gz_dartsim_vendor:/opt/ros/jazzy/opt/gz_cmake_vendor:/home/student36/ros2_tutorial_workspace/install/the_simplest_python_package:/home/student36/ros2_tutorial_workspace/install/python_package_with_a_node:/home/student36/ros2_tutorial_workspace/install/python_package_that_uses_the_library:/home/student36/ros2_tutorial_workspace/install/python_package_with_a_library:/home/student36/ros2_tutorial_workspace/install/python_package_that_uses_the_services:/home/student36/ros2_tutorial_workspace/install/python_package_that_uses_the_actions:/home/student36/ros2_tutorial_workspace/install/python_package_that_uses_tf2:/home/student36/ros2_tutorial_workspace/install/python_package_that_uses_parameters_and_launch_files:/home/student36/ros2_tutorial_workspace/install/python_package_that_uses_nottf2:/home/student36/ros2_tutorial_workspace/install/python_package_that_uses_nav2:/home/student36/ros2_tutorial_workspace/install/python_package_that_uses_messages:/home/student36/ros2_tutorial_workspace/install/python_package_that_uses_geometry_msgs:/home/student36/ros2_tutorial_workspace/install/python_package_that_uses_gazebo:/home/student36/ws_moveit/install/moveit_configs_utils:/home/student36/elephant_arm_ws/install/mycobot_description:/opt/ros/jazzy DEBUGINFOD_URLS=https://debuginfod.ubuntu.com LD_LIBRARY_PATH=/home/student36/RoboticsDesignProject/Git-repos/LeoRover-Team7/elephant_arm_ws/install/moveit_task_constructor_visualization/lib:/home/student36/RoboticsDesignProject/Git-repos/LeoRover-Team7/elephant_arm_ws/install/moveit_task_constructor_capabilities/lib:/home/student36/RoboticsDesignProject/Git-repos/LeoRover-Team7/elephant_arm_ws/install/moveit_task_constructor_core/lib:/home/student36/RoboticsDesignProject/Git-repos/LeoRover-Team7/elephant_arm_ws/install/rviz_marker_tools/lib:/home/student36/RoboticsDesignProject/Git-repos/LeoRover-Team7/elephant_arm_ws/install/moveit_task_constructor_msgs/lib:/home/student36/RoboticsDesignProject/Git-repos/LeoRover-Team7/elephant_arm_ws/install/moveit_task_constructor_demo/lib:/home/student36/ros2_tutorial_workspace/install/package_with_interfaces/lib:/home/student36/ws_moveit/install/robotiq_driver/lib:/home/student36/ws_moveit/install/serial/lib:/home/student36/ws_moveit/install/moveit_visual_tools/lib:/home/student36/ws_moveit/install/rviz_visual_tools/lib:/home/student36/ws_moveit/install/moveit_task_constructor_demo/lib:/home/student36/ws_moveit/install/moveit_task_constructor_visualization/lib:/home/student36/ws_moveit/install/moveit_task_constructor_capabilities/lib:/home/student36/ws_moveit/install/moveit_task_constructor_core/lib:/home/student36/ws_moveit/install/rviz_marker_tools/lib:/home/student36/ws_moveit/install/robotiq_controllers/lib:/home/student36/ws_moveit/install/pilz_industrial_motion_planner_testutils/lib:/home/student36/ws_moveit/install/pilz_industrial_motion_planner/lib:/home/student36/ws_moveit/install/moveit_task_constructor_msgs/lib:/home/student36/ws_moveit/install/moveit_ros_control_interface/lib:/home/student36/ws_moveit/install/moveit_simple_controller_manager/lib:/home/student36/ws_moveit/install/moveit_setup_assistant/lib:/home/student36/ws_moveit/install/moveit_setup_srdf_plugins/lib:/home/student36/ws_moveit/install/moveit_setup_core_plugins/lib:/home/student36/ws_moveit/install/moveit_setup_controllers/lib:/home/student36/ws_moveit/install/moveit_setup_app_plugins/lib:/home/student36/ws_moveit/install/moveit_setup_framework/lib:/home/student36/ws_moveit/install/moveit_servo/lib:/home/student36/ws_moveit/install/moveit_ros_trajectory_cache/lib:/home/student36/ws_moveit/install/moveit_ros_visualization/lib:/home/student36/ws_moveit/install/moveit_py/lib:/home/student36/ws_moveit/install/moveit_hybrid_planning/lib:/home/student36/ws_moveit/install/moveit_ros_planning_interface/lib:/home/student36/ws_moveit/install/moveit_ros_benchmarks/lib:/home/student36/ws_moveit/install/moveit_ros_warehouse/lib:/home/student36/ws_moveit/install/moveit_ros_robot_interaction/lib:/home/student36/ws_moveit/install/moveit_ros_perception/lib:/home/student36/ws_moveit/install/moveit_ros_move_group/lib:/home/student36/ws_moveit/install/moveit_planners_ompl/lib:/home/student36/ws_moveit/install/moveit_kinematics/lib:/home/student36/ws_moveit/install/moveit_ros_planning/lib:/home/student36/ws_moveit/install/moveit_ros_occupancy_map_monitor/lib:/home/student36/ws_moveit/install/moveit_resources_prbt_ikfast_manipulator_plugin/lib:/home/student36/ws_moveit/install/moveit_planners_stomp/lib:/home/student36/ws_moveit/install/moveit_planners_chomp/lib:/home/student36/ws_moveit/install/chomp_motion_planner/lib:/home/student36/ws_moveit/install/moveit_core/lib:/home/student36/ws_moveit/install/moveit_msgs/lib:/home/student36/ws_moveit/install/kortex_driver/lib:/opt/ros/jazzy/opt/gz_sim_vendor/lib:/opt/ros/jazzy/opt/gz_sensors_vendor/lib:/opt/ros/jazzy/opt/gz_physics_vendor/lib:/opt/ros/jazzy/opt/sdformat_vendor/lib:/opt/ros/jazzy/opt/rviz_ogre_vendor/lib:/opt/ros/jazzy/lib/x86_64-linux-gnu:/opt/ros/jazzy/opt/gz_gui_vendor/lib:/opt/ros/jazzy/opt/gz_transport_vendor/lib:/opt/ros/jazzy/opt/gz_rendering_vendor/lib:/opt/ros/jazzy/opt/gz_plugin_vendor/lib:/opt/ros/jazzy/opt/gz_fuel_tools_vendor/lib:/opt/ros/jazzy/opt/gz_msgs_vendor/lib:/opt/ros/jazzy/opt/gz_common_vendor/lib:/opt/ros/jazzy/opt/gz_math_vendor/lib:/opt/ros/jazzy/opt/gz_utils_vendor/lib:/opt/ros/jazzy/opt/gz_tools_vendor/lib:/opt/ros/jazzy/opt/gz_ogre_next_vendor/lib:/opt/ros/jazzy/opt/gz_dartsim_vendor/lib:/opt/ros/jazzy/opt/gz_cmake_vendor/lib:/opt/ros/jazzy/lib /usr/bin/cmake --build /home/student36/RoboticsDesignProject/Git-repos/LeoRover-Team7/elephant_arm_ws/build/moveit_task_constructor_demo -- -j12 -l12
[3.451s] DEBUG:colcon.colcon_core.event_handler.log_command:Invoking command in '/home/student36/RoboticsDesignProject/Git-repos/LeoRover-Team7/elephant_arm_ws/build/moveit_task_constructor_demo': CMAKE_PREFIX_PATH=/home/student36/RoboticsDesignProject/Git-repos/LeoRover-Team7/elephant_arm_ws/install/moveit_task_constructor_visualization:/home/student36/RoboticsDesignProject/Git-repos/LeoRover-Team7/elephant_arm_ws/install/moveit_task_constructor_capabilities:/home/student36/RoboticsDesignProject/Git-repos/LeoRover-Team7/elephant_arm_ws/install/moveit_task_constructor_core:/home/student36/RoboticsDesignProject/Git-repos/LeoRover-Team7/elephant_arm_ws/install/rviz_marker_tools:/home/student36/RoboticsDesignProject/Git-repos/LeoRover-Team7/elephant_arm_ws/install/moveit_task_constructor_msgs:/home/student36/RoboticsDesignProject/Git-repos/LeoRover-Team7/elephant_arm_ws/install/mtc_tutorial:/home/student36/RoboticsDesignProject/Git-repos/LeoRover-Team7/elephant_arm_ws/install/moveit_task_constructor_demo:/home/student36/RoboticsDesignProject/Git-repos/LeoRover-Team7/elephant_arm_ws/install/mycobot_ros2:/home/student36/RoboticsDesignProject/Git-repos/LeoRover-Team7/elephant_arm_ws/install/mycobot_moveit_config:/home/student36/RoboticsDesignProject/Git-repos/LeoRover-Team7/elephant_arm_ws/install/mycobot_gazebo:/home/student36/RoboticsDesignProject/Git-repos/LeoRover-Team7/elephant_arm_ws/install/mycobot_description:/home/student36/RoboticsDesignProject/Git-repos/LeoRover-Team7/elephant_arm_ws/install/mycobot_bringup:/home/student36/RoboticsDesignProject/Git-repos/LeoRover-Team7/elephant_arm_ws/install/hello_moveit:/home/student36/ros2_tutorial_workspace/install/package_with_interfaces:/home/student36/ws_moveit/install/robotiq_hardware_tests:/home/student36/ws_moveit/install/robotiq_driver:/home/student36/ws_moveit/install/serial:/home/student36/ws_moveit/install/moveit2_tutorials:/home/student36/ws_moveit/install/hello_moveit:/home/student36/ws_moveit/install/moveit_visual_tools:/home/student36/ws_moveit/install/rviz_visual_tools:/home/student36/ws_moveit/install/mtc_tutorial:/home/student36/ws_moveit/install/moveit_task_constructor_demo:/home/student36/ws_moveit/install/moveit_task_constructor_visualization:/home/student36/ws_moveit/install/moveit_task_constructor_capabilities:/home/student36/ws_moveit/install/elephant:/home/student36/ws_moveit/install/moveit_task_constructor_core:/home/student36/ws_moveit/install/rviz_marker_tools:/home/student36/ws_moveit/install/kortex_bringup:/home/student36/ws_moveit/install/kinova_gen3_lite_moveit_config:/home/student36/ws_moveit/install/kinova_gen3_7dof_robotiq_2f_85_moveit_config:/home/student36/ws_moveit/install/kinova_gen3_6dof_robotiq_2f_85_moveit_config:/home/student36/ws_moveit/install/kortex_description:/home/student36/ws_moveit/install/robotiq_description:/home/student36/ws_moveit/install/robotiq_controllers:/home/student36/ws_moveit/install/pilz_industrial_motion_planner_testutils:/home/student36/ws_moveit/install/mycobot_280_moveit2:/home/student36/ws_moveit/install/moveit_runtime:/home/student36/ws_moveit/install/moveit:/home/student36/ws_moveit/install/elephant_arm:/home/student36/ws_moveit/install/moveit_planners:/home/student36/ws_moveit/install/pilz_industrial_motion_planner:/home/student36/ws_moveit/install/mycobot_description:/home/student36/ws_moveit/install/moveit_task_constructor_msgs:/home/student36/ws_moveit/install/moveit_ros_control_interface:/home/student36/ws_moveit/install/moveit_plugins:/home/student36/ws_moveit/install/moveit_simple_controller_manager:/home/student36/ws_moveit/install/moveit_setup_assistant:/home/student36/ws_moveit/install/moveit_setup_srdf_plugins:/home/student36/ws_moveit/install/moveit_setup_core_plugins:/home/student36/ws_moveit/install/moveit_setup_controllers:/home/student36/ws_moveit/install/moveit_setup_app_plugins:/home/student36/ws_moveit/install/moveit_setup_framework:/home/student36/ws_moveit/install/moveit_servo:/home/student36/ws_moveit/install/moveit_ros_trajectory_cache:/home/student36/ws_moveit/install/moveit_ros:/home/student36/ws_moveit/install/moveit_ros_visualization:/home/student36/ws_moveit/install/moveit_py:/home/student36/ws_moveit/install/moveit_hybrid_planning:/home/student36/ws_moveit/install/moveit_ros_planning_interface:/home/student36/ws_moveit/install/moveit_ros_benchmarks:/home/student36/ws_moveit/install/moveit_ros_warehouse:/home/student36/ws_moveit/install/moveit_ros_robot_interaction:/home/student36/ws_moveit/install/moveit_ros_perception:/home/student36/ws_moveit/install/moveit_resources_prbt_pg70_support:/home/student36/ws_moveit/install/moveit_resources_prbt_moveit_config:/home/student36/ws_moveit/install/moveit_ros_move_group:/home/student36/ws_moveit/install/moveit_planners_ompl:/home/student36/ws_moveit/install/moveit_kinematics:/home/student36/ws_moveit/install/moveit_ros_planning:/home/student36/ws_moveit/install/moveit_ros_occupancy_map_monitor:/home/student36/ws_moveit/install/moveit_resources_prbt_support:/home/student36/ws_moveit/install/moveit_resources_prbt_ikfast_manipulator_plugin:/home/student36/ws_moveit/install/moveit_resources:/home/student36/ws_moveit/install/moveit_resources_pr2_description:/home/student36/ws_moveit/install/moveit_resources_panda_moveit_config:/home/student36/ws_moveit/install/dual_arm_panda_moveit_config:/home/student36/ws_moveit/install/moveit_resources_panda_description:/home/student36/ws_moveit/install/moveit_resources_fanuc_moveit_config:/home/student36/ws_moveit/install/moveit_resources_fanuc_description:/home/student36/ws_moveit/install/moveit_planners_stomp:/home/student36/ws_moveit/install/moveit_planners_chomp:/home/student36/ws_moveit/install/chomp_motion_planner:/home/student36/ws_moveit/install/moveit_core:/home/student36/ws_moveit/install/moveit_msgs:/home/student36/ws_moveit/install/moveit_common:/home/student36/ws_moveit/install/kortex_driver:/home/student36/ws_moveit/install/kortex_api:/home/student36/rplidar_ws/install/rplidar_ros:/home/student36/elephant_arm_ws/install/mycobot_280_moveit2:/opt/ros/jazzy/opt/gz_sim_vendor:/opt/ros/jazzy/opt/gz_sensors_vendor:/opt/ros/jazzy/opt/gz_physics_vendor:/opt/ros/jazzy/opt/sdformat_vendor:/opt/ros/jazzy/opt/gz_gui_vendor:/opt/ros/jazzy/opt/gz_transport_vendor:/opt/ros/jazzy/opt/gz_rendering_vendor:/opt/ros/jazzy/opt/gz_plugin_vendor:/opt/ros/jazzy/opt/gz_fuel_tools_vendor:/opt/ros/jazzy/opt/gz_msgs_vendor:/opt/ros/jazzy/opt/gz_common_vendor:/opt/ros/jazzy/opt/gz_math_vendor:/opt/ros/jazzy/opt/gz_utils_vendor:/opt/ros/jazzy/opt/gz_tools_vendor:/opt/ros/jazzy/opt/gz_ogre_next_vendor:/opt/ros/jazzy/opt/gz_dartsim_vendor:/opt/ros/jazzy/opt/gz_cmake_vendor:/home/student36/ros2_tutorial_workspace/install/the_simplest_python_package:/home/student36/ros2_tutorial_workspace/install/python_package_with_a_node:/home/student36/ros2_tutorial_workspace/install/python_package_that_uses_the_library:/home/student36/ros2_tutorial_workspace/install/python_package_with_a_library:/home/student36/ros2_tutorial_workspace/install/python_package_that_uses_the_services:/home/student36/ros2_tutorial_workspace/install/python_package_that_uses_the_actions:/home/student36/ros2_tutorial_workspace/install/python_package_that_uses_tf2:/home/student36/ros2_tutorial_workspace/install/python_package_that_uses_parameters_and_launch_files:/home/student36/ros2_tutorial_workspace/install/python_package_that_uses_nottf2:/home/student36/ros2_tutorial_workspace/install/python_package_that_uses_nav2:/home/student36/ros2_tutorial_workspace/install/python_package_that_uses_messages:/home/student36/ros2_tutorial_workspace/install/python_package_that_uses_geometry_msgs:/home/student36/ros2_tutorial_workspace/install/python_package_that_uses_gazebo:/home/student36/ws_moveit/install/moveit_configs_utils:/home/student36/elephant_arm_ws/install/mycobot_description:/opt/ros/jazzy DEBUGINFOD_URLS=https://debuginfod.ubuntu.com LD_LIBRARY_PATH=/home/student36/RoboticsDesignProject/Git-repos/LeoRover-Team7/elephant_arm_ws/install/moveit_task_constructor_visualization/lib:/home/student36/RoboticsDesignProject/Git-repos/LeoRover-Team7/elephant_arm_ws/install/moveit_task_constructor_capabilities/lib:/home/student36/RoboticsDesignProject/Git-repos/LeoRover-Team7/elephant_arm_ws/install/moveit_task_constructor_core/lib:/home/student36/RoboticsDesignProject/Git-repos/LeoRover-Team7/elephant_arm_ws/install/rviz_marker_tools/lib:/home/student36/RoboticsDesignProject/Git-repos/LeoRover-Team7/elephant_arm_ws/install/moveit_task_constructor_msgs/lib:/home/student36/RoboticsDesignProject/Git-repos/LeoRover-Team7/elephant_arm_ws/install/moveit_task_constructor_demo/lib:/home/student36/ros2_tutorial_workspace/install/package_with_interfaces/lib:/home/student36/ws_moveit/install/robotiq_driver/lib:/home/student36/ws_moveit/install/serial/lib:/home/student36/ws_moveit/install/moveit_visual_tools/lib:/home/student36/ws_moveit/install/rviz_visual_tools/lib:/home/student36/ws_moveit/install/moveit_task_constructor_demo/lib:/home/student36/ws_moveit/install/moveit_task_constructor_visualization/lib:/home/student36/ws_moveit/install/moveit_task_constructor_capabilities/lib:/home/student36/ws_moveit/install/moveit_task_constructor_core/lib:/home/student36/ws_moveit/install/rviz_marker_tools/lib:/home/student36/ws_moveit/install/robotiq_controllers/lib:/home/student36/ws_moveit/install/pilz_industrial_motion_planner_testutils/lib:/home/student36/ws_moveit/install/pilz_industrial_motion_planner/lib:/home/student36/ws_moveit/install/moveit_task_constructor_msgs/lib:/home/student36/ws_moveit/install/moveit_ros_control_interface/lib:/home/student36/ws_moveit/install/moveit_simple_controller_manager/lib:/home/student36/ws_moveit/install/moveit_setup_assistant/lib:/home/student36/ws_moveit/install/moveit_setup_srdf_plugins/lib:/home/student36/ws_moveit/install/moveit_setup_core_plugins/lib:/home/student36/ws_moveit/install/moveit_setup_controllers/lib:/home/student36/ws_moveit/install/moveit_setup_app_plugins/lib:/home/student36/ws_moveit/install/moveit_setup_framework/lib:/home/student36/ws_moveit/install/moveit_servo/lib:/home/student36/ws_moveit/install/moveit_ros_trajectory_cache/lib:/home/student36/ws_moveit/install/moveit_ros_visualization/lib:/home/student36/ws_moveit/install/moveit_py/lib:/home/student36/ws_moveit/install/moveit_hybrid_planning/lib:/home/student36/ws_moveit/install/moveit_ros_planning_interface/lib:/home/student36/ws_moveit/install/moveit_ros_benchmarks/lib:/home/student36/ws_moveit/install/moveit_ros_warehouse/lib:/home/student36/ws_moveit/install/moveit_ros_robot_interaction/lib:/home/student36/ws_moveit/install/moveit_ros_perception/lib:/home/student36/ws_moveit/install/moveit_ros_move_group/lib:/home/student36/ws_moveit/install/moveit_planners_ompl/lib:/home/student36/ws_moveit/install/moveit_kinematics/lib:/home/student36/ws_moveit/install/moveit_ros_planning/lib:/home/student36/ws_moveit/install/moveit_ros_occupancy_map_monitor/lib:/home/student36/ws_moveit/install/moveit_resources_prbt_ikfast_manipulator_plugin/lib:/home/student36/ws_moveit/install/moveit_planners_stomp/lib:/home/student36/ws_moveit/install/moveit_planners_chomp/lib:/home/student36/ws_moveit/install/chomp_motion_planner/lib:/home/student36/ws_moveit/install/moveit_core/lib:/home/student36/ws_moveit/install/moveit_msgs/lib:/home/student36/ws_moveit/install/kortex_driver/lib:/opt/ros/jazzy/opt/gz_sim_vendor/lib:/opt/ros/jazzy/opt/gz_sensors_vendor/lib:/opt/ros/jazzy/opt/gz_physics_vendor/lib:/opt/ros/jazzy/opt/sdformat_vendor/lib:/opt/ros/jazzy/opt/rviz_ogre_vendor/lib:/opt/ros/jazzy/lib/x86_64-linux-gnu:/opt/ros/jazzy/opt/gz_gui_vendor/lib:/opt/ros/jazzy/opt/gz_transport_vendor/lib:/opt/ros/jazzy/opt/gz_rendering_vendor/lib:/opt/ros/jazzy/opt/gz_plugin_vendor/lib:/opt/ros/jazzy/opt/gz_fuel_tools_vendor/lib:/opt/ros/jazzy/opt/gz_msgs_vendor/lib:/opt/ros/jazzy/opt/gz_common_vendor/lib:/opt/ros/jazzy/opt/gz_math_vendor/lib:/opt/ros/jazzy/opt/gz_utils_vendor/lib:/opt/ros/jazzy/opt/gz_tools_vendor/lib:/opt/ros/jazzy/opt/gz_ogre_next_vendor/lib:/opt/ros/jazzy/opt/gz_dartsim_vendor/lib:/opt/ros/jazzy/opt/gz_cmake_vendor/lib:/opt/ros/jazzy/lib /usr/bin/cmake --install /home/student36/RoboticsDesignProject/Git-repos/LeoRover-Team7/elephant_arm_ws/build/moveit_task_constructor_demo
[3.476s] Level 1:colcon.colcon_core.environment:create_environment_scripts_only(moveit_task_constructor_demo)
[3.477s] Level 1:colcon.colcon_core.environment:checking '/home/student36/RoboticsDesignProject/Git-repos/LeoRover-Team7/elephant_arm_ws/install/moveit_task_constructor_demo' for CMake module files
[3.479s] Level 1:colcon.colcon_core.environment:checking '/home/student36/RoboticsDesignProject/Git-repos/LeoRover-Team7/elephant_arm_ws/install/moveit_task_constructor_demo' for CMake config files
[3.479s] DEBUG:colcon.colcon_core.event_handler.log_command:Invoked command in '/home/student36/RoboticsDesignProject/Git-repos/LeoRover-Team7/elephant_arm_ws/build/moveit_task_constructor_demo' returned '0': CMAKE_PREFIX_PATH=/home/student36/RoboticsDesignProject/Git-repos/LeoRover-Team7/elephant_arm_ws/install/moveit_task_constructor_visualization:/home/student36/RoboticsDesignProject/Git-repos/LeoRover-Team7/elephant_arm_ws/install/moveit_task_constructor_capabilities:/home/student36/RoboticsDesignProject/Git-repos/LeoRover-Team7/elephant_arm_ws/install/moveit_task_constructor_core:/home/student36/RoboticsDesignProject/Git-repos/LeoRover-Team7/elephant_arm_ws/install/rviz_marker_tools:/home/student36/RoboticsDesignProject/Git-repos/LeoRover-Team7/elephant_arm_ws/install/moveit_task_constructor_msgs:/home/student36/RoboticsDesignProject/Git-repos/LeoRover-Team7/elephant_arm_ws/install/mtc_tutorial:/home/student36/RoboticsDesignProject/Git-repos/LeoRover-Team7/elephant_arm_ws/install/moveit_task_constructor_demo:/home/student36/RoboticsDesignProject/Git-repos/LeoRover-Team7/elephant_arm_ws/install/mycobot_ros2:/home/student36/RoboticsDesignProject/Git-repos/LeoRover-Team7/elephant_arm_ws/install/mycobot_moveit_config:/home/student36/RoboticsDesignProject/Git-repos/LeoRover-Team7/elephant_arm_ws/install/mycobot_gazebo:/home/student36/RoboticsDesignProject/Git-repos/LeoRover-Team7/elephant_arm_ws/install/mycobot_description:/home/student36/RoboticsDesignProject/Git-repos/LeoRover-Team7/elephant_arm_ws/install/mycobot_bringup:/home/student36/RoboticsDesignProject/Git-repos/LeoRover-Team7/elephant_arm_ws/install/hello_moveit:/home/student36/ros2_tutorial_workspace/install/package_with_interfaces:/home/student36/ws_moveit/install/robotiq_hardware_tests:/home/student36/ws_moveit/install/robotiq_driver:/home/student36/ws_moveit/install/serial:/home/student36/ws_moveit/install/moveit2_tutorials:/home/student36/ws_moveit/install/hello_moveit:/home/student36/ws_moveit/install/moveit_visual_tools:/home/student36/ws_moveit/install/rviz_visual_tools:/home/student36/ws_moveit/install/mtc_tutorial:/home/student36/ws_moveit/install/moveit_task_constructor_demo:/home/student36/ws_moveit/install/moveit_task_constructor_visualization:/home/student36/ws_moveit/install/moveit_task_constructor_capabilities:/home/student36/ws_moveit/install/elephant:/home/student36/ws_moveit/install/moveit_task_constructor_core:/home/student36/ws_moveit/install/rviz_marker_tools:/home/student36/ws_moveit/install/kortex_bringup:/home/student36/ws_moveit/install/kinova_gen3_lite_moveit_config:/home/student36/ws_moveit/install/kinova_gen3_7dof_robotiq_2f_85_moveit_config:/home/student36/ws_moveit/install/kinova_gen3_6dof_robotiq_2f_85_moveit_config:/home/student36/ws_moveit/install/kortex_description:/home/student36/ws_moveit/install/robotiq_description:/home/student36/ws_moveit/install/robotiq_controllers:/home/student36/ws_moveit/install/pilz_industrial_motion_planner_testutils:/home/student36/ws_moveit/install/mycobot_280_moveit2:/home/student36/ws_moveit/install/moveit_runtime:/home/student36/ws_moveit/install/moveit:/home/student36/ws_moveit/install/elephant_arm:/home/student36/ws_moveit/install/moveit_planners:/home/student36/ws_moveit/install/pilz_industrial_motion_planner:/home/student36/ws_moveit/install/mycobot_description:/home/student36/ws_moveit/install/moveit_task_constructor_msgs:/home/student36/ws_moveit/install/moveit_ros_control_interface:/home/student36/ws_moveit/install/moveit_plugins:/home/student36/ws_moveit/install/moveit_simple_controller_manager:/home/student36/ws_moveit/install/moveit_setup_assistant:/home/student36/ws_moveit/install/moveit_setup_srdf_plugins:/home/student36/ws_moveit/install/moveit_setup_core_plugins:/home/student36/ws_moveit/install/moveit_setup_controllers:/home/student36/ws_moveit/install/moveit_setup_app_plugins:/home/student36/ws_moveit/install/moveit_setup_framework:/home/student36/ws_moveit/install/moveit_servo:/home/student36/ws_moveit/install/moveit_ros_trajectory_cache:/home/student36/ws_moveit/install/moveit_ros:/home/student36/ws_moveit/install/moveit_ros_visualization:/home/student36/ws_moveit/install/moveit_py:/home/student36/ws_moveit/install/moveit_hybrid_planning:/home/student36/ws_moveit/install/moveit_ros_planning_interface:/home/student36/ws_moveit/install/moveit_ros_benchmarks:/home/student36/ws_moveit/install/moveit_ros_warehouse:/home/student36/ws_moveit/install/moveit_ros_robot_interaction:/home/student36/ws_moveit/install/moveit_ros_perception:/home/student36/ws_moveit/install/moveit_resources_prbt_pg70_support:/home/student36/ws_moveit/install/moveit_resources_prbt_moveit_config:/home/student36/ws_moveit/install/moveit_ros_move_group:/home/student36/ws_moveit/install/moveit_planners_ompl:/home/student36/ws_moveit/install/moveit_kinematics:/home/student36/ws_moveit/install/moveit_ros_planning:/home/student36/ws_moveit/install/moveit_ros_occupancy_map_monitor:/home/student36/ws_moveit/install/moveit_resources_prbt_support:/home/student36/ws_moveit/install/moveit_resources_prbt_ikfast_manipulator_plugin:/home/student36/ws_moveit/install/moveit_resources:/home/student36/ws_moveit/install/moveit_resources_pr2_description:/home/student36/ws_moveit/install/moveit_resources_panda_moveit_config:/home/student36/ws_moveit/install/dual_arm_panda_moveit_config:/home/student36/ws_moveit/install/moveit_resources_panda_description:/home/student36/ws_moveit/install/moveit_resources_fanuc_moveit_config:/home/student36/ws_moveit/install/moveit_resources_fanuc_description:/home/student36/ws_moveit/install/moveit_planners_stomp:/home/student36/ws_moveit/install/moveit_planners_chomp:/home/student36/ws_moveit/install/chomp_motion_planner:/home/student36/ws_moveit/install/moveit_core:/home/student36/ws_moveit/install/moveit_msgs:/home/student36/ws_moveit/install/moveit_common:/home/student36/ws_moveit/install/kortex_driver:/home/student36/ws_moveit/install/kortex_api:/home/student36/rplidar_ws/install/rplidar_ros:/home/student36/elephant_arm_ws/install/mycobot_280_moveit2:/opt/ros/jazzy/opt/gz_sim_vendor:/opt/ros/jazzy/opt/gz_sensors_vendor:/opt/ros/jazzy/opt/gz_physics_vendor:/opt/ros/jazzy/opt/sdformat_vendor:/opt/ros/jazzy/opt/gz_gui_vendor:/opt/ros/jazzy/opt/gz_transport_vendor:/opt/ros/jazzy/opt/gz_rendering_vendor:/opt/ros/jazzy/opt/gz_plugin_vendor:/opt/ros/jazzy/opt/gz_fuel_tools_vendor:/opt/ros/jazzy/opt/gz_msgs_vendor:/opt/ros/jazzy/opt/gz_common_vendor:/opt/ros/jazzy/opt/gz_math_vendor:/opt/ros/jazzy/opt/gz_utils_vendor:/opt/ros/jazzy/opt/gz_tools_vendor:/opt/ros/jazzy/opt/gz_ogre_next_vendor:/opt/ros/jazzy/opt/gz_dartsim_vendor:/opt/ros/jazzy/opt/gz_cmake_vendor:/home/student36/ros2_tutorial_workspace/install/the_simplest_python_package:/home/student36/ros2_tutorial_workspace/install/python_package_with_a_node:/home/student36/ros2_tutorial_workspace/install/python_package_that_uses_the_library:/home/student36/ros2_tutorial_workspace/install/python_package_with_a_library:/home/student36/ros2_tutorial_workspace/install/python_package_that_uses_the_services:/home/student36/ros2_tutorial_workspace/install/python_package_that_uses_the_actions:/home/student36/ros2_tutorial_workspace/install/python_package_that_uses_tf2:/home/student36/ros2_tutorial_workspace/install/python_package_that_uses_parameters_and_launch_files:/home/student36/ros2_tutorial_workspace/install/python_package_that_uses_nottf2:/home/student36/ros2_tutorial_workspace/install/python_package_that_uses_nav2:/home/student36/ros2_tutorial_workspace/install/python_package_that_uses_messages:/home/student36/ros2_tutorial_workspace/install/python_package_that_uses_geometry_msgs:/home/student36/ros2_tutorial_workspace/install/python_package_that_uses_gazebo:/home/student36/ws_moveit/install/moveit_configs_utils:/home/student36/elephant_arm_ws/install/mycobot_description:/opt/ros/jazzy DEBUGINFOD_URLS=https://debuginfod.ubuntu.com LD_LIBRARY_PATH=/home/student36/RoboticsDesignProject/Git-repos/LeoRover-Team7/elephant_arm_ws/install/moveit_task_constructor_visualization/lib:/home/student36/RoboticsDesignProject/Git-repos/LeoRover-Team7/elephant_arm_ws/install/moveit_task_constructor_capabilities/lib:/home/student36/RoboticsDesignProject/Git-repos/LeoRover-Team7/elephant_arm_ws/install/moveit_task_constructor_core/lib:/home/student36/RoboticsDesignProject/Git-repos/LeoRover-Team7/elephant_arm_ws/install/rviz_marker_tools/lib:/home/student36/RoboticsDesignProject/Git-repos/LeoRover-Team7/elephant_arm_ws/install/moveit_task_constructor_msgs/lib:/home/student36/RoboticsDesignProject/Git-repos/LeoRover-Team7/elephant_arm_ws/install/moveit_task_constructor_demo/lib:/home/student36/ros2_tutorial_workspace/install/package_with_interfaces/lib:/home/student36/ws_moveit/install/robotiq_driver/lib:/home/student36/ws_moveit/install/serial/lib:/home/student36/ws_moveit/install/moveit_visual_tools/lib:/home/student36/ws_moveit/install/rviz_visual_tools/lib:/home/student36/ws_moveit/install/moveit_task_constructor_demo/lib:/home/student36/ws_moveit/install/moveit_task_constructor_visualization/lib:/home/student36/ws_moveit/install/moveit_task_constructor_capabilities/lib:/home/student36/ws_moveit/install/moveit_task_constructor_core/lib:/home/student36/ws_moveit/install/rviz_marker_tools/lib:/home/student36/ws_moveit/install/robotiq_controllers/lib:/home/student36/ws_moveit/install/pilz_industrial_motion_planner_testutils/lib:/home/student36/ws_moveit/install/pilz_industrial_motion_planner/lib:/home/student36/ws_moveit/install/moveit_task_constructor_msgs/lib:/home/student36/ws_moveit/install/moveit_ros_control_interface/lib:/home/student36/ws_moveit/install/moveit_simple_controller_manager/lib:/home/student36/ws_moveit/install/moveit_setup_assistant/lib:/home/student36/ws_moveit/install/moveit_setup_srdf_plugins/lib:/home/student36/ws_moveit/install/moveit_setup_core_plugins/lib:/home/student36/ws_moveit/install/moveit_setup_controllers/lib:/home/student36/ws_moveit/install/moveit_setup_app_plugins/lib:/home/student36/ws_moveit/install/moveit_setup_framework/lib:/home/student36/ws_moveit/install/moveit_servo/lib:/home/student36/ws_moveit/install/moveit_ros_trajectory_cache/lib:/home/student36/ws_moveit/install/moveit_ros_visualization/lib:/home/student36/ws_moveit/install/moveit_py/lib:/home/student36/ws_moveit/install/moveit_hybrid_planning/lib:/home/student36/ws_moveit/install/moveit_ros_planning_interface/lib:/home/student36/ws_moveit/install/moveit_ros_benchmarks/lib:/home/student36/ws_moveit/install/moveit_ros_warehouse/lib:/home/student36/ws_moveit/install/moveit_ros_robot_interaction/lib:/home/student36/ws_moveit/install/moveit_ros_perception/lib:/home/student36/ws_moveit/install/moveit_ros_move_group/lib:/home/student36/ws_moveit/install/moveit_planners_ompl/lib:/home/student36/ws_moveit/install/moveit_kinematics/lib:/home/student36/ws_moveit/install/moveit_ros_planning/lib:/home/student36/ws_moveit/install/moveit_ros_occupancy_map_monitor/lib:/home/student36/ws_moveit/install/moveit_resources_prbt_ikfast_manipulator_plugin/lib:/home/student36/ws_moveit/install/moveit_planners_stomp/lib:/home/student36/ws_moveit/install/moveit_planners_chomp/lib:/home/student36/ws_moveit/install/chomp_motion_planner/lib:/home/student36/ws_moveit/install/moveit_core/lib:/home/student36/ws_moveit/install/moveit_msgs/lib:/home/student36/ws_moveit/install/kortex_driver/lib:/opt/ros/jazzy/opt/gz_sim_vendor/lib:/opt/ros/jazzy/opt/gz_sensors_vendor/lib:/opt/ros/jazzy/opt/gz_physics_vendor/lib:/opt/ros/jazzy/opt/sdformat_vendor/lib:/opt/ros/jazzy/opt/rviz_ogre_vendor/lib:/opt/ros/jazzy/lib/x86_64-linux-gnu:/opt/ros/jazzy/opt/gz_gui_vendor/lib:/opt/ros/jazzy/opt/gz_transport_vendor/lib:/opt/ros/jazzy/opt/gz_rendering_vendor/lib:/opt/ros/jazzy/opt/gz_plugin_vendor/lib:/opt/ros/jazzy/opt/gz_fuel_tools_vendor/lib:/opt/ros/jazzy/opt/gz_msgs_vendor/lib:/opt/ros/jazzy/opt/gz_common_vendor/lib:/opt/ros/jazzy/opt/gz_math_vendor/lib:/opt/ros/jazzy/opt/gz_utils_vendor/lib:/opt/ros/jazzy/opt/gz_tools_vendor/lib:/opt/ros/jazzy/opt/gz_ogre_next_vendor/lib:/opt/ros/jazzy/opt/gz_dartsim_vendor/lib:/opt/ros/jazzy/opt/gz_cmake_vendor/lib:/opt/ros/jazzy/lib /usr/bin/cmake --install /home/student36/RoboticsDesignProject/Git-repos/LeoRover-Team7/elephant_arm_ws/build/moveit_task_constructor_demo
[3.479s] Level 1:colcon.colcon_core.shell:create_environment_hook('moveit_task_constructor_demo', 'cmake_prefix_path')
[3.479s] INFO:colcon.colcon_core.shell:Creating environment hook '/home/student36/RoboticsDesignProject/Git-repos/LeoRover-Team7/elephant_arm_ws/install/moveit_task_constructor_demo/share/moveit_task_constructor_demo/hook/cmake_prefix_path.ps1'
[3.480s] INFO:colcon.colcon_core.shell:Creating environment descriptor '/home/student36/RoboticsDesignProject/Git-repos/LeoRover-Team7/elephant_arm_ws/install/moveit_task_constructor_demo/share/moveit_task_constructor_demo/hook/cmake_prefix_path.dsv'
[3.481s] INFO:colcon.colcon_core.shell:Creating environment hook '/home/student36/RoboticsDesignProject/Git-repos/LeoRover-Team7/elephant_arm_ws/install/moveit_task_constructor_demo/share/moveit_task_constructor_demo/hook/cmake_prefix_path.sh'
[3.481s] Level 1:colcon.colcon_core.environment:checking '/home/student36/RoboticsDesignProject/Git-repos/LeoRover-Team7/elephant_arm_ws/install/moveit_task_constructor_demo/lib'
[3.481s] Level 1:colcon.colcon_core.shell:create_environment_hook('moveit_task_constructor_demo', 'ld_library_path_lib')
[3.482s] INFO:colcon.colcon_core.shell:Creating environment hook '/home/student36/RoboticsDesignProject/Git-repos/LeoRover-Team7/elephant_arm_ws/install/moveit_task_constructor_demo/share/moveit_task_constructor_demo/hook/ld_library_path_lib.ps1'
[3.482s] INFO:colcon.colcon_core.shell:Creating environment descriptor '/home/student36/RoboticsDesignProject/Git-repos/LeoRover-Team7/elephant_arm_ws/install/moveit_task_constructor_demo/share/moveit_task_constructor_demo/hook/ld_library_path_lib.dsv'
[3.483s] INFO:colcon.colcon_core.shell:Creating environment hook '/home/student36/RoboticsDesignProject/Git-repos/LeoRover-Team7/elephant_arm_ws/install/moveit_task_constructor_demo/share/moveit_task_constructor_demo/hook/ld_library_path_lib.sh'
[3.483s] Level 1:colcon.colcon_core.environment:checking '/home/student36/RoboticsDesignProject/Git-repos/LeoRover-Team7/elephant_arm_ws/install/moveit_task_constructor_demo/bin'
[3.483s] Level 1:colcon.colcon_core.environment:checking '/home/student36/RoboticsDesignProject/Git-repos/LeoRover-Team7/elephant_arm_ws/install/moveit_task_constructor_demo/lib/pkgconfig/moveit_task_constructor_demo.pc'
[3.484s] Level 1:colcon.colcon_core.environment:checking '/home/student36/RoboticsDesignProject/Git-repos/LeoRover-Team7/elephant_arm_ws/install/moveit_task_constructor_demo/lib/python3.12/site-packages'
[3.485s] Level 1:colcon.colcon_core.environment:checking '/home/student36/RoboticsDesignProject/Git-repos/LeoRover-Team7/elephant_arm_ws/install/moveit_task_constructor_demo/bin'
[3.485s] INFO:colcon.colcon_core.shell:Creating package script '/home/student36/RoboticsDesignProject/Git-repos/LeoRover-Team7/elephant_arm_ws/install/moveit_task_constructor_demo/share/moveit_task_constructor_demo/package.ps1'
[3.486s] INFO:colcon.colcon_core.shell:Creating package descriptor '/home/student36/RoboticsDesignProject/Git-repos/LeoRover-Team7/elephant_arm_ws/install/moveit_task_constructor_demo/share/moveit_task_constructor_demo/package.dsv'
[3.486s] INFO:colcon.colcon_core.shell:Creating package script '/home/student36/RoboticsDesignProject/Git-repos/LeoRover-Team7/elephant_arm_ws/install/moveit_task_constructor_demo/share/moveit_task_constructor_demo/package.sh'
[3.487s] INFO:colcon.colcon_core.shell:Creating package script '/home/student36/RoboticsDesignProject/Git-repos/LeoRover-Team7/elephant_arm_ws/install/moveit_task_constructor_demo/share/moveit_task_constructor_demo/package.bash'
[3.487s] INFO:colcon.colcon_core.shell:Creating package script '/home/student36/RoboticsDesignProject/Git-repos/LeoRover-Team7/elephant_arm_ws/install/moveit_task_constructor_demo/share/moveit_task_constructor_demo/package.zsh'
[3.488s] Level 1:colcon.colcon_core.environment:create_file_with_runtime_dependencies(/home/student36/RoboticsDesignProject/Git-repos/LeoRover-Team7/elephant_arm_ws/install/moveit_task_constructor_demo/share/colcon-core/packages/moveit_task_constructor_demo)
[3.489s] Level 1:colcon.colcon_core.environment:create_environment_scripts_only(moveit_task_constructor_demo)
[3.489s] Level 1:colcon.colcon_core.environment:checking '/home/student36/RoboticsDesignProject/Git-repos/LeoRover-Team7/elephant_arm_ws/install/moveit_task_constructor_demo' for CMake module files
[3.490s] Level 1:colcon.colcon_core.environment:checking '/home/student36/RoboticsDesignProject/Git-repos/LeoRover-Team7/elephant_arm_ws/install/moveit_task_constructor_demo' for CMake config files
[3.490s] Level 1:colcon.colcon_core.shell:create_environment_hook('moveit_task_constructor_demo', 'cmake_prefix_path')
[3.490s] INFO:colcon.colcon_core.shell:Creating environment hook '/home/student36/RoboticsDesignProject/Git-repos/LeoRover-Team7/elephant_arm_ws/install/moveit_task_constructor_demo/share/moveit_task_constructor_demo/hook/cmake_prefix_path.ps1'
[3.491s] INFO:colcon.colcon_core.shell:Creating environment descriptor '/home/student36/RoboticsDesignProject/Git-repos/LeoRover-Team7/elephant_arm_ws/install/moveit_task_constructor_demo/share/moveit_task_constructor_demo/hook/cmake_prefix_path.dsv'
[3.492s] INFO:colcon.colcon_core.shell:Creating environment hook '/home/student36/RoboticsDesignProject/Git-repos/LeoRover-Team7/elephant_arm_ws/install/moveit_task_constructor_demo/share/moveit_task_constructor_demo/hook/cmake_prefix_path.sh'
[3.493s] Level 1:colcon.colcon_core.environment:checking '/home/student36/RoboticsDesignProject/Git-repos/LeoRover-Team7/elephant_arm_ws/install/moveit_task_constructor_demo/lib'
[3.493s] Level 1:colcon.colcon_core.shell:create_environment_hook('moveit_task_constructor_demo', 'ld_library_path_lib')
[3.493s] INFO:colcon.colcon_core.shell:Creating environment hook '/home/student36/RoboticsDesignProject/Git-repos/LeoRover-Team7/elephant_arm_ws/install/moveit_task_constructor_demo/share/moveit_task_constructor_demo/hook/ld_library_path_lib.ps1'
[3.494s] INFO:colcon.colcon_core.shell:Creating environment descriptor '/home/student36/RoboticsDesignProject/Git-repos/LeoRover-Team7/elephant_arm_ws/install/moveit_task_constructor_demo/share/moveit_task_constructor_demo/hook/ld_library_path_lib.dsv'
[3.495s] INFO:colcon.colcon_core.shell:Creating environment hook '/home/student36/RoboticsDesignProject/Git-repos/LeoRover-Team7/elephant_arm_ws/install/moveit_task_constructor_demo/share/moveit_task_constructor_demo/hook/ld_library_path_lib.sh'
[3.495s] Level 1:colcon.colcon_core.environment:checking '/home/student36/RoboticsDesignProject/Git-repos/LeoRover-Team7/elephant_arm_ws/install/moveit_task_constructor_demo/bin'
[3.495s] Level 1:colcon.colcon_core.environment:checking '/home/student36/RoboticsDesignProject/Git-repos/LeoRover-Team7/elephant_arm_ws/install/moveit_task_constructor_demo/lib/pkgconfig/moveit_task_constructor_demo.pc'
[3.496s] Level 1:colcon.colcon_core.environment:checking '/home/student36/RoboticsDesignProject/Git-repos/LeoRover-Team7/elephant_arm_ws/install/moveit_task_constructor_demo/lib/python3.12/site-packages'
[3.496s] Level 1:colcon.colcon_core.environment:checking '/home/student36/RoboticsDesignProject/Git-repos/LeoRover-Team7/elephant_arm_ws/install/moveit_task_constructor_demo/bin'
[3.497s] INFO:colcon.colcon_core.shell:Creating package script '/home/student36/RoboticsDesignProject/Git-repos/LeoRover-Team7/elephant_arm_ws/install/moveit_task_constructor_demo/share/moveit_task_constructor_demo/package.ps1'
[3.497s] INFO:colcon.colcon_core.shell:Creating package descriptor '/home/student36/RoboticsDesignProject/Git-repos/LeoRover-Team7/elephant_arm_ws/install/moveit_task_constructor_demo/share/moveit_task_constructor_demo/package.dsv'
[3.498s] INFO:colcon.colcon_core.shell:Creating package script '/home/student36/RoboticsDesignProject/Git-repos/LeoRover-Team7/elephant_arm_ws/install/moveit_task_constructor_demo/share/moveit_task_constructor_demo/package.sh'
[3.499s] INFO:colcon.colcon_core.shell:Creating package script '/home/student36/RoboticsDesignProject/Git-repos/LeoRover-Team7/elephant_arm_ws/install/moveit_task_constructor_demo/share/moveit_task_constructor_demo/package.bash'
[3.499s] INFO:colcon.colcon_core.shell:Creating package script '/home/student36/RoboticsDesignProject/Git-repos/LeoRover-Team7/elephant_arm_ws/install/moveit_task_constructor_demo/share/moveit_task_constructor_demo/package.zsh'
[3.500s] Level 1:colcon.colcon_core.environment:create_file_with_runtime_dependencies(/home/student36/RoboticsDesignProject/Git-repos/LeoRover-Team7/elephant_arm_ws/install/moveit_task_constructor_demo/share/colcon-core/packages/moveit_task_constructor_demo)
[12.197s] DEBUG:colcon.colcon_core.event_handler.log_command:Invoked command in '/home/student36/RoboticsDesignProject/Git-repos/LeoRover-Team7/elephant_arm_ws/build/mtc_tutorial' returned '0': CMAKE_PREFIX_PATH=/home/student36/RoboticsDesignProject/Git-repos/LeoRover-Team7/elephant_arm_ws/install/moveit_task_constructor_core:/home/student36/RoboticsDesignProject/Git-repos/LeoRover-Team7/elephant_arm_ws/install/rviz_marker_tools:/home/student36/RoboticsDesignProject/Git-repos/LeoRover-Team7/elephant_arm_ws/install/moveit_task_constructor_msgs:/home/student36/RoboticsDesignProject/Git-repos/LeoRover-Team7/elephant_arm_ws/install/mtc_tutorial:/home/student36/RoboticsDesignProject/Git-repos/LeoRover-Team7/elephant_arm_ws/install/moveit_task_constructor_demo:/home/student36/RoboticsDesignProject/Git-repos/LeoRover-Team7/elephant_arm_ws/install/moveit_task_constructor_visualization:/home/student36/RoboticsDesignProject/Git-repos/LeoRover-Team7/elephant_arm_ws/install/moveit_task_constructor_capabilities:/home/student36/RoboticsDesignProject/Git-repos/LeoRover-Team7/elephant_arm_ws/install/mycobot_ros2:/home/student36/RoboticsDesignProject/Git-repos/LeoRover-Team7/elephant_arm_ws/install/mycobot_moveit_config:/home/student36/RoboticsDesignProject/Git-repos/LeoRover-Team7/elephant_arm_ws/install/mycobot_gazebo:/home/student36/RoboticsDesignProject/Git-repos/LeoRover-Team7/elephant_arm_ws/install/mycobot_description:/home/student36/RoboticsDesignProject/Git-repos/LeoRover-Team7/elephant_arm_ws/install/mycobot_bringup:/home/student36/RoboticsDesignProject/Git-repos/LeoRover-Team7/elephant_arm_ws/install/hello_moveit:/home/student36/ros2_tutorial_workspace/install/package_with_interfaces:/home/student36/ws_moveit/install/robotiq_hardware_tests:/home/student36/ws_moveit/install/robotiq_driver:/home/student36/ws_moveit/install/serial:/home/student36/ws_moveit/install/moveit2_tutorials:/home/student36/ws_moveit/install/hello_moveit:/home/student36/ws_moveit/install/moveit_visual_tools:/home/student36/ws_moveit/install/rviz_visual_tools:/home/student36/ws_moveit/install/mtc_tutorial:/home/student36/ws_moveit/install/moveit_task_constructor_demo:/home/student36/ws_moveit/install/moveit_task_constructor_visualization:/home/student36/ws_moveit/install/moveit_task_constructor_capabilities:/home/student36/ws_moveit/install/elephant:/home/student36/ws_moveit/install/moveit_task_constructor_core:/home/student36/ws_moveit/install/rviz_marker_tools:/home/student36/ws_moveit/install/kortex_bringup:/home/student36/ws_moveit/install/kinova_gen3_lite_moveit_config:/home/student36/ws_moveit/install/kinova_gen3_7dof_robotiq_2f_85_moveit_config:/home/student36/ws_moveit/install/kinova_gen3_6dof_robotiq_2f_85_moveit_config:/home/student36/ws_moveit/install/kortex_description:/home/student36/ws_moveit/install/robotiq_description:/home/student36/ws_moveit/install/robotiq_controllers:/home/student36/ws_moveit/install/pilz_industrial_motion_planner_testutils:/home/student36/ws_moveit/install/mycobot_280_moveit2:/home/student36/ws_moveit/install/moveit_runtime:/home/student36/ws_moveit/install/moveit:/home/student36/ws_moveit/install/elephant_arm:/home/student36/ws_moveit/install/moveit_planners:/home/student36/ws_moveit/install/pilz_industrial_motion_planner:/home/student36/ws_moveit/install/mycobot_description:/home/student36/ws_moveit/install/moveit_task_constructor_msgs:/home/student36/ws_moveit/install/moveit_ros_control_interface:/home/student36/ws_moveit/install/moveit_plugins:/home/student36/ws_moveit/install/moveit_simple_controller_manager:/home/student36/ws_moveit/install/moveit_setup_assistant:/home/student36/ws_moveit/install/moveit_setup_srdf_plugins:/home/student36/ws_moveit/install/moveit_setup_core_plugins:/home/student36/ws_moveit/install/moveit_setup_controllers:/home/student36/ws_moveit/install/moveit_setup_app_plugins:/home/student36/ws_moveit/install/moveit_setup_framework:/home/student36/ws_moveit/install/moveit_servo:/home/student36/ws_moveit/install/moveit_ros_trajectory_cache:/home/student36/ws_moveit/install/moveit_ros:/home/student36/ws_moveit/install/moveit_ros_visualization:/home/student36/ws_moveit/install/moveit_py:/home/student36/ws_moveit/install/moveit_hybrid_planning:/home/student36/ws_moveit/install/moveit_ros_planning_interface:/home/student36/ws_moveit/install/moveit_ros_benchmarks:/home/student36/ws_moveit/install/moveit_ros_warehouse:/home/student36/ws_moveit/install/moveit_ros_robot_interaction:/home/student36/ws_moveit/install/moveit_ros_perception:/home/student36/ws_moveit/install/moveit_resources_prbt_pg70_support:/home/student36/ws_moveit/install/moveit_resources_prbt_moveit_config:/home/student36/ws_moveit/install/moveit_ros_move_group:/home/student36/ws_moveit/install/moveit_planners_ompl:/home/student36/ws_moveit/install/moveit_kinematics:/home/student36/ws_moveit/install/moveit_ros_planning:/home/student36/ws_moveit/install/moveit_ros_occupancy_map_monitor:/home/student36/ws_moveit/install/moveit_resources_prbt_support:/home/student36/ws_moveit/install/moveit_resources_prbt_ikfast_manipulator_plugin:/home/student36/ws_moveit/install/moveit_resources:/home/student36/ws_moveit/install/moveit_resources_pr2_description:/home/student36/ws_moveit/install/moveit_resources_panda_moveit_config:/home/student36/ws_moveit/install/dual_arm_panda_moveit_config:/home/student36/ws_moveit/install/moveit_resources_panda_description:/home/student36/ws_moveit/install/moveit_resources_fanuc_moveit_config:/home/student36/ws_moveit/install/moveit_resources_fanuc_description:/home/student36/ws_moveit/install/moveit_planners_stomp:/home/student36/ws_moveit/install/moveit_planners_chomp:/home/student36/ws_moveit/install/chomp_motion_planner:/home/student36/ws_moveit/install/moveit_core:/home/student36/ws_moveit/install/moveit_msgs:/home/student36/ws_moveit/install/moveit_common:/home/student36/ws_moveit/install/kortex_driver:/home/student36/ws_moveit/install/kortex_api:/home/student36/rplidar_ws/install/rplidar_ros:/home/student36/elephant_arm_ws/install/mycobot_280_moveit2:/opt/ros/jazzy/opt/gz_sim_vendor:/opt/ros/jazzy/opt/gz_sensors_vendor:/opt/ros/jazzy/opt/gz_physics_vendor:/opt/ros/jazzy/opt/sdformat_vendor:/opt/ros/jazzy/opt/gz_gui_vendor:/opt/ros/jazzy/opt/gz_transport_vendor:/opt/ros/jazzy/opt/gz_rendering_vendor:/opt/ros/jazzy/opt/gz_plugin_vendor:/opt/ros/jazzy/opt/gz_fuel_tools_vendor:/opt/ros/jazzy/opt/gz_msgs_vendor:/opt/ros/jazzy/opt/gz_common_vendor:/opt/ros/jazzy/opt/gz_math_vendor:/opt/ros/jazzy/opt/gz_utils_vendor:/opt/ros/jazzy/opt/gz_tools_vendor:/opt/ros/jazzy/opt/gz_ogre_next_vendor:/opt/ros/jazzy/opt/gz_dartsim_vendor:/opt/ros/jazzy/opt/gz_cmake_vendor:/home/student36/ros2_tutorial_workspace/install/the_simplest_python_package:/home/student36/ros2_tutorial_workspace/install/python_package_with_a_node:/home/student36/ros2_tutorial_workspace/install/python_package_that_uses_the_library:/home/student36/ros2_tutorial_workspace/install/python_package_with_a_library:/home/student36/ros2_tutorial_workspace/install/python_package_that_uses_the_services:/home/student36/ros2_tutorial_workspace/install/python_package_that_uses_the_actions:/home/student36/ros2_tutorial_workspace/install/python_package_that_uses_tf2:/home/student36/ros2_tutorial_workspace/install/python_package_that_uses_parameters_and_launch_files:/home/student36/ros2_tutorial_workspace/install/python_package_that_uses_nottf2:/home/student36/ros2_tutorial_workspace/install/python_package_that_uses_nav2:/home/student36/ros2_tutorial_workspace/install/python_package_that_uses_messages:/home/student36/ros2_tutorial_workspace/install/python_package_that_uses_geometry_msgs:/home/student36/ros2_tutorial_workspace/install/python_package_that_uses_gazebo:/home/student36/ws_moveit/install/moveit_configs_utils:/home/student36/elephant_arm_ws/install/mycobot_description:/opt/ros/jazzy DEBUGINFOD_URLS=https://debuginfod.ubuntu.com LD_LIBRARY_PATH=/home/student36/RoboticsDesignProject/Git-repos/LeoRover-Team7/elephant_arm_ws/install/moveit_task_constructor_core/lib:/home/student36/RoboticsDesignProject/Git-repos/LeoRover-Team7/elephant_arm_ws/install/rviz_marker_tools/lib:/home/student36/RoboticsDesignProject/Git-repos/LeoRover-Team7/elephant_arm_ws/install/moveit_task_constructor_msgs/lib:/home/student36/RoboticsDesignProject/Git-repos/LeoRover-Team7/elephant_arm_ws/install/moveit_task_constructor_demo/lib:/home/student36/RoboticsDesignProject/Git-repos/LeoRover-Team7/elephant_arm_ws/install/moveit_task_constructor_visualization/lib:/home/student36/RoboticsDesignProject/Git-repos/LeoRover-Team7/elephant_arm_ws/install/moveit_task_constructor_capabilities/lib:/home/student36/ros2_tutorial_workspace/install/package_with_interfaces/lib:/home/student36/ws_moveit/install/robotiq_driver/lib:/home/student36/ws_moveit/install/serial/lib:/home/student36/ws_moveit/install/moveit_visual_tools/lib:/home/student36/ws_moveit/install/rviz_visual_tools/lib:/home/student36/ws_moveit/install/moveit_task_constructor_demo/lib:/home/student36/ws_moveit/install/moveit_task_constructor_visualization/lib:/home/student36/ws_moveit/install/moveit_task_constructor_capabilities/lib:/home/student36/ws_moveit/install/moveit_task_constructor_core/lib:/home/student36/ws_moveit/install/rviz_marker_tools/lib:/home/student36/ws_moveit/install/robotiq_controllers/lib:/home/student36/ws_moveit/install/pilz_industrial_motion_planner_testutils/lib:/home/student36/ws_moveit/install/pilz_industrial_motion_planner/lib:/home/student36/ws_moveit/install/moveit_task_constructor_msgs/lib:/home/student36/ws_moveit/install/moveit_ros_control_interface/lib:/home/student36/ws_moveit/install/moveit_simple_controller_manager/lib:/home/student36/ws_moveit/install/moveit_setup_assistant/lib:/home/student36/ws_moveit/install/moveit_setup_srdf_plugins/lib:/home/student36/ws_moveit/install/moveit_setup_core_plugins/lib:/home/student36/ws_moveit/install/moveit_setup_controllers/lib:/home/student36/ws_moveit/install/moveit_setup_app_plugins/lib:/home/student36/ws_moveit/install/moveit_setup_framework/lib:/home/student36/ws_moveit/install/moveit_servo/lib:/home/student36/ws_moveit/install/moveit_ros_trajectory_cache/lib:/home/student36/ws_moveit/install/moveit_ros_visualization/lib:/home/student36/ws_moveit/install/moveit_py/lib:/home/student36/ws_moveit/install/moveit_hybrid_planning/lib:/home/student36/ws_moveit/install/moveit_ros_planning_interface/lib:/home/student36/ws_moveit/install/moveit_ros_benchmarks/lib:/home/student36/ws_moveit/install/moveit_ros_warehouse/lib:/home/student36/ws_moveit/install/moveit_ros_robot_interaction/lib:/home/student36/ws_moveit/install/moveit_ros_perception/lib:/home/student36/ws_moveit/install/moveit_ros_move_group/lib:/home/student36/ws_moveit/install/moveit_planners_ompl/lib:/home/student36/ws_moveit/install/moveit_kinematics/lib:/home/student36/ws_moveit/install/moveit_ros_planning/lib:/home/student36/ws_moveit/install/moveit_ros_occupancy_map_monitor/lib:/home/student36/ws_moveit/install/moveit_resources_prbt_ikfast_manipulator_plugin/lib:/home/student36/ws_moveit/install/moveit_planners_stomp/lib:/home/student36/ws_moveit/install/moveit_planners_chomp/lib:/home/student36/ws_moveit/install/chomp_motion_planner/lib:/home/student36/ws_moveit/install/moveit_core/lib:/home/student36/ws_moveit/install/moveit_msgs/lib:/home/student36/ws_moveit/install/kortex_driver/lib:/opt/ros/jazzy/opt/gz_sim_vendor/lib:/opt/ros/jazzy/opt/gz_sensors_vendor/lib:/opt/ros/jazzy/opt/gz_physics_vendor/lib:/opt/ros/jazzy/opt/sdformat_vendor/lib:/opt/ros/jazzy/opt/rviz_ogre_vendor/lib:/opt/ros/jazzy/lib/x86_64-linux-gnu:/opt/ros/jazzy/opt/gz_gui_vendor/lib:/opt/ros/jazzy/opt/gz_transport_vendor/lib:/opt/ros/jazzy/opt/gz_rendering_vendor/lib:/opt/ros/jazzy/opt/gz_plugin_vendor/lib:/opt/ros/jazzy/opt/gz_fuel_tools_vendor/lib:/opt/ros/jazzy/opt/gz_msgs_vendor/lib:/opt/ros/jazzy/opt/gz_common_vendor/lib:/opt/ros/jazzy/opt/gz_math_vendor/lib:/opt/ros/jazzy/opt/gz_utils_vendor/lib:/opt/ros/jazzy/opt/gz_tools_vendor/lib:/opt/ros/jazzy/opt/gz_ogre_next_vendor/lib:/opt/ros/jazzy/opt/gz_dartsim_vendor/lib:/opt/ros/jazzy/opt/gz_cmake_vendor/lib:/opt/ros/jazzy/lib /usr/bin/cmake --build /home/student36/RoboticsDesignProject/Git-repos/LeoRover-Team7/elephant_arm_ws/build/mtc_tutorial -- -j12 -l12
[12.198s] DEBUG:colcon.colcon_core.event_handler.log_command:Invoking command in '/home/student36/RoboticsDesignProject/Git-repos/LeoRover-Team7/elephant_arm_ws/build/mtc_tutorial': CMAKE_PREFIX_PATH=/home/student36/RoboticsDesignProject/Git-repos/LeoRover-Team7/elephant_arm_ws/install/moveit_task_constructor_core:/home/student36/RoboticsDesignProject/Git-repos/LeoRover-Team7/elephant_arm_ws/install/rviz_marker_tools:/home/student36/RoboticsDesignProject/Git-repos/LeoRover-Team7/elephant_arm_ws/install/moveit_task_constructor_msgs:/home/student36/RoboticsDesignProject/Git-repos/LeoRover-Team7/elephant_arm_ws/install/mtc_tutorial:/home/student36/RoboticsDesignProject/Git-repos/LeoRover-Team7/elephant_arm_ws/install/moveit_task_constructor_demo:/home/student36/RoboticsDesignProject/Git-repos/LeoRover-Team7/elephant_arm_ws/install/moveit_task_constructor_visualization:/home/student36/RoboticsDesignProject/Git-repos/LeoRover-Team7/elephant_arm_ws/install/moveit_task_constructor_capabilities:/home/student36/RoboticsDesignProject/Git-repos/LeoRover-Team7/elephant_arm_ws/install/mycobot_ros2:/home/student36/RoboticsDesignProject/Git-repos/LeoRover-Team7/elephant_arm_ws/install/mycobot_moveit_config:/home/student36/RoboticsDesignProject/Git-repos/LeoRover-Team7/elephant_arm_ws/install/mycobot_gazebo:/home/student36/RoboticsDesignProject/Git-repos/LeoRover-Team7/elephant_arm_ws/install/mycobot_description:/home/student36/RoboticsDesignProject/Git-repos/LeoRover-Team7/elephant_arm_ws/install/mycobot_bringup:/home/student36/RoboticsDesignProject/Git-repos/LeoRover-Team7/elephant_arm_ws/install/hello_moveit:/home/student36/ros2_tutorial_workspace/install/package_with_interfaces:/home/student36/ws_moveit/install/robotiq_hardware_tests:/home/student36/ws_moveit/install/robotiq_driver:/home/student36/ws_moveit/install/serial:/home/student36/ws_moveit/install/moveit2_tutorials:/home/student36/ws_moveit/install/hello_moveit:/home/student36/ws_moveit/install/moveit_visual_tools:/home/student36/ws_moveit/install/rviz_visual_tools:/home/student36/ws_moveit/install/mtc_tutorial:/home/student36/ws_moveit/install/moveit_task_constructor_demo:/home/student36/ws_moveit/install/moveit_task_constructor_visualization:/home/student36/ws_moveit/install/moveit_task_constructor_capabilities:/home/student36/ws_moveit/install/elephant:/home/student36/ws_moveit/install/moveit_task_constructor_core:/home/student36/ws_moveit/install/rviz_marker_tools:/home/student36/ws_moveit/install/kortex_bringup:/home/student36/ws_moveit/install/kinova_gen3_lite_moveit_config:/home/student36/ws_moveit/install/kinova_gen3_7dof_robotiq_2f_85_moveit_config:/home/student36/ws_moveit/install/kinova_gen3_6dof_robotiq_2f_85_moveit_config:/home/student36/ws_moveit/install/kortex_description:/home/student36/ws_moveit/install/robotiq_description:/home/student36/ws_moveit/install/robotiq_controllers:/home/student36/ws_moveit/install/pilz_industrial_motion_planner_testutils:/home/student36/ws_moveit/install/mycobot_280_moveit2:/home/student36/ws_moveit/install/moveit_runtime:/home/student36/ws_moveit/install/moveit:/home/student36/ws_moveit/install/elephant_arm:/home/student36/ws_moveit/install/moveit_planners:/home/student36/ws_moveit/install/pilz_industrial_motion_planner:/home/student36/ws_moveit/install/mycobot_description:/home/student36/ws_moveit/install/moveit_task_constructor_msgs:/home/student36/ws_moveit/install/moveit_ros_control_interface:/home/student36/ws_moveit/install/moveit_plugins:/home/student36/ws_moveit/install/moveit_simple_controller_manager:/home/student36/ws_moveit/install/moveit_setup_assistant:/home/student36/ws_moveit/install/moveit_setup_srdf_plugins:/home/student36/ws_moveit/install/moveit_setup_core_plugins:/home/student36/ws_moveit/install/moveit_setup_controllers:/home/student36/ws_moveit/install/moveit_setup_app_plugins:/home/student36/ws_moveit/install/moveit_setup_framework:/home/student36/ws_moveit/install/moveit_servo:/home/student36/ws_moveit/install/moveit_ros_trajectory_cache:/home/student36/ws_moveit/install/moveit_ros:/home/student36/ws_moveit/install/moveit_ros_visualization:/home/student36/ws_moveit/install/moveit_py:/home/student36/ws_moveit/install/moveit_hybrid_planning:/home/student36/ws_moveit/install/moveit_ros_planning_interface:/home/student36/ws_moveit/install/moveit_ros_benchmarks:/home/student36/ws_moveit/install/moveit_ros_warehouse:/home/student36/ws_moveit/install/moveit_ros_robot_interaction:/home/student36/ws_moveit/install/moveit_ros_perception:/home/student36/ws_moveit/install/moveit_resources_prbt_pg70_support:/home/student36/ws_moveit/install/moveit_resources_prbt_moveit_config:/home/student36/ws_moveit/install/moveit_ros_move_group:/home/student36/ws_moveit/install/moveit_planners_ompl:/home/student36/ws_moveit/install/moveit_kinematics:/home/student36/ws_moveit/install/moveit_ros_planning:/home/student36/ws_moveit/install/moveit_ros_occupancy_map_monitor:/home/student36/ws_moveit/install/moveit_resources_prbt_support:/home/student36/ws_moveit/install/moveit_resources_prbt_ikfast_manipulator_plugin:/home/student36/ws_moveit/install/moveit_resources:/home/student36/ws_moveit/install/moveit_resources_pr2_description:/home/student36/ws_moveit/install/moveit_resources_panda_moveit_config:/home/student36/ws_moveit/install/dual_arm_panda_moveit_config:/home/student36/ws_moveit/install/moveit_resources_panda_description:/home/student36/ws_moveit/install/moveit_resources_fanuc_moveit_config:/home/student36/ws_moveit/install/moveit_resources_fanuc_description:/home/student36/ws_moveit/install/moveit_planners_stomp:/home/student36/ws_moveit/install/moveit_planners_chomp:/home/student36/ws_moveit/install/chomp_motion_planner:/home/student36/ws_moveit/install/moveit_core:/home/student36/ws_moveit/install/moveit_msgs:/home/student36/ws_moveit/install/moveit_common:/home/student36/ws_moveit/install/kortex_driver:/home/student36/ws_moveit/install/kortex_api:/home/student36/rplidar_ws/install/rplidar_ros:/home/student36/elephant_arm_ws/install/mycobot_280_moveit2:/opt/ros/jazzy/opt/gz_sim_vendor:/opt/ros/jazzy/opt/gz_sensors_vendor:/opt/ros/jazzy/opt/gz_physics_vendor:/opt/ros/jazzy/opt/sdformat_vendor:/opt/ros/jazzy/opt/gz_gui_vendor:/opt/ros/jazzy/opt/gz_transport_vendor:/opt/ros/jazzy/opt/gz_rendering_vendor:/opt/ros/jazzy/opt/gz_plugin_vendor:/opt/ros/jazzy/opt/gz_fuel_tools_vendor:/opt/ros/jazzy/opt/gz_msgs_vendor:/opt/ros/jazzy/opt/gz_common_vendor:/opt/ros/jazzy/opt/gz_math_vendor:/opt/ros/jazzy/opt/gz_utils_vendor:/opt/ros/jazzy/opt/gz_tools_vendor:/opt/ros/jazzy/opt/gz_ogre_next_vendor:/opt/ros/jazzy/opt/gz_dartsim_vendor:/opt/ros/jazzy/opt/gz_cmake_vendor:/home/student36/ros2_tutorial_workspace/install/the_simplest_python_package:/home/student36/ros2_tutorial_workspace/install/python_package_with_a_node:/home/student36/ros2_tutorial_workspace/install/python_package_that_uses_the_library:/home/student36/ros2_tutorial_workspace/install/python_package_with_a_library:/home/student36/ros2_tutorial_workspace/install/python_package_that_uses_the_services:/home/student36/ros2_tutorial_workspace/install/python_package_that_uses_the_actions:/home/student36/ros2_tutorial_workspace/install/python_package_that_uses_tf2:/home/student36/ros2_tutorial_workspace/install/python_package_that_uses_parameters_and_launch_files:/home/student36/ros2_tutorial_workspace/install/python_package_that_uses_nottf2:/home/student36/ros2_tutorial_workspace/install/python_package_that_uses_nav2:/home/student36/ros2_tutorial_workspace/install/python_package_that_uses_messages:/home/student36/ros2_tutorial_workspace/install/python_package_that_uses_geometry_msgs:/home/student36/ros2_tutorial_workspace/install/python_package_that_uses_gazebo:/home/student36/ws_moveit/install/moveit_configs_utils:/home/student36/elephant_arm_ws/install/mycobot_description:/opt/ros/jazzy DEBUGINFOD_URLS=https://debuginfod.ubuntu.com LD_LIBRARY_PATH=/home/student36/RoboticsDesignProject/Git-repos/LeoRover-Team7/elephant_arm_ws/install/moveit_task_constructor_core/lib:/home/student36/RoboticsDesignProject/Git-repos/LeoRover-Team7/elephant_arm_ws/install/rviz_marker_tools/lib:/home/student36/RoboticsDesignProject/Git-repos/LeoRover-Team7/elephant_arm_ws/install/moveit_task_constructor_msgs/lib:/home/student36/RoboticsDesignProject/Git-repos/LeoRover-Team7/elephant_arm_ws/install/moveit_task_constructor_demo/lib:/home/student36/RoboticsDesignProject/Git-repos/LeoRover-Team7/elephant_arm_ws/install/moveit_task_constructor_visualization/lib:/home/student36/RoboticsDesignProject/Git-repos/LeoRover-Team7/elephant_arm_ws/install/moveit_task_constructor_capabilities/lib:/home/student36/ros2_tutorial_workspace/install/package_with_interfaces/lib:/home/student36/ws_moveit/install/robotiq_driver/lib:/home/student36/ws_moveit/install/serial/lib:/home/student36/ws_moveit/install/moveit_visual_tools/lib:/home/student36/ws_moveit/install/rviz_visual_tools/lib:/home/student36/ws_moveit/install/moveit_task_constructor_demo/lib:/home/student36/ws_moveit/install/moveit_task_constructor_visualization/lib:/home/student36/ws_moveit/install/moveit_task_constructor_capabilities/lib:/home/student36/ws_moveit/install/moveit_task_constructor_core/lib:/home/student36/ws_moveit/install/rviz_marker_tools/lib:/home/student36/ws_moveit/install/robotiq_controllers/lib:/home/student36/ws_moveit/install/pilz_industrial_motion_planner_testutils/lib:/home/student36/ws_moveit/install/pilz_industrial_motion_planner/lib:/home/student36/ws_moveit/install/moveit_task_constructor_msgs/lib:/home/student36/ws_moveit/install/moveit_ros_control_interface/lib:/home/student36/ws_moveit/install/moveit_simple_controller_manager/lib:/home/student36/ws_moveit/install/moveit_setup_assistant/lib:/home/student36/ws_moveit/install/moveit_setup_srdf_plugins/lib:/home/student36/ws_moveit/install/moveit_setup_core_plugins/lib:/home/student36/ws_moveit/install/moveit_setup_controllers/lib:/home/student36/ws_moveit/install/moveit_setup_app_plugins/lib:/home/student36/ws_moveit/install/moveit_setup_framework/lib:/home/student36/ws_moveit/install/moveit_servo/lib:/home/student36/ws_moveit/install/moveit_ros_trajectory_cache/lib:/home/student36/ws_moveit/install/moveit_ros_visualization/lib:/home/student36/ws_moveit/install/moveit_py/lib:/home/student36/ws_moveit/install/moveit_hybrid_planning/lib:/home/student36/ws_moveit/install/moveit_ros_planning_interface/lib:/home/student36/ws_moveit/install/moveit_ros_benchmarks/lib:/home/student36/ws_moveit/install/moveit_ros_warehouse/lib:/home/student36/ws_moveit/install/moveit_ros_robot_interaction/lib:/home/student36/ws_moveit/install/moveit_ros_perception/lib:/home/student36/ws_moveit/install/moveit_ros_move_group/lib:/home/student36/ws_moveit/install/moveit_planners_ompl/lib:/home/student36/ws_moveit/install/moveit_kinematics/lib:/home/student36/ws_moveit/install/moveit_ros_planning/lib:/home/student36/ws_moveit/install/moveit_ros_occupancy_map_monitor/lib:/home/student36/ws_moveit/install/moveit_resources_prbt_ikfast_manipulator_plugin/lib:/home/student36/ws_moveit/install/moveit_planners_stomp/lib:/home/student36/ws_moveit/install/moveit_planners_chomp/lib:/home/student36/ws_moveit/install/chomp_motion_planner/lib:/home/student36/ws_moveit/install/moveit_core/lib:/home/student36/ws_moveit/install/moveit_msgs/lib:/home/student36/ws_moveit/install/kortex_driver/lib:/opt/ros/jazzy/opt/gz_sim_vendor/lib:/opt/ros/jazzy/opt/gz_sensors_vendor/lib:/opt/ros/jazzy/opt/gz_physics_vendor/lib:/opt/ros/jazzy/opt/sdformat_vendor/lib:/opt/ros/jazzy/opt/rviz_ogre_vendor/lib:/opt/ros/jazzy/lib/x86_64-linux-gnu:/opt/ros/jazzy/opt/gz_gui_vendor/lib:/opt/ros/jazzy/opt/gz_transport_vendor/lib:/opt/ros/jazzy/opt/gz_rendering_vendor/lib:/opt/ros/jazzy/opt/gz_plugin_vendor/lib:/opt/ros/jazzy/opt/gz_fuel_tools_vendor/lib:/opt/ros/jazzy/opt/gz_msgs_vendor/lib:/opt/ros/jazzy/opt/gz_common_vendor/lib:/opt/ros/jazzy/opt/gz_math_vendor/lib:/opt/ros/jazzy/opt/gz_utils_vendor/lib:/opt/ros/jazzy/opt/gz_tools_vendor/lib:/opt/ros/jazzy/opt/gz_ogre_next_vendor/lib:/opt/ros/jazzy/opt/gz_dartsim_vendor/lib:/opt/ros/jazzy/opt/gz_cmake_vendor/lib:/opt/ros/jazzy/lib /usr/bin/cmake --install /home/student36/RoboticsDesignProject/Git-repos/LeoRover-Team7/elephant_arm_ws/build/mtc_tutorial
[12.219s] Level 1:colcon.colcon_core.environment:create_environment_scripts_only(mtc_tutorial)
[12.220s] Level 1:colcon.colcon_core.environment:checking '/home/student36/RoboticsDesignProject/Git-repos/LeoRover-Team7/elephant_arm_ws/install/mtc_tutorial' for CMake module files
[12.221s] DEBUG:colcon.colcon_core.event_handler.log_command:Invoked command in '/home/student36/RoboticsDesignProject/Git-repos/LeoRover-Team7/elephant_arm_ws/build/mtc_tutorial' returned '0': CMAKE_PREFIX_PATH=/home/student36/RoboticsDesignProject/Git-repos/LeoRover-Team7/elephant_arm_ws/install/moveit_task_constructor_core:/home/student36/RoboticsDesignProject/Git-repos/LeoRover-Team7/elephant_arm_ws/install/rviz_marker_tools:/home/student36/RoboticsDesignProject/Git-repos/LeoRover-Team7/elephant_arm_ws/install/moveit_task_constructor_msgs:/home/student36/RoboticsDesignProject/Git-repos/LeoRover-Team7/elephant_arm_ws/install/mtc_tutorial:/home/student36/RoboticsDesignProject/Git-repos/LeoRover-Team7/elephant_arm_ws/install/moveit_task_constructor_demo:/home/student36/RoboticsDesignProject/Git-repos/LeoRover-Team7/elephant_arm_ws/install/moveit_task_constructor_visualization:/home/student36/RoboticsDesignProject/Git-repos/LeoRover-Team7/elephant_arm_ws/install/moveit_task_constructor_capabilities:/home/student36/RoboticsDesignProject/Git-repos/LeoRover-Team7/elephant_arm_ws/install/mycobot_ros2:/home/student36/RoboticsDesignProject/Git-repos/LeoRover-Team7/elephant_arm_ws/install/mycobot_moveit_config:/home/student36/RoboticsDesignProject/Git-repos/LeoRover-Team7/elephant_arm_ws/install/mycobot_gazebo:/home/student36/RoboticsDesignProject/Git-repos/LeoRover-Team7/elephant_arm_ws/install/mycobot_description:/home/student36/RoboticsDesignProject/Git-repos/LeoRover-Team7/elephant_arm_ws/install/mycobot_bringup:/home/student36/RoboticsDesignProject/Git-repos/LeoRover-Team7/elephant_arm_ws/install/hello_moveit:/home/student36/ros2_tutorial_workspace/install/package_with_interfaces:/home/student36/ws_moveit/install/robotiq_hardware_tests:/home/student36/ws_moveit/install/robotiq_driver:/home/student36/ws_moveit/install/serial:/home/student36/ws_moveit/install/moveit2_tutorials:/home/student36/ws_moveit/install/hello_moveit:/home/student36/ws_moveit/install/moveit_visual_tools:/home/student36/ws_moveit/install/rviz_visual_tools:/home/student36/ws_moveit/install/mtc_tutorial:/home/student36/ws_moveit/install/moveit_task_constructor_demo:/home/student36/ws_moveit/install/moveit_task_constructor_visualization:/home/student36/ws_moveit/install/moveit_task_constructor_capabilities:/home/student36/ws_moveit/install/elephant:/home/student36/ws_moveit/install/moveit_task_constructor_core:/home/student36/ws_moveit/install/rviz_marker_tools:/home/student36/ws_moveit/install/kortex_bringup:/home/student36/ws_moveit/install/kinova_gen3_lite_moveit_config:/home/student36/ws_moveit/install/kinova_gen3_7dof_robotiq_2f_85_moveit_config:/home/student36/ws_moveit/install/kinova_gen3_6dof_robotiq_2f_85_moveit_config:/home/student36/ws_moveit/install/kortex_description:/home/student36/ws_moveit/install/robotiq_description:/home/student36/ws_moveit/install/robotiq_controllers:/home/student36/ws_moveit/install/pilz_industrial_motion_planner_testutils:/home/student36/ws_moveit/install/mycobot_280_moveit2:/home/student36/ws_moveit/install/moveit_runtime:/home/student36/ws_moveit/install/moveit:/home/student36/ws_moveit/install/elephant_arm:/home/student36/ws_moveit/install/moveit_planners:/home/student36/ws_moveit/install/pilz_industrial_motion_planner:/home/student36/ws_moveit/install/mycobot_description:/home/student36/ws_moveit/install/moveit_task_constructor_msgs:/home/student36/ws_moveit/install/moveit_ros_control_interface:/home/student36/ws_moveit/install/moveit_plugins:/home/student36/ws_moveit/install/moveit_simple_controller_manager:/home/student36/ws_moveit/install/moveit_setup_assistant:/home/student36/ws_moveit/install/moveit_setup_srdf_plugins:/home/student36/ws_moveit/install/moveit_setup_core_plugins:/home/student36/ws_moveit/install/moveit_setup_controllers:/home/student36/ws_moveit/install/moveit_setup_app_plugins:/home/student36/ws_moveit/install/moveit_setup_framework:/home/student36/ws_moveit/install/moveit_servo:/home/student36/ws_moveit/install/moveit_ros_trajectory_cache:/home/student36/ws_moveit/install/moveit_ros:/home/student36/ws_moveit/install/moveit_ros_visualization:/home/student36/ws_moveit/install/moveit_py:/home/student36/ws_moveit/install/moveit_hybrid_planning:/home/student36/ws_moveit/install/moveit_ros_planning_interface:/home/student36/ws_moveit/install/moveit_ros_benchmarks:/home/student36/ws_moveit/install/moveit_ros_warehouse:/home/student36/ws_moveit/install/moveit_ros_robot_interaction:/home/student36/ws_moveit/install/moveit_ros_perception:/home/student36/ws_moveit/install/moveit_resources_prbt_pg70_support:/home/student36/ws_moveit/install/moveit_resources_prbt_moveit_config:/home/student36/ws_moveit/install/moveit_ros_move_group:/home/student36/ws_moveit/install/moveit_planners_ompl:/home/student36/ws_moveit/install/moveit_kinematics:/home/student36/ws_moveit/install/moveit_ros_planning:/home/student36/ws_moveit/install/moveit_ros_occupancy_map_monitor:/home/student36/ws_moveit/install/moveit_resources_prbt_support:/home/student36/ws_moveit/install/moveit_resources_prbt_ikfast_manipulator_plugin:/home/student36/ws_moveit/install/moveit_resources:/home/student36/ws_moveit/install/moveit_resources_pr2_description:/home/student36/ws_moveit/install/moveit_resources_panda_moveit_config:/home/student36/ws_moveit/install/dual_arm_panda_moveit_config:/home/student36/ws_moveit/install/moveit_resources_panda_description:/home/student36/ws_moveit/install/moveit_resources_fanuc_moveit_config:/home/student36/ws_moveit/install/moveit_resources_fanuc_description:/home/student36/ws_moveit/install/moveit_planners_stomp:/home/student36/ws_moveit/install/moveit_planners_chomp:/home/student36/ws_moveit/install/chomp_motion_planner:/home/student36/ws_moveit/install/moveit_core:/home/student36/ws_moveit/install/moveit_msgs:/home/student36/ws_moveit/install/moveit_common:/home/student36/ws_moveit/install/kortex_driver:/home/student36/ws_moveit/install/kortex_api:/home/student36/rplidar_ws/install/rplidar_ros:/home/student36/elephant_arm_ws/install/mycobot_280_moveit2:/opt/ros/jazzy/opt/gz_sim_vendor:/opt/ros/jazzy/opt/gz_sensors_vendor:/opt/ros/jazzy/opt/gz_physics_vendor:/opt/ros/jazzy/opt/sdformat_vendor:/opt/ros/jazzy/opt/gz_gui_vendor:/opt/ros/jazzy/opt/gz_transport_vendor:/opt/ros/jazzy/opt/gz_rendering_vendor:/opt/ros/jazzy/opt/gz_plugin_vendor:/opt/ros/jazzy/opt/gz_fuel_tools_vendor:/opt/ros/jazzy/opt/gz_msgs_vendor:/opt/ros/jazzy/opt/gz_common_vendor:/opt/ros/jazzy/opt/gz_math_vendor:/opt/ros/jazzy/opt/gz_utils_vendor:/opt/ros/jazzy/opt/gz_tools_vendor:/opt/ros/jazzy/opt/gz_ogre_next_vendor:/opt/ros/jazzy/opt/gz_dartsim_vendor:/opt/ros/jazzy/opt/gz_cmake_vendor:/home/student36/ros2_tutorial_workspace/install/the_simplest_python_package:/home/student36/ros2_tutorial_workspace/install/python_package_with_a_node:/home/student36/ros2_tutorial_workspace/install/python_package_that_uses_the_library:/home/student36/ros2_tutorial_workspace/install/python_package_with_a_library:/home/student36/ros2_tutorial_workspace/install/python_package_that_uses_the_services:/home/student36/ros2_tutorial_workspace/install/python_package_that_uses_the_actions:/home/student36/ros2_tutorial_workspace/install/python_package_that_uses_tf2:/home/student36/ros2_tutorial_workspace/install/python_package_that_uses_parameters_and_launch_files:/home/student36/ros2_tutorial_workspace/install/python_package_that_uses_nottf2:/home/student36/ros2_tutorial_workspace/install/python_package_that_uses_nav2:/home/student36/ros2_tutorial_workspace/install/python_package_that_uses_messages:/home/student36/ros2_tutorial_workspace/install/python_package_that_uses_geometry_msgs:/home/student36/ros2_tutorial_workspace/install/python_package_that_uses_gazebo:/home/student36/ws_moveit/install/moveit_configs_utils:/home/student36/elephant_arm_ws/install/mycobot_description:/opt/ros/jazzy DEBUGINFOD_URLS=https://debuginfod.ubuntu.com LD_LIBRARY_PATH=/home/student36/RoboticsDesignProject/Git-repos/LeoRover-Team7/elephant_arm_ws/install/moveit_task_constructor_core/lib:/home/student36/RoboticsDesignProject/Git-repos/LeoRover-Team7/elephant_arm_ws/install/rviz_marker_tools/lib:/home/student36/RoboticsDesignProject/Git-repos/LeoRover-Team7/elephant_arm_ws/install/moveit_task_constructor_msgs/lib:/home/student36/RoboticsDesignProject/Git-repos/LeoRover-Team7/elephant_arm_ws/install/moveit_task_constructor_demo/lib:/home/student36/RoboticsDesignProject/Git-repos/LeoRover-Team7/elephant_arm_ws/install/moveit_task_constructor_visualization/lib:/home/student36/RoboticsDesignProject/Git-repos/LeoRover-Team7/elephant_arm_ws/install/moveit_task_constructor_capabilities/lib:/home/student36/ros2_tutorial_workspace/install/package_with_interfaces/lib:/home/student36/ws_moveit/install/robotiq_driver/lib:/home/student36/ws_moveit/install/serial/lib:/home/student36/ws_moveit/install/moveit_visual_tools/lib:/home/student36/ws_moveit/install/rviz_visual_tools/lib:/home/student36/ws_moveit/install/moveit_task_constructor_demo/lib:/home/student36/ws_moveit/install/moveit_task_constructor_visualization/lib:/home/student36/ws_moveit/install/moveit_task_constructor_capabilities/lib:/home/student36/ws_moveit/install/moveit_task_constructor_core/lib:/home/student36/ws_moveit/install/rviz_marker_tools/lib:/home/student36/ws_moveit/install/robotiq_controllers/lib:/home/student36/ws_moveit/install/pilz_industrial_motion_planner_testutils/lib:/home/student36/ws_moveit/install/pilz_industrial_motion_planner/lib:/home/student36/ws_moveit/install/moveit_task_constructor_msgs/lib:/home/student36/ws_moveit/install/moveit_ros_control_interface/lib:/home/student36/ws_moveit/install/moveit_simple_controller_manager/lib:/home/student36/ws_moveit/install/moveit_setup_assistant/lib:/home/student36/ws_moveit/install/moveit_setup_srdf_plugins/lib:/home/student36/ws_moveit/install/moveit_setup_core_plugins/lib:/home/student36/ws_moveit/install/moveit_setup_controllers/lib:/home/student36/ws_moveit/install/moveit_setup_app_plugins/lib:/home/student36/ws_moveit/install/moveit_setup_framework/lib:/home/student36/ws_moveit/install/moveit_servo/lib:/home/student36/ws_moveit/install/moveit_ros_trajectory_cache/lib:/home/student36/ws_moveit/install/moveit_ros_visualization/lib:/home/student36/ws_moveit/install/moveit_py/lib:/home/student36/ws_moveit/install/moveit_hybrid_planning/lib:/home/student36/ws_moveit/install/moveit_ros_planning_interface/lib:/home/student36/ws_moveit/install/moveit_ros_benchmarks/lib:/home/student36/ws_moveit/install/moveit_ros_warehouse/lib:/home/student36/ws_moveit/install/moveit_ros_robot_interaction/lib:/home/student36/ws_moveit/install/moveit_ros_perception/lib:/home/student36/ws_moveit/install/moveit_ros_move_group/lib:/home/student36/ws_moveit/install/moveit_planners_ompl/lib:/home/student36/ws_moveit/install/moveit_kinematics/lib:/home/student36/ws_moveit/install/moveit_ros_planning/lib:/home/student36/ws_moveit/install/moveit_ros_occupancy_map_monitor/lib:/home/student36/ws_moveit/install/moveit_resources_prbt_ikfast_manipulator_plugin/lib:/home/student36/ws_moveit/install/moveit_planners_stomp/lib:/home/student36/ws_moveit/install/moveit_planners_chomp/lib:/home/student36/ws_moveit/install/chomp_motion_planner/lib:/home/student36/ws_moveit/install/moveit_core/lib:/home/student36/ws_moveit/install/moveit_msgs/lib:/home/student36/ws_moveit/install/kortex_driver/lib:/opt/ros/jazzy/opt/gz_sim_vendor/lib:/opt/ros/jazzy/opt/gz_sensors_vendor/lib:/opt/ros/jazzy/opt/gz_physics_vendor/lib:/opt/ros/jazzy/opt/sdformat_vendor/lib:/opt/ros/jazzy/opt/rviz_ogre_vendor/lib:/opt/ros/jazzy/lib/x86_64-linux-gnu:/opt/ros/jazzy/opt/gz_gui_vendor/lib:/opt/ros/jazzy/opt/gz_transport_vendor/lib:/opt/ros/jazzy/opt/gz_rendering_vendor/lib:/opt/ros/jazzy/opt/gz_plugin_vendor/lib:/opt/ros/jazzy/opt/gz_fuel_tools_vendor/lib:/opt/ros/jazzy/opt/gz_msgs_vendor/lib:/opt/ros/jazzy/opt/gz_common_vendor/lib:/opt/ros/jazzy/opt/gz_math_vendor/lib:/opt/ros/jazzy/opt/gz_utils_vendor/lib:/opt/ros/jazzy/opt/gz_tools_vendor/lib:/opt/ros/jazzy/opt/gz_ogre_next_vendor/lib:/opt/ros/jazzy/opt/gz_dartsim_vendor/lib:/opt/ros/jazzy/opt/gz_cmake_vendor/lib:/opt/ros/jazzy/lib /usr/bin/cmake --install /home/student36/RoboticsDesignProject/Git-repos/LeoRover-Team7/elephant_arm_ws/build/mtc_tutorial
[12.221s] Level 1:colcon.colcon_core.environment:checking '/home/student36/RoboticsDesignProject/Git-repos/LeoRover-Team7/elephant_arm_ws/install/mtc_tutorial' for CMake config files
[12.221s] Level 1:colcon.colcon_core.shell:create_environment_hook('mtc_tutorial', 'cmake_prefix_path')
[12.222s] INFO:colcon.colcon_core.shell:Creating environment hook '/home/student36/RoboticsDesignProject/Git-repos/LeoRover-Team7/elephant_arm_ws/install/mtc_tutorial/share/mtc_tutorial/hook/cmake_prefix_path.ps1'
[12.222s] INFO:colcon.colcon_core.shell:Creating environment descriptor '/home/student36/RoboticsDesignProject/Git-repos/LeoRover-Team7/elephant_arm_ws/install/mtc_tutorial/share/mtc_tutorial/hook/cmake_prefix_path.dsv'
[12.223s] INFO:colcon.colcon_core.shell:Creating environment hook '/home/student36/RoboticsDesignProject/Git-repos/LeoRover-Team7/elephant_arm_ws/install/mtc_tutorial/share/mtc_tutorial/hook/cmake_prefix_path.sh'
[12.224s] Level 1:colcon.colcon_core.environment:checking '/home/student36/RoboticsDesignProject/Git-repos/LeoRover-Team7/elephant_arm_ws/install/mtc_tutorial/lib'
[12.224s] Level 1:colcon.colcon_core.environment:checking '/home/student36/RoboticsDesignProject/Git-repos/LeoRover-Team7/elephant_arm_ws/install/mtc_tutorial/bin'
[12.224s] Level 1:colcon.colcon_core.environment:checking '/home/student36/RoboticsDesignProject/Git-repos/LeoRover-Team7/elephant_arm_ws/install/mtc_tutorial/lib/pkgconfig/mtc_tutorial.pc'
[12.224s] Level 1:colcon.colcon_core.environment:checking '/home/student36/RoboticsDesignProject/Git-repos/LeoRover-Team7/elephant_arm_ws/install/mtc_tutorial/lib/python3.12/site-packages'
[12.225s] Level 1:colcon.colcon_core.environment:checking '/home/student36/RoboticsDesignProject/Git-repos/LeoRover-Team7/elephant_arm_ws/install/mtc_tutorial/bin'
[12.225s] INFO:colcon.colcon_core.shell:Creating package script '/home/student36/RoboticsDesignProject/Git-repos/LeoRover-Team7/elephant_arm_ws/install/mtc_tutorial/share/mtc_tutorial/package.ps1'
[12.226s] INFO:colcon.colcon_core.shell:Creating package descriptor '/home/student36/RoboticsDesignProject/Git-repos/LeoRover-Team7/elephant_arm_ws/install/mtc_tutorial/share/mtc_tutorial/package.dsv'
[12.227s] INFO:colcon.colcon_core.shell:Creating package script '/home/student36/RoboticsDesignProject/Git-repos/LeoRover-Team7/elephant_arm_ws/install/mtc_tutorial/share/mtc_tutorial/package.sh'
[12.227s] INFO:colcon.colcon_core.shell:Creating package script '/home/student36/RoboticsDesignProject/Git-repos/LeoRover-Team7/elephant_arm_ws/install/mtc_tutorial/share/mtc_tutorial/package.bash'
[12.228s] INFO:colcon.colcon_core.shell:Creating package script '/home/student36/RoboticsDesignProject/Git-repos/LeoRover-Team7/elephant_arm_ws/install/mtc_tutorial/share/mtc_tutorial/package.zsh'
[12.228s] Level 1:colcon.colcon_core.environment:create_file_with_runtime_dependencies(/home/student36/RoboticsDesignProject/Git-repos/LeoRover-Team7/elephant_arm_ws/install/mtc_tutorial/share/colcon-core/packages/mtc_tutorial)
[12.229s] Level 1:colcon.colcon_core.environment:create_environment_scripts_only(mtc_tutorial)
[12.229s] Level 1:colcon.colcon_core.environment:checking '/home/student36/RoboticsDesignProject/Git-repos/LeoRover-Team7/elephant_arm_ws/install/mtc_tutorial' for CMake module files
[12.230s] Level 1:colcon.colcon_core.environment:checking '/home/student36/RoboticsDesignProject/Git-repos/LeoRover-Team7/elephant_arm_ws/install/mtc_tutorial' for CMake config files
[12.230s] Level 1:colcon.colcon_core.shell:create_environment_hook('mtc_tutorial', 'cmake_prefix_path')
[12.231s] INFO:colcon.colcon_core.shell:Creating environment hook '/home/student36/RoboticsDesignProject/Git-repos/LeoRover-Team7/elephant_arm_ws/install/mtc_tutorial/share/mtc_tutorial/hook/cmake_prefix_path.ps1'
[12.231s] INFO:colcon.colcon_core.shell:Creating environment descriptor '/home/student36/RoboticsDesignProject/Git-repos/LeoRover-Team7/elephant_arm_ws/install/mtc_tutorial/share/mtc_tutorial/hook/cmake_prefix_path.dsv'
[12.232s] INFO:colcon.colcon_core.shell:Creating environment hook '/home/student36/RoboticsDesignProject/Git-repos/LeoRover-Team7/elephant_arm_ws/install/mtc_tutorial/share/mtc_tutorial/hook/cmake_prefix_path.sh'
[12.232s] Level 1:colcon.colcon_core.environment:checking '/home/student36/RoboticsDesignProject/Git-repos/LeoRover-Team7/elephant_arm_ws/install/mtc_tutorial/lib'
[12.232s] Level 1:colcon.colcon_core.environment:checking '/home/student36/RoboticsDesignProject/Git-repos/LeoRover-Team7/elephant_arm_ws/install/mtc_tutorial/bin'
[12.233s] Level 1:colcon.colcon_core.environment:checking '/home/student36/RoboticsDesignProject/Git-repos/LeoRover-Team7/elephant_arm_ws/install/mtc_tutorial/lib/pkgconfig/mtc_tutorial.pc'
[12.233s] Level 1:colcon.colcon_core.environment:checking '/home/student36/RoboticsDesignProject/Git-repos/LeoRover-Team7/elephant_arm_ws/install/mtc_tutorial/lib/python3.12/site-packages'
[12.233s] Level 1:colcon.colcon_core.environment:checking '/home/student36/RoboticsDesignProject/Git-repos/LeoRover-Team7/elephant_arm_ws/install/mtc_tutorial/bin'
[12.234s] INFO:colcon.colcon_core.shell:Creating package script '/home/student36/RoboticsDesignProject/Git-repos/LeoRover-Team7/elephant_arm_ws/install/mtc_tutorial/share/mtc_tutorial/package.ps1'
[12.234s] INFO:colcon.colcon_core.shell:Creating package descriptor '/home/student36/RoboticsDesignProject/Git-repos/LeoRover-Team7/elephant_arm_ws/install/mtc_tutorial/share/mtc_tutorial/package.dsv'
[12.235s] INFO:colcon.colcon_core.shell:Creating package script '/home/student36/RoboticsDesignProject/Git-repos/LeoRover-Team7/elephant_arm_ws/install/mtc_tutorial/share/mtc_tutorial/package.sh'
[12.236s] INFO:colcon.colcon_core.shell:Creating package script '/home/student36/RoboticsDesignProject/Git-repos/LeoRover-Team7/elephant_arm_ws/install/mtc_tutorial/share/mtc_tutorial/package.bash'
[12.237s] INFO:colcon.colcon_core.shell:Creating package script '/home/student36/RoboticsDesignProject/Git-repos/LeoRover-Team7/elephant_arm_ws/install/mtc_tutorial/share/mtc_tutorial/package.zsh'
[12.237s] Level 1:colcon.colcon_core.environment:create_file_with_runtime_dependencies(/home/student36/RoboticsDesignProject/Git-repos/LeoRover-Team7/elephant_arm_ws/install/mtc_tutorial/share/colcon-core/packages/mtc_tutorial)
[12.238s] DEBUG:colcon.colcon_parallel_executor.executor.parallel:closing loop
[12.238s] DEBUG:colcon.colcon_parallel_executor.executor.parallel:loop closed
[12.238s] DEBUG:colcon.colcon_parallel_executor.executor.parallel:run_until_complete finished with '0'
[12.238s] DEBUG:colcon.colcon_core.event_reactor:joining thread
[12.249s] INFO:colcon.colcon_core.plugin_system:Skipping extension 'colcon_notification.desktop_notification.terminal_notifier': Not used on non-Darwin systems
[12.249s] INFO:colcon.colcon_core.plugin_system:Skipping extension 'colcon_notification.desktop_notification.win32': Not used on non-Windows systems
[12.249s] INFO:colcon.colcon_notification.desktop_notification:Sending desktop notification using 'notify2'
[12.269s] DEBUG:colcon.colcon_core.event_reactor:joined thread
[12.269s] INFO:colcon.colcon_core.shell:Creating prefix script '/home/student36/RoboticsDesignProject/Git-repos/LeoRover-Team7/elephant_arm_ws/install/local_setup.ps1'
[12.270s] INFO:colcon.colcon_core.shell:Creating prefix util module '/home/student36/RoboticsDesignProject/Git-repos/LeoRover-Team7/elephant_arm_ws/install/_local_setup_util_ps1.py'
[12.272s] INFO:colcon.colcon_core.shell:Creating prefix chain script '/home/student36/RoboticsDesignProject/Git-repos/LeoRover-Team7/elephant_arm_ws/install/setup.ps1'
[12.280s] INFO:colcon.colcon_core.shell:Creating prefix script '/home/student36/RoboticsDesignProject/Git-repos/LeoRover-Team7/elephant_arm_ws/install/local_setup.sh'
[12.281s] INFO:colcon.colcon_core.shell:Creating prefix util module '/home/student36/RoboticsDesignProject/Git-repos/LeoRover-Team7/elephant_arm_ws/install/_local_setup_util_sh.py'
[12.282s] INFO:colcon.colcon_core.shell:Creating prefix chain script '/home/student36/RoboticsDesignProject/Git-repos/LeoRover-Team7/elephant_arm_ws/install/setup.sh'
[12.289s] INFO:colcon.colcon_core.shell:Creating prefix script '/home/student36/RoboticsDesignProject/Git-repos/LeoRover-Team7/elephant_arm_ws/install/local_setup.bash'
[12.290s] INFO:colcon.colcon_core.shell:Creating prefix chain script '/home/student36/RoboticsDesignProject/Git-repos/LeoRover-Team7/elephant_arm_ws/install/setup.bash'
[12.297s] INFO:colcon.colcon_core.shell:Creating prefix script '/home/student36/RoboticsDesignProject/Git-repos/LeoRover-Team7/elephant_arm_ws/install/local_setup.zsh'
[12.297s] INFO:colcon.colcon_core.shell:Creating prefix chain script '/home/student36/RoboticsDesignProject/Git-repos/LeoRover-Team7/elephant_arm_ws/install/setup.zsh'
